,Breakout_20,BuyHold,EqualWeight,EqualWeight+Regime,HRP,HRP+Regime,InverseVol,MA_20_50,MaxSharpe,MinVariance,MomentumPullback,MomentumTilt,NIFTY50_Index,PPO_ensemble,PPO_s0,PPO_s1,PPO_s2,RSI_35_60,Random,RiskParity,RiskParity+Regime,Selected_OOS,Sentiment_Momentum,VIX_Regime_Mom
2022-03-17,0.0,0.0,0.0,0.0,0.0,0.0,0.0,0.0,0.0,0.0,0.0,0.0,0.0,0.0,0.0,0.0,0.0,0.0,0.0,0.0,0.0,0.0,0.0,0.0
2022-03-21,-0.023670858988045218,-1.1332991188243824,0.0,0.0,0.0,0.0,0.0,0.0,0.0,0.0,0.0,0.0,-0.9802202470463817,-0.976753545482778,-0.9456557549113676,-0.9520795473129118,-1.032415682154697,0.0,-0.5417297002938914,0.0,0.0,-0.023670858988045218,-0.6123864196283857,0.0
2022-03-22,0.0,-0.0846145134116183,0.0,0.0,0.0,0.0,0.0,0.0,0.0,0.0,0.0,0.0,0.0,0.0,0.0,-0.021725773000946802,-0.06391235530275319,0.0,-0.2538932496016999,0.0,0.0,0.0,0.0,0.0
2022-03-23,-0.05955413635108098,-0.47547234901625934,0.0,0.0,0.0,0.0,0.0,0.0,0.0,0.0,0.0,0.0,-0.40339354552277884,-0.35914554894614925,-0.33423200153670507,-0.3747138114834847,-0.4537533723317555,0.0,-0.40068415016695225,0.0,0.0,-0.05955413635108098,-0.2906377120657222,-0.004951813794507043
2022-03-24,0.0,-0.5520514270953902,0.0,0.0,0.0,0.0,0.0,0.0,0.0,0.0,0.0,0.0,-0.5356472524616462,-0.48603728659815104,-0.45285214464736434,-0.5166065116945617,-0.5737816851588806,0.0,-0.22618569417997003,0.0,0.0,0.0,-0.3073447002339469,0.0
2022-03-25,0.0,-0.9218019353368412,0.0,0.0,0.0,0.0,0.0,-0.09400442241264129,0.0,0.0,0.0,0.0,-0.9384655366578842,-0.8538701156335149,-0.8785694363075636,-0.8467085972524435,-0.9213123555181224,0.0,-0.19494915096527343,0.0,0.0,0.0,-0.6144648712220202,-0.005074530676008049
2022-03-28,0.0,0.0,0.0,0.0,0.0,0.0,0.0,0.0,0.0,0.0,0.0,0.0,-0.5399786318616151,-0.08133650412778248,-0.18381923111381315,-0.05219835129284256,-0.09385270141112345,0.0,-0.02418294464724413,0.0,0.0,0.0,0.0,0.0
2022-03-29,0.0,0.0,0.0,0.0,0.0,0.0,0.0,-0.030676980642396767,0.0,0.0,0.0,0.0,0.0,0.0,0.0,0.0,0.0,0.0,-0.14390829949953998,0.0,0.0,0.0,0.0,-0.029905475429614636
2022-03-30,-0.009702370287001383,0.0,0.0,0.0,0.0,0.0,0.0,0.0,0.0,0.0,0.0,0.0,0.0,0.0,0.0,0.0,0.0,0.0,0.0,0.0,0.0,-0.009702370287001383,0.0,0.0
2022-03-31,-0.005643811264777199,0.0,-0.12353452749819249,-0.08645925022249257,-0.12381187032791674,-0.08679687262634905,-0.123829799772468,-0.05306661047086436,-0.12455475034918173,-0.12361132969918032,0.0,-0.12448802096046707,-0.1914477162001882,0.0,0.0,0.0,0.0,0.0,-0.018968562230370356,-0.12360056623008653,-0.08638375193673609,-0.005643811264777199,-0.07638751120938592,-0.053558308372947394
2022-04-01,0.0,0.0,0.0,0.0,0.0,0.0,0.0,0.0,0.0,0.0,0.0,0.0,0.0,0.0,0.0,0.0,0.0,0.0,0.0,0.0,0.0,0.0,0.0,0.0
2022-04-04,0.0,0.0,0.0,0.0,0.0,0.0,0.0,0.0,0.0,0.0,0.0,0.0,0.0,0.0,0.0,0.0,0.0,0.0,0.0,0.0,0.0,0.0,0.0,0.0
2022-04-05,-0.37010743285575964,-0.33262677505736526,-0.33110142738296267,-0.2417494417969679,-0.17136609336402264,-0.12099173928822315,-0.3058224059217074,-0.09532711818895923,-0.7253888937948427,-0.03293459101132434,0.0,0.0,-0.5317557796471806,-0.29825830671111886,-0.2563473840564434,-0.3259100452232655,-0.31190344892694233,0.0,-0.12875614337359842,-0.2473121032462,-0.18093586912947268,-0.37010743285575964,-0.3314773852941433,-0.09666153754647189
2022-04-06,-0.7662005116151893,-0.742105316496211,-0.7370837286901355,-0.5446864095850601,-0.6562516571408938,-0.4809088889260238,-0.801232182104683,-0.15239373856040794,-1.0315076585869831,-0.7815570462264332,0.0,0.0,-1.3612394046697673,-0.7002766081886325,-0.7146967604355736,-0.619274279498494,-0.7672351132164579,0.0,-0.5260797653194871,-0.7147835525888158,-0.5276947606721594,-0.7662005116151893,-0.7541320451853961,-0.1681600568716246
2022-04-07,-1.3539349101214349,-1.633285745161528,-1.6106485504742807,-1.200864915225286,-1.5625854428291563,-1.1606165790993384,-1.7036518725844219,-0.7251692853228686,-2.046116093030814,-1.6465748260348412,-0.07440860666766413,-1.2436831164227335,-2.292363767603056,-1.5658890175249796,-1.7020486727638007,-1.4195054826170561,-1.5782383527134236,0.0,-0.9890666056154296,-1.5861394798127537,-1.182009142854823,-1.3539349101214349,-1.5470143730745067,-0.6445574025488288
2022-04-08,-0.5625763926595861,-0.8247623553454542,-0.8106201422995118,-0.5918480725656594,-0.7266882841232447,-0.52348007916172,-0.9037940856756799,-0.09812857638059613,-1.8567098057841402,-0.7329868187895716,-0.04728432134544214,0.0,-1.4903052911279357,-0.9269589998137873,-1.1412263862474292,-0.7221745661058265,-0.9207617243383037,0.0,-1.0170757864705005,-0.7723664594519675,-0.5629495670813278,-0.5625763926595861,-0.7683091744278725,-0.051968833041926565
2022-04-11,-0.9255263941132186,-1.553617090845305,-1.5440022917007745,-1.1375429305814366,-1.6703326732409263,-1.2313206302637991,-1.6818216764877825,-0.5166210565617724,-3.3637211664328204,-1.6829118622216033,-0.4097931576503733,-0.26215233155161277,-2.0962874787373686,-1.6451179873813282,-1.990982079240211,-1.3812182489335911,-1.568303374245561,0.0,-1.5899383591645666,-1.5479154416889074,-1.1441981773228638,-0.9255263941132186,-1.273444402628332,-0.24318841370682964
2022-04-12,-1.5512724609035744,-2.5201251192021767,-2.500820156438721,-1.8530384946506384,-2.800807802395544,-2.0798884596304967,-2.648277313007541,-1.1842827891333951,-4.770683626453465,-2.7529701228776515,-0.567143799335279,-1.6421203587404065,-2.8975129230869867,-2.5516551458779846,-2.989777655961501,-2.244737586327372,-2.4269104070085423,0.0,-2.0363215560802894,-2.5408754748521334,-1.887129407307131,-1.5512724609035744,-2.098289786696983,-0.7515479567431482
2022-04-13,-1.1505117469086446,-2.3819776937527126,-2.357280949848106,-1.7403211784971395,-2.581674884422225,-1.9077144950097047,-2.5171938320102227,-1.2935088631110037,-4.476002075445884,-2.5151453904645793,-0.8433036105627956,-0.8745989545093091,-3.2002281426163792,-2.453787789927575,-2.943534031644024,-2.141967733813288,-2.283010840536892,0.0,-2.1748933468125675,-2.377705168978539,-1.7583032729167392,-1.1505117469086446,-1.9384770174162624,-0.796033097522375
2022-04-18,-1.3348797212592634,-4.207863014011393,-4.166757211123162,-3.1038887563127004,-4.429718194831755,-3.3014172872615988,-4.419003253819998,-2.274851039852399,-8.404259365901856,-4.515056050252841,-1.8545175165578742,-1.42367006724895,-4.87304319942321,-4.437414918459048,-5.434845636864227,-3.8723553438216096,-4.0194424815399366,0.0,-3.10022644365624,-4.228779862700316,-3.1549992442373997,-1.3348797212592634,-2.615002468068839,-1.3845403729648376
2022-04-19,-1.9861762233364222,-5.35432994307784,-5.332487972925081,-3.9806092581266217,-6.188509354271721,-4.626453367364447,-5.7351712839288975,-2.425423992982645,-9.965724208593107,-6.857394588635213,-1.5393514579151168,-2.1167595697798802,-6.063954580924769,-5.357885907622373,-6.186238382673381,-4.943638412163242,-4.955611806233251,0.0,-3.4452978438101467,-5.616206303614257,-4.195753736953012,-1.9861762233364222,-3.170689449199582,-1.7569453136440316
2022-04-20,-2.0055223698872915,-4.524697359892615,-4.526196311083542,-3.361838942026496,-5.080507290872227,-3.782658886924417,-4.846592591543885,-1.8174190412980962,-8.75368289099262,-5.564674882963672,-1.0206651708690617,-1.366561039078873,-5.078542488046212,-4.441759556005698,-4.906580020804796,-4.132607736348892,-4.292906766188976,0.0,-3.4799505407766107,-4.660104403758803,-3.4722875861170843,-2.0055223698872915,-3.246048615445396,-1.8807792560481706
2022-04-21,-1.6156391083129051,-3.3258185926090866,-3.3311042527669033,-2.4523069125191532,-3.880467404704191,-2.869112633162263,-3.6125858429317037,-1.2630391568763777,-7.726211695880036,-4.315299187643474,-1.0618694872923218,-0.613508959811726,-3.660256610677859,-3.3319199612655725,-3.7495931402335536,-3.0550652756579755,-3.1972238138293307,0.0,-3.1314770295349903,-3.439800515518221,-2.546095606180576,-1.6156391083129051,-3.221866781922156,-1.4847226909722178
2022-04-22,-2.1721558014163533,-4.603246360761459,-4.624910994584641,-3.421879662698779,-5.160509386668655,-3.8300876278083096,-4.906292578631499,-1.8146194448782071,-9.059082644665683,-5.643160435212424,-1.319667175222028,-0.9908392151734668,-4.882466199180524,-4.584883001053052,-5.079560925431226,-4.244454372986328,-4.437913736524168,0.0,-3.7959401033832774,-4.741069053868586,-3.518900885879095,-2.1721558014163533,-3.197678904603629,-2.0212461308668384
2022-04-25,-2.6842512235548788,-5.659996191222627,-5.672408858161059,-4.207609207068696,-6.325686273284525,-4.70597138438027,-5.994619453537742,-2.50175504831176,-10.016981366860655,-6.854428164438275,-1.3188333094195204,-2.603135664310685,-6.089994948796063,-5.546393005748296,-6.113581914880828,-5.166279582986233,-5.36764108693466,0.0,-4.872907172583652,-5.842710098558356,-4.344170922147372,-2.6842512235548788,-3.2329831273156584,-2.534408282218048
2022-04-26,-2.0204037090856053,-4.178070948823798,-4.196397308778255,-3.088758529347202,-4.798557996220632,-3.546181625201794,-4.548344484276501,-1.5945914316173537,-8.339824410121487,-5.493118066369251,-0.8728261555370209,-0.5810093909786707,-4.722653854271874,-4.27192295689639,-5.005709121820612,-3.816535463488302,-4.004208704209966,0.0,-4.284401054668185,-4.383620578845282,-3.2382088610157456,-2.0204037090856053,-2.5984448575675723,-2.0817448559036333
2022-04-27,-2.214389188875965,-4.896362564538825,-4.919482454395785,-3.6259372119074484,-5.370564995023985,-3.972864625924699,-5.222749621550782,-2.024866973471451,-9.506624029858058,-5.9235877606656935,-1.248165318016825,-1.1022668260711188,-5.622209545228207,-5.022173242385797,-5.823523863723079,-4.551849469275182,-4.70275227067376,0.0,-4.865851650635699,-5.034860707684352,-3.7251705007573688,-2.214389188875965,-2.5741011676442827,-2.2882190080926956
2022-04-28,-1.9199922830715477,-3.4656307641296125,-3.4748965866589376,-2.530767735295325,-3.727599946409532,-2.7248065723733395,-3.73779708495533,-1.396986612955886,-8.448601782424813,-4.140760709062441,-1.0675161634486119,-0.06754444235647084,-4.477547674590743,-3.8203624732413233,-4.734424651739621,-3.3254527202070783,-3.4143523433782463,0.0,-4.567884866121574,-3.505970220077592,-2.5692074355558314,-1.9199922830715477,-2.5497513934727656,-2.082622022925229
2022-04-29,-2.021511457811176,-4.266986879044687,-4.279248862364138,-3.1606507304304365,-4.443755142425065,-3.2827086388684923,-4.508855041981907,-2.072026271830474,-9.717217635402287,-4.744981833714956,-1.4590604807357965,-1.160687431648999,-5.2668726600045845,-4.538366798794513,-5.388905921713317,-4.088516885064164,-4.149881930763044,0.0,-5.262633253000248,-4.273026366116428,-3.171281743958443,-2.021511457811176,-2.525395533532393,-2.3323550302917995
2022-05-02,-2.0569221988070985,-4.386625673193434,-4.423290598769625,-3.2262319530098393,-4.518996811772835,-3.312748567373125,-4.655444639043981,-2.104210630630443,-9.732755499948409,-4.76150641713814,-1.544606375479951,-0.5713259881767629,-5.45216280563483,-4.6247582065085835,-5.417106417323236,-4.211613131923708,-4.256910746847254,0.0,-5.412204967728417,-4.403507654492911,-3.2279140011583274,-2.0569221988070985,-2.501033586302115,-2.2409262565792565
2022-05-04,-2.612289167489601,-6.546533384505415,-6.562680364009632,-4.3170925592736715,-6.619206655525566,-4.3806198447845945,-6.7608213050680765,-3.5162689099369926,-11.936700593737415,-6.760909591068643,-2.243623112357518,-2.677452688868698,-7.620729344508625,-6.521311321991796,-7.120781540763432,-6.198394052443046,-6.253373663935136,0.0,-6.968587479278043,-6.512102109459805,-4.2981207028004125,-2.612289167489601,-2.5223602007517942,-2.800491582717768
2022-05-05,-2.8083181792009637,-6.317178720323491,-6.277139466424697,-4.150074200950882,-6.2854723965867,-4.191439122709573,-6.42797913653178,-3.566367193413722,-12.389764525290659,-6.347253960258625,-2.2716413494823784,-3.03618361077459,-7.592752447410501,-6.2571101324013885,-6.786947326297732,-5.97869481226867,-6.0132866730843615,0.0,-7.277785514845259,-6.187583482563785,-4.118183048515601,-2.8083181792009637,-2.6805563488843553,-2.9133509192623697
2022-05-06,-2.953188155883535,-7.1959794273037225,-7.203149308509671,-4.627330438221977,-7.285726157947781,-4.701443943672057,-7.398666322356684,-3.5685331829108713,-12.50154018986448,-7.345951981351318,-2.408581077724903,-2.4560861906261833,-9.096072513174603,-7.155854428654651,-7.774284273674093,-6.842284698789869,-6.8598369203270675,0.0,-7.615922486529936,-7.1462507112362905,-4.6021230962248305,-2.953188155883535,-2.656233181186607,-3.0708391309942296
2022-05-09,-3.0723400570444315,-7.9784729316004,-7.912007268333876,-4.972972785022511,-7.865397128320117,-4.982017280321194,-8.056722613376909,-4.535622761401004,-13.950584762134465,-7.928748049903223,-3.0835179347252106,-4.766926821127759,-9.702054700784036,-7.80415600469162,-8.39088680569552,-7.452412312278234,-7.577683503397836,0.0,-8.128381799454132,-7.812321553827806,-4.92850795844737,-3.0723400570444315,-2.631903934369806,-3.354872921525054
2022-05-10,-2.774099712902023,-7.887293012985197,-7.824672588959036,-4.9148608891106065,-7.601063563382471,-4.836274381353611,-7.951223686059228,-4.533060566558023,-14.317065946259833,-7.531110102300332,-2.9614474980106165,-6.045147443223997,-10.044371402072017,-7.702492269240269,-8.240798653526216,-7.3367394379745825,-7.537849963413068,0.0,-7.841166387437082,-7.663292010282863,-4.839924138277585,-2.774099712902023,-2.6075686069145454,-3.459811828589765
2022-05-11,-2.8254095608858942,-8.466508398063965,-8.415473938139561,-5.2117379368539325,-8.328744582519898,-5.199900916595668,-8.584340165277549,-4.865872738728894,-14.73272084091909,-8.270227132421082,-3.0323718473865613,-7.248235440949302,-10.448451485236754,-8.254831784164207,-8.85089393041948,-7.847460456987965,-8.0749065093071,0.0,-8.042296478657306,-8.297029693916723,-5.154223541870772,-2.8254095608858942,-2.583227197301108,-3.6294470663944534
2022-05-12,-2.910522802718596,-10.149708241146405,-10.102723262984759,-6.064471999260046,-9.799447385076821,-5.942442601780806,-10.19921979630235,-5.066593809615549,-16.586457220061213,-9.527151808120449,-3.234075397944003,-8.65053141506824,-12.437548284759792,-9.760372893758163,-10.208927658719114,-9.407767346884544,-9.671126327404544,0.0,-8.929978511844938,-9.894064136563774,-5.961965931190171,-2.910522802718596,-2.5588797040093536,-3.727784700566017
2022-05-13,-2.648891862804015,-10.404051636076616,-10.390497151823098,-6.195339041535252,-9.594464945746273,-5.829335430567017,-10.369654617729518,-4.5746911478110714,-17.152526716967575,-9.012043508360835,-2.7379658911349747,-7.1526304435522885,-12.580732442955389,-9.981319639121988,-10.252371868743227,-9.735755627813514,-9.959956712120022,0.0,-9.92104454756937,-10.00828725159696,-6.009438290001956,-2.648891862804015,-2.534526125518799,-3.703723267932313
2022-05-16,-2.526601137605522,-10.200458437718396,-10.187947824365672,-6.084777497942218,-9.560242420748411,-5.802127913275623,-10.22388930656093,-4.635917869930351,-16.917433007248782,-9.122932894056834,-2.7880228117373784,-8.038651704983069,-12.24755745784989,-9.856685106834773,-10.253970237983223,-9.548469503513957,-9.77354268330204,0.0,-10.11660526134749,-9.875433073737295,-5.929375790895897,-2.526601137605522,-2.5101664603085605,-3.693358863043983
2022-05-17,-2.3843652982246777,-7.7684395298067255,-7.781855832880902,-4.833499028264054,-7.280457176556787,-4.616030707726715,-7.850936916807516,-4.067119446297429,-14.237196585906787,-6.892852388624227,-2.242671771416005,-4.267147206209298,-9.937743290007317,-7.617430152676253,-8.123748699983068,-7.313779093478489,-7.422110597306997,0.0,-8.851555542791267,-7.512778538585185,-4.705938722894276,-2.3843652982246777,-2.485800706857366,-3.55723752851268
2022-05-18,-2.161291317680991,-8.020855126632897,-8.0687395005538,-4.966754362560987,-7.341449304072045,-4.638718636452699,-8.077920216750755,-3.759677431345121,-14.810719929413507,-6.641734771745112,-2.1544366972615414,-3.7520543729455236,-10.042986621395823,-7.9184485058742204,-8.423547409671228,-7.640822316798934,-7.698247624611554,0.0,-8.73361015903763,-7.694057236052321,-4.789157137492062,-2.161291317680991,-2.4614288636435777,-3.35938648900197
2022-05-19,-2.2711922544300878,-9.948216003001498,-10.069445297761614,-6.009162595681749,-9.339098999849094,-5.671684368382612,-10.127546306280133,-3.5180467387303516,-16.03017192510392,-8.587441365490267,-2.129982035835132,-2.9594424589742263,-12.429791349253428,-10.047033923857484,-10.93679978313764,-9.54094980888266,-9.67620131842386,0.0,-9.942632677030561,-9.721146373704892,-5.823674832457559,-2.2711922544300878,-2.4675589551258814,-3.116474018561899
2022-05-20,-1.8226199608020077,-7.452772320959678,-7.597810484836165,-4.726084641731221,-7.030983344175934,-4.475768791646018,-7.710187096203535,-3.2267464645188815,-13.241721497469305,-6.46178211196492,-2.1055212624252806,0.0,-9.899797053900683,-7.730163747069541,-8.595947868802456,-7.27755010939627,-7.329404118334882,0.0,-8.49387039057029,-7.316104558844505,-4.577861075159129,-1.8226199608020077,-2.0138708299757946,-2.6799231136699575
2022-05-23,-1.7759960236744865,-7.315397218495945,-7.438115463997175,-4.62413578976637,-6.667333332172531,-4.271956728947968,-7.490660794107895,-2.9685984585420377,-13.791580106006462,-6.011944664856683,-2.095881594660731,-1.3885978812366417,-10.184785998915268,-7.579835789435762,-8.421873393536616,-7.147285285149141,-7.182401482555689,0.0,-8.563271463641442,-7.083798883924219,-4.443523757424783,-1.7759960236744865,-1.977407847575341,-2.6603848617911208
2022-05-24,-2.197468373879452,-8.083535660820562,-8.205559629276449,-5.014871437475376,-7.72344935542002,-4.803417453568137,-8.322406324900644,-3.25506518355535,-14.200933870439759,-7.315091245465933,-2.0399475629327424,-2.0245019539501197,-10.680813355257513,-8.257618418550738,-9.147548297855412,-7.822318329203737,-7.815676489518242,0.0,-8.992715055836008,-7.973076627339504,-4.888182641516947,-2.197468373879452,-2.4189751019901173,-3.038520021100599
2022-05-25,-2.1561754166995684,-8.512902561461678,-8.681397725669072,-5.261812877533211,-8.3919917160998,-5.1467630192078895,-8.88336082769201,-3.2815139905614132,-13.922719086852108,-7.956593199593886,-2.032539970337399,-1.6631577398035446,-11.231128441545035,-8.67462567869499,-9.531446631867023,-8.305302166294947,-8.19922912055241,0.0,-9.457120543935938,-8.504402372289876,-5.15310020944264,-2.1561754166995684,-2.394586556971079,-3.0540233444073417
2022-05-26,-2.198104725476757,-7.694596202959381,-7.829819176957131,-4.808707742016827,-7.787376469361529,-4.817304038951975,-8.072220553591137,-3.3411173863185373,-13.418250099741346,-7.461583635330715,-2.104946171747868,-1.9169320527296807,-10.431552833547887,-7.837742584823692,-8.62053324386557,-7.432843468893169,-7.47106220993079,0.0,-8.731630160112614,-7.732855792681237,-4.745206415165226,-2.198104725476757,-2.370191916493125,-3.029793517772994
2022-05-27,-1.8642459646371234,-6.747572392544643,-6.8427390579597684,-4.281319442780196,-6.683786594000862,-4.234088052657214,-7.027183704582529,-3.0981016199191025,-13.613840350507822,-6.275247727768541,-2.143079071593146,-1.6262168946709399,-9.421771846348559,-6.876283363945612,-7.55569224650915,-6.4828223604860735,-6.6001630700673,0.0,-8.582048084021599,-6.698512272227497,-4.200816527590446,-1.8642459646371234,-2.345791179032819,-3.035065675214632
2022-05-30,-1.784884398745612,-4.891840373604306,-4.948388343885957,-3.2805191996307714,-4.753984459717275,-3.2210731093070044,-5.101106860770599,-2.9958471330298386,-11.912979376999001,-4.4712067618277285,-2.118621571541446,-0.2175970493820012,-7.710458804884457,-5.014902980559588,-5.585594802212201,-4.669698885362905,-4.797704206022136,0.0,-7.338185333154623,-4.792848647569037,-3.206742193433665,-1.784884398745612,-2.4098125671066506,-2.9475535377516904
2022-05-31,-1.7852713881660875,-5.166223053805751,-5.237290608441814,-3.4180215238687417,-4.977840623401852,-3.325089328700026,-5.373363350231952,-2.9552952812639477,-12.398431436896484,-4.555130994467338,-2.0941579587968606,-0.46810535324500746,-8.136138221017642,-5.304439040957243,-5.863143018542994,-4.969798406693238,-5.08848288603283,0.0,-7.590545390947135,-5.042478563135166,-3.3230837952290426,-1.7852713881660875,-2.638236996838561,-2.84979130072307
2022-06-01,-1.8824827143465561,-5.5393997466493765,-5.6262708611262475,-3.6048587442428226,-5.44534209218347,-3.5545146011580098,-5.784971663870264,-3.130388420701258,-12.449918416805284,-5.104495105274697,-2.069688231831579,-0.5859487658192108,-8.478460331605152,-5.651527682275825,-6.192942072334207,-5.302050390894375,-5.467505053909571,0.0,-8.024153106422249,-5.477900608265962,-3.53681773085891,-1.8824827143465561,-2.9770646617468866,-2.9651041667344002
2022-06-02,-2.0088178765858666,-5.014686898987664,-5.091919876441919,-3.3136391786502184,-5.1139134622187,-3.3738360300715864,-5.256480301445987,-3.21258514395365,-11.41323667170131,-4.725198885915461,-2.045212389117468,0.0,-7.8954676669398705,-5.152583887832874,-5.5704176630383735,-4.869262946940256,-5.024210437464971,0.0,-8.054322125194213,-4.957101874440406,-3.257931275508763,-2.0088178765858666,-2.445169592765939,-2.9780211727307493
2022-06-03,-2.1109375990450263,-4.9404281782884585,-5.012750280380085,-3.2610081145589165,-5.084483239186966,-3.345912383313576,-5.159105083296723,-3.159499230993934,-11.439711549007825,-4.707910704096863,-2.0362198766282313,0.0,-8.137523001693815,-5.066196183584593,-5.444441214231254,-4.798812316996193,-4.960917894247996,0.0,-8.139527552474156,-4.8706347603213125,-3.200042875054976,-2.1109375990450263,-2.330648551950243,-2.960439383302138
2022-06-06,-2.1044240578982687,-5.0391901469498235,-5.114959110827055,-3.300782970929783,-5.217374970875643,-3.4013657238874506,-5.259559328944063,-3.1881002804151293,-11.390858380946389,-4.764975293762063,-2.065903284556303,0.0,-8.219225061587531,-5.137857027756798,-5.475482700821644,-4.894815028617117,-5.048266784081335,0.0,-8.196947212632931,-4.968456571366087,-3.2384166322386276,-2.1044240578982687,-2.3794620874580175,-2.9070058440742286
2022-06-07,-2.8569301499427935,-6.1650980954516825,-6.260186666806245,-3.875177431170751,-6.49502021223487,-4.045419007138107,-6.46119418288481,-3.4690204834125438,-11.385037520039543,-6.165989384145332,-2.3544193242819533,-0.7398215618251935,-9.067825151100594,-6.226808909010472,-6.57973212362486,-5.9677101526974585,-6.138215776792267,0.0,-8.478497250038197,-6.173176012757975,-3.848117892151681,-2.8569301499427935,-3.580000162691588,-3.199604005794243
2022-06-08,-3.2511124292506466,-6.793003869059011,-6.835799038094404,-4.15474336731031,-7.171726929259236,-4.379072535169303,-7.00783574706495,-3.5112297681623605,-13.499453602443378,-6.903470027508851,-2.3980624239045123,-2.4466205717966982,-9.40072426193077,-6.687947848418174,-6.963053582671597,-6.462669189269032,-6.642252441911056,0.0,-8.730097763245116,-6.78051249917938,-4.144938449600244,-3.2511124292506466,-4.010166870259402,-3.481339192337396
2022-06-09,-2.688942360693136,-5.99311732251212,-6.0491773249455765,-3.7388185612979075,-6.42964083872728,-3.988475642368272,-6.235419464505609,-3.4866719647693833,-11.946810718674117,-6.138355939776874,-2.3888670323909733,-1.2786513552061507,-8.725784324087948,-6.0031802189211,-6.311551993295206,-5.757903606541359,-5.944699607679049,0.0,-8.837952669858096,-5.990705304728383,-3.729421680218359,-2.688942360693136,-4.086963026341839,-3.3470876584554277
2022-06-10,-3.530892635956895,-7.242570677307114,-7.327596542898052,-4.385661398408636,-7.501867962878494,-4.525849588209763,-7.5001288773675405,-3.4552977453227607,-12.870362912329124,-7.135260657294595,-2.4170860322883403,-2.1601513918581783,-10.256242845525165,-7.171841957990088,-7.522217575244595,-6.923165171567458,-7.075316945946164,0.0,-9.592771630792074,-7.225597728414157,-4.35069821502343,-3.530892635956895,-5.276795107396371,-3.3522557157091515
2022-06-13,-4.9250881352144615,-9.512130686451192,-9.645088413381742,-5.566534149777946,-9.619938689561769,-5.598464706261142,-9.813590576516463,-3.460576666638937,-14.14937619427893,-9.109612385512056,-2.407301825574848,-3.9391360884138416,-12.623660643916468,-9.30006113888442,-9.648291085513828,-9.031668750713584,-9.225414752084593,0.0,-10.781094408717296,-9.481495183444721,-5.496255587415488,-4.9250881352144615,-7.337049318093792,-3.5545972405999215
2022-06-14,-5.012638168853723,-9.546206094849552,-9.642707792636108,-5.552694063159203,-9.63632878512961,-5.5957045483985945,-9.827725025988787,-3.675288766336493,-13.896126331327308,-9.28305524280022,-2.528156243142743,-4.153035643726644,-12.857969861763118,-9.281100401601684,-9.64514528774476,-8.992493343538733,-9.211108033386662,0.0,-10.629812577054432,-9.503251346790664,-5.4966110113079285,-5.012638168853723,-7.413098363721238,-3.6404195795290084
2022-06-15,-5.116200645672175,-9.741174210845905,-9.829015795556328,-5.637312542662299,-9.78331510261048,-5.659662745210026,-10.02232073488366,-3.7900103157140097,-14.442150531488862,-9.590296962714062,-2.719461296186587,-4.73718114137135,-13.079253486374597,-9.475799760788684,-9.899905939019781,-9.14537847236968,-9.38844534630282,0.0,-10.631457384713382,-9.718090057412143,-5.595059985294282,-5.116200645672175,-7.3899580060432175,-3.7421501514694366
2022-06-16,-5.092486221535408,-11.304862615598976,-11.429200374991655,-6.447894229778539,-11.31964077498624,-6.431629425424578,-11.588239620422925,-3.895481831439429,-16.237058808365813,-10.945396959478071,-2.803297643765601,-5.870393978608634,-14.91575394654372,-10.911262424571344,-11.235942662933285,-10.660688268841124,-10.841997218064936,0.0,-11.019628328654353,-11.27943592845787,-6.381430314216663,-5.092486221535408,-7.366811864867284,-3.7180923092104523
2022-06-17,-5.068765870423608,-11.625071579541169,-11.791909674588197,-6.62276924165538,-11.817456448468167,-6.6736619483082515,-11.989884564543674,-3.9329027443290365,-16.053865179774395,-11.460528501584022,-2.695330794003725,-5.4450692794653754,-15.2874269163065,-11.223139543747763,-11.505321559931502,-11.005376204428185,-11.162928079495583,0.0,-11.113796500595585,-11.690936527718087,-6.582786644844452,-5.068765870423608,-7.343659938747916,-3.6940284541455037
2022-06-20,-5.045039590855415,-11.236467606907963,-11.402295285752217,-6.4101802183803125,-11.236104424707472,-6.360495239572572,-11.513263926877372,-3.697248379857776,-16.442823477200907,-10.281421408073632,-2.6864037322568257,-4.975565749613775,-14.973633451367796,-10.818320639703039,-10.925422857790345,-10.661421068184984,-10.86988626899691,0.0,-10.810733505364844,-11.150713753783336,-6.289022592468374,-5.045039590855415,-7.320502226239334,-3.669958584771804
2022-06-21,-5.021307381349127,-9.492189525617734,-9.630767130302754,-5.486336449066965,-9.564476917781207,-5.49369625277153,-9.756105706739826,-3.495498225178495,-14.758393370816702,-8.685416396151624,-2.454013684483647,-3.344032560282406,-13.37476892824786,-9.155946323316478,-9.237290893180827,-8.990419712661202,-9.241578417787311,0.0,-9.787594290571688,-9.402622311543062,-5.380914862746156,-5.021307381349127,-7.297338725895274,-3.645882699586167
2022-06-22,-4.997569240422606,-10.516032432542943,-10.630317111396492,-5.98386704349565,-10.51388470250404,-5.967549507169156,-10.706928509295066,-3.783879436222637,-16.50770244280173,-9.41482246407852,-2.6384797256199577,-4.8910100600175195,-14.623841098148315,-10.03495184198676,-10.026258356132312,-9.917033427614342,-10.161721874366947,0.0,-10.177848897856578,-10.358338708614234,-5.856710448557834,-4.997569240422606,-7.28890950408111,-3.63696926338849
2022-06-23,-4.97382516659356,-9.55065785722291,-9.644913515555508,-5.463432163010273,-9.387886543532254,-5.379573304445118,-9.68032729195759,-3.5103119287356432,-16.12222840240841,-8.023827325809519,-2.4105252288177947,-4.453189276244929,-13.829804612855835,-9.081448053842301,-9.012818348319362,-8.970813438063585,-9.26006686006402,0.0,-9.479266122538842,-9.301676623272071,-5.300724801251288,-4.97382516659356,-7.275536635359869,-3.622968440632468
2022-06-24,-4.950075158379008,-8.75354085879787,-8.892268270482106,-5.0693655636824815,-8.528484012818415,-4.926485786597324,-8.948502523399082,-3.1349862964013098,-15.34354140680495,-7.158409597542759,-2.1646210262059817,-3.5120422585753985,-13.039927878891344,-8.498681833063038,-8.603485768438857,-8.324798744937024,-8.569538303056712,0.0,-9.497239852292328,-8.539066547078434,-4.897852481336429,-4.950075158379008,-7.280557966882617,-3.6122874633518487
2022-06-27,-4.926319214295849,-7.722856779112708,-7.828235726591426,-4.512786829132387,-7.4345105719700655,-4.353996332911847,-7.891379227758,-3.024537775994418,-14.322040810788138,-6.217781108562448,-1.9976930650355662,-2.54687861016335,-12.304333465572626,-7.487630787854482,-7.548115186149651,-7.358841068929134,-7.557027493555147,0.0,-8.965054991724653,-7.480135844284918,-4.342743409516537,-4.926319214295849,-7.158362897823123,-3.5392117624690522
2022-06-28,-4.902557332860491,-7.544267389095749,-7.651526473392522,-4.411127560505945,-7.290692277896927,-4.268368289775792,-7.725279484406567,-3.0899315565212193,-13.877717624292373,-6.212538289415126,-1.9910746905732801,-2.146752928396134,-12.203796224763263,-7.334760916006067,-7.393693813467461,-7.201120537113736,-7.410550614283018,0.0,-9.07548034919814,-7.320498154675459,-4.248896466763408,-4.902557332860491,-7.299844444586922,-3.6164743628761653
2022-06-29,-4.878789512589021,-7.942329786821123,-8.060869865391918,-4.607895483405566,-7.874313896549589,-4.559332444728104,-8.192644233964153,-3.45713153619589,-12.873572225761908,-7.03224314119808,-1.9822185753036181,-2.035083034561236,-12.48684864055103,-7.721329892252637,-7.802689836353471,-7.556148671255136,-7.806600627198801,0.0,-8.930624942386089,-7.81134389297965,-4.493864863873409,-4.878789512589021,-7.874113402460736,-3.857396642261246
2022-06-30,-4.8550157519971275,-7.752092691615942,-7.869385761361414,-4.500036064196811,-7.734987363386637,-4.475070594901953,-8.033577770939837,-3.4224731857885216,-12.968525093735694,-7.169040087396972,-1.9475221615731453,-2.116945397439174,-12.591258939814054,-7.594436393935167,-7.777089653491032,-7.364660057973927,-7.644487827160928,0.0,-8.84763935458136,-7.6774195966958665,-4.413907100155379,-4.8550157519971275,-7.945275919335604,-3.8444849984864082
2022-07-01,-4.831236049600152,-7.647058548715324,-7.766763440158986,-4.4316543627529015,-7.326510675334841,-4.252757574158117,-7.824835624487225,-3.148166230148297,-12.245492759766464,-6.143627451670386,-1.667196489289291,0.0,-12.747463281945315,-7.3104336530138365,-7.169496521914997,-7.27240925407936,-7.487632783930209,0.0,-8.195390078070053,-7.400396164787337,-4.2523383232850325,-4.831236049600152,-7.922268569445579,-3.1977381992635667
2022-07-04,-4.822741635567418,-6.549893998626233,-6.756876692242997,-3.902714157685516,-6.025211562604826,-3.5721525742822946,-6.830938271717624,-2.73086773990604,-10.531804332847528,-4.793964802912187,-1.2393805367135857,0.0,-12.286055442507172,-6.49797368238747,-6.534245162131214,-6.359177805709104,-6.601294705297034,0.0,-7.3162391333126635,-6.330904965306649,-3.6849781201301,-4.822741635567418,-7.899255469300415,-2.551049080505552
2022-07-05,-5.0054981266297265,-6.775786043383947,-6.993616567001004,-4.016060633897478,-6.214222073073983,-3.657952937680653,-7.074839175757086,-2.706557146595856,-11.253313279860766,-4.959208251610548,-1.2146971741807344,-0.6674219011962523,-12.421763948771304,-6.717003485033635,-6.777985829839828,-6.566341234806261,-6.807831813308496,0.0,-7.398251492968367,-6.5558319803663,-3.7897788195976445,-5.0054981266297265,-7.985758137793897,-2.715483359481896
2022-07-06,-4.35240703474602,-5.683621303494135,-5.919917866356905,-3.4553792490870316,-4.939877947446025,-2.983474409115805,-5.968250893273552,-2.6981537041467885,-10.540700819768956,-3.283465326005941,-1.19000764250482,0.0,-11.430536858912777,-5.774902942942783,-5.838934902222281,-5.639674211131807,-5.847252539015835,0.0,-6.865917218572138,-5.372640403240892,-3.162562098017041,-4.35240703474602,-7.001088440849812,-2.6183676463721994
2022-07-07,-4.2175473209233205,-4.976249425163992,-5.165752510945143,-3.0481340293096904,-4.273914289147829,-2.6281565621102176,-5.217903095606058,-2.7845550144165454,-10.44036134705526,-2.9860602616365917,-1.1653119401440315,0.0,-10.637885154296455,-5.177212408427245,-5.443940507953693,-4.95665833437553,-5.13504916329487,0.0,-6.493278027232363,-4.70382859199614,-2.803586053347673,-4.2175473209233205,-6.27268937445341,-2.5944384731467984
2022-07-08,-3.9466225762580853,-4.047987314196655,-4.203965376763962,-2.5365711014046277,-3.2268166740841986,-2.0779248293999575,-4.271241149490901,-2.6613954786178784,-9.902967618492585,-2.439454600372526,-1.1406100655561469,0.0,-10.15210842053752,-4.403383077482237,-4.7131499141215505,-4.164810489749982,-4.336806214680422,0.0,-6.101387906208499,-3.7989552484166134,-2.323856471986474,-3.9466225762580853,-5.33715620896229,-2.4458525664257325
2022-07-11,-4.351674190074695,-4.837706327913449,-5.105170375309354,-2.9899262827919992,-4.110854142876019,-2.5332650762319275,-5.209897323681889,-2.6662572155237596,-10.758932234399566,-3.5115953368386466,-1.115902017198489,0.0,-10.177586221259126,-5.315983023338378,-5.903395135257849,-4.92626284989629,-5.126902319048066,0.0,-6.085189830201287,-4.760289408492369,-2.8079043137280824,-4.351674190074695,-6.344799380016086,-2.3770248376570713
2022-07-12,-5.115230475962818,-5.685813111748028,-5.972508570695623,-3.4231982400595773,-4.980595292009459,-2.973191297315614,-6.098201975084782,-2.8328965834039987,-11.093731406356632,-4.505070941544309,-1.0911877935280367,-1.1085463945332164,-11.051106953643664,-6.056141533087667,-6.599905678146234,-5.693693139803246,-5.882801047303598,0.0,-6.732302069725115,-5.655014010880799,-3.2618933785610094,-5.115230475962818,-7.1760184190786225,-2.608658130407282
2022-07-13,-5.138891368797827,-6.239260410496361,-6.5590111440883,-3.7152420924524643,-5.40848701566865,-3.1867969954942788,-6.653261302202573,-2.8508493540927993,-11.789451496821046,-4.830650071291808,-1.0664673930014357,-0.09097127732118349,-11.558764303945901,-6.702650506621188,-7.372313064521096,-6.284254478568874,-6.461141186080887,0.0,-7.1650178034266325,-6.176319651796014,-3.5184543213085617,-5.138891368797827,-7.219139806667629,-2.6011448209157906
2022-07-14,-5.44987501949985,-6.680743406321554,-7.014927709710395,-3.939002938448155,-5.833550652679575,-3.3965634722755267,-7.1135161455081475,-3.0169691697157885,-12.356668223776401,-5.30335252157359,-1.0556035267293873,-0.7632431687962682,-11.713859739676336,-7.132764650508639,-7.795816552738433,-6.701033657499744,-6.911144956030634,0.0,-7.596498234765603,-6.636796668949674,-3.7454335782392656,-5.44987501949985,-7.518529439284372,-2.893179253792433
2022-07-15,-4.801072165274589,-5.845063284954099,-6.200670924791507,-3.5083569214333865,-4.787955765760388,-2.845285334471215,-6.281637593038547,-2.644697585956979,-11.454533755984908,-4.235826366799744,-0.9579381069498627,0.0,-11.101510806536242,-6.4842336694619584,-7.222485977024551,-5.973653565436865,-6.267431947924662,0.0,-6.933413280608747,-5.761225078258625,-3.2802762423665643,-4.801072165274589,-6.887997693177816,-2.4776959137825183
2022-07-18,-4.163288783065844,-4.502368684615455,-4.770660037124042,-2.7559758379078203,-3.5531800403102665,-2.1901136571320867,-4.875149940091528,-2.3172185345207374,-10.614464745035225,-3.3758451582711513,-1.034699575799769,0.0,-9.831391052217997,-5.0685858078268975,-5.680584995017657,-4.620761357115222,-4.91347923467117,0.0,-5.869645736865447,-4.42161652950348,-2.57527440047427,-4.163288783065844,-6.159063192652114,-1.9706512330343928
2022-07-19,-3.854039080853078,-4.001750120068093,-4.2755556365443255,-2.4890647467057603,-3.0434784038087304,-1.9132877922207303,-4.404515058975322,-1.998306638611036,-10.295124759714092,-2.978505853568292,-1.0088500633534947,0.0,-9.487689570253844,-4.6377696242780875,-5.298491397041049,-4.16035524726226,-4.464238330861193,0.0,-5.539847726773594,-3.9500039058864234,-2.320321157986971,-3.854039080853078,-5.869175588590969,-1.6901669762627747
2022-07-20,-3.260798454781788,-2.665987592074248,-2.9289528027798273,-1.7848888212333547,-1.793702972715372,-1.2495930917862608,-3.044428260231402,-1.4360120139988553,-9.453822290153479,-1.605944927261893,-0.8844085609775898,0.0,-8.48898682846383,-3.34321441546076,-3.9315201820232515,-2.94105130971416,-3.165723449661517,0.0,-4.975598176814422,-2.591398377270604,-1.60525694336221,-3.260798454781788,-5.137618806497679,-1.1193808292185414
2022-07-21,-2.8346822146760875,-2.106013193191869,-2.3273881267135477,-1.4594265284491037,-1.1693195673199042,-0.9152926405416872,-2.445909371843069,-0.952207000238714,-8.98104386709182,-1.2723924187449387,-0.7976196931571367,0.0,-8.02148270847084,-2.778023048763878,-3.3075477931703734,-2.3755808690220204,-2.658821158764124,0.0,-4.580903792711732,-2.020676056666282,-1.298672615040386,-2.8346822146760875,-4.544764786992205,-0.5624404368736013
2022-07-22,-2.6034747793988844,-1.559290241366884,-1.826901196025077,-1.1901969350671115,-0.5707794416769385,-0.5944828729019691,-1.9502277692520886,-0.5309175982941894,-8.70995948324359,-0.5983829040316913,-0.5579677358218849,0.0,-7.388919223038459,-2.3776105478692577,-3.0332031623675815,-1.8930278684227364,-2.2163259313379258,0.0,-4.409951951857738,-1.5112688484608117,-1.0219320669988208,-2.6034747793988844,-4.08257574919374,-0.13922942788379133
2022-07-25,-2.4812993675911277,-1.7659536164280065,-2.0013069955738816,-1.2642096607673459,-0.7111893653893309,-0.6567097335951066,-2.1181091868721302,-0.4058788002372804,-8.97750358480005,-0.8630708453331359,-0.5217791665514393,-0.1382934707709338,-7.87885029882589,-2.511352367203701,-3.1474659257693216,-2.0258246155010373,-2.3702383440272423,0.0,-4.7695980105784574,-1.6999811007733512,-1.1065606556695973,-2.4812993675911277,-4.380951319206616,-0.02290034481684522
2022-07-26,-3.354588148423665,-2.7028934601525556,-3.0002128075444445,-1.764387521905031,-1.7477532326620526,-1.1834371323130366,-3.1619584010756485,-1.3744694853067396,-8.507307572714284,-1.9461196352010268,-0.5113649177919566,-0.9893531351899076,-8.693934368536194,-3.46163081599401,-4.158046274720006,-2.9243091513181385,-3.3129200215401777,0.0,-5.575367954521793,-2.743022934512096,-1.6373412763414752,-3.354588148423665,-5.094080041923843,-0.9211632804396075
2022-07-27,-2.427678011996881,-1.6725529250284366,-1.926977480892833,-1.1967548546390927,-0.6990017373098678,-0.627282111119265,-2.067828167599406,-0.43201078362669065,-8.567669980561298,-1.0786850949892957,-0.371464158230983,-0.1309482388094363,-7.819023446175988,-2.4389051790353777,-3.081079036687362,-1.9427175888372061,-2.3024948657687783,0.0,-4.865816099500653,-1.6892597655358665,-1.0799746155832235,-2.427678011996881,-5.070360089157521,0.0
2022-07-28,-1.742258831626231,-0.6847653587254032,-0.8923113101783176,-0.6540570670453105,0.0,-0.13879597168441338,-1.0082813784775713,0.0,-8.847061934255274,-0.04125567266525243,-0.3612690811493069,0.0,-6.224870422934703,-1.4030318798547436,-1.8432672390421678,-1.0427773133479978,-1.329662184124425,0.0,-4.63004284433135,-0.6501445988606247,-0.5272437058115198,-1.742258831626231,-5.046634208034373,0.0
2022-07-29,-1.4056106302384297,0.0,-0.058186260005999024,-0.28217826003604785,0.0,0.0,-0.16681007287583371,0.0,-8.307674744883808,0.0,-0.14515530426979506,0.0,-4.958347852794764,-0.5510610540223171,-0.9108523944482028,-0.21214858661959823,-0.5356879499133327,0.0,-4.206456320371843,0.0,-0.14370197294916176,-1.4056106302384297,-5.022902397072693,0.0
2022-08-01,-1.2599946714891952,0.0,0.0,0.0,0.0,0.0,0.0,0.0,-6.843804216070781,0.0,-0.12019846068496154,0.0,-3.951331017648263,0.0,-0.32621008284176023,0.0,0.0,0.0,-3.846463113486931,0.0,0.0,-1.2599946714891952,-4.999164654790467,0.0
2022-08-02,-1.303142482736297,0.0,-0.0430247530622041,-0.04425597717978569,0.0,0.0,-0.04288993826934151,-0.00088312573240934,-6.555185057252244,0.0,-0.09523537960564044,0.0,-3.921428409922334,-0.09241981933783006,-0.46675818622951004,-0.0761441075438185,-0.06106871946719439,0.0,-3.8507640318903413,-0.004254054192598389,-0.009955344349998896,-1.303142482736297,-5.116792318640384,-0.01789186510704477
2022-08-03,-1.0052940758835116,0.0,0.0,0.0,0.0,0.0,0.0,0.0,-6.625595214392243,0.0,-0.07026605947286768,-0.07115323936771611,-3.684901379273997,0.0,-0.04687070244868696,0.0,0.0,0.0,-3.664395926823716,0.0,0.0,-1.0052940758835116,-4.883428222294217,0.0
2022-08-04,-0.9780941948435817,-0.10775215432873297,-0.07180748767445788,-0.06747042288913763,-0.09054129866925553,-0.09151638500430881,-0.04328393344732451,-0.04612381400611598,-6.457683340540199,0.0,-0.04529049872740165,-0.2849639379626123,-3.718969147627471,-0.00569553867610928,-0.04196996865614144,-0.04462661305465465,0.0,0.0,-3.8374016038773773,-0.028200468227657094,-0.03241639168402033,-0.9780941948435817,-4.859655621060699,-0.057948635414306615
2022-08-05,-0.5014793502574721,0.0,0.0,0.0,0.0,0.0,0.0,0.0,-5.846942527079202,0.0,-0.02030869580944561,0.0,-3.633112745705269,0.0,0.0,0.0,0.0,0.0,-3.6959716543257692,0.0,0.0,-0.5014793502574721,-4.835877078311879,0.0
2022-08-08,0.0,0.0,0.0,0.0,0.0,0.0,0.0,0.0,-5.283733318966299,0.0,0.0,0.0,-2.926322852310681,0.0,0.0,0.0,0.0,0.0,-3.2624590061083425,0.0,0.0,0.0,-4.812092592562733,0.0
2022-08-10,0.0,0.0,0.0,0.0,0.0,0.0,0.0,0.0,-5.229363903715067,0.0,0.0,0.0,-2.872868154490904,0.0,0.0,0.0,0.0,0.0,-3.114587229702903,0.0,0.0,0.0,-4.7883021623279625,0.0
2022-08-11,0.0,0.0,0.0,0.0,0.0,0.0,0.0,0.0,-6.218738007184199,0.0,0.0,0.0,-2.1846321584370942,0.0,0.0,0.0,0.0,0.0,-2.9365176421876193,0.0,0.0,0.0,-4.764505786121842,0.0
2022-08-12,-0.17443906665886022,0.0,0.0,0.0,0.0,0.0,0.0,-0.23664016609730165,-5.588689913407652,0.0,0.0,0.0,-1.9677733408299147,-0.013157909693528591,-0.17215532759687902,0.0,0.0,0.0,-3.0088449017731,0.0,0.0,-0.17443906665886022,-4.740703462458251,-0.34859166134074693
2022-08-16,0.0,0.0,0.0,0.0,0.0,0.0,0.0,-0.05635214060135674,-5.2021729889376145,0.0,0.0,0.0,-1.2637530087876159,0.0,0.0,0.0,0.0,0.0,-2.8976234786673327,0.0,0.0,0.0,-4.844273756319617,-0.21440528469328646
2022-08-17,0.0,0.0,0.0,0.0,0.0,0.0,0.0,0.0,-4.207358456228604,0.0,0.0,0.0,-0.6045974069332827,0.0,0.0,0.0,0.0,0.0,-2.6881547805728823,0.0,0.0,0.0,-4.244152854582161,0.0
2022-08-18,0.0,0.0,0.0,0.0,0.0,0.0,0.0,0.0,-3.3348160361626578,0.0,0.0,0.0,-0.5367431538011669,0.0,0.0,0.0,0.0,0.0,-2.7423465425947646,0.0,0.0,0.0,-3.839407152443264,0.0
2022-08-19,-0.492999511701242,-0.7634598176113117,-0.6730862207185995,-0.673521897592877,-0.7410331349767652,-0.7436989081723189,-0.6591228468714294,-0.38065467865339153,-4.353725008895415,-0.9804414983095255,0.0,-1.0177902784484827,-1.6337707328983764,-0.4741548383662697,-0.24605003150928173,-0.5257067051758324,-0.6450940183630571,0.0,-3.0253715139360704,-0.710405376202905,-0.7083786829642169,-0.492999511701242,-4.502495112443439,-0.3602844654231441
2022-08-22,-0.8687247291909062,-1.8009065858362372,-1.7648861066667298,-1.7593367438924368,-1.7456102715198374,-1.7414755590154485,-1.745881651191039,-1.0181972644234483,-4.227076699900245,-1.548791860328269,0.0,-2.0978102859940395,-3.116870837070651,-1.4555397642681989,-1.142601624487305,-1.5565202925271304,-1.6596002031360357,0.0,-3.9591065227500444,-1.7184731180599822,-1.7105599311604935,-0.8687247291909062,-5.5621504093206875,-1.0128989023597712
2022-08-23,-1.0878653049354203,-1.6595620831865165,-1.670748974995484,-1.6667376020908953,-1.6276699994621002,-1.6132399627058258,-1.7169190107916288,-1.1138243574748241,-3.537212081888119,-1.7354800769416312,0.0,-1.992974619528598,-2.636070658866685,-1.4714735316623706,-1.310147653550764,-1.475355375915055,-1.6251579023547569,0.0,-3.937933403577021,-1.6911520342128172,-1.6760558675373072,-1.0878653049354203,-5.744252206723777,-1.3020537316842495
2022-08-24,-1.2325861264824156,-1.657717508505474,-1.6702379944584123,-1.6692989899526167,-1.60124336647397,-1.5856830125036026,-1.7198340013761193,-1.243276813977856,-3.7765717768132423,-1.8767249502476102,-0.09155777658453879,-1.856836067682277,-2.4840260680634385,-1.5294206290303425,-1.4752367931041732,-1.4935402030611944,-1.618462569423862,0.0,-4.04090783968567,-1.7136532941880778,-1.699934972006456,-1.2325861264824156,-5.720694752282618,-1.3943840543920283
2022-08-25,-1.3183332325428565,-2.095548699760652,-2.12566313848096,-2.1234994582230438,-2.02294672881298,-2.0028302580099133,-2.1938048642398456,-1.536923382726485,-4.091547765765258,-2.361373203876005,-0.35024269637516925,-2.2871206284793666,-2.941003691197752,-1.9719633001714643,-1.9880050035571695,-1.9037847828025645,-2.024912286065217,0.0,-4.287747264841202,-2.1791859523601187,-2.162505532491066,-1.3183332325428565,-5.697131410098033,-1.4246970220686328
2022-08-26,-1.4894721107575504,-2.0534012210999597,-2.088483107874528,-2.0905977894120187,-2.0098508488839983,-1.995725038768703,-2.144848897556695,-1.6179240443595977,-4.302751512976288,-2.53874183829661,-0.2629887104371509,-2.0182216429428412,-2.739096177453526,-1.936952509790768,-1.932063263624928,-1.8835554046250036,-1.995470926726628,0.0,-4.3322613517498,-2.1700873109642194,-2.157150024876686,-1.4894721107575504,-5.673562178698455,-1.580521835037485
2022-08-29,-1.6673477477572973,-3.3762717465085856,-3.532612193201501,-3.5379422788034853,-3.2200588854138124,-3.201631904539126,-3.58824174699105,-2.7368498779896444,-4.6293958333971545,-3.5898602110068123,-0.7812544715684933,-2.845369946000731,-4.1017203627994885,-3.3150524484962918,-3.3944076699447545,-3.2223236554466683,-3.330862582910732,0.0,-5.155790947251349,-3.5490608650696975,-3.5331389600351537,-1.6673477477572973,-5.649987056612038,-1.923536559828365
2022-08-30,-1.1994597067835011,-0.9622550954761944,-1.1621717763628858,-1.2070164366371094,-0.842300155750364,-0.8495834445183204,-1.1949844992755643,-1.3768724129983978,-2.7216028526066194,-1.19640353661018,0.0,-0.036478350456981,-1.6290538237201835,-1.2050296330474497,-1.4384250343734362,-1.0623797578006466,-1.1206093491171742,0.0,-3.481671662129293,-1.1693087517374967,-1.1998151178195027,-1.1994597067835011,-5.626406042366483,-1.4260461924060497
2022-09-01,-1.159087717706797,-2.089589605052633,-2.298719278797934,-2.063746722643278,-1.992966340095681,-1.713194150745856,-2.34795619026662,-1.9527986433289568,-3.5171557372783546,-2.528470801473326,-0.6075052874152109,-0.8600488822667396,-2.828273889278732,-2.3293367520974995,-2.7970070654111945,-2.0124843311798535,-2.191393712920764,0.0,-3.5455794110510475,-2.330808610039037,-2.079470348739354,-1.159087717706797,-5.718855460374106,-1.3525817814618035
2022-09-02,-0.9501145636298336,-1.7939768555147895,-2.0528743760357515,-1.87433802273822,-1.7008438947014648,-1.488081042933287,-2.083853077267328,-1.9649457706527373,-2.332451513062528,-2.212181436954319,-0.612728305882515,-0.2063122810152751,-2.8468386052185934,-2.1348605528138664,-2.6276475706033198,-1.8064022544393765,-1.9840631578484258,0.0,-3.301916373695446,-2.070101997711704,-1.8803310052015965,-0.9501145636298336,-5.500126877299072,-1.3296307235230898
2022-09-05,-0.6752164532222049,-0.9560733724072734,-1.2422606316463636,-1.2591428429193807,-0.9596677090113914,-0.9230999150247832,-1.2849898262941473,-1.6193331397006405,-0.8092100746144748,-1.4890250816517292,-0.4619588884644976,0.0,-2.146961796605773,-1.4107770225082361,-1.9101012658688021,-1.0725627650843728,-1.2634127712912613,0.0,-2.8466864889327037,-1.2739606058914665,-1.2736103206376415,-0.6752164532222049,-5.476508408315417,-1.1422666375179857
2022-09-06,-0.35579669889892473,-0.8947251177760074,-1.1434384827725852,-1.1820390951943316,-0.8921375345450677,-0.8660868256988752,-1.2176358624268246,-1.4641206981028998,-0.9074647395341029,-1.419498510690087,-0.45760177529314827,-0.1785417288255986,-2.203467339352694,-1.3234178267904628,-1.8602383521605814,-0.926277773531059,-1.1987320925825995,0.0,-2.981265870125549,-1.1920837541936846,-1.2061727918271536,-0.35579669889892473,-5.452884036338923,-0.9178982239611222
2022-09-07,-0.4497903141007398,-1.3137283675783484,-1.5334941236235022,-1.4689594807815065,-1.2392682139616307,-1.1239353880629577,-1.591059460501476,-1.764493648705212,-1.3864834844215856,-1.7198818860781673,-0.5281484296503769,-0.7277382978793212,-2.3762836402984155,-1.643164945614306,-2.078686949838604,-1.2913836281253865,-1.5717807430700836,0.0,-3.100050718359748,-1.570889483007043,-1.4844257199818967,-0.4497903141007398,-5.429253759894214,-1.1396173754301242
2022-09-08,-0.1895211126802132,-0.06171276617508159,-0.2918095270153742,-0.5252845927923522,-0.06630540825058873,-0.23258640746671722,-0.3648986718837621,-1.047613088475119,0.0,-0.6458006860801224,-0.4428798681886281,0.0,-1.4105397604610381,-0.5107099269934801,-1.0029303395883038,-0.16110091353521705,-0.3817534892622376,0.0,-2.422853408757364,-0.3579634193432102,-0.5624444101109516,-0.1895211126802132,-5.405617577505584,-0.5959750414367027
2022-09-09,-0.24165403291912524,0.0,0.0,-0.2185788059931748,0.0,0.0,0.0,-0.7252386735672189,0.0,-0.31639497009904316,-0.433818078445658,0.0,-1.2188882785996613,-0.15925353491819116,-0.6525856462954338,0.0,-0.027568094998253745,0.0,-2.357016210894014,0.0,-0.2636617327041457,-0.24165403291912524,-5.470720606026502,-0.46322013661677097
2022-09-12,-0.14274331862780265,0.0,0.0,0.0,0.0,0.0,0.0,-0.49717905921673466,0.0,-0.03148326499022858,-0.34352469726554036,0.0,-0.6483586400198638,0.0,-0.20730434695777067,0.0,0.0,0.0,-2.0982396742716514,0.0,0.0,-0.14274331862780265,-5.2744435734104815,-0.4065270508163743
2022-09-13,0.0,0.0,0.0,0.0,0.0,0.0,0.0,-0.016466343287691032,0.0,0.0,-0.2475980079368112,0.0,0.0,0.0,0.0,0.0,0.0,0.0,-1.8908199638639767,0.0,0.0,0.0,-4.6141729157734845,-0.029659124750580634
2022-09-14,0.0,-0.5044390574190261,-0.6746352067438344,-0.5131451301928047,-0.7756444967866316,-0.580179459959218,-0.6930468007139257,-0.49289897198150356,0.0,-0.6677390488638024,-1.1961060981269367,0.0,-0.3669097671756161,-0.709427126218809,-0.9329732002671065,-0.606137011179364,-0.5969513205510424,0.0,-2.828936998182996,-0.6834311311019636,-0.523888771216996,0.0,-4.7492798266337015,-0.0978968932748292
2022-09-15,-0.04515220869011349,-1.0951493388940747,-1.1767280573673267,-0.8920970458234811,-1.2743869688253584,-0.9527460894799389,-1.1894368005370026,-0.9625148493367042,-0.25962552363321123,-1.0476686721443085,-1.327828082695992,-0.12824768696703126,-1.0661308756525267,-1.2155340727802555,-1.521333111412304,-1.0781843548614334,-1.0576929902917587,0.0,-3.206651018929718,-1.1794640242708154,-0.8977064167182802,-0.04515220869011349,-5.211909705900519,-0.5147272733174724
2022-09-19,-0.020170371209171645,-1.2175122251127712,-1.152029036023583,-0.8673268863025774,-1.2497123554929046,-0.9279910880487408,-1.1647409555049948,-1.0557177476957724,-0.23469728973042336,-1.0229373948304032,-1.3326041112276643,-0.10328661764068547,-0.5503204907883474,-0.7301187828743672,-1.0138143885312756,-0.5652821541477837,-0.6220368639354379,0.0,-3.254517553399938,-1.154765686730641,-0.8729376591543048,-0.020170371209171645,-5.188219202446387,-0.48986279730732774
2022-09-20,-0.025072625585487174,-0.5908897250102019,-1.1273238416231735,-0.8425505359453522,-1.2250315752041385,-0.9032298995697241,-1.140038938210186,-0.4627828973353787,-0.20976282548361702,-0.998199936398092,-1.096578466415199,-0.07831930976373025,0.0,-0.15052696998952841,-0.46611933484485,0.0,-0.013371257411454174,0.0,-2.9244307911717615,-1.1300611763047086,-0.8481627111044165,-0.025072625585487174,-5.164522777995694,-0.4649921068881846
2022-09-21,0.0,-0.9194113217881661,-1.102612472623321,-0.8177679932045434,-1.2003446264177486,-0.8784625224965592,-1.1153307471099771,-0.7301715041233003,-0.1848221293356267,-0.9734562953025216,-1.2789441992257733,-0.053345761776946166,-0.549500543745185,-0.466892787804829,-0.6910923300407767,-0.3534928659191916,-0.38432609064724677,0.0,-2.8470078460849924,-1.105350491450241,-0.8233815710214087,0.0,-5.140820431068638,-0.5291458103430124
2022-09-22,0.0,-1.047332182416505,-1.0778949274807492,-0.7929792565325111,-1.1756515075920126,-0.8536889552825389,-1.0906163806613023,-1.0668258686784005,-0.1598751997289205,-0.9487064699984393,-1.2687972139001968,-0.028365972120725225,-1.0465121377955744,-0.5944235138665377,-0.808174535556716,-0.47907820804633516,-0.5242631790928431,0.0,-3.0954079677561586,-1.0806336306240616,-0.7985942373577304,0.0,-5.1171121601850444,-0.7845210774257927
2022-09-23,-0.40971461526936315,-2.429369036337803,-1.0531712046518482,-0.7681843243811826,-1.1509522171848752,-0.8289091963805117,-1.0658958373207628,-2.303601015399981,-0.13492203510556688,-0.9239504589401815,-1.422224935118066,-0.003379939235115259,-2.74412623658179,-1.8989564656906044,-2.108760119017261,-1.7893204395571294,-1.8266673322459237,0.0,-3.578533272399176,-1.055910592282605,-0.7738007085654197,-0.40971461526936315,-5.1643152751916555,-1.688240338175384
2022-09-26,-1.2314957474865218,-3.732377404045084,-1.028441302592631,-0.743383195202052,-1.1262467536538479,-0.8041232442430268,-1.0411691155445824,-3.6637223399391017,-0.10996263390721239,-0.8991882605817958,-1.608309071272651,0.0,-4.489997719778305,-3.1308064532095115,-3.3124546878061767,-3.1004923561014586,-3.0070913291826873,0.0,-3.8661639798656333,-1.0311813748819065,-0.7490009830960931,-1.2314957474865218,-6.226823117812874,-2.6946601546722238
2022-09-27,-1.021860212467951,-3.6302832804272267,-1.0037052197587215,-0.7185758674463805,-1.1015351154560427,-0.7793310973221446,-1.0164362137885408,-3.820497540419965,-0.08499699457515941,-0.8744198733768638,-1.893308924007231,0.0,-4.539954307865024,-3.0431875599158165,-3.2404327765615304,-2.9951539302061514,-2.9215540211921964,0.0,-3.9198293935863937,-1.0064459768776013,-0.7241950594010338,-1.021860212467951,-6.203386272910305,-2.6703405119559043
2022-09-28,-1.2100651408526009,-4.429359281738298,-0.9789629546053558,-0.6937623395648962,-1.0768173010482718,-0.75453275406967,-0.9916971305081068,-4.415597491375389,-0.06002511555031065,-0.8496452957786116,-2.126142411512677,0.0,-5.375151283940227,-3.7937818483189334,-4.066421265844999,-3.7241018698094486,-3.617833165739748,0.0,-4.663300278275939,-0.9817043967250139,-0.699382935931081,-1.2100651408526009,-6.179943570408419,-2.646014791001561
2022-09-29,-0.9712227761004222,-4.544425695016441,-0.9542145055873474,-0.6689426100080165,-1.05209330888687,-0.7297282129368865,-0.9669518641582608,-4.300074075894534,-0.03504699527315802,-0.8248645262398102,-2.1504430925793905,0.0,-5.602471848031998,-3.9007415114525212,-4.181546453668739,-3.813086556727019,-3.7345392272299938,0.0,-4.74585404136082,-0.9569566328790025,-0.6745646111367298,-0.9712227761004222,-6.1564950088432,-2.621682990289964
2022-09-30,-0.9642046301148954,-3.0388879361774035,-1.0767344796557055,-0.7173328734433437,-1.1749802794084552,-0.7784501090873364,-1.089596286371397,-3.699230516320251,-0.15960367528350394,-0.9480464785056264,-1.7008251412388709,-0.12413094682706127,-4.051921086788768,-2.3877757014802437,-2.7991485175938413,-2.117210388836588,-2.2738151113325222,0.0,-4.124543639716527,-1.079476364414933,-0.7233113882629705,-0.9642046301148954,-6.133040586750238,-2.5973451083016297
2022-10-03,-1.2310432559446527,-4.27237392260672,-2.3312171045316687,-1.327732930927361,-2.433300182070486,-1.3947460442538029,-2.3537972672236784,-4.015002071812013,-2.335486014940713,-2.2487921070037498,-1.8975204973898596,-1.610273754450342,-5.213781747702251,-3.4871536332315656,-3.984540279843929,-3.1286289482733376,-3.3744439663072168,0.0,-4.945416334152597,-2.3577028089159735,-1.3493729584421854,-1.2310432559446527,-6.109580302664841,-2.573001143516629
2022-10-04,-0.9782476778143145,-2.0590944730248695,-0.06467956466579272,-0.18875817809865802,-0.21644365146189504,-0.27950152160395314,-0.07580887723582785,-3.4131575806613412,0.0,-0.05845481034502109,-1.4233220703310345,0.0,-3.0418815337121985,-1.4532119314346392,-1.9144372212369754,-1.1607032161457642,-1.3113904860690972,0.0,-3.6070192192422357,-0.11178941373088946,-0.2157443066068132,-0.9782476778143145,-6.1137062035379275,-2.5486510944147667
2022-10-06,-1.3998130559588207,-1.771616618760219,0.0,-0.014518762860504797,-0.26542833568627966,-0.2928771654741369,0.0,-3.3390361375431166,0.0,-0.504915384297433,-1.3035620040566243,0.0,-2.719142461236246,-1.1838040369671843,-1.5958165549168735,-0.9559907635503073,-1.0267862367781877,0.0,-3.558108182050923,0.0,-0.1055064446069287,-1.3998130559588207,-6.537626235074545,-2.5242949594752706
2022-10-07,-1.3935809827620327,-2.085491276160134,-0.3214261812781394,-0.16087661265284936,-0.6056511060567704,-0.4502783077216743,-0.3373953079414682,-3.3375792038652263,-0.6675104819913957,-0.9643646403160955,-1.4206545892151423,-0.21352141412727121,-2.8154050901564753,-1.487244383482722,-1.907258561148606,-1.2381848611238255,-1.3433524004240804,0.0,-3.853749041263421,-0.33733648407430206,-0.262568911251837,-1.3935809827620327,-6.699490014853005,-2.543422701121212
2022-10-10,-1.3803083686433015,-2.2862682274611967,-0.5398254623683596,-0.26120352599200425,-0.793831953487778,-0.5327923440541671,-0.5414555872270799,-3.5711947707875003,-2.2204608883640953,-1.1257878213695283,-1.4289377590996466,-0.6992049676457168,-3.2287939381183017,-1.7295085329427584,-2.1532567469506603,-1.509203482477639,-1.553028371566012,0.0,-3.9885581109234125,-0.5597693511539603,-0.3611500697831449,-1.3803083686433015,-6.7175016068917515,-2.8059778109744693
2022-10-11,-1.5025452556580055,-3.739538550443944,-2.0061539880880885,-0.9781731259722481,-2.272526017147569,-1.2564458732708728,-2.0012049479530836,-4.119837496551537,-2.8209541176751007,-2.5005703100828502,-1.5945705082924921,-1.9468704516004354,-4.673818669753748,-3.0461556649179933,-3.4675344583973366,-2.827980165734023,-2.869538854745479,0.0,-5.0435263515649424,-2.0197963753869175,-1.07790674013013,-1.5025452556580055,-7.391026523563093,-3.1160042897615536
2022-10-12,-1.5372324733722298,-3.01946029834147,-1.272748306958027,-0.6003421835696576,-1.531018097273651,-0.8752470573660687,-1.2575363608474666,-3.7333098142246834,-1.9354396368404858,-1.7507794100592555,-1.3554934779133498,-1.2474195905859742,-3.887745123833597,-2.396169434031259,-2.8082422997917633,-2.199954954172778,-2.2071239980697044,0.0,-4.696468766742723,-1.2755674627072944,-0.6938912814285714,-1.5372324733722298,-7.1739404839303305,-3.0917899541007876
2022-10-13,-1.5946984055756341,-3.923410103989866,-2.2051184321014605,-1.0534963706093414,-2.374385390327316,-1.2836967816527656,-2.1801987243144527,-4.120348619910475,-2.5616959782499005,-2.357097952293785,-1.664491286875136,-2.5823661584286506,-4.5009493615379315,-3.2814149338604715,-3.6496426956754924,-3.087012360997765,-3.1343483230420244,0.0,-5.0325180624767984,-2.1646521891089288,-1.1251718375849928,-1.5946984055756341,-7.232542148615762,-3.067569566521433
2022-10-14,-1.607786117290677,-2.741954260086965,-0.9934490502909066,-0.4353852522105073,-1.270269431821991,-0.7194799135758156,-0.9889367244957703,-3.838311942488659,-1.4315864403039447,-1.7787706698874972,-1.4160083075976493,-1.4234409505276213,-3.5391891180804325,-2.146266911797312,-2.5028473372938675,-1.9606509620203605,-2.0024460537930056,0.0,-4.060788288525896,-1.0259929803725698,-0.5463737113683975,-1.607786117290677,-7.209356664301847,-3.043343125511
2022-10-17,-1.5997402961962393,-2.006281191824999,-0.22561907539477843,-0.0405823788642512,-0.6705254672206618,-0.4066901726230365,-0.25021644155580613,-3.760774451852089,-1.136054160111688,-1.2943969035451364,-1.3912469977711117,-0.9032258383182556,-2.8313995299235617,-1.4750619263745768,-1.84978994591265,-1.3270397606596762,-1.275597209320667,0.0,-3.629285639576052,-0.3078852958008138,-0.17300086221925248,-1.5997402961962393,-7.227869631002637,-3.019110629556465
2022-10-18,-1.297838315454014,-0.5282359957859084,0.0,0.0,0.0,0.0,0.0,-3.2470278539359576,0.0,0.0,-0.928289398568205,0.0,-1.848317020978052,-0.06409796447592875,-0.44352387341978217,-0.027231061883126184,0.0,0.0,-2.6233366235507316,0.0,0.0,-1.297838315454014,-6.897947875796628,-3.0230388494665306
2022-10-19,-1.471162502852641,-0.633606617578264,-0.10012465792379466,-0.03484841076659695,-0.03705562347515734,-0.005867013704563551,-0.09815478623393936,-3.1217160007756983,0.0,0.0,-0.9902674928089605,-0.19440910017664015,-1.7063074440468728,-0.12626722893274156,-0.5044378641173131,-0.11893081303759878,-0.03378573537429208,0.0,-2.8378533091001135,-0.054009117442743726,-0.013763983883396946,-1.471162502852641,-7.277647870177251,-3.24775805444919
2022-10-20,-1.1249113292459478,-0.17046211536089206,0.0,0.0,0.0,0.0,0.0,-2.8191602540245997,0.0,0.0,-0.9655218691480449,0.0,-1.416127306531989,0.0,-0.10753007397610315,0.0,0.0,0.0,-2.5347940261551405,0.0,0.0,-1.1249113292459478,-6.925263521280078,-2.9916852313265574
2022-10-21,-1.1335422315621901,-0.12643736990373133,0.0,0.0,0.0,0.0,0.0,-2.6656045901214953,-0.6572262887423963,0.0,-0.9407700607830805,0.0,-1.3467997965340817,0.0,-0.07481562405511344,0.0,0.0,0.0,-2.6491548392560516,0.0,0.0,-1.1335422315621901,-7.0706286225131425,-2.9547834449803245
2022-10-24,-0.8256023444999983,0.0,0.0,0.0,0.0,0.0,0.0,-2.833861833423068,0.0,0.0,-0.9160120661684035,0.0,-0.4798989686382149,0.0,0.0,0.0,0.0,0.0,-2.4582522605438917,0.0,0.0,-0.8256023444999983,-6.112369208678336,-2.836851697743714
2022-10-25,-0.8361155914526464,-0.12186923079274825,-0.10230630218507342,-0.037211603039755126,-0.304207406974788,-0.14233896847354321,-0.12453926799910198,-3.111652876809823,-0.353339583726453,-0.7273875149215625,-0.8912478837577731,0.0,-0.897497456675822,-0.09964560275184109,-0.10602544545389447,-0.14936955650890482,-0.04379124265522227,0.0,-2.509817747274068,-0.20223111099949564,-0.09224600449670994,-0.8361155914526464,-6.44794448649455,-3.126976937038717
2022-10-27,-0.565216560804882,0.0,0.0,0.0,0.0,0.0,0.0,-2.8720463619180903,-0.45166538588521377,-0.34384279826895625,-0.8664775120047263,0.0,-0.44510366238691423,0.0,0.0,0.0,0.0,0.0,-2.3801435738712073,0.0,0.0,-0.565216560804882,-6.074251340170466,-2.9442072954024456
2022-10-28,-0.8549063275149593,0.0,0.0,0.0,0.0,0.0,-0.005604017755000967,-2.8668197594799105,-0.7287337863491006,-0.21262301778502968,-0.8417009493623562,-0.4212072813640111,-0.16529414860033675,0.0,0.0,-0.05461050619671726,-0.0015232855572699933,0.0,-2.223970625908267,0.0,0.0,-0.8549063275149593,-6.075202752832299,-2.941910928601743
2022-10-31,0.0,0.0,0.0,0.0,0.0,0.0,0.0,-2.524347094868018,-0.03846222074235239,0.0,-0.8169181942833337,0.0,0.0,0.0,0.0,0.0,0.0,0.0,-1.3289559326688072,0.0,0.0,0.0,-4.956155054197076,-2.613813966466627
2022-11-01,0.0,0.0,0.0,0.0,0.0,0.0,0.0,-2.4176637109882715,0.0,0.0,-0.7921292452199968,0.0,0.0,0.0,0.0,0.0,0.0,0.0,-0.9900110049683053,0.0,0.0,0.0,-4.382788009526495,-2.509939801386607
2022-11-02,-0.4247443932224315,-0.5641895482324744,-0.5510526744566313,-0.407314478828269,-0.5566705101595293,-0.405645179193459,-0.5476596646194487,-2.8058898712082003,0.0,-0.5727775997766305,-0.767334100624284,-0.8379374353685076,-0.3447197631545107,-0.5299116153736683,-0.4451265160956397,-0.4802315718737904,-0.6636811351680261,0.0,-1.381599951444723,-0.5593008056527182,-0.4120015874220284,-0.4247443932224315,-4.793587997765414,-2.8936947734838014
2022-11-03,-0.4154254864972562,-0.4483991957841216,-0.4154148945715419,-0.2979145829190788,-0.47965857191731853,-0.34133497799950785,-0.4241238461018648,-2.6725915482751272,-0.08561597733836024,-0.4473220485395557,-0.7425327589477004,-0.3604108503378112,-0.5108797264286147,-0.3749809606837795,-0.3104538947571345,-0.35334565451791144,-0.46072088578142933,0.0,-1.336018287353169,-0.42195977170689236,-0.30108064034700677,-0.4154254864972562,-4.767761522709046,-2.7612827498012638
2022-11-04,-0.3035673391219684,-0.43254789774164193,-0.38762484247166773,-0.27526503769770283,-0.5841232626468407,-0.41169851494857745,-0.4198644550186481,-2.6256861502008677,-0.14741358975172147,-0.6339932450871832,-0.7177252186414407,-0.314259458119337,-0.1556868373904785,-0.3603660328463598,-0.3044192446560512,-0.3869123221865278,-0.3896998755664516,0.0,-1.380347318266839,-0.4424128741911115,-0.31041386433101614,-0.3035673391219684,-4.773480515061568,-2.710793636579356
2022-11-07,0.0,0.0,0.0,0.0,-0.016907688011591482,0.0,0.0,-2.067395644323189,-0.0671362516912466,-0.1459743307871464,-0.692911478156244,0.0,0.0,0.0,0.0,0.0,0.0,0.0,-0.9530867547469013,0.0,0.0,0.0,-4.7496804344629995,-2.1514601021122237
2022-11-09,-0.004134367279429174,-0.09066692909218688,-0.09461667670607188,-0.06405168864465072,-0.04587569666839597,-0.011835473376986538,-0.09027365002055587,-2.042157156297575,0.0,-0.0963050305235913,-0.6829499227414826,0.0,-0.2516139235956172,-0.09542885998596873,-0.09882667066705153,-0.07910066111781466,-0.10825479326366239,0.0,-0.9255895973376838,-0.07074766195337423,-0.04496171944211591,-0.004134367279429174,-4.725874405481145,-2.1370784490986394
2022-11-10,-0.44432933293008237,-0.5262138924132964,-0.5336308634873665,-0.3812754750669556,-0.40019592313143004,-0.2737377152400855,-0.5073954629134625,-2.462577165322233,-1.018934884631273,-0.3043128180322041,-0.7360021911371972,-0.38140708657421474,-0.9592016338488274,-0.47646642794429983,-0.5202138268318834,-0.521497993945963,-0.3882239442466018,0.0,-1.2731149348582549,-0.4700340018400251,-0.3361345223184209,-0.44432933293008237,-4.702062426629361,-2.5526055234799783
2022-11-11,0.0,0.0,0.0,0.0,0.0,0.0,0.0,-1.6432694577283247,-0.9161149901771748,0.0,-0.7257960598994639,0.0,0.0,0.0,0.0,0.0,0.0,0.0,-0.22299985624156804,0.0,0.0,0.0,-4.678244496420502,-1.735822114240082
2022-11-14,-0.5883382603108833,-0.6627692519747264,-0.6814944717814075,-0.5070829963795598,-0.7895670914294106,-0.5890561607355016,-0.7005190017064344,-2.1559015728891295,-3.1947286237112738,-1.0424320036109713,-0.6381327991158647,-1.1510262973490892,-0.11198455015548614,-0.6668471246517038,-0.7190921406302064,-0.6237347001468385,-0.6576994054844576,0.0,-0.7103900335818314,-0.7389799523105256,-0.5498190527798985,-0.5883382603108833,-4.783272160415519,-2.229567040322844
2022-11-15,-0.24582919779654322,-0.23130729089761992,-0.2475520467579595,-0.1738695003727364,-0.4919192554206808,-0.363403351239,-0.2727314224633459,-1.7243632532678355,-3.444705929244052,-0.7963285567291645,-0.4539156044882642,-0.3436700161789652,0.0,-0.2602996330013596,-0.33876262745951013,-0.25573321244741765,-0.18682985783683437,0.0,-0.43560158222056833,-0.33623183272328827,-0.24147294568953592,-0.24582919779654322,-4.390796352881621,-1.8314423193834584
2022-11-16,-0.05288536046437198,0.0,0.0,0.0,-0.12903246532195434,-0.08728665679879066,0.0,-1.4922519215188723,-3.6235617621481753,-0.40200068382836296,-0.46322127868059226,-0.07871249734495711,0.0,0.0,-0.10710339312380857,0.0,0.0,0.0,-0.4050389575371516,-0.013134432325001555,0.0,-0.05288536046437198,-4.168374458687662,-1.6005864417880877
2022-11-17,0.0,-0.027372086389876316,-0.025568068900838625,-0.01724985103649379,-0.19313752237564152,-0.12682803132617604,-0.027501642794847125,-1.4391469172853721,-3.6386977748500082,-0.49855105730457483,-0.45303987317418803,0.0,-0.3571496394819462,-0.010280043535937367,-0.11444405238475452,-0.059283310171520665,0.0,0.0,-0.5435681198590503,-0.06025569441341361,-0.02871819149361521,0.0,-4.221191183425132,-1.5397418811649133
2022-11-18,-0.044474978590780534,-0.08959834507699105,-0.08251997571914194,-0.052503578104345916,-0.31882316137495925,-0.21600383030047077,-0.09636261178285199,-1.5942318502135011,-4.4196061588371744,-0.7279844758303122,-0.5108828727373615,-0.4344408263897037,-0.5540572353940232,-0.08229978220203327,-0.1650104765573257,-0.07933919025671088,-0.14469810193749044,0.0,-0.5529193155788037,-0.13640688106436594,-0.08046466143774023,-0.044474978590780534,-4.197253068477758,-1.6084873482794748
2022-11-21,-0.535620681695359,-0.7304458446167339,-0.724271510036445,-0.5239023203176041,-0.8668625311734623,-0.6195404912629932,-0.721787257207962,-2.2595835867058045,-5.116772248359814,-1.0861424425291921,-0.6050037001247177,-0.4068132232123767,-1.3563602055265411,-0.6609095977471613,-0.7270620136202055,-0.666367144767066,-0.7305794100042728,0.0,-1.3149701846577488,-0.7285492641363578,-0.5141781775820808,-0.535620681695359,-4.173308970647993,-2.1839928369438044
2022-11-22,-0.215388433900221,-0.2549097995463212,-0.2530166734012518,-0.16573854133611343,-0.3690060870026324,-0.23969364033846752,-0.2482081238488143,-1.8448019193074594,-4.443313131581428,-0.598475024421441,-0.5207566291654087,-0.15051202452830426,-0.8987197929584467,-0.2376859738469017,-0.27620252966218395,-0.26582102987822154,-0.3129106473659604,0.0,-1.2806706912964927,-0.25604974630625277,-0.15516755472729793,-0.215388433900221,-4.149358888440558,-1.8657421306221722
2022-11-23,-0.17446374716226787,-0.23129954743279502,-0.2205913617249644,-0.13467563667626248,-0.4535339109476677,-0.2974341741780684,-0.22576110785283987,-1.7924262357227883,-4.622463721299086,-0.7994833382482414,-0.5292147311807716,-0.12179062401870278,-0.7735094779285467,-0.19751686648152855,-0.2714597792207618,-0.20679994067117624,-0.2563211582205738,0.0,-1.3587734111525807,-0.26092505518245934,-0.15292495495387026,-0.17446374716226787,-4.125402820359724,-1.7767010014284268
2022-11-24,0.0,0.0,0.0,0.0,0.0,0.0,0.0,-0.6795333643135448,-4.31099698471561,0.0,-0.42179329673180943,0.0,0.0,0.0,0.0,0.0,0.0,0.0,-0.4674958729977363,0.0,0.0,0.0,-4.101440764909525,-0.6986861241846776
2022-11-25,-0.005803246786162397,0.0,0.0,0.0,-0.010208103393061219,-0.00019253562504317756,-0.002575629473100527,-0.6193154003959256,-4.443561470646418,-0.11823229070935248,-0.281471580056436,-0.20357488036900628,0.0,-7.83535611170727e-05,0.0,-0.03163435969000261,0.0,0.0,-0.4983388381032072,-0.0019309067396444668,0.0,-0.005803246786162397,-4.206478663208724,-0.7697477409618791
2022-11-28,-0.06814901524518913,0.0,0.0,0.0,-0.06539893056960455,-0.03511602246968337,0.0,-0.48727230282201717,-4.658046329635058,-0.2516641826477817,-0.2820331085934269,-0.44238306192263543,0.0,0.0,0.0,0.0,0.0,0.0,-0.7074700099620856,0.0,0.0,-0.06814901524518913,-4.0787395805077065,-0.6076064434948125
2022-11-29,-0.022831052593164092,0.0,0.0,0.0,0.0,0.0,0.0,-0.3660354507233454,-4.143155382105245,0.0,-0.257110475045752,-0.32736428533648443,0.0,0.0,0.0,0.0,0.0,0.0,-0.3739956486260687,0.0,0.0,-0.022831052593164092,-3.6462692394467644,-0.5487932049332178
2022-11-30,0.0,0.0,0.0,0.0,0.0,0.0,0.0,-0.041644730097600835,-4.5409459832084,0.0,-0.24751898884143309,0.0,0.0,0.0,0.0,0.0,0.0,0.0,-0.052822761631843296,0.0,0.0,0.0,-3.228730535739499,-0.16137491610287436
2022-12-01,0.0,0.0,0.0,0.0,0.0,0.0,0.0,0.0,-4.888047243607985,0.0,-0.2539929794874274,0.0,0.0,0.0,0.0,0.0,0.0,0.0,-0.12015040673403199,0.0,0.0,0.0,-3.204544373887397,0.0
2022-12-02,-0.592464623666733,-0.7473620713824958,-0.7480944750997809,-0.7445814905752135,-0.8032536695922965,-0.7931747882245266,-0.7597465637075862,-0.571589343162926,-5.619067342953732,-0.8284666774569072,-0.22906333783599964,-0.6377593940994353,-0.6187396179401783,-0.67200943134893,-0.6967606189108078,-0.6879843028005483,-0.6315746795483523,0.0,-0.5565291570147957,-0.7665896310709797,-0.7550244963760666,-0.592464623666733,-3.1803521671582513,-0.49947562438458215
2022-12-05,-0.608800161437173,-0.7440572017201497,-0.7378164767297246,-0.7334594859292665,-0.8810846207475853,-0.8722525333544673,-0.7560015672063103,-0.5825023147880248,-5.651307794835725,-1.0334388579594234,-0.20412746548870153,-0.5907362628235768,-0.5924210963455079,-0.6402965821565965,-0.6933292274916236,-0.6686405130103767,-0.5594990525074284,0.0,-0.6554799539122746,-0.7881714382949823,-0.7758979054547255,-0.608800161437173,-3.156153914041282,-0.49858542104880277
2022-12-06,-1.0791078342779814,-1.221576295000515,-1.203822735508564,-1.1909052814725096,-1.1985654096949405,-1.1884134340748531,-1.2095954291070798,-1.1825283250514906,-5.731361714612215,-1.3247634701447408,-0.17918536088830095,-1.3541482986161424,-0.9023255813953246,-1.0519617336828824,-1.0869487098175368,-1.0430086400796235,-1.0260978427165113,0.0,-1.3437315391350957,-1.204488490161859,-1.192522211941105,-1.0791078342779814,-3.1319496130252644,-1.1074415483861344
2022-12-07,-1.001536768608824,-1.051646982513721,-1.0231682015836463,-1.004445266092091,-0.8330225689032522,-0.8264645226518152,-0.9978255220012056,-1.1817916332128253,-5.101966369570265,-0.8448333274082009,-0.18455156750699642,-1.3594031767324544,-1.3395348837209053,-0.8758059738315116,-0.8771067896233053,-0.8706741426036779,-0.8796065142504528,0.0,-1.3845841530180536,-0.9681652555168618,-0.959574015777287,-1.001536768608824,-3.107739262598652,-1.2264314742750693
2022-12-08,-0.7142066705047578,-0.6816890027243505,-0.6551619676826936,-0.6389383156007233,-0.650903126189295,-0.6491363474913747,-0.6626547980989828,-0.8131145614130975,-5.298657060975376,-1.1170761648024663,-0.08000265601916245,-0.955336020420261,-1.0798691860464893,-0.5144342746656205,-0.49403553465610095,-0.5368339644215459,-0.5124659362188089,0.0,-1.0692575306518792,-0.6834139184290988,-0.6839651527924318,-0.7142066705047578,-3.0835228612495325,-0.8834370612813669
2022-12-09,-1.2955742716570628,-1.1073373082101767,-1.0443313435738788,-1.0150403507047545,-0.8957824124989799,-0.8821054743868295,-1.0147289699988904,-1.271064808604505,-4.658989436906314,-1.1184331581630125,-0.09640008050764148,-1.4769988729637196,-1.6792047342192307,-0.8383173424235224,-0.8460505056396617,-0.8273294584734359,-0.84154056125747,0.0,-1.4020321698459126,-1.009254178594865,-0.9961315923058489,-1.2955742716570628,-3.0593004074655705,-1.4665286038840653
2022-12-12,-1.462714850921154,-1.2297160427580223,-1.1543276036641958,-1.1217496607182298,-0.9467584645243887,-0.9292220287849373,-1.110416773490852,-1.4028722079820866,-4.24798277417443,-1.1373288197970122,-0.19363645372758587,-1.754131384541524,-1.6762769933554522,-0.9437162252721398,-0.9433257951427021,-0.917232142402924,-0.9703850123137014,0.0,-1.736900596991131,-1.1069723625453887,-1.0921949847634171,-1.462714850921154,-3.0350718997340875,-1.5573233747375292
2022-12-13,-1.3660113247418892,-0.5712914361180821,-0.5052571290389607,-0.4789381432173889,-0.296727916900974,-0.28133270407377786,-0.46389964532185246,-0.8089780894047105,-3.658015476319898,-0.44502811312956414,0.0,-0.9765705187521068,-1.0870431893687083,-0.33900904984016655,-0.3519553674363074,-0.32680544069886297,-0.3382610758151605,0.0,-1.5912192813799297,-0.4632168791551705,-0.45015620583200855,-1.3660113247418892,-3.0972299152728033,-1.411529774417808
2022-12-14,-1.2027239959847336,-0.43804382369492245,-0.3773375574425031,-0.35527427596667716,-0.2604661338196257,-0.2468940285295318,-0.36000720338585923,-0.6768014629947028,-3.921792468709062,-0.6649847550033394,-0.12169891314985914,-0.8328630439607854,-0.8090323920265319,-0.21266274503498606,-0.23257080185816736,-0.22236084943900725,-0.18326673092303736,0.0,-1.8088805430954258,-0.398852325261001,-0.38857893999862947,-1.2027239959847336,-2.972554297302843,-1.2676609499430835
2022-12-15,-1.678723536806026,-1.8573587232695754,-1.7979734468599573,-1.7658629001769621,-1.6484479713355427,-1.6273891920837835,-1.7743529849288397,-1.8905958899140596,-5.645584872545372,-2.005037156958278,-0.7396910683817315,-2.245794051069261,-2.1134862956810108,-1.5190563349206987,-1.5306436578318205,-1.5262532150495223,-1.500406347400507,0.0,-2.5820328137971527,-1.805937627602927,-1.7866410882569128,-1.678723536806026,-3.7851319330773014,-1.9098542793582363
2022-12-16,-1.9497494230650059,-2.5716784250838565,-2.512904963804885,-2.472718097574711,-2.3048351269970624,-2.281129651337277,-2.4931058563663844,-2.5024867599355516,-6.617415933525783,-2.7862868625756265,-1.050860003523646,-3.06485467431038,-2.889036544850443,-2.1994719232879434,-2.176869893521649,-2.174133218373231,-2.2470642138122665,0.0,-3.1433199671317857,-2.5081772805663483,-2.488505114323325,-1.9497494230650059,-4.28648679235809,-2.256479638075326
2022-12-19,-1.5933247573422515,-2.004373495104772,-1.9229079767033808,-1.8763558719156137,-1.5488904626780653,-1.5200056543916318,-1.8803071706016916,-2.070525753154473,-5.30846384863043,-1.8091066651586885,-0.8265500057411779,-2.554246985436015,-2.083990863787333,-1.6705407064549482,-1.644256452096604,-1.5881489446854968,-1.7784057166527756,0.0,-3.270969619040498,-1.8386629340075733,-1.8153315937003422,-1.5933247573422515,-4.262564996822171,-2.0007330254792177
2022-12-20,-1.824449066561451,-2.230059625737879,-2.1545574219491215,-2.1136645371602203,-1.8805790683333878,-1.8503642245694452,-2.1140403867309754,-2.2906127175733593,-5.333698317166913,-2.07267169809191,-0.8825387386639627,-2.7738532843207264,-2.270826411960092,-1.8697366654866099,-1.8316145686277707,-1.810565939041986,-1.9663157836259826,0.0,-3.4168862034145486,-2.0991307629193656,-2.0731253463372346,-1.824449066561451,-4.238637222482611,-2.31777962636589
2022-12-21,-1.916509144477152,-3.15075270368671,-3.0979259707994755,-3.0563351575459086,-2.7597855677573,-2.733906271860864,-3.0566307127963377,-3.0753635626762255,-6.793600829435986,-2.930931639516987,-1.1922655684042271,-3.7753410645861796,-3.260600083056442,-2.7283072002941444,-2.676233301204556,-2.6891682307025433,-2.818864792405995,0.0,-4.026975232093244,-3.036631555095648,-3.0120831643815182,-1.916509144477152,-4.214703467845138,-2.700362586453686
2022-12-22,-2.1464344185667894,-3.460663995726865,-3.4197227946100917,-3.3795195827905133,-3.1540436681271933,-3.126354844114987,-3.392578676137048,-3.3091987658108835,-7.434579938026076,-3.319086834306173,-1.226933904864358,-3.9119667831958527,-3.641995431893663,-3.0237194869810247,-3.013667788760921,-2.9507953383332897,-3.1060676380288643,0.0,-4.268018300746013,-3.371331695747082,-3.341599261857142,-2.1464344185667894,-4.190763731415082,-2.976997960601291
2022-12-23,-2.469795801350838,-5.076574341378626,-5.047640324859937,-4.997942098587005,-4.627797967137681,-4.593751923030709,-4.991507895111269,-4.752617912999002,-8.956574125290606,-4.547873905577394,-2.103238136368002,-5.55466655651945,-5.3459094684385144,-4.508545052908208,-4.517857842751893,-4.366135767513368,-4.640613166004948,0.0,-5.17695299642269,-4.947752082115919,-4.906587078309155,-2.469795801350838,-4.1668180116973375,-3.2969284504243523
2022-12-26,-2.445419958011452,-3.8113317596521257,-3.7554337982040553,-3.711001769313882,-3.461397041571268,-3.425294493380626,-3.7054810063275823,-3.7094714096185477,-6.90767883392941,-3.4972056952452646,-1.363820963662421,-4.256095708026364,-4.241330980066438,-3.3423456944674634,-3.3121761315430875,-3.257356573414494,-3.456646956835885,0.0,-4.1103192082400986,-3.70108414183411,-3.6595184794524616,-2.445419958011452,-4.14286630719658,-3.272759333360553
2022-12-27,-2.421038022387667,-3.393463841187172,-3.3439194913251757,-3.3051411992596424,-3.2243832098126313,-3.1907050781008306,-3.3217103486781085,-3.250630111278918,-7.095419239037559,-3.555035589879829,-1.2979231947263359,-3.730291497191174,-3.6156769102989705,-2.9597272679755093,-2.9250752055201557,-2.8798304657453033,-3.0734271815792247,0.0,-4.146249339168073,-3.3646131449038608,-3.329434968117817,-2.421038022387667,-4.118908616416994,-3.26270119176989
2022-12-28,-2.3966499929568674,-3.614481212642018,-3.5619248285521543,-3.5224212785466946,-3.4436889810477322,-3.4083060332236736,-3.537835596718475,-3.510336172170858,-6.849358193533983,-3.781622975927035,-1.3432072107886994,-4.047005373036683,-3.6677740863787167,-3.1688757753548513,-3.1119456990007843,-3.135133242139765,-3.2589013618896767,0.0,-4.255593130294367,-3.585469233065053,-3.5476046201979528,-2.3966499929568674,-4.094944937862444,-3.248376075562387
2022-12-29,-2.372255868196005,-3.078914483604256,-3.0219373191157306,-2.985539210796051,-2.9827691084569175,-2.944107522982309,-3.0010723034045728,-3.0024188106579475,-6.463272991190506,-3.268964047478129,-1.281491574834115,-3.2616558591780587,-3.3036544850498117,-2.645040874401039,-2.6243431806845186,-2.5460095062002974,-2.763869453230272,0.0,-3.8916705808994423,-3.062427636666898,-3.0204935311298864,-2.372255868196005,-4.070975270036337,-3.160189846446415
2022-12-30,-2.347855646581687,-3.808279009777271,-3.759545205094106,-3.788569358161775,-3.787441065805408,-3.8129203852075744,-3.7610301648925093,-3.4826618769248308,-7.703491377249849,-4.181972429632708,-1.3655332959593869,-4.137726736635006,-3.759198504983341,-3.313056780079049,-3.270967477875708,-3.2088770528073685,-3.4582399449079815,0.0,-4.101009748729789,-3.820780957871406,-3.841816599014769,-2.347855646581687,-4.076002471590523,-3.22914605307002
2023-01-02,-2.323449326590099,-3.356928376497703,-3.302141401884473,-3.5428388319574844,-3.3648363534585335,-3.5861199860703907,-3.3049077776460267,-3.370910428197249,-7.374899567017124,-3.740394040531858,-1.3409711417830095,-3.8754565813763686,-3.2693729235879987,-2.9068163126331203,-2.855330560042302,-2.813163061046786,-3.050886071382264,0.0,-3.870984718700843,-3.367361848380057,-3.5987355987302183,-2.323449326590099,-4.091668889556144,-3.245022649008178
2023-01-03,-2.299036906697083,-3.2880408821022167,-3.245496384010449,-3.5038673722539437,-3.3074958225490225,-3.546153652259676,-3.2396214302513604,-3.312375831705372,-7.7230056384607,-3.647567791450723,-1.258675119405106,-3.6874404450287335,-3.0827865448504466,-2.8686079461593517,-2.8285724957375025,-2.747233328842913,-3.0288143187394923,0.0,-3.909832513050493,-3.325781117976001,-3.56451373079526,-2.299036906697083,-4.066961013168258,-3.220078252418168
2023-01-04,-2.2746183853780466,-4.208774900690204,-4.161754778321947,-3.9563779024477386,-4.174285728831717,-3.97401887952048,-4.1302912700632906,-3.66941159018912,-8.818905267296673,-4.318313509445071,-1.519527191705683,-4.823729910619734,-4.090635382059727,-3.7216582386508046,-3.6703545157198536,-3.6054115698210043,-3.8879673947663007,0.0,-4.393418175068642,-4.216067268225087,-4.004966356968376,-2.2746183853780466,-4.186901113899677,-3.3290909615158237
2023-01-05,-2.2501937611081324,-4.262236830656452,-4.202728649559361,-3.9665239800513064,-3.9136225875847974,-3.8305969239851856,-4.139056041878819,-3.6323267168305473,-7.42971730582207,-3.7925715575958585,-1.4614165284718372,-5.066284013809918,-4.360662375415214,-3.7597254349592713,-3.696347846714809,-3.6852049301791534,-3.896619868678508,0.0,-4.297373350171663,-4.150856305090256,-3.960172027598985,-2.2501937611081324,-4.272642867671328,-3.4002126862227144
2023-01-06,-2.225763032361916,-4.966498320929658,-4.893358900795719,-4.305874508290075,-4.565907431177352,-4.147320843947866,-4.837942562624853,-3.7219116789666162,-7.256324058121766,-4.520830220508831,-1.5719472224235753,-5.747460679748406,-5.066050664451749,-4.412186975651078,-4.3245947910369615,-4.371818172479658,-4.539240995223137,0.0,-4.512282718890193,-4.818728515243997,-4.290291039191729,-2.225763032361916,-4.547857241779186,-3.376069383114433
2023-01-09,-2.2013261976137732,-3.3255119729082683,-3.254200852215239,-3.4597183445140844,-2.868908996746422,-3.27613784175389,-3.2011479548669897,-3.402978918168187,-6.248026991564326,-2.6980591124896813,-1.1304415175692362,-4.33257068844809,-3.781000830564696,-2.907938939483501,-2.816823671301927,-2.819229143238544,-3.0864623578924055,0.0,-3.8493686130135374,-3.1622739794238575,-3.4320744535388803,-2.2013261976137732,-4.524000770879699,-3.3519200458408616
2023-01-10,-2.176883255337625,-4.605385668711415,-4.5340208101396495,-4.095644511579632,-4.119285840373754,-3.898663522039836,-4.48619436130282,-3.829922937403296,-7.752431722190822,-4.008679456216246,-1.2081475157636579,-5.708844296280679,-4.775280315614516,-4.155447191673057,-4.010573769828996,-4.0770397694783185,-4.3771387096519625,0.0,-4.68892761299079,-4.437216030452184,-4.0698199484676785,-2.176883255337625,-4.500138337503223,-3.3563885930269044
2023-01-11,-2.152434204006959,-4.825399056397517,-4.777649343848056,-4.213989247395844,-4.559343403727678,-4.111915502942242,-4.7397214120052045,-3.567810122609616,-8.327287718813148,-4.814252466142898,-1.2927797589488477,-5.171613161070421,-4.873359634551388,-4.427112932487953,-4.2589265277492405,-4.318367119628485,-4.702064196245049,0.0,-4.5388925628983,-4.798937137970539,-4.242324308527534,-2.152434204006959,-4.476269940159594,-3.5048131219176493
2023-01-12,-2.127979042094996,-4.9807008492116385,-4.953184204932992,-4.29383371188109,-4.7641069885277165,-4.205858179303212,-4.927630510577464,-3.3793987945652693,-8.872178652278183,-5.309499110374105,-1.1374243324759004,-4.973861272104108,-5.072695182724141,-4.628511647667944,-4.517253986143432,-4.466060668141636,-4.900215856070078,0.0,-4.565954496803137,-5.033062330982441,-4.34912681423929,-2.127979042094996,-4.452395577358148,-3.522508242375122
2023-01-13,-2.1185390758154288,-4.354119701612746,-4.325299534072025,-3.960661013257971,-4.202984988758429,-3.910433070464314,-4.304458020805136,-3.3837078506035456,-8.954201503787262,-4.728115923535303,-1.0044500936678635,-4.481100427388263,-4.549636627906873,-4.031555365909689,-3.9344164494713896,-3.862329573886669,-4.295959997533883,0.0,-4.293193144468955,-4.4150806545888654,-4.022768123547205,-2.1185390758154288,-4.428515247608001,-3.529287422436378
2023-01-16,-1.9918722364085428,-4.512879847705042,-4.499198222560519,-4.036942193292237,-4.369459391335706,-3.983960924367702,-4.4757171581849775,-3.5309219848654427,-8.625456944909748,-4.834457235174138,-0.9940700887285492,-4.558978627808996,-4.877875830564681,-4.184032198213206,-4.130654489140473,-3.944914353529283,-4.474330272949811,0.0,-4.39437262886011,-4.591332173901308,-4.1001760642883305,-1.9918722364085428,-4.404628949417811,-3.593968699106187
2023-01-17,-1.8502421578974415,-3.4286603649440806,-3.41245405676589,-3.4734265174660384,-3.1288514962800495,-3.3442707816181194,-3.3917111656530774,-3.009014827516121,-8.29459091176984,-3.7183261487555352,-0.7119912227798841,-3.6614512952164557,-4.035610465116135,-3.2557836854585798,-3.1966048180338658,-3.0534351428353035,-3.515355971489176,0.0,-3.6125898683786684,-3.4963916597314126,-3.5283440278436107,-1.8502421578974415,-4.437851903458623,-2.999787430719403
2023-01-18,-1.7724785341306615,-2.660138624680164,-2.6464639301962745,-3.0751233904411035,-2.2900609361401703,-2.9079986046746775,-2.620895842186355,-2.598966009848902,-7.6902208638991,-3.0026462991465497,-0.63573054252134,-2.8280803308428637,-3.440002076411819,-2.5936573745832026,-2.5654752311756845,-2.411307878653446,-2.8025986512752343,0.0,-3.4092424543298305,-2.7408953485960397,-3.1308341448325616,-1.7724785341306615,-4.169061216342939,-2.7524454252071395
2023-01-19,-1.8331539149521792,-3.0021082847014546,-2.9998253450228773,-3.244633308365019,-2.734922994142641,-3.121333759133771,-2.9903881410098143,-2.5746224501778325,-8.316489725237586,-3.644450634919927,-0.6108963090063813,-2.8728738036036816,-3.745649916943372,-2.928245555653297,-2.8818196428739284,-2.7519092722116945,-3.1493390581146308,0.0,-3.594657442732785,-3.145772532231761,-3.3248758780791032,-1.8331539149521792,-4.365048114728465,-2.828624928306145
2023-01-20,-2.3999367669701677,-3.534883509710629,-3.5439787545727297,-3.514681769608363,-3.3504669405777565,-3.421093590379598,-3.5124682578107302,-2.5502728062910873,-7.797319743738584,-4.248301178315872,-0.5860558686410444,-2.9884357928687932,-4.1719580564782754,-3.403465124416949,-3.3664622153383283,-3.224471486728875,-3.6178368746846767,0.0,-3.7251525785859996,-3.724568518176241,-3.6086411169260035,-2.3999367669701677,-4.767898735802046,-3.2730992273978132
2023-01-23,-1.928724718886643,-2.7786319686606498,-2.786828198490887,-3.1168541808308636,-2.5028390569420966,-2.9808312005837,-2.7439046654279653,-2.5259170766680383,-6.871088298687478,-3.210841986911306,-0.5612092198740593,-2.386480606027719,-3.6887666112955353,-2.708306852860831,-2.699165487383426,-2.526783069335825,-2.8975178430247994,0.0,-3.4449547696569605,-2.9191147375942195,-3.1876106852252173,-1.928724718886643,-4.340918469389865,-3.3252010439370094
2023-01-24,-1.792062745673484,-2.7522042334849783,-2.761607541940214,-3.091617531669111,-2.356019646939145,-2.8946075645896907,-2.700266345663105,-2.5166839477406167,-6.68942332351361,-2.8845645533418507,-0.5363563611536892,-2.559181866989635,-3.6900955149500425,-2.7153712339649916,-2.6985008634600627,-2.5216339772151652,-2.9243783395508816,0.0,-3.4791957830487608,-2.8486479406453546,-3.140324336046074,-1.792062745673484,-4.213760938138556,-3.4348639462317143
2023-01-25,-2.324041200297222,-3.8686292059716965,-3.8639127314935684,-3.6329611875423606,-3.077346205435161,-3.247847420415384,-3.7512502190140795,-2.528142839745573,-7.08519255054898,-3.044959208354492,-0.5114972909279314,-4.711225942952546,-4.893293189368664,-3.7996760787986528,-3.7245632293986697,-3.6208436109592346,-4.051737896132657,0.0,-3.497078847017221,-3.8004525037877768,-3.6108604917704845,-2.324041200297222,-4.614668287377944,-3.595508791697666
2023-01-27,-2.618870264805173,-5.242882186778941,-5.231969779332668,-4.313917313205828,-3.828257931613255,-3.616119854128541,-5.04347963816646,-2.750493821266431,-6.130022754334208,-3.134095958943528,-0.5019702324120634,-6.95526359982005,-6.422061877076302,-5.152484742984608,-5.079722611396498,-4.875668915807385,-5.499443962137962,0.0,-3.799553297894631,-4.96537280534074,-4.189562735390073,-2.618870264805173,-4.918015589381241,-3.885199516051663
2023-01-30,-2.6779492031771324,-5.39953152803212,-5.395173400281516,-4.382887598049157,-4.114775403639714,-3.748562994281157,-5.216030748058664,-2.6740460119080156,-6.4678103851922515,-3.3744345754883054,-0.7019354245944798,-7.145851530611913,-6.18498754152813,-5.282811983373992,-5.198495804830106,-5.018008183683231,-5.6293265150002,0.0,-3.810281723384623,-5.152565435986611,-4.273269497426435,-2.6779492031771324,-5.208351970532421,-4.066212327596574
2023-01-31,-2.7850212043725953,-5.125915339675602,-5.106260951072484,-4.225647226009343,-3.8271527453304977,-3.5902075300380476,-4.9156290071845525,-2.9488248859651067,-4.559531430097308,-3.0736086061903034,-0.6402604699750625,-6.906950718007899,-6.114815199335444,-4.987578390119129,-4.857983157308576,-4.7509083702531925,-5.35114506989215,0.0,-3.754137276548275,-4.835223410326539,-4.103300379857777,-2.7850212043725953,-5.184660577889099,-4.042235478594025
2023-02-01,-2.0986054188110392,-4.691050011788156,-4.713262988499023,-4.015720622525509,-3.0893441564219803,-3.2094026152125865,-4.443395998322419,-2.7813075663475684,-2.1119202649981905,-1.911537799716767,-0.6299501874538094,-5.798583237422539,-6.358534053156051,-4.685867119247556,-4.615183149170054,-4.431379069556051,-5.008605769112052,0.0,-3.528808902089753,-4.337450471794857,-3.8394438798307284,-2.0986054188110392,-5.16096326402703,-4.018252637028241
2023-02-02,-1.3983821329634605,-3.6120188124279418,-3.6402777880311876,-3.456281380437043,-1.5609687222875923,-2.428782415349784,-3.281427262144143,-2.606739941456082,0.0,0.0,-0.48935189705137105,-5.494383067312025,-6.389898255813831,-3.730527293185204,-3.7464840572990044,-3.4435125417841883,-3.99949347328441,0.0,-3.1915071022996844,-3.0624865858944417,-3.183244438948185,-1.3983821329634605,-5.137260027466306,-3.9942638014014986
2023-02-03,-0.8262096634802263,-2.390109801197793,-2.416482188985025,-2.824427446654798,-0.43652430355345384,-1.8520294501890522,-2.0770973250127445,-2.5358091341971756,0.0,0.0,-0.36651878210999245,-3.9884333178827003,-5.094746677740758,-2.569082367218589,-2.6380356255173654,-2.2333597279308393,-2.833747957165478,0.0,-2.511710258601141,-1.8902349191670775,-2.5735409455453495,-0.8262096634802263,-5.113550866726646,-3.970268970215707
2023-02-06,-1.065662904306297,-2.9018177792127453,-2.9284112972177034,-3.0728799144813412,-0.8127881079873056,-2.029745059856103,-2.561493897824252,-2.50914671221244,0.0,-0.18065799802655658,-0.39261389480682585,-4.547356316821927,-5.570234634551385,-3.033034104044108,-3.102453484479517,-2.718349135152154,-3.276360384103627,0.0,-2.587182416734446,-2.3390046465835868,-2.7911132472719813,-1.065662904306297,-5.1870252845862215,-3.975385042253876
2023-02-07,-1.0560550564447602,-3.3021862675883917,-3.3368140612832,-3.2689434410406615,-1.5101928430271028,-2.369342624673043,-3.0154152847428395,-2.7359034104330937,-2.6457545341752375,-1.2693376611261797,-0.3275339446457304,-4.45800636011604,-5.799335548172646,-3.4011564162102603,-3.4538628030714724,-3.113157079465889,-3.6346006704773726,0.0,-2.6709782169991647,-2.8793264537919527,-3.049885480943948,-1.0560550564447602,-5.600547966802283,-4.185657724928449
2023-02-08,-0.7103740079571375,-2.98962767177241,-3.0212366603392105,-3.100032511342332,-1.3132359613065137,-2.255510649552106,-2.7135183427014264,-2.51939225778699,-2.0459671657291345,-0.9767977103860237,-0.4649690229414083,-4.397883327552121,-5.000934385381961,-3.137247745297944,-3.194907839115646,-2.8810986015082363,-3.3341660945571783,0.0,-2.5976505304095565,-2.5835017868085286,-2.885344675883128,-0.7103740079571375,-5.446150226163704,-3.9767747819095867
2023-02-09,-0.45638007047478224,-2.763611235094021,-2.812743833830611,-2.980871146790254,-1.2234400517210808,-2.198621735078643,-2.5324595136506423,-2.4949706535317917,-2.3847835936361084,-1.1199477365751553,-0.3807232813515915,-4.013860683938997,-4.885319767441743,-2.962129350549325,-3.0194971085657607,-2.7091542820485426,-3.1561883031344773,0.0,-2.600521188344407,-2.4360890347023934,-2.797057718343976,-0.45638007047478224,-5.385949108792742,-3.9518697242559186
2023-02-10,-0.5014838429597268,-2.8660420834683897,-2.9271823441789024,-3.0266434973076906,-1.365869052044999,-2.259634434750679,-2.6565289771026457,-2.5428420085108705,-3.140557157437862,-1.4264188428011804,-0.3855831214860217,-3.8134586656008773,-5.081727574750716,-3.0531899020042497,-3.1146900288019808,-2.776973291951923,-3.2662080120980597,0.0,-2.7465718076857826,-2.5806690268181276,-2.8580212832059804,-0.5014838429597268,-5.493174653486643,-3.9949242235322813
2023-02-13,-0.9151851150260404,-3.389859799674899,-3.456692706509523,-3.2820198391864785,-1.640510905285919,-2.388170478781071,-3.1399049942652413,-2.851199777417679,-2.398902547875781,-1.581995483510945,-0.18992889243303335,-3.96155176987969,-5.536742109634407,-3.499993457930095,-3.5428484798333715,-3.1841989437419893,-3.77080394514715,0.0,-3.275671603800556,-3.0333614592688463,-3.0789459667130425,-0.9151851150260404,-5.850971380259984,-4.313050439711786
2023-02-14,-0.6749592269044924,-2.316117782753946,-2.3622920185524365,-2.7173805804810103,-0.4130012801026761,-1.7567128974850799,-2.0074848430249204,-2.22207252567288,0.0,0.0,-0.25140433183814537,-3.5759734979446733,-4.691829318936747,-2.524438808906726,-2.586815395665032,-2.214313427811876,-2.7702352175557055,0.0,-3.0805178653506737,-1.8556590846063203,-2.4680113146090865,-0.6749592269044924,-5.272779484483214,-3.715238329165549
2023-02-15,-0.5684119020585743,-1.9889259840004891,-2.013037871935941,-2.5315424547311283,-0.08840914740632089,-1.5793238024090495,-1.6497598029335703,-2.0898653072700557,0.0,0.0,-0.2203422800908572,-3.737271494068195,-4.234686461793902,-2.228026908942171,-2.285274959925876,-1.9378740189229804,-2.4590975179477947,0.0,-3.2312156753820265,-1.492105544599065,-2.2691138294405944,-0.5684119020585743,-5.270024282474129,-3.6628191061450988
2023-02-16,-0.4045735642338899,-1.9956317113374644,-2.0383878965235303,-2.5332964178652273,-0.09974346862247074,-1.5735932113563833,-1.6653685849468358,-1.9611522907134527,0.0,0.0,-0.21056408980293373,-3.566573381499416,-4.128374169435089,-2.2671995887217244,-2.3186386380332658,-1.98682990318092,-2.494331384377302,0.0,-3.262057985201061,-1.519284956653122,-2.269295418407058,-0.4045735642338899,-5.297321110402519,-3.539364115080801
2023-02-17,-0.6741177242538199,-2.3954212753673154,-2.447671130788831,-2.7271039517237194,-0.43357916169323163,-1.7311631880848388,-2.069733938582552,-2.243250624548876,0.0,-0.4958045162082758,0.0,-3.784740153007038,-4.615552325581252,-2.626876226755892,-2.686829881762609,-2.3456846879478688,-2.8463670447115397,0.0,-3.419492947155567,-1.9254535790287575,-2.4644791745583983,-0.6741177242538199,-5.387403158037762,-3.837438778507385
2023-02-20,-0.6405801644392306,-2.7433899859046984,-2.817931226853776,-2.9019436030797707,-0.6775590000513088,-1.8425069777479375,-2.4304090802634293,-2.2860367937082793,0.0,-0.6877720568085666,-0.026546783809267005,-4.1703076439873366,-5.144985465116136,-2.9741724395050406,-3.0639238391795276,-2.6876287890494677,-3.1693798314640476,0.0,-3.540266264273151,-2.259442904728326,-2.624373235626254,-0.6405801644392306,-5.639007926763773,-3.8853075444720386
2023-02-21,-0.814922721295408,-2.8529625950963533,-2.907456730195168,-2.935579277476308,-0.8134676234187399,-1.898171132455595,-2.531472989456529,-2.469387205948792,-0.4685715425757353,-0.9141899687194921,-0.06421631498163549,-4.341986349025384,-5.240137043189231,-3.0611977330574303,-3.1403112232909924,-2.75601033366627,-3.285471276372798,0.0,-3.7903962472299546,-2.3635693664685986,-2.6659976519724515,-0.814922721295408,-5.812409224924409,-4.064733059167347
2023-02-22,-1.0753824031451642,-4.067232192252234,-4.136716907710747,-3.5469573262589926,-1.8424162595659488,-2.404221362066161,-3.7262426744204102,-2.839438753702317,-0.052753375741732,-1.6595739234314344,-0.2646169579689661,-5.824423713978377,-6.688102159468324,-4.1564489273766,-4.255008254396387,-3.8410868654780717,-4.371505919229768,0.0,-4.2152486409143375,-3.5053334641528155,-3.237978292372401,-1.0753824031451642,-5.788868805050229,-4.423847351070808
2023-02-23,-1.1400456588372965,-4.317620008940293,-4.379756401990398,-3.659444368397935,-2.024527272083687,-2.482966469138259,-3.943616354769719,-2.8137467357063795,0.0,-1.5404972077259549,-0.37625789116869646,-6.341803452045691,-6.916943521594554,-4.395990334560318,-4.49357625558382,-4.124459091818011,-4.568519340420318,0.0,-4.339573260213525,-3.693322046438141,-3.3219968321188342,-1.1400456588372965,-5.765322501690095,-4.576398026971173
2023-02-24,-1.1153374694167772,-4.668193629716544,-4.7151974621824415,-3.8183488557572587,-2.453903331907281,-2.6851238142248324,-4.296433567636715,-2.984712817704116,-0.6446558234668109,-1.9686929484229454,-0.515740111071894,-6.990708374270338,-7.158534053156018,-4.71242423093493,-4.811396187160211,-4.444935642546566,-4.879564997542019,0.0,-4.563062763806435,-4.046635129881871,-3.4897477624854956,-1.1153374694167772,-5.741770313373529,-4.567206791318046
2023-02-27,-1.090623104648214,-5.194679262470514,-5.1899396241767874,-4.047717827663655,-3.0956115109240234,-2.9958373689404794,-4.766578038557922,-3.4864041815495517,-1.3919204175064093,-2.617940176688749,-1.059835448376456,-7.887516728328336,-7.547113787375281,-5.107899017385831,-5.217179062684496,-4.825555982019258,-5.279542556656002,0.0,-5.261916167802594,-4.554247762086028,-3.734750263242792,-1.090623104648214,-5.718212238629716,-4.619386080953269
2023-02-28,-1.065902562988219,-5.941744577717434,-5.9521833220187,-4.422110466299978,-3.9281521612049897,-3.4036762879161353,-5.536201697383736,-3.6367301283929065,-2.810575962801265,-3.594252759304639,-1.256051816852266,-8.32310660309088,-8.018874584717473,-5.788663032758457,-5.9132832040814325,-5.517934449485107,-5.933545677541363,0.0,-5.457032657316319,-5.356981471916611,-4.131016237178753,-1.065902562988219,-5.694648275987446,-4.737537450816321
2023-03-01,-1.041175842892994,-5.1571773800588865,-5.15173960991725,-4.003584849334729,-3.1758542791628486,-3.014861054387452,-4.737265870121643,-3.360582404352097,-2.293728055485378,-2.7918295957426453,-1.2313726209928655,-7.853527921185622,-7.2377387873752586,-5.0492341378827525,-5.142700898177166,-4.773201026427087,-5.230321559900208,0.0,-5.292411472864456,-4.567798139296042,-3.720102176695528,-1.041175842892994,-5.684639087665566,-4.665366935995818
2023-03-02,-1.016442942818352,-5.9462734117125216,-5.9324676144415385,-4.387262330400121,-4.0038138167855735,-3.4169699543701193,-5.522949132265353,-3.692077343995437,-3.1062219424358384,-3.742242729724743,-1.220834876549004,-8.538860417384452,-7.92345307308956,-5.773153270900499,-5.861426855183294,-5.519980285409687,-5.9367135982541726,0.0,-5.726874395820037,-5.363995116811616,-4.110549288733523,-1.016442942818352,-5.76650940954705,-4.723872946543151
2023-03-03,-0.9917038612196838,-4.091163978741685,-4.017193978124722,-3.40028469781547,-2.1394256233445375,-2.4701429520059603,-3.602782000775606,-3.187720340237743,-0.6800910148362038,-1.8547688871986656,-1.1539589280423757,-6.326599189819504,-6.475218023255669,-4.003429907421063,-4.0429462985907545,-3.6559802706148448,-4.308968664824464,0.0,-4.629554419089443,-3.4352352580976353,-3.120394051621922,-0.9917038612196838,-4.923794463052966,-4.47856616932687
2023-03-06,-0.9813247636803579,-3.5469843491752417,-3.484998388370708,-3.1190337658767886,-1.5822434357696813,-2.1791336876883616,-3.080638005894798,-2.9345506537572286,0.0,-1.26340214595686,-1.1444543534251506,-5.645657800482362,-5.852761627906822,-3.5307051187605576,-3.548859655490888,-3.1946162815735923,-3.8461863339878444,0.0,-4.39098369695512,-2.8927761442501754,-2.8339960631261096,-0.9813247636803579,-4.9579220335643885,-4.46927281170878
2023-03-08,-0.9219724135839824,-3.1812960233104093,-3.126583169678232,-2.9240952338245196,-1.1604507205209114,-1.954789834369497,-2.6990142030575814,-2.730648602667274,0.0,-0.7664010264499144,-1.0118058272227448,-4.591520798559767,-5.6244497508303954,-3.200475194893748,-3.2108326844224155,-2.8929988945620377,-3.4953071211382913,0.0,-4.348770013084868,-2.5105923751590264,-2.628282160255546,-0.9219724135839824,-4.705314492871304,-4.341392986050496
2023-03-09,-1.1489662637441889,-3.9298603337307947,-3.8964722160307774,-3.3021462806333557,-1.8612339981266435,-2.2964748075985586,-3.471933986546738,-3.0022274635409962,-1.2485035136386213,-1.6793155591757203,-1.1711361122444308,-5.614856350816688,-6.50046719269085,-3.8993095422064195,-3.9391256299056154,-3.589130465100532,-4.167565854234489,0.0,-4.544028105643417,-3.2927213881655426,-3.0138937782882014,-1.1489662637441889,-5.344069866758616,-4.456457914467493
2023-03-10,-1.4609810229159748,-4.853663890286097,-4.842640498711248,-3.772017272931205,-2.5798486419538857,-2.643728209638685,-4.386528186827521,-3.2204552244472606,-1.1220824872165025,-2.0432322888407906,-1.610115214990293,-5.622631435889714,-7.43973214285697,-4.767083488641644,-4.790610053798117,-4.4349658673541015,-5.073288549646648,0.0,-5.110748309560009,-4.140182680606863,-3.4335904126247874,-1.4609810229159748,-6.029855096570591,-4.586798950907389
2023-03-13,-2.01298218097401,-6.30245624268203,-6.3107864832181555,-4.50745175406343,-3.900058707484433,-3.2914764691373,-5.8358476288818295,-3.57546178083461,-2.2314191361811786,-3.198735382074358,-1.734378376071688,-6.680012834561055,-8.814348006644357,-6.118340669758105,-6.153287165356803,-5.751366312647798,-6.447793169823878,0.0,-5.836955222144136,-5.554333316444893,-4.139147567378099,-2.01298218097401,-6.820812494626017,-4.921520912879062
2023-03-14,-2.186173808545655,-6.7483456184620145,-6.733744177625923,-4.708716410650837,-4.343024059865019,-3.5019127649889237,-6.2604622822165945,-3.911897782308882,-3.2378449926333652,-3.7553898222718707,-1.679208022929124,-7.5310908120040265,-9.404381229235714,-6.513536818969323,-6.559310575927024,-6.101807339148646,-6.876647877139286,0.0,-6.059321185444078,-5.989861426824527,-4.346829250793871,-2.186173808545655,-6.797524106215603,-5.013339325191302
2023-03-15,-2.1723663876399013,-7.408805348660074,-7.449229182778694,-5.058324418166715,-5.043492488903878,-3.8427606958136074,-6.968159190782519,-3.8985334990986997,-3.3148729681074074,-4.620439184648262,-1.6701380320139236,-7.488286892573615,-9.782589285714117,-7.249131542065235,-7.243618894572846,-6.928408266432095,-7.572870764780182,0.0,-6.540516903998849,-6.729584786357579,-4.708570584925464,-2.1723663876399013,-6.774229897309758,-4.989599192798799
2023-03-16,-2.1106532953624524,-7.475068810598017,-7.364319471259972,-5.004266050711481,-4.937768525660569,-3.7749232028799207,-6.887404479209691,-3.837210412858927,-2.7921753228913104,-4.492176628002165,-1.6381300943968946,-7.038701687829441,-9.711098421926756,-7.218972261534207,-7.109760293966671,-6.97040255426653,-7.57410315388467,0.0,-6.8669178062400915,-6.619959369593287,-4.643069532040345,-2.1106532953624524,-6.750929866453781,-4.965853127005959
2023-03-20,-2.0861876910968413,-7.58986852700676,-7.3411669222136595,-4.98052365062438,-4.914009505765637,-3.7508735516298297,-6.864132734215522,-3.827579474066267,-2.7678800522603964,-4.468306240778697,-1.6282789123267971,-7.015467756731841,-10.30061662039593,-7.57194955731697,-7.485618658685245,-7.268631819684579,-7.958708382221557,0.0,-6.913074307841793,-6.596620781715434,-4.619236857665133,-2.0861876910968413,-6.7276240121925674,-4.942101126329823
2023-03-21,-2.0617159721127876,-7.237541431700922,-7.318008586622393,-4.956775316570172,-4.890244547749756,-3.726817889620926,-6.840855172885618,-3.8528388992717044,-2.7435787094827413,-4.444429887600155,-1.6541159778550973,-6.992228018749403,-9.671766270978432,-7.256123035797546,-7.193000640433289,-6.8911146697471555,-7.681077995820463,0.0,-6.606596939235598,-6.573276360795733,-4.59539822676045,-2.0617159721127876,-6.704312333070616,-4.9183431892870555
2023-03-22,-2.0372381368820247,-6.997482070735606,-7.29484446303994,-4.933021047065744,-4.866473650128844,-3.7027562153509663,-6.81757179376633,-3.8109178143851286,-2.719271293040748,-4.420547566975419,-1.6112362286754167,-6.968982472430795,-9.437330563713498,-7.047166486762457,-6.950536967371679,-6.692849491524722,-7.494837975789692,0.0,-6.591123886961214,-6.549926105376336,-4.571553637837544,-2.0372381368820247,-6.708678702460558,-4.8945793143939875
2023-03-23,-2.0127541838759977,-7.359770077548089,-7.271674550019746,-4.909260840627649,-4.842696811418367,-3.6786885273172976,-6.794282595403578,-3.7157582378312126,-2.6949578014163977,-4.39665927741305,-1.5139005135879624,-6.945731116324327,-9.833333342008189,-7.340682967714818,-7.25795198905127,-6.982680766419758,-7.778188239833339,0.0,-6.554954916942313,-6.526570013999001,-4.547703089407329,-2.0127541838759977,-6.785230963826616,-4.87080950016664
2023-03-24,-1.9882641115655186,-7.943190331394289,-7.248498846114804,-4.885494695772097,-4.818914030133492,-3.6546148240169107,-6.770987576342968,-3.7435364324332365,-2.670638233091327,-4.372765017421221,-1.5423139485079451,-6.9224739489779585,-10.529504163735815,-7.851236699340891,-7.790134204553379,-7.475873962269997,-8.284472188401427,0.0,-7.015611185646375,-6.503208085205159,-4.523846579980351,-1.9882641115655186,-6.998789192829102,-4.847033745120433
2023-03-27,-1.9637679184213885,-7.612487113413469,-7.225317349877825,-4.861722611014829,-4.795125304788961,-3.6305351039463862,-6.747686735129732,-3.6838550627082522,-2.6463125865467507,-4.348864785507756,-1.4812677668208152,-6.899210968939295,-10.314878907957937,-7.567070100762219,-7.532537955746454,-7.164770821655808,-8.00062829623307,0.0,-6.881017841756232,-6.479840317535867,-4.4999841080667675,-1.9637679184213885,-7.016679077818622,-4.823252047770721
2023-03-28,-1.9392656029136424,-7.874107166131772,-7.2021300598611,-4.837944584871334,-4.771330633899174,-3.606449365601916,-6.724380070308744,-3.6735965641624513,-2.621980860263562,-4.324958580180049,-1.4707746737676608,-6.875942174755545,-10.494400167451555,-7.831461094818637,-7.803428898718234,-7.4400678536077685,-8.247717970055913,0.0,-7.009943297967125,-6.456466709531783,-4.476115672176373,-1.9392656029136424,-7.2701569173585945,-4.799464406632248
2023-03-29,-1.9147571635122485,-7.4230790689957304,-7.178936974616612,-4.814160615856656,-4.747530015978196,-3.5823576074793806,-6.701067580424446,-3.57588126302959,-2.5976430527222316,-4.301046399945163,-1.3708247890036884,-6.85266756497358,-9.813275388784648,-7.4579785148634725,-7.46495583447836,-7.076582647633167,-7.82946640381188,0.0,-7.04161185171669,-6.433087259733239,-4.452241270818568,-1.9147571635122485,-7.161954544595672,-4.775670820219535
2023-03-31,-1.9046846845009013,-5.726344934470761,-7.29391468053695,-4.860907539173953,-4.86547943518294,-3.6294791615992583,-6.816190881379169,-3.5351965841881827,-2.718834815609672,-4.419792107152354,-1.3441250351960532,-6.968581130454621,-8.339876926647216,-5.930542849075538,-5.831704401029336,-5.56943554668673,-6.387152548440033,0.0,-6.425988452627629,-6.549029720139643,-4.4988188671788665,-1.9046846845009013,-7.194534357752036,-4.766098419479581
2023-04-03,-1.9884564358717105,-5.757249879291926,-7.322134721420525,-4.863034604731064,-4.772394102221888,-3.5704125419282584,-6.832453031908736,-3.630120044617491,-3.4552323395861895,-4.518912582050227,-1.319467851583922,-7.851558851894014,-8.137647382835777,-5.9747320553130585,-5.812934338916687,-5.6662844513987505,-6.441668562509218,0.0,-6.570603968415956,-6.602190042290024,-4.512687974908203,-1.9884564358717105,-7.3348528838575895,-4.858433907494075
2023-04-05,-1.784501814613304,-4.628448736528135,-6.200831317400091,-4.279161836699519,-3.653023638368358,-2.9982170491560267,-5.692664950371984,-3.4183191803708324,-1.7299446682624064,-3.2923019423778177,-1.3096411692066545,-5.72458373129755,-7.298121492851017,-4.983407794970695,-4.884684872943657,-4.684226768533184,-5.378373110058465,0.0,-6.049778491726676,-5.440244431217689,-3.9163265472183406,-1.784501814613304,-6.707698064815171,-4.665841136024174
2023-04-06,-1.9660720142663735,-4.519540715915649,-6.088194786010803,-4.209277651957688,-3.5196415590608487,-2.919335204634943,-5.6032235981521294,-3.3867578584995117,-1.8081511622947022,-3.3907918575648344,-1.2780035368476828,-5.4439120027378385,-7.075833995816049,-4.918883238129168,-4.837992183471473,-4.612506850322584,-5.3032541505964375,0.0,-6.1010420535546945,-5.348774830001545,-3.8573747418629067,-1.9660720142663735,-6.674974494131791,-4.670380588252909
2023-04-10,-2.0441064113218776,-4.465717043159801,-6.023652351812581,-4.162690112114998,-3.5182829280496097,-2.909391366959313,-5.535472611482916,-3.189354250176779,-1.8364046430143777,-3.3615993605287886,-1.2533298274085225,-4.999882991028592,-6.944359010907741,-4.8938863763969165,-4.835370457138765,-4.57690688732213,-5.26652816469555,0.0,-6.1197088251807585,-5.309076549293068,-3.826535158869926,-2.0441064113218776,-6.614839633819303,-4.475771339818435
2023-04-11,-1.828029875169035,-4.165539299794185,-5.732725547866801,-4.002820746588897,-2.972647479163315,-2.6191725155945034,-5.197154038361351,-3.0153317876957852,-0.3706978025053931,-2.7005276400678957,-1.228649951238947,-3.586460814078418,-6.425595371341652,-4.590273708138238,-4.526112880257682,-4.309731465286903,-4.932329785186007,0.0,-5.952079287355683,-4.918569465586165,-3.613922502500533,-1.828029875169035,-6.322383872485037,-4.30676198451303
2023-04-12,-1.7509021569622418,-3.966465751695747,-5.546351093847212,-3.8946309569965254,-2.8950167245256786,-2.5688774231360623,-5.026680280019669,-3.1122509716660196,-0.7640197517000846,-2.676707941334888,-1.203963906797656,-4.176231023332444,-5.949866096198086,-4.421176791404912,-4.321849255251664,-4.172086932160834,-4.7669746094547545,0.0,-5.863034641805487,-4.799612667344999,-3.5414874476485503,-1.7509021569622418,-6.144314109990101,-4.4015651287765305
2023-04-13,-1.7127852365071528,-4.211278242155769,-5.796847504264003,-4.011617703566661,-2.9185540100986285,-2.5655397121208567,-5.241232467405954,-3.1792904883654605,-0.3331971671503675,-2.674263533224308,-1.1792716925431268,-3.975803041072834,-5.86749958082724,-4.598390341903158,-4.482707288988152,-4.412700217312359,-4.897474545268709,0.0,-5.9640700072349,-4.976972922002531,-3.6171010580576923,-1.7127852365071528,-6.25271495220513,-4.468634368641999
2023-04-17,-1.9074014671134898,-5.2048046041984986,-6.785088342556412,-4.506619128481637,-3.379909669910708,-2.782830886271459,-6.120801354489247,-3.2088145512001454,0.0,-2.7649851469386255,-1.1545733069332376,-3.383013120947065,-6.507178131213765,-5.502740174833686,-5.297908254002048,-5.310854612025217,-5.896687633283992,0.0,-6.359073923402592,-5.734650881460112,-3.9882631167794447,-1.9074014671134898,-6.229284578480421,-4.499625703338195
2023-04-18,-2.1410233223854713,-5.461417246723032,-7.030605398440071,-4.619978379636091,-3.646828185062756,-2.904828941418436,-6.371818150685726,-3.2704732717599216,-0.39165798073507174,-3.1216628037229355,-1.1446644707171494,-3.6988221724062686,-6.753751736136304,-5.7379283220531985,-5.5398171063630315,-5.542554478638262,-6.128655561663098,0.0,-6.50821720120317,-6.000768879427665,-4.110506240627854,-2.1410233223854713,-6.2058483487737455,-4.55990135285933
2023-04-19,-2.1612325586904735,-5.784399647036576,-7.34667685924526,-4.769760838979742,-3.823787920367605,-2.9807220287830893,-6.666782905354829,-3.2876465869202454,-0.4875537480516723,-3.250072845003771,-1.1090740014694789,-3.6397576813020804,-6.972347332269468,-6.07110173272819,-5.865223656489549,-5.886184084807578,-6.459170431971284,0.0,-6.721195191829333,-6.263967478927657,-4.231152718535636,-2.1612325586904735,-6.182406261621476,-4.5769716540594585
2023-04-20,-1.990890030528325,-5.633933645401202,-7.193741030282707,-4.678319544956544,-3.591287216551664,-2.852360839225443,-6.496804555213731,-3.164034784356662,-0.4065669804089733,-3.078277663641127,-1.0427812148315674,-3.2897851587243787,-6.942255246148033,-5.9693164420832945,-5.744893454881195,-5.807128945158224,-6.353254162499966,0.0,-6.9463116491977335,-6.120579674107418,-4.1454423987691165,-1.990890030528325,-6.1589583155596594,-4.455427760863229
2023-04-21,-2.0452705390104575,-5.488303798833305,-7.054123742970864,-4.594648615782971,-3.5449416354685903,-2.8184046118781225,-6.344055241671642,-3.1087889918330447,0.0,-2.5783250740335717,-1.0948351306545923,-1.8557323698986883,-6.94435901090772,-5.844980638059438,-5.6312717749639525,-5.685591194416018,-6.2154772376720295,0.0,-6.897295855843044,-5.918937686645354,-4.032685290136984,-2.0452705390104575,-6.1355045091239795,-4.418013201564297
2023-04-24,-1.4973799711900382,-4.908124456745943,-6.490417418058203,-4.294291001064677,-2.914705477627222,-2.4895130420142575,-5.777380609020344,-2.7392744233514565,0.0,-2.2140410731937954,-1.0116157007450166,-1.6702546195868195,-6.314188652229246,-5.332594474785912,-5.055767837312453,-5.224762011788253,-5.714668207637407,0.0,-6.6513888064753335,-5.397202571727955,-3.756030257458365,-1.4973799711900382,-6.112044840849739,-4.071177959071215
2023-04-25,-1.0205864093715822,-4.490455806563909,-6.075019986417763,-4.069244959878282,-2.3794284222658613,-2.2075256965708445,-5.346102406927988,-2.6552491278677537,0.0,-1.7324973360188567,-0.9045815406143021,-0.9919359895077196,-6.177701757158161,-4.964053634379473,-4.6663920443757885,-4.841930623841673,-5.381054027135679,0.0,-6.365153138536006,-4.966345544880102,-3.524418975153698,-1.0205864093715822,-6.186781036442845,-4.042173020447903
2023-04-26,-0.7798704423910618,-4.10398741072483,-5.689525076979907,-3.860912685500184,-1.9988776939519837,-2.0050809708764605,-4.959724595292547,-2.370912607762299,0.0,-1.4147555314323434,-0.7720184773902017,-0.6354935563330222,-5.943534176774379,-4.6224974261287795,-4.337269284508272,-4.497865027581893,-5.029617816522547,0.0,-6.1879342265438675,-4.586604676349026,-3.3214846947175247,-0.7798704423910618,-5.920532225396446,-3.835250405918944
2023-04-27,-0.26385103960470113,-3.663813814682071,-5.249559994306008,-3.6222055995306035,-1.51425661406287,-1.7490070285735237,-4.517053480538502,-2.2102192053068404,0.0,-1.0255670076315004,-0.7618946792194992,0.0,-5.407868231124335,-4.2426675501811335,-3.9413486221498983,-4.112457398886837,-4.671337835305467,0.0,-6.065492480428592,-4.167427353322928,-3.0950816869057984,-0.26385103960470113,-5.467341770262979,-3.5191187951690295
2023-04-28,0.0,-2.483526239921474,-4.085000688208695,-3.0820810745218363,-0.2727489901632518,-1.175179740160437,-3.358222968491531,-1.755406902620671,0.0,0.0,-0.8003134014973545,0.0,-4.616130801416018,-3.24122337840983,-2.9569029251067414,-3.0845798963767157,-3.679236648973183,0.0,-5.363517497474691,-2.9939193781879148,-2.5557465716113614,0.0,-4.338538328899288,-3.0115847564668896
2023-05-02,0.0,-2.3161049298015324,-3.89692142570518,-2.8917598709297665,-0.19061409626264236,-1.0936815314287363,-3.2072214609324856,-1.7139999276573281,-0.03220616882546601,-0.20330607901066777,-0.7755203023778523,0.0,-4.179733677220787,-3.0693276318160323,-2.7604681898720895,-2.918277043899853,-3.526199713612388,0.0,-5.5450776077895725,-2.8805642612849347,-2.4402391636578424,0.0,-4.312287884383048,-2.9771875272385118
2023-05-03,-0.31096043227647474,-2.675413487920708,-4.25039436383523,-3.2445868250244647,-0.48197207945108733,-1.3781529605647935,-3.526102587217095,-1.9476303232290326,0.0,-0.20602033423131605,-0.7507210066886927,-0.0941390795041741,-4.484923943388852,-3.3976246574076163,-3.1049251965781455,-3.2653037806485874,-3.819811111613991,0.0,-5.725608282698702,-3.1494626919426505,-2.702266553672905,-0.31096043227647474,-4.832101180760273,-3.2701414538149787
2023-05-04,0.0,-1.9144078039897372,-3.5022133456954263,-2.4891922343510675,0.0,-0.618372635760922,-2.7821135540593733,-1.2843993629506056,-0.11626667832457249,0.0,-0.7407021815972303,0.0,-3.6086956084053767,-2.719736952007823,-2.448065335375149,-2.5888195077164777,-3.119602758370177,0.0,-5.731055014689734,-2.414257050276747,-1.9655555766815658,0.0,-4.808315751296444,-2.7555111321424963
2023-05-05,-0.4469192855572235,-2.470656992531517,-4.057584088685573,-3.049472562712663,-0.6904836773823808,-1.316002799342808,-3.3773183777256577,-1.848351922475444,-0.14902055175931572,-0.7694015760560058,-0.7701171259921535,0.0,-4.595010653240306,-3.1848008331770483,-2.887674135435725,-3.0730721093241375,-3.5909327417320447,0.0,-5.905123158493075,-2.9644616682470093,-2.526088401498938,-0.4469192855572235,-4.784524377111121,-3.188449503075408
2023-05-08,0.0,-1.7356298162581663,-3.3431286056134213,-2.3280818396855363,0.0,-0.5698816653202154,-2.6513616515125404,-1.2913180070019292,0.0,0.0,-0.6875439182104315,0.0,-3.563289352342025,-2.5364898489457555,-2.217725126347414,-2.4462693368897725,-2.942779543302132,0.0,-5.643527797553238,-2.236771324909792,-1.7967692786519218,0.0,-4.760727056718494,-2.6438792003405265
2023-05-09,-0.3295768023448886,-1.945530582026822,-3.522766016188028,-2.5068995725129217,-0.28470508456456267,-0.8499557106750766,-2.8475661358936977,-1.4258890946314495,-1.155927868646256,-0.30926480489427144,-0.6819078709234483,-0.8727148848610256,-3.5551114824673213,-2.7149167948699593,-2.3977308926774743,-2.6069262254308168,-3.1372912483103477,0.0,-5.495147973439451,-2.4628560792169685,-2.0236506407523946,-0.3295768023448886,-4.736923788632474,-2.976012630707503
2023-05-10,-0.24203780802761754,-1.8216055573651468,-3.411360463747304,-2.3945676821178874,-0.14871908387029675,-0.7142970225351819,-2.715869167424434,-1.2968459660945508,-0.9177237950176775,0.0,-0.5896343851302555,-0.7027969884567109,-3.295595599243717,-2.615128173482739,-2.2937705354711846,-2.506527950413817,-3.0422586773677596,0.0,-5.525846092907393,-2.3129380496098695,-1.874091060862293,-0.24203780802761754,-4.713114571366505,-2.8537281083846677
2023-05-11,-0.9856029890200957,-2.356165309949032,-3.91956100113946,-2.8893058765725566,-0.6888651635729048,-1.2343084660201287,-3.2069397416229606,-1.6290317410754929,-2.5928119197068944,-0.04518375629916083,-0.29331056124480837,-1.887561248717462,-3.391162207224374,-3.0717510694533323,-2.718004571568833,-3.1020779183627556,-3.393085419966513,0.0,-6.388759538399991,-2.730256880353088,-2.2820053101188176,-0.9856029890200957,-4.689299403433733,-3.310659939389249
2023-05-12,-0.9220003860255122,-2.1450872595193737,-3.7239204868904863,-2.6909927016953827,-0.41869205782564256,-0.9628701029088416,-2.9872006758770775,-1.3223490012230887,-2.6176680389054408,0.0,-0.09607222579508523,-1.7430361940004357,-3.297173422813504,-2.9447834206881573,-2.5358003942269725,-3.0305343551759845,-3.2660130886554284,0.0,-6.254869204128588,-2.482671011464488,-2.0315178994015026,-0.9220003860255122,-4.665478283346869,-3.103188248193689
2023-05-15,-0.48099492569977365,-1.4694138289491399,-3.0539196937443003,-2.0162423943425267,0.0,-0.23156463245476155,-2.312068350089669,-0.850512081634569,-1.1893236064961399,0.0,0.0,-0.7456948075270531,-2.853392496814655,-2.3209729352974273,-1.9419633780043744,-2.3964626662333566,-2.622570275025038,0.0,-6.0645256625477035,-1.7591325898752341,-1.30199996995356,-0.48099492569977365,-4.641651209618313,-2.605136281784748
2023-05-16,-0.6930910551344316,-1.7854498751353254,-3.347917288642688,-2.307214970523519,-0.3315440176998474,-0.5575503288729133,-2.627663101954647,-1.10608774265617,-2.027335071294656,-0.4737861384051856,-0.05036060857640523,-1.2923572417012696,-3.446602596185677,-2.592123572262728,-2.1987666135595663,-2.6888862078013,-2.886863172881138,0.0,-6.2759087317491025,-2.0871663693932008,-1.6262811265473687,-0.6930910551344316,-4.617818180760025,-2.8293126360038
2023-05-17,-0.8626965218447857,-2.168940864721536,-3.748461315572782,-2.714907064497829,-0.6405759676019862,-0.8708028816428293,-3.007823956492084,-1.3070096591150993,-1.5740168791887776,-0.6427979754599744,-0.14848984689679323,-1.19177036557776,-3.9996864765372897,-2.9787423372542254,-2.5688337354200286,-3.070755949031845,-3.2946710971468063,0.0,-6.311046971697198,-2.428963055600142,-1.970581654702963,-0.8626965218447857,-4.593979195283671,-2.920092718253775
2023-05-18,-1.2652327025093002,-2.681836118808778,-4.242125181382539,-3.2123047398554427,-1.1311850954001446,-1.3592084309353547,-3.4822580712904005,-1.5811258601743927,-3.0102651304138583,-1.099219588399436,-0.015610719991199229,-2.1149127642862364,-4.273196520441758,-3.409379480450736,-2.9820087796793016,-3.525805081805178,-3.718431759896046,0.0,-7.034469059969572,-2.955439321716724,-2.499373210198641,-1.2652327025093002,-4.570134251700486,-3.2921571042748288
2023-05-19,-0.9682794849604326,-2.177079341670851,-3.722474169754897,-2.6849573104866797,-0.6481758365742385,-0.8741714141425772,-2.9772885629760437,-1.3078237581584329,-2.9568319897551487,-0.6827063202654915,0.0,-1.85072707838424,-3.8853716120217263,-2.9376966413020678,-2.4950121524310642,-3.074398722682925,-3.2418387584830843,0.0,-7.004778697579561,-2.4609706040751744,-2.001893260578258,-0.9682794849604326,-4.616615291845094,-3.0364210829365024
2023-05-22,-1.0220516643929423,-1.6161989926949616,-3.15218750012054,-2.105739520693717,-0.19569911693267938,-0.4202207288441784,-2.434604625395209,-1.0198975727444215,-2.029191515827078,-0.23967394304740264,0.0,-1.3093769957191026,-3.2992875001455646,-2.424955162652509,-2.016563063037391,-2.553960315653425,-2.702620575083059,0.0,-6.6330761807745215,-1.9274938706978162,-1.468748096751482,-1.0220516643929423,-4.62943900386239,-3.0419760461966816
2023-05-23,-0.9820869371036767,-1.5163249031836634,-3.0595287687431805,-2.010269196312775,-0.09886450963187965,-0.3233057785027693,-2.3422598322820565,-1.0758124924820756,-1.4971457467742422,-0.12178219222147568,-0.022580603414734668,-0.9149137717386235,-3.121880317984005,-2.340239085410334,-1.9307811469507885,-2.472948295353017,-2.6152845396260616,0.0,-6.490520188030658,-1.8298833384403523,-1.3708180461475816,-0.9820869371036767,-4.548679916406206,-3.0149795336851803
2023-05-24,-1.1134244693849826,-1.7924950780866422,-3.3335644922241614,-2.283753985845416,-0.4015709875451301,-0.6256206073738557,-2.6252318582497436,-1.4351809495085743,-1.0729481638906413,-0.24934187397422924,-0.12996802141129749,-0.9484500063876911,-3.4524085744195188,-2.6148531530560737,-2.236156699485281,-2.724466925996738,-2.882237912435659,0.0,-6.432276029882267,-2.0745347952940363,-1.6181537002176616,-1.1134244693849826,-4.630104207355579,-3.09016114348476
2023-05-25,-0.9343002502262276,-1.39288610528282,-2.9475811556895715,-1.8987717323599829,0.0,-0.1564229381145199,-2.2186716032361886,-1.2542693833606067,0.0,0.0,-0.17462030948284246,-0.08303681603971658,-3.2636472500990332,-2.260906125321749,-1.8834580886340047,-2.3633715668434974,-2.534148775780831,0.0,-6.120464678294423,-1.6388677416270814,-1.185343863810706,-0.9343002502262276,-4.302932357012834,-2.7840684512200786
2023-05-26,-0.3316575822963741,-0.42525772980274157,-1.9891985771578469,-0.9293676242795645,0.0,0.0,-1.2834642825946818,-0.4436197820653631,0.0,0.0,0.0,0.0,-2.3227487738997743,-1.3701860424711887,-0.978687912849241,-1.4504927877806884,-1.6794187313380005,0.0,-5.746522305142731,-0.6791131009341367,-0.2217869852345733,-0.3316575822963741,-3.8199177710598664,-2.2736536135260166
2023-05-29,-0.09168045027627691,0.0,-1.5638812408304337,-0.5037381938669983,0.0,0.0,-0.8457067264416418,-0.1127738302269421,0.0,0.0,0.0,0.0,-1.798436970408679,-0.9809776623148414,-0.6250451243395738,-1.0473776148758773,-1.2686370298225613,0.0,-5.443665970801959,-0.2253786738474317,0.0,-0.09168045027627691,-3.7958793653572576,-2.0166541681266414
2023-05-30,0.0,0.0,-1.3385088026314662,-0.2734528246357337,0.0,0.0,-0.5899919349922622,-0.20031862692343472,0.0,0.0,0.0,0.0,-1.6125837914912844,-0.7939077820739215,-0.4378102355094504,-0.8608455657984515,-1.0811960007393373,0.0,-5.517679418098931,0.0,0.0,0.0,-3.8860308952336498,-1.789507242727706
2023-05-31,-0.02124962550384968,-0.22324637886568244,-1.5471720404448441,-0.4853990087002269,-0.1416911747863181,-0.1429358276366144,-0.7919424000313091,-0.25323468601654575,-1.000847379594183,-0.07166049295888044,-0.13074584348540252,-0.5875345735136928,-2.1376793504811253,-1.0341901080108684,-0.6534710730377591,-1.1285006021011013,-1.3187829304368903,0.0,-5.73247846402265,-0.17402573707361313,-0.17479820866724838,-0.02124962550384968,-3.9255275158394998,-1.7694740436016265
2023-06-01,-0.33119436662756296,-0.5662322055968949,-1.8514772981440997,-0.7940185445281966,-0.5440021823564511,-0.5447333309688829,-1.1377630934028549,-0.4464957786732282,-2.1412468815115493,-0.5502491863570103,-0.1629619113924119,-1.3980462670266758,-2.383995141094919,-1.3106545393429037,-0.9684691412917723,-1.392734877818258,-1.569058603510609,0.0,-6.0030645049219515,-0.5130634268640799,-0.5159260870179372,-0.33119436662756296,-4.196019781803317,-2.0726447348415555
2023-06-02,-0.08431500480655663,-0.179109530791699,-1.480072115525044,-0.42048802562688614,-0.13309227110658295,-0.1341799428449253,-0.7548702627081738,-0.12790775288774592,-1.3409119225638921,-0.0967357194892382,-0.16810434900718096,-0.733708382964382,-2.1392674866233086,-0.97727981619945,-0.6313931784787896,-1.0663687080702644,-1.2324017785465324,0.0,-5.911247290458066,-0.1011480521161845,-0.10430023774372632,-0.08431500480655663,-3.9811705535811592,-1.8155838811095837
2023-06-05,-0.16073978001097666,-0.04542417976942659,-1.3377198947286173,-0.2775058805934316,-0.13533693955627424,-0.1361741023069074,-0.6343146892836882,0.0,-1.364208818852508,-0.21074000458863873,0.0,-0.7347409430317087,-1.8237852732485127,-0.8489098974445941,-0.4573163535709024,-0.9540428090219932,-1.1335696996591427,0.0,-5.800744903885535,-0.019888460169759092,-0.02257429514553877,-0.16073978001097666,-4.135942164689254,-2.0207229550179395
2023-06-06,-0.5761151146298049,-0.46964146933075046,-1.7845458355510435,-0.7325120831058185,-0.502518232632998,-0.5031900477730056,-1.0569800793965078,-0.34052671329336537,-1.093282453166089,-0.47194596292166047,-0.0652137486955584,-0.826084616496181,-1.7965910199578161,-1.244436095405932,-0.872390739393103,-1.3406561243764603,-1.5185025683232878,0.0,-5.890836851431236,-0.41256597284105023,-0.41351225073973374,-0.5761151146298049,-4.566845806899922,-2.254267154303302
2023-06-07,-0.060619426214203465,0.0,-0.9596264732618542,0.0,0.0,0.0,-0.24468768326514345,0.0,-0.5988276385374913,0.0,0.0,-0.10802333728190394,-1.1239122380467426,-0.5110155299317465,-0.1503504182564952,-0.5776971433928746,-0.8031014895932165,0.0,-5.383493449237642,0.0,0.0,-0.060619426214203465,-3.8494634646154657,-1.7399512845972964
2023-06-08,-0.3117205070842344,-0.3320945302546674,-1.2883303222949172,-0.33369960780545993,-0.4137105445312761,-0.4137733388231535,-0.5839202262556631,-0.3712975928152673,-0.6537237341294744,-0.5098392736003765,-0.1078984716594511,-0.4591589566926624,-1.608881578017174,-0.8040937940504644,-0.45046723162631697,-0.8713299343300895,-1.088627014188337,0.0,-5.71359534368473,-0.3722473364057066,-0.3711182001749136,-0.3117205070842344,-4.034759600715532,-1.995323742220212
2023-06-09,-0.8525721879508286,-0.9634542612223629,-1.909579693014185,-0.9619911656395752,-1.0451063806792948,-1.0454690351745732,-1.1876080226200902,-0.8709962947082928,-1.1315746142978478,-1.1428053112460312,-0.1678996295888746,-1.196785678498824,-1.9845582762072378,-1.3724529925819517,-1.0085720519204866,-1.4341622303228774,-1.6726833802757857,0.0,-6.214126068854853,-1.0149102396452947,-1.0129827903902933,-0.8525721879508286,-4.668200466735561,-2.51690921484925
2023-06-12,-0.9155367841786832,-0.8276083804227063,-1.7495587331694873,-0.7974427462350664,-0.936570782740942,-0.9370976486248961,-1.0640235566873546,-0.702859674763523,-1.5256114943309362,-1.1203567342010445,-0.08678658092138303,-1.2960995558957022,-1.7833909273480053,-1.232514934281359,-0.8806657675093921,-1.2754734969850468,-1.5394019467135034,0.0,-6.406789060442398,-0.8960283352664966,-0.8946861460471522,-0.9155367841786832,-4.644374073365598,-2.4877700930172164
2023-06-13,-0.5966088715193663,-0.17830677772701087,-1.1105826970400523,-0.1533995963921786,-0.1982231317610772,-0.19803834151889133,-0.4076059979126079,-0.41728178910614977,-0.12042373347816993,-0.2968982876533022,0.0,-0.5201554044873546,-1.1780326177470157,-0.653998452389748,-0.3165117725971056,-0.6980148248625917,-0.945540761747754,0.0,-6.115405866562307,-0.20467854033162647,-0.20326229824917386,-0.5966088715193663,-4.620541725036009,-2.1915836369078234
2023-06-14,-0.5345067875932474,-0.12127805389563484,-1.0530600843919657,-0.09584208057682453,-0.12354344217831992,-0.12312735440545008,-0.35875918834066267,-0.30768306052252337,-0.34001965734828943,-0.18293030332009463,0.0,-0.5716315441233855,-0.9681511452508285,-0.6250667837375712,-0.29689065142309845,-0.6817929288076008,-0.8947176395664669,0.0,-6.162795861415004,-0.12805702181644119,-0.12657584924324894,-0.5345067875932474,-4.681805569564823,-2.2025135101947924
2023-06-15,-0.46743928369706866,-0.5786842872577469,-1.5187335856297834,-0.5659216909210896,-0.3985261464005352,-0.39954844137658485,-0.8073169497755384,-0.7545845824907027,0.0,-0.3346301678952446,-0.19946090143547757,-0.8384394002475481,-1.326141781858181,-1.0693174938372962,-0.8025990773801284,-1.0895511016835946,-1.314075930290337,0.0,-6.690137845321997,-0.5269369429810489,-0.5248740240736072,-0.46743928369706866,-4.671259698721119,-2.2113861423867176
2023-06-16,-0.2284233085206866,0.0,-0.8950824547117708,0.0,0.0,0.0,-0.16752863976122745,-0.37781759377099045,0.0,0.0,-0.15989430286126316,0.0,-0.5980226109858378,-0.49040989829662873,-0.2003477173373125,-0.5176782274401881,-0.7514032684809102,0.0,-6.314906520738662,0.0,0.0,-0.2284233085206866,-4.236301552433264,-1.7704241483267547
2023-06-19,-0.450748276263524,-0.2865328289757385,-1.1626539623325716,-0.2687961572784503,-0.23596466223280155,-0.23667540501064455,-0.4378203219067678,-0.6638181592034553,-0.16122698115523804,-0.2816748355112142,-0.19219976555221452,-0.5164584917351167,-0.9705333494639978,-0.7610061531403756,-0.5335671696363398,-0.7606377932745101,-0.9871481483106903,0.0,-6.446009498442839,-0.28261242109023366,-0.2843418609885129,-0.450748276263524,-4.466568374419788,-2.007863419077349
2023-06-20,-0.33183437124952864,-0.07442580021664869,-0.9382972652628219,-0.041344805881793345,-0.04581015165209257,-0.046930780388731996,-0.2222484926891921,-0.5176571632254268,-0.0988557023530845,-0.1468322186506943,-0.1315689440481882,-0.4667086652205721,-0.6471310805233221,-0.5634124343017799,-0.3370454355503316,-0.5577767738175754,-0.7937198753426689,0.0,-6.5295167720277,-0.08669754201758861,-0.0890128426647041,-0.33183437124952864,-4.3277769886148505,-1.9437970313452957
2023-06-21,-0.27661939489539433,0.0,-0.6879614403160095,0.0,0.0,0.0,0.0,-0.30432337096434336,-0.7882937629143716,0.0,-0.11470470360754881,-0.5842321712967502,-0.4351355306950966,-0.3671633806829555,-0.12074694087294002,-0.37250580159750024,-0.6065121578129107,0.0,-6.401867704769915,0.0,0.0,-0.27661939489539433,-4.408837655850117,-2.0423044448017125
2023-06-22,-0.2267832592882324,-0.22558461457690138,-0.9241209754381807,-0.23905995347245357,-0.1770473054202415,-0.17757353550686972,-0.20062391937051283,-0.6009356959806755,-0.5090322962187144,-0.12523301261314623,-0.22556532924273842,-0.6564073666590287,-0.8871046391409676,-0.571791835642288,-0.3175970990682342,-0.5690174016889427,-0.8269452936264909,0.0,-6.402402631343795,-0.21371055893493196,-0.21374456523309826,-0.2267832592882324,-4.643691935250461,-2.22286748561753
2023-06-23,-0.3322131179537058,-0.7440473309218043,-1.4520305945137535,-0.7700022083572788,-0.5839781761398877,-0.5848381029445515,-0.696907461554519,-1.039786089609307,-1.0689771253696634,-0.39803140759751,-0.5738941242067974,-1.0221214879555962,-1.4454685565365,-1.03946018032679,-0.770164102189741,-0.9930106039554243,-1.3530336893217032,0.0,-6.696856995220424,-0.6939693203279917,-0.6922659873348835,-0.3322131179537058,-4.619859416433247,-2.600067930707517
2023-06-26,-0.5033829315223448,-0.8483511951666411,-1.5567144946491585,-0.8771660543841486,-0.7289357174849131,-0.7287032915327174,-0.8052286882118564,-1.1079956350402709,-0.9781709853582288,-0.5454197518600212,-0.5826694563072277,-0.9650177799321868,-1.3097757295364332,-1.1100742081364245,-0.8252874050502013,-1.0800559676723887,-1.4227366734231972,0.0,-6.687636307396483,-0.7975628266950863,-0.795335600318392,-0.5033829315223448,-4.596020941125422,-2.729994669915037
2023-06-27,-0.16294975647189736,-0.18738092695688158,-0.9005562897714925,-0.21564436498965334,-0.16574164875521324,-0.16567600769223922,-0.153127822260668,-0.568414037976317,-0.7759790471809525,-0.06562406044995361,-0.5706782181785552,-0.2957143152068076,-0.643428867049145,-0.4845541424995159,-0.1833111126083975,-0.4414134845851403,-0.8266245186407617,0.0,-6.243628064067474,-0.17704687462720692,-0.17504167441402263,-0.16294975647189736,-4.572176507838288,-2.545511298645131
2023-06-28,0.0,0.0,-0.0635963854970778,0.0,0.0,0.0,0.0,0.0,0.0,0.0,-0.2858354798374707,0.0,0.0,0.0,0.0,0.0,-0.08691161196755504,0.0,-5.788715807716716,0.0,0.0,0.0,-4.606178582620979,-2.240592510421835
2023-06-30,0.0,0.0,0.0,0.0,0.0,0.0,0.0,0.0,0.0,0.0,0.0,0.0,0.0,0.0,0.0,0.0,0.0,0.0,-5.038255398502067,0.0,0.0,0.0,-4.22195154957048,-2.011891716213343
2023-07-03,0.0,0.0,0.0,0.0,0.0,0.0,0.0,0.0,0.0,0.0,0.0,0.0,0.0,0.0,0.0,0.0,0.0,0.0,-4.386238310657841,0.0,0.0,0.0,-3.6548055367609633,-1.517126259103252
2023-07-04,0.0,0.0,0.0,0.0,0.0,0.0,0.0,0.0,0.0,0.0,0.0,-0.027948646761100093,0.0,0.0,0.0,0.0,0.0,0.0,-4.3818555319731995,0.0,0.0,0.0,-3.5676715943654513,-1.4975711046404605
2023-07-05,0.0,0.0,0.0,0.0,0.0,0.0,0.0,0.0,0.0,0.0,0.0,0.0,0.0,0.0,0.0,0.0,0.0,0.0,-4.3314437721042705,0.0,0.0,0.0,-3.422924966574148,-0.8812411948578958
2023-07-06,0.0,0.0,0.0,0.0,0.0,0.0,0.0,0.0,0.0,0.0,0.0,0.0,0.0,0.0,0.0,0.0,0.0,0.0,-4.125468774735442,0.0,0.0,0.0,-3.3987873399738633,-0.6039014779729013
2023-07-07,-0.7768860552178403,-0.7777953257398162,-0.7870151863974773,-0.7861636005513928,-0.8829862974715774,-0.8846174142744467,-0.8062800497520617,-0.5345376324902618,-1.181864066400884,-0.9091215221099014,0.0,-0.7384722449109926,-0.848835445771845,-0.7124596954716234,-0.7011568873423135,-0.7086763243259964,-0.727536361062453,0.0,-4.702352021050338,-0.8321179877342155,-0.8319952027625699,-0.7768860552178403,-3.374643680627054,-1.2620766195088229
2023-07-10,-0.8067019455570645,-0.6352923557832457,-0.6737643492582102,-0.6684719924446747,-0.7868209927128444,-0.7886003489856908,-0.7185328856099571,-0.21542991998058092,-1.3903795574836564,-0.9520672027410471,0.0,-0.40815018423400184,-0.7252305958216909,-0.6646817925858084,-0.6105005099915517,-0.6637393681276804,-0.7198055236686707,0.0,-4.45352937793565,-0.7470260953537977,-0.7472804857603266,-0.8067019455570645,-3.350493987025893,-1.0229146851096327
2023-07-11,-0.2990051000522076,-0.05293474778658158,-0.09018922734134183,-0.0825895594060988,-0.16832318052160122,-0.17160952060270018,-0.14572781517997457,0.0,-0.16039809869503596,-0.25797035773112986,-0.05330610100554578,0.0,-0.2969661866256357,-0.1698037658060647,-0.13627846341340843,-0.13687097610749488,-0.236176022137502,0.0,-4.360852009948546,-0.12410515538165967,-0.12089188455755018,-0.2990051000522076,-3.3263382576622536,-0.41007667511172574
2023-07-12,-0.6427117166023399,-0.4150995299986526,-0.4700855285683314,-0.462931191179039,-0.5051070891919696,-0.5075738613756764,-0.5173061126944822,-0.32443009827601843,-0.5078376148605623,-0.5719970503019867,-0.20240519792223965,-0.2717282766444007,-0.5795674040617427,-0.5291859443177449,-0.4757978697163212,-0.5087453505438377,-0.6029628548410049,0.0,-4.603941000655897,-0.48632920002072977,-0.4843570308545875,-0.6427117166023399,-3.445921013921305,-0.743147031855429
2023-07-13,-0.2886490988467383,-0.13079639825622769,-0.13901990511883122,-0.1351520153056729,-0.368867749906876,-0.3741291393164925,-0.1975329737125331,0.0,-0.5235856491218049,-0.3570040479643377,0.0,-0.4161877728351193,-0.42852486191499173,-0.2141338745638932,-0.1562406406689809,-0.16398726879816028,-0.32204333148968534,0.0,-4.674717025962682,-0.23755905912266062,-0.23364071743615655,-0.2886490988467383,-3.1523372079090506,-0.5743554629031755
2023-07-14,0.0,0.0,0.0,0.0,0.0,0.0,0.0,0.0,-0.10456446481548198,0.0,0.0,0.0,0.0,0.0,0.0,0.0,0.0,0.0,-4.589009628165119,0.0,0.0,0.0,-2.1003819656871814,0.0
2023-07-17,0.0,0.0,0.0,0.0,0.0,0.0,0.0,0.0,-0.19942775255854528,0.0,0.0,0.0,0.0,0.0,0.0,0.0,0.0,0.0,-4.292556295190497,0.0,0.0,0.0,-1.7464538393803242,0.0
2023-07-18,0.0,0.0,0.0,0.0,0.0,0.0,0.0,0.0,-0.0681701451671457,0.0,0.0,-0.05101408617790293,0.0,0.0,0.0,0.0,0.0,0.0,-4.329870404240643,0.0,0.0,0.0,-1.393565943240327,0.0
2023-07-19,0.0,0.0,0.0,0.0,0.0,0.0,0.0,0.0,0.0,0.0,-0.020410855598518296,0.0,0.0,0.0,0.0,0.0,0.0,0.0,-4.3369438565178715,0.0,0.0,0.0,-1.2374015828035212,0.0
2023-07-20,0.0,0.0,0.0,0.0,0.0,0.0,0.0,0.0,0.0,0.0,0.0,0.0,0.0,0.0,0.0,0.0,0.0,0.0,-4.0699121284578865,0.0,0.0,0.0,-1.2127177256682664,0.0
2023-07-21,-0.6361832746765717,-1.2900950329188254,-1.4205987937640496,-1.412881156683432,-0.9434419472557742,-0.9379204189178814,-1.2877848544905812,-0.22595447715121342,0.0,-1.0681022391034078,-0.371670188213169,-0.06422769979185228,-1.1719737128305208,-1.173836787051663,-1.1737359988680307,-1.135032010010384,-1.2126124514402314,0.0,-5.198918731274016,-1.3137763728639062,-1.3135600619311405,-0.6361832746765717,-1.1880276992663918,-1.0518206446192835
2023-07-24,-0.8817881975363928,-1.820155879006935,-1.8997109662059475,-1.890173261340622,-1.6846229499871468,-1.6801636014142085,-1.8158382943030404,-0.14943286202698802,-1.7837899452688766,-1.9666367706181909,-0.37707038101670864,-0.9734046457281154,-1.5356047442035448,-1.5804561456818855,-1.6734406674177138,-1.4795746139585342,-1.5880310245390827,0.0,-5.331740538015806,-1.9164498027956278,-1.9137458411645936,-0.8817881975363928,-1.1633315020559754,-1.6084976277397356
2023-07-25,-1.353125903468344,-2.3081217348418726,-2.365068519374991,-2.356747023137107,-2.223049514246389,-2.219018413874785,-2.274078834813409,-0.3447492825915721,-3.2356762175895004,-2.461087675949203,-0.3899292172556912,-1.82179854268113,-1.4943116970083548,-2.0103146292478447,-2.084521476506962,-1.9131017341119216,-2.033007688978905,0.0,-5.542260123971543,-2.412745726396903,-2.4131141658363386,-1.353125903468344,-1.1386291324947617,-2.038266549708334
2023-07-26,-0.6302430417683857,-1.3230225031874876,-1.3985513453333653,-1.3858801060817605,-1.2123100158936362,-1.20830225149543,-1.3211996091300082,0.0,-1.1665085891382931,-1.5426858695034573,-0.10906249502232734,-0.4880159034884257,-1.0052960483707074,-1.1662111443197842,-1.2496244812270296,-1.0497799899420568,-1.1988531856679474,0.0,-5.081344317972524,-1.431495818268802,-1.4265408621970344,-0.6302430417683857,-1.2165208147928208,-1.224109534586193
2023-07-27,-0.5660646811236791,-1.6016984542333024,-1.6594897046815826,-1.6451076477752902,-1.5844434184065115,-1.58139444758848,-1.6154776918102742,-0.09303461000657043,-1.7562500797011271,-1.969379647501035,-0.32359451922748805,-0.8177377649422168,-1.5979157960080204,-1.409889082977489,-1.5189722965586072,-1.2734921131604793,-1.4367645227720938,0.0,-5.109120126952038,-1.7383821698313318,-1.7309557286792954,-0.5660646811236791,-1.3179800828797883,-1.3139001241888715
2023-07-28,-0.6984905455713175,-1.7133019327954857,-1.800265382170163,-1.7860003770957977,-1.5901002042899348,-1.584792486994968,-1.7423854182274878,-0.2920035811940447,-1.4625610622489904,-1.9297349737407266,-0.3575309597595444,-0.7275341062619289,-1.6672361079543063,-1.536243438669338,-1.6315817535356492,-1.427095450968252,-1.549703704749994,0.0,-5.434881149442261,-1.8175461307535445,-1.8119670950289546,-0.6984905455713175,-1.4729116779673146,-1.4365674775061121
2023-07-31,-0.32263317306779893,-1.2946499894151864,-1.362544081073347,-1.3478364292884404,-1.3890252617542842,-1.3864671183156374,-1.335276161761334,0.0,-1.438246138439847,-1.7712339868156346,-0.184372634741925,-0.5943484354337891,-1.1279238854958518,-1.180408154805268,-1.263656360575316,-1.079912945980055,-1.197332693579134,0.0,-5.462483230836391,-1.4730502826246106,-1.4626541907365342,-0.32263317306779893,-1.1421816696062126,-1.1360423728717262
2023-08-01,-0.41787347557998844,-1.5118219241114006,-1.5433001566465876,-1.5290472995797666,-1.5758438787796258,-1.5735766621931435,-1.5118767311532277,-0.06318412661078243,-1.6888015933339107,-1.8211080552094971,0.0,-0.9064385811779263,-1.2292795467931383,-1.3729319738777335,-1.4549378076477382,-1.2610124385178834,-1.402484765157641,0.0,-5.546426188196685,-1.6522040584833864,-1.6394478678990687,-0.41787347557998844,-1.4880049666047168,-1.4255082858238843
2023-08-02,-0.761499109122743,-2.389676714285338,-2.393565859848823,-2.3797005568369944,-2.343033473500644,-2.341232565456286,-2.3483279041478733,-0.4868631583539895,-2.603917764184116,-2.4491382912828374,-0.28442236314942804,-1.8826826585583878,-2.2653596400544207,-2.1732328021540237,-2.2602609331775825,-2.069579315234138,-2.1895257539987334,0.0,-6.224021213421571,-2.456507859561896,-2.44424347057397,-0.761499109122743,-2.1099148974366932,-2.012779455449454
2023-08-03,-1.0641147324698785,-3.244104168209483,-3.2238878300009266,-3.2098814753107052,-3.1763531865978356,-3.1731327979295343,-3.221557286043475,-0.9960070036757696,-3.5515220307043127,-3.4269405076768678,-0.4531265510284377,-2.6909001551446265,-2.9906176605005497,-2.952643758308293,-3.059505231122339,-2.833157383750873,-2.964886574207526,0.0,-6.196580206351355,-3.3126246229776335,-3.3014039447232246,-1.0641147324698785,-2.786456258241754,-2.567750414017822
2023-08-04,-0.9053507097485203,-2.726476030952052,-2.6850635292353986,-2.671170508227727,-2.490893364870528,-2.4886891009709977,-2.647122713853267,-0.9559512959297134,-2.9669463672591045,-2.651020121947012,-0.33932601733835943,-2.0961821424451133,-2.3131633807704444,-2.484332371230924,-2.576642631220727,-2.317069608905853,-2.55874044428811,0.0,-5.876635959740206,-2.7552172949981135,-2.740239511860554,-0.9053507097485203,-2.76215955823802,-2.3850018171988507
2023-08-07,-0.7810391897321911,-2.375434722820402,-2.308049018331826,-2.295537679036541,-2.106152541718609,-2.105020878428976,-2.2695588143554657,-0.8670152200448755,-2.7976146252828515,-2.1801435181523443,-0.13265226015948262,-1.7615468535434387,-1.9112404777441028,-2.163292446384013,-2.2547845491207585,-1.9765628144046365,-2.2579202518682173,0.0,-5.916919239651031,-2.375754717209144,-2.3591133000547604,-0.7810391897321911,-2.737856785730275,-2.278322094968499
2023-08-08,-0.7781493794204675,-2.522553893056334,-2.4556695113013394,-2.4421452329944193,-2.352616326917989,-2.3503657258724386,-2.4244619758370334,-0.7704361755134226,-3.1570480343966145,-2.4341069172158725,-0.1591369042795332,-1.9641916335495835,-2.0436343551504588,-2.2736698477597073,-2.351350446578815,-2.1165507372430836,-2.3525954386020342,0.0,-6.060670966977366,-2.5450560199243633,-2.529715190860793,-0.7781493794204675,-2.7135479392009,-2.384727943995113
2023-08-09,-0.7265420737454287,-2.2705111902885378,-2.2265728683189434,-2.211563757504509,-2.1161600405273484,-2.1123714172046393,-2.200030233709094,-0.7562014452433874,-2.3558564696315454,-2.2889845713804813,-0.15836589849034244,-1.6130959323096272,-1.7348065488191788,-2.055706113919553,-2.151762288161929,-1.8936967878074307,-2.1211330460246147,0.0,-6.148177347150652,-2.328078042523485,-2.312370888235038,-0.7265420737454287,-2.6892330171317202,-2.3819929268893203
2023-08-10,-0.7410351846410368,-2.828950082515369,-2.7858791709711173,-2.7710261559598104,-2.760225435829422,-2.755545944298088,-2.785500101962224,-0.9637562681921175,-3.334575393768624,-3.044928828328075,-0.4127491984216247,-2.1294159062725915,-2.1825291502615918,-2.5865702386821177,-2.697951177221325,-2.432070868688785,-2.6291901466823586,0.0,-6.44310148439552,-2.9276921748813245,-2.913509251860713,-0.7410351846410368,-2.664912018004262,-2.571675675289331
2023-08-11,-0.8386754959486598,-3.2854041098104747,-3.2714427101282695,-3.2576059208252683,-3.2539436777179964,-3.249973268588169,-3.2751709901934656,-1.1243580048017399,-3.77213858425548,-3.5793512908763203,-0.6000401677681899,-2.459807655056323,-2.7571222930154016,-3.0299367743823136,-3.1581634153595273,-2.8708377191133727,-3.0602980832201587,0.0,-6.775749756989269,-3.42517274052071,-3.4104230800315993,-0.8386754959486598,-2.6405849402997617,-2.6599108722421327
2023-08-14,-0.6652795834523162,-3.060602948477964,-3.0169689970366176,-3.0025460258570336,-2.9328039032713527,-2.927848246172071,-3.021256602461664,-1.2958877114448875,-3.4939500457101924,-3.2466745523671126,-0.5673663272176444,-2.2020880312600744,-2.725839681503872,-2.817333269587796,-2.959549770774317,-2.6339342216260775,-2.857925712739906,0.0,-6.759239586345778,-3.1617009196389434,-3.146932390715851,-0.6652795834523162,-2.616251782498913,-2.4000398002614887
2023-08-16,-0.46926386640764317,-2.7744001461478263,-2.704663157440601,-2.6888471526782087,-2.763495650304293,-2.7575368865689454,-2.764333139481434,-1.238302422158577,-3.241209681760049,-3.1665267237692363,-0.5249020177825914,-1.9099473183572635,-2.5734347085462295,-2.560118352662266,-2.7495965087895535,-2.367337190315877,-2.5628077461780974,0.0,-6.584711975042246,-2.90212511140564,-2.8851905427779823,-0.46926386640764317,-2.5919125430821754,-2.39317202660565
2023-08-17,-0.4952148860410177,-3.420218279210563,-3.335331552875731,-3.3200195390360676,-3.5162248458695866,-3.51019363172399,-3.4177835847967852,-1.2727791347504458,-4.610116051291047,-3.9146430129621046,-0.5721100369388776,-2.6325737963550533,-3.0727051882699863,-3.1306014110614067,-3.3176208901453452,-2.96829288069852,-3.1053784343391566,0.0,-7.019467130409584,-3.556637639799387,-3.542088023357104,-0.4952148860410177,-2.567567220529532,-2.368777032592384
2023-08-18,-0.6311054407925898,-3.6955926358964275,-3.645791628420325,-3.62992270150988,-3.6669211319901307,-3.6606028526051104,-3.7016045449214885,-1.4829775194869943,-4.684263790927368,-4.16420329466316,-0.5908055964235492,-2.881164329571362,-3.3484907361922556,-3.379378171189773,-3.583478471558843,-3.1944880617481575,-3.3595832220883803,0.0,-7.1016619702333195,-3.813019924774408,-3.803056519629744,-0.6311054407925898,-2.5432158133205984,-2.3443759415084364
2023-08-21,-0.49317558859997,-3.1680135966562717,-3.1079244743267065,-3.0910648759513215,-3.0634786242012435,-3.0582373426585097,-3.159174411867982,-1.363601958233207,-3.548201113224192,-3.4035150708067174,-0.5851240147617509,-2.285385618168978,-2.9308092176169587,-2.8959334780278123,-3.0598835977240446,-2.754335122955087,-2.8731351515331016,0.0,-7.129146155048815,-3.239737105561702,-3.225762056086412,-0.49317558859997,-2.518858319934658,-2.319968751829893
2023-08-22,-0.4822320539651148,-3.0690369953038643,-3.0282265320998536,-3.0099597847357606,-2.832658876374239,-2.8274734949883085,-3.067131566702763,-1.4849371527534072,-2.6652613790788537,-3.175208807337382,-0.6968613142072533,-2.081266848640817,-2.9165463019309223,-2.826341174468927,-2.999336152375054,-2.701323253340826,-2.7779745631440145,0.0,-7.289022078842677,-3.1113831294763306,-3.096625212092252,-0.4822320539651148,-2.4944947388505834,-2.2955554620325613
2023-08-23,-0.4305762220578435,-2.686265363898932,-2.6444999853249884,-2.6241030648934904,-2.6379148561386456,-2.6316073300911347,-2.6932357870227297,-1.1371512216293178,-2.637734858868057,-2.9708019257294382,-0.5765208376901643,-1.7530157372755428,-2.678544283224893,-2.459789292310288,-2.626716058041312,-2.321840871915737,-2.430377099026282,0.0,-7.144835656713777,-2.7781185648911078,-2.7624283411818884,-0.4305762220578435,-2.470125068546858,-2.271136070591806
2023-08-24,-0.29923987614487446,-2.8805247430343184,-2.808100923187218,-2.787330337405536,-2.856781613223036,-2.8493205335576977,-2.875827461388747,-1.1273552704490486,-2.891381504178714,-3.1207642954026227,-0.7324933066496397,-2.0140253416859544,-2.9653471758889105,-2.638686092141096,-2.7768617081747826,-2.5643833865657384,-2.5745875609927027,0.0,-7.269215889482239,-2.943081616867038,-2.9286465159774733,-0.29923987614487446,-2.503496746592826,-2.2467105759826578
2023-08-25,-0.30115190890658283,-3.554276605544293,-3.4670815415208,-3.4479359495658057,-3.5338662447586433,-3.5258919513148634,-3.5276926129488517,-1.240252572104894,-4.099273225451627,-3.7148289102284404,-0.7242764544506564,-2.689330794696909,-3.570470192314701,-3.245664005612392,-3.3233660817240995,-3.19319835928894,-3.2202649456034127,0.0,-7.958121357982407,-3.6026112089189155,-3.5912666063122156,-0.30115190890658283,-2.831925165020477,-2.222278976679748
2023-08-28,-0.3096686535097537,-3.4440299240499628,-3.3614625288614586,-3.338100761787377,-3.466502566766716,-3.45806368800623,-3.419067175898327,-1.235129775609356,-3.6902026564903934,-3.6356652071977247,-0.9072369007808612,-2.5986070447246767,-3.3690101741805423,-3.139562820131192,-3.2419406075586465,-3.0851240399680013,-3.0914586998272986,0.0,-8.208579916815328,-3.5049858963147607,-3.4897812506140657,-0.3096686535097537,-2.6782296459172072,-2.197841271157308
2023-08-29,-0.2732968289202553,-3.664219908453481,-3.5779250567949505,-3.551725295815278,-3.85135479706451,-3.840555770667642,-3.6554527501391654,-1.241693642476771,-3.836627860292241,-4.072181167469335,-0.9840093639701175,-2.8788924001208693,-3.1858211563323247,-3.3581516721524984,-3.477883730590481,-3.2915235908532847,-3.304844681610819,0.0,-8.222765550738453,-3.7827685487912377,-3.765566860584302,-0.2732968289202553,-2.820749136055156,-2.1733974578891813
2023-08-30,-0.14401095653940876,-3.7341193754230173,-3.6234056321075125,-3.598377165421618,-3.8518342088130986,-3.8413660648983106,-3.7228265332813426,-1.2689073871798406,-3.716152225508551,-4.05972974405906,-0.9207620438661301,-2.8907380180820508,-3.1618019761811333,-3.4288632671015007,-3.567962978239503,-3.3380292513881415,-3.380316773159431,0.0,-8.383031851848866,-3.823052417862949,-3.8045531670936272,-0.14401095653940876,-2.796461006912343,-2.148947535348933
2023-08-31,-0.14512526717703755,-4.219517411077433,-4.112808512103838,-4.152905364395387,-4.357355500990112,-4.411240175079567,-4.213271364373128,-1.3470072687849388,-4.158719255330845,-4.6043738357577695,-1.0044390234646539,-3.4432334156486832,-3.6305328064167752,-3.8806212428903475,-4.008833842858572,-3.7820158989719688,-3.8507053583732964,0.0,-8.796900452098733,-4.325778312470097,-4.375729012108353,-0.14512526717703755,-2.772166807407672,-2.1244915020095623
2023-09-01,-0.06890581172716015,-3.686882284033932,-3.579613461071296,-3.8714325691387774,-3.903271704760214,-4.168782953124861,-3.6881637768821585,-1.1639117832933477,-3.9528015018396534,-4.146030403901646,-0.830237712853632,-3.0866960310529823,-2.722085768122473,-3.405033620848319,-3.524216794248758,-3.305375355666784,-3.3851950517663765,0.0,-8.592668382957203,-3.815292304465412,-4.104277157590386,-0.06890581172716015,-2.7780184537580577,-2.10002935634388
2023-09-04,0.0,-3.380002171419183,-3.24858669905006,-3.6925562176607696,-3.7606251995395246,-4.083458155827769,-3.4031047291087524,-1.0465719463976786,-4.186952161796076,-4.029755577616623,-0.8371893740241942,-2.5131272730041454,-2.2540978999102457,-3.141577675351659,-3.286575654519186,-3.005906344417175,-3.1318211381715644,0.0,-8.622880114580889,-3.554563964504487,-3.95807740649331,0.0,-2.591533184006023,-2.1190097596541446
2023-09-05,0.0,-3.05477252001195,-2.936633490198548,-3.523041653334913,-3.422705037677265,-3.901801664311033,-3.101804840560085,-0.985485116574325,-3.2466736613534053,-3.727153787944526,-0.7742371221022837,-1.8662632637624021,-2.023359312564532,-2.8548890371349667,-3.0153039820115968,-2.6873350189774214,-2.8614940815222423,0.0,-8.506514192037617,-3.243999284962673,-3.7887052156294065,0.0,-2.415770683498286,-1.9390104207520409
2023-09-06,0.0,-2.7699518752812513,-2.642302977042943,-3.3630397488466524,-2.9405096305414435,-3.6473428235308525,-2.7942660472762615,-1.0735177717769107,-2.7208944427130843,-3.284650874838224,-0.8807377268193806,-1.8359082749516586,-1.842418732418749,-2.6038156520387323,-2.814784056384134,-2.4196282811813408,-2.5764533596743466,0.0,-8.443656666558418,-2.900095308457662,-3.6038673665585663,0.0,-2.5689892688539717,-2.0517115022472887
2023-09-07,0.0,-2.1343325049971495,-2.050088908540537,-3.050338908514849,-2.43672708876701,-3.3818298541345992,-2.1961726316872654,-0.9001486760597643,-1.0739814768351286,-2.7465370960121915,-0.7892462843157033,-0.2586491606934582,-1.2618134627650823,-2.0850137304524896,-2.249684350051062,-1.9394631900397141,-2.065433981323783,0.0,-8.017763258006205,-2.327519666915334,-3.299775157340201,0.0,-1.9839894127952618,-1.5364935908814492
2023-09-08,0.0,-1.60395581899907,-1.5335173497520227,-2.7771490160809265,-1.8998929501490514,-3.0984553618658595,-1.68011993216991,-0.8833635954959118,-0.45454423920909814,-2.250322460236698,-0.7644504191780199,0.0,-0.7968365459108284,-1.618695255777669,-1.7592699037554893,-1.4714778406246354,-1.624868749137609,0.0,-7.786943767096954,-1.809348334968297,-3.0251746323760598,0.0,-1.7050562062960295,-1.3304698290776962
2023-09-11,0.0,-0.8702480546218694,-0.7920077245701096,-2.3899422323900965,-1.193573663412295,-2.72735857908577,-0.9418834356312744,-0.7515597436374644,-0.05658063306236416,-1.5490554275950252,-0.7396483567794654,0.0,0.0,-0.9386331510982893,-1.0938136924931618,-0.8008607060570383,-0.9207898338820852,0.0,-7.267767041275352,-1.07809904751609,-2.6400891552024963,0.0,-1.1665378258389092,-1.1898273194367093
2023-09-12,0.0,-0.3398136611469593,-0.2665239077341286,-2.112724691342438,-0.8576151303885227,-2.5467791059944345,-0.42486689500492725,-0.4463038120605223,0.0,-1.040809716290414,-0.7148400955710343,0.0,-0.015754828688963052,-0.5050785742409358,-0.6124500505034658,-0.3640068764348747,-0.5383245465921949,0.0,-6.791582419759523,-0.6125397045050329,-2.389307705709709,0.0,-0.5357169042753851,-0.554297121944558
2023-09-13,0.0,0.0,0.0,-1.905488167840208,-0.37269404076405444,-2.28969988493134,-0.033087666624032064,-0.46053282985665245,-0.15742102640814437,-0.6254988180532384,-0.6900256340035327,-0.3483452316268454,0.0,-0.18883332313731627,-0.2777177826067345,-0.1189755492924438,-0.1695876616115033,0.0,-6.359232121427761,-0.19686421287860023,-2.16903152876311,0.0,-0.5108576742294035,-0.7290459228500579
2023-09-14,0.0,-0.02908634849438929,-0.0265405474133229,-1.9072917617363516,-0.46110830781228573,-2.3225564006553623,-0.0822709181043546,-0.4748217305532654,-0.34068520927683643,-0.7641107025740723,-0.6652049705272556,-0.06450431702007542,0.0,-0.21858891167092498,-0.31627535905449644,-0.1371049778874811,-0.20212997825048706,0.0,-6.430333487283535,-0.25213923674646255,-2.185475480002297,0.0,-0.48599223108559686,-0.6815811284808126
2023-09-15,0.0,0.0,0.0,-1.6971219150850314,-0.09217920218432818,-2.123982901599364,0.0,-0.29998899502777787,-0.5042654971024962,-0.38577834486512863,-0.6403781035921541,0.0,0.0,0.0,0.0,0.0,0.0,0.0,-6.2338464428006946,0.0,-1.9868948237180106,0.0,-0.46112057329116274,-0.7168257996897798
2023-09-18,-0.31626956650865345,-0.44314787866908123,-0.3136546760605041,-1.8431232133791053,-0.4086590303533755,-2.273444816785253,-0.3097716409772522,-0.34113715799301003,-0.0632841924491312,-0.5793511018390318,-0.6155450316478239,-0.3827445637084814,-0.2924316846098396,-0.28042527165749176,-0.2842656842909519,-0.3057087248541923,-0.25135386437628027,0.0,-6.386703658281756,-0.2732556308690737,-2.1123703500622093,-0.31626956650865345,-0.43624269929282145,-0.872451364641369
2023-09-21,-0.2913554897208792,-0.566342075036752,-0.2887399457299322,-1.8185907449925653,-0.3837680445773928,-2.2490198992038746,-0.28485594015494886,-0.3902120342039739,-0.038306886717076605,-0.5545027773414479,-0.5907057531434279,-0.3578471010981077,-1.0892885050259093,-0.9313264344070538,-0.9343701291376738,-0.9601725698213159,-0.8994869426780627,0.0,-6.405002097338541,-0.24833080355566306,-2.0879051749421618,-0.2913554897208792,-0.5150766343504753,-0.921264606531258
2023-09-22,-0.26643518612732286,-0.7369344867326988,-0.2638189884302977,-1.7940521451761504,-0.3588708377668559,-2.2245888770729416,-0.2599340121210658,-0.4629036361423422,-0.013323338376403093,-0.5296482424716809,-0.5658602665277179,-0.3329434158344302,-1.430472859932297,-1.0648068336132965,-1.0692338839143445,-1.0976194565729402,-1.0276147892256393,0.0,-6.591990891564836,-0.2233997467496529,-2.0634338852109635,-0.26643518612732286,-0.5363156525845403,-1.0081660388733704
2023-09-25,-0.241508654171807,-1.1155447650576966,-0.23889180260531218,-1.7695074123974641,-0.33396740836691974,-2.20015174886673,-0.2350058553191703,-0.6709746534874106,0.0,-0.5047874956776166,-0.541008570249113,-0.30803350636219307,-1.4289659224081097,-1.4295591821340548,-1.4223196650445358,-1.479531241290788,-1.3868685170365769,0.0,-6.854331428846605,-0.19846245889412195,-2.038956479340337,-0.241508654171807,-0.9040162454306611,-1.2746540221199143
2023-09-26,-0.21657589229768792,-1.1353238723335157,-0.21395838669823197,-1.7449565451236548,-0.30905775482241715,-2.175708513059149,-0.21007146819254086,-0.7443057230920092,0.0,-0.4799205354066416,-0.51615066275571,-0.28311737112578506,-1.4783230189793106,-1.4474037166420595,-1.424854313617152,-1.5222320546141033,-1.3951581476847275,0.0,-6.973274803433038,-0.17351893843167154,-2.014472955801705,-0.21657589229768792,-0.8927677522976518,-1.266825664342064
2023-09-27,-0.1916368989477779,-0.6797718737925229,-0.18901873915199152,-1.7203995418215268,-0.28414187557767034,-2.1512591681237203,-0.1851308491840009,-0.4779254731442695,0.0,-0.45504736010584246,-0.5060097355156223,-0.2581950085692175,-1.2190514823515408,-1.027517894720864,-1.0164310484389372,-1.1077783207406156,-0.9583712202906325,0.0,-6.572044975544811,-0.14856918380462547,-1.989983313066046,-0.1916368989477779,-0.7216951576368036,-0.9565746655701979
2023-09-28,-0.18158896760110954,-1.311738243650984,-0.16407285840910335,-1.6958364009574844,-0.25921976907674615,-2.126803712533598,-0.16018399673602968,-0.5997830392072134,0.0,-0.43016796822188397,-0.6679288368338088,-0.23326641713604657,-2.1854877007808526,-1.6078448177783478,-1.5375620181950156,-1.6803721372899871,-1.6056505644851615,0.0,-6.843282535264594,-0.12361319345485233,-1.965487549604017,-0.18158896760110954,-0.6968824093633308,-0.8719716779603814
2023-09-29,-0.11441367005280423,-0.9013522689758413,-0.2873282798842136,-1.8172007380660604,-0.38312188272573433,-2.2483858363301246,-0.2837551106912306,-0.594282007428526,-0.12403892003647332,-0.5532402676669435,-0.7020099359010379,-0.35703723108388985,-1.6105812499975891,-1.2359885185170727,-1.1720961195861412,-1.2934992150940183,-1.2424268173569564,0.0,-6.663116200890185,-0.2473378733413245,-2.086930555889843,-0.11441367005280423,-0.6720634596093178,-0.8674564134827922
2023-10-03,0.0,-1.1583017234658377,-0.5620829468088506,-2.0877398966662963,-0.6597867462566187,-2.5198703227309105,-0.590600247960571,-0.4015474021103804,0.0,-0.81263242280607,-0.6777621710738035,0.0,-2.159439209291447,-1.4794081889225263,-1.4159789897039365,-1.510448392812147,-1.5118678951776876,0.0,-6.8347928289470445,-0.510504845200721,-2.3452443235800424,0.0,-0.6472383068248155,-0.9018257695242227
2023-10-04,-0.12755941290326644,-1.3842031402753197,-0.7693546896529568,-2.2918315087881225,-0.6670370730117336,-2.5269848916364968,-0.7704359382182613,-0.6986231182157687,-0.8845570660661495,-0.7803844577720986,-0.5214364580788056,-0.6784476404160134,-2.623624893281873,-1.6677292197808224,-1.639107145596741,-1.7069358527629475,-1.6571993036356814,0.0,-6.675860014926838,-0.6661010569365744,-2.497971101594132,-0.12755941290326644,-0.6224069494594753,-1.3156303487674492
2023-10-05,0.0,-0.5409161112849836,0.0,-1.464146144091505,0.0,-1.7718495200828244,0.0,-0.03956350106825157,0.0,0.0,-0.2287707144782991,0.0,-2.07426788324947,-0.9121213915122439,-0.830838495334385,-0.9730434435679447,-0.9325429313032929,0.0,-6.170468200821522,0.0,-1.6791656082171924,0.0,-0.5975693859625597,-1.3205522044884566
2023-10-06,0.0,-0.2491905505340175,0.0,-1.1679147654338085,0.0,-1.6260930336593926,0.0,0.0,0.0,0.0,-0.046953342319422386,0.0,-1.5344319784834748,-0.639115059265738,-0.5805092807611989,-0.704985819239734,-0.6319007754525097,0.0,-6.013916295618604,0.0,-1.4356133532507642,0.0,-0.6319842277146104,-1.352272097803242
2023-10-09,-0.054960075784427076,-0.7142899732478725,-0.46047258571884075,-1.623009423833266,-0.37265856492444405,-1.9926918236202518,-0.44387470913749283,-0.19515135342782486,-0.3613470218393089,-0.22533494795273779,-0.21678606619096596,-0.3553567240510147,-2.241606445593647,-1.096884529617037,-1.0967740537262682,-1.1436964012575768,-1.0502246060573373,0.0,-6.138882319441786,-0.4108165284503418,-1.840532144761331,-0.054960075784427076,-0.6299719482910637,-1.395721115473647
2023-10-10,-0.056409486626995964,0.0,0.0,-0.8211927038559441,0.0,-1.189512166816542,0.0,0.0,0.0,0.0,-0.08455580392702222,0.0,-1.3523176001554726,-0.3463974329821373,-0.3606422048573421,-0.3584509851734752,-0.32015530192038844,0.0,-5.6616321835646914,0.0,-1.0547681066557013,-0.056409486626995964,-0.15828226560414826,-0.9446363478326947
2023-10-11,-0.061156241573123715,0.0,0.0,-0.3083553448906651,0.0,-0.48578105982394204,0.0,0.0,0.0,0.0,-0.11735036828969259,0.0,-0.7435931228555348,0.0,0.0,0.0,0.0,0.0,-5.585304658941858,0.0,-0.49345462320287137,-0.061156241573123715,0.0,-0.8741227409353791
2023-10-12,-0.31894286758539225,-0.3387854896239495,-0.3466989633659767,-0.6539852434724214,-0.19614048860180366,-0.6809687350814775,-0.30746255719762416,-0.47838994821770564,-0.3072184476043516,-0.2626242450519012,-0.13338609046601446,-0.7582813998507243,-0.8305160191366512,-0.266665737200078,-0.249452173717446,-0.3075609339179608,-0.2429845444846146,0.0,-5.9580168025621605,-0.3079941515500506,-0.7999289633728979,-0.31894286758539225,-0.5087310179628157,-1.3011473232816817
2023-10-13,-0.11318807947031662,-0.7092707748233784,-0.7231265008614263,-1.0292520465363553,-0.3375553458993319,-0.8216966257864722,-0.6133672626382758,-0.7112928111327133,-0.14268147661795627,-0.15337300273116083,-0.3067338919766738,-0.8311866650937305,-1.045694955219234,-0.6123166370139099,-0.591613773537869,-0.6522718586358334,-0.593062817149792,0.0,-6.3743233813963185,-0.575090738035422,-1.0657075494038493,-0.11318807947031662,-0.5438534905524373,-1.3971272542687485
2023-10-16,-0.30721232563566403,-0.9551103274436645,-0.9733116190703162,-1.278665705561155,-0.631173977844135,-1.113888914029204,-0.8792987440539801,-0.854711906260408,-0.17172256060795643,-0.5301602713367881,-0.4375883088107213,-0.9112537317699232,-1.142393374790307,-0.8430127547076949,-0.8124284855778874,-0.8934919955092435,-0.823113779532858,0.0,-6.447528021181292,-0.849077692680511,-1.338342502754275,-0.30721232563566403,-0.6021170398103903,-1.419549763050798
2023-10-17,-0.3903015208959304,-0.740383397755151,-0.7503285768877821,-1.0563702435073652,-0.4085162763887151,-0.8923128415156967,-0.6628288740833876,-0.8646058090915898,-0.5209678139798446,-0.44488877159298834,-0.4629171540022181,-1.3675690483124336,-0.7428396540934412,-0.6334135982390077,-0.6491996346304152,-0.6525175613933953,-0.5985354092145512,0.0,-6.478939826868524,-0.6494386289716436,-1.1396885672349977,-0.3903015208959304,-0.5354641460644904,-1.437859980168965
2023-10-18,-0.5651464598258271,-1.3888734513329948,-1.397589057763149,-1.7016348620946031,-1.0402219082286335,-1.52094976704229,-1.3247108918332473,-1.0596965352371313,-1.0436550703825764,-1.0557749928385873,-0.4961051637002001,-1.8446034966999147,-1.4462565627017643,-1.2310212977816204,-1.2847388223169331,-1.2256445808483174,-1.182705492395797,0.0,-7.055322211855641,-1.2849189156372232,-1.772033047046473,-0.5651464598258271,-0.7103007203207334,-1.4926157860329803
2023-10-19,-0.6519848304393006,-1.8105112544806623,-1.8236313386561953,-2.1263634188430247,-1.4496614677546926,-1.9284003467367694,-1.7595260506606314,-1.254505707925213,-1.161391809904233,-1.471549016801943,-0.5519074084118003,-2.0301252808313075,-1.678726139078024,-1.6440834644341207,-1.7039103174848913,-1.6594059189699584,-1.5689666008840586,0.0,-7.187562743798526,-1.7033501381460203,-2.188399501342886,-0.6519848304393006,-1.1026183827020586,-1.550063934490853
2023-10-20,-1.22274010146316,-2.485626556230469,-2.4854236250389405,-2.786115033338654,-2.1906823621957394,-2.665821502023258,-2.4106409128445194,-1.4442604247358215,-2.308535538190748,-2.150881077752198,-0.5270522248783216,-2.6434304834946243,-2.089797167995411,-2.2730461399346757,-2.281334993017259,-2.3016336813914795,-2.236179950833217,0.0,-7.2801995684317555,-2.407193103564609,-2.888769321108531,-1.22274010146316,-1.077900839036583,-1.6404095999879464
2023-10-23,-1.5880511513798545,-3.635074982802944,-3.6319951994505772,-3.929151093017602,-3.226185061160336,-3.6962939250023252,-3.5294930098328847,-2.0413392344610704,-3.7254847262751634,-3.1752065629799153,-0.5311902370376265,-4.20637483708366,-3.396928475901173,-3.3056454267229807,-3.3125390235915986,-3.3368171272625036,-3.267590212808702,0.0,-7.778119668282136,-3.51656544421155,-3.992667412652029,-1.5880511513798545,-1.053177117685189,-1.8696494058795365
2023-10-25,-1.7390168959094288,-4.41182963094443,-4.406547206612221,-4.701314727666206,-4.062068762442294,-4.528117061581294,-4.322225893776254,-2.400423167183452,-4.8697265989018685,-4.037287159086667,-0.7207514756578104,-5.464526325281238,-4.19653496803345,-4.028882617802976,-4.05794721850431,-4.060422335887326,-3.968299259999941,0.0,-8.247088174052609,-4.304516493323751,-4.77673028088379,-1.7390168959094288,-1.028447217103834,-2.0249722777797907
2023-10-26,-1.9082028321495859,-5.521850836516551,-5.509750250439871,-5.801115985943229,-5.1420382573996175,-5.602840269280252,-5.42160924610573,-2.8993871685360384,-6.054114133388433,-5.056181023997485,-0.8826072490989323,-6.973714989992851,-5.523706587949084,-5.040790014371755,-5.069959485831244,-5.078509197572667,-4.973923705141836,0.0,-8.727978741939225,-5.38041574486372,-5.847320457826044,-1.9082028321495859,-1.003711135748142,-2.1989603967669913
2023-10-27,-1.8836866291918164,-4.632935285984329,-4.627428370972819,-4.921514793150661,-4.411710994911255,-4.876060798307769,-4.586233790769656,-2.6563178299522927,-5.296731650035635,-4.469160858019761,-0.6547483071211557,-5.867513684179537,-4.571791767480038,-4.225944011294924,-4.280366076340513,-4.248953799670129,-4.148543628315515,0.0,-8.454457665694282,-4.561415832852167,-5.032361938744345,-1.8836866291918164,-0.9789688720733492,-2.174516863203324
2023-10-30,-1.8591642988694534,-3.9706089222511842,-3.969272714619343,-4.265388594941266,-3.757177150778279,-4.224706555619706,-3.902546743290347,-2.429327372040835,-4.811580477297284,-3.80875576371672,-0.5194320366416982,-5.162029125311518,-4.102596005487147,-3.6037552563764508,-3.631801365452325,-3.635889191744368,-3.543595805090105,0.0,-8.144969265704116,-3.9123046727257638,-4.386453847647309,-1.8591642988694534,-0.9542204245343133,-2.1500672204373794
2023-10-31,-1.8346358396510665,-4.44605944087979,-4.449070338070116,-4.812168993505894,-4.257152511018402,-4.773556793570711,-4.394075284767595,-2.527842328733687,-5.091217491408573,-4.261348238662476,-0.6202385457704795,-5.49863989214634,-4.409717701161919,-4.0563002394262915,-4.094268419580649,-4.094170443989109,-3.980488518015257,0.0,-8.499148045852046,-4.381604923123838,-4.919730792803556,-1.8346358396510665,-0.9294657915855042,-2.125611466942312
2023-11-01,-1.8101012500048141,-4.7930422822768275,-4.795102014593089,-4.98091087971666,-4.628606827959459,-4.95167344090961,-4.734694354189639,-2.647602052991771,-5.7964011354949,-4.66867008346612,-0.7217242287247072,-6.327487832457024,-4.862875342361761,-4.381609959777688,-4.43784227425631,-4.411885301965846,-4.295136222931573,0.0,-8.673754246620158,-4.734408265501844,-5.085881667134662,-1.8101012500048141,-0.9047049716809363,-2.101149601190788
2023-11-02,-1.785560528398511,-3.9573382744376273,-3.9590291094961927,-4.544966273160189,-3.796865696322882,-4.518729135571209,-3.9028032514566657,-2.309965901902089,-5.051372568196855,-3.829356554046859,-0.5274303256858737,-5.464704287822098,-4.140925059267775,-3.6082638674459377,-3.656000162600004,-3.648039817359716,-3.520783454320764,0.0,-8.160019023505438,-3.8911161346002143,-4.649618789977894,-1.785560528398511,-0.8799379632743465,-2.076681621655263
2023-11-03,-1.7610136732996495,-3.385026186873763,-3.380514235503118,-4.242801115567707,-3.2795584341752004,-4.245823062568577,-3.324575233858451,-2.1510590335117152,-4.995693076188057,-3.2770499319935475,-0.4439875218391065,-5.273973700326229,-3.6531959227891764,-3.0739461761111975,-3.1295188533415175,-3.086599385760791,-3.0057500853750807,0.0,-8.014388697246721,-3.318671150660213,-4.3489165285378935,-1.7610136732996495,-0.8551647648190386,-2.0522075268076367
2023-11-06,-1.7364606831752338,-2.7002465208365134,-2.7016518441158044,-3.879981287327261,-2.5802151491500003,-3.8796285360813587,-2.628424766543025,-1.874602791247304,-3.527635186153011,-2.5889955198222236,-0.13510782365552254,-3.6302598957970056,-2.7456183355802355,-2.455099120907678,-2.496602308136875,-2.4960599769185743,-2.3726641295341633,0.0,-7.5845385807448595,-2.649723966315154,-3.997525294817217,-1.7364606831752338,-0.8752129517491825,-2.042567837113296
2023-11-07,-1.7119015564918905,-2.8434205282492075,-2.8430771718567116,-3.940926838869052,-2.7940117723465274,-3.9754789091800413,-2.7829203594059937,-1.931303810643381,-4.002623382241543,-2.766553944908856,-0.17999984506136268,-3.9638422319503763,-2.770923143616144,-2.585984730326829,-2.6205821793361173,-2.6206661572581003,-2.5167301879671533,0.0,-7.638773049132686,-2.8030282884558555,-4.063182342262928,-1.7119015564918905,-0.8757886311481999,-2.0535427225034875
2023-11-08,-1.6873362917159906,-2.642467257189518,-2.652496102714519,-3.8302020629911615,-2.4738794570609013,-3.802432071013817,-2.59001340283328,-1.706889139189749,-3.0301196766158722,-2.468306466606862,0.0,-3.3640404131152435,-2.58654835900185,-2.417436783667992,-2.44530016843314,-2.481089941745507,-2.325947546038898,0.0,-7.367827117564795,-2.5681332422332948,-3.933877630090832,-1.6873362917159906,-0.9457048708994664,-2.035553448396632
2023-11-09,-1.662764887313395,-3.1780498757204123,-3.2001396463657183,-4.090981617314382,-3.0336957103818007,-4.074046650144214,-3.129158775019547,-1.814214409325643,-2.7069460434540726,-2.9954650631041635,-0.08557681363070557,-3.028501471102951,-2.828030204597376,-2.910745337294429,-2.938047936662913,-2.968631847355019,-2.8255820156596556,0.0,-7.698819474693175,-3.1195740563761842,-4.197469360765904,-1.662764887313395,-1.2603477504720129,-2.087661546317987
2023-11-10,-1.6381873417495973,-3.0197299473145645,-3.0457919117335086,-4.001776786188027,-2.8370206373232953,-3.9641214269362846,-2.961892543566036,-1.6950952434035327,-2.383722653110787,-2.78345158356591,-0.07594661683867354,-2.8240027441064353,-2.6774832318083863,-2.7675674044364995,-2.789875694330335,-2.827615079493684,-2.68523526119534,0.0,-7.631549395139093,-2.943583595701438,-4.096775114105322,-1.6381873417495973,-1.1284739288965562,-2.0015622234579533
2023-11-13,-1.6136036534897702,-3.0224882422459687,-3.0514558720686313,-3.990525041402626,-2.8822701775024107,-3.9743852358233966,-2.9912709744216337,-1.6660284251298507,-2.1303994480820987,-2.890171240514472,-0.058996052302418,-2.4874532598324617,-2.5862939409782904,-2.7713287684985377,-2.7888596991539782,-2.8270565686679183,-2.698090600517411,0.0,-7.620656724975506,-2.971705409329528,-4.098793230561936,-1.6136036534897702,-1.0898801794554935,-1.9452708068322444
2023-11-15,-1.6039697780051765,-1.8019817658854298,-1.8190646805004596,-3.3536087071572296,-1.7377266672120029,-3.3824565175290977,-1.7852079736885629,-1.3991161644357542,-1.2503530330272516,-1.8687016869609274,0.0,-1.466395558859579,-1.4244646804527195,-1.6452261189342954,-1.6896156489195513,-1.6769217480140375,-1.5691694182878746,0.0,-7.102516672269143,-1.7934784270002058,-3.49341831526806,-1.6039697780051765,-0.6346552109168679,-1.719688443100953
2023-11-16,-1.597688833795019,-1.4345153053051063,-1.4339904320198604,-3.1449605811821657,-1.4524496281144605,-3.2221542722013385,-1.4480829306121268,-1.4141147264572163,-1.685658930924372,-1.659231511117698,0.0,-1.4814056034841316,-0.9748101797311559,-1.3165625206616682,-1.3743712500693173,-1.347724503160852,-1.227626687661021,0.0,-6.942838732563617,-1.4702402120726044,-3.3211290389395076,-1.597688833795019,-0.6098207086429497,-1.748546510650817
2023-11-17,-1.9832053375941738,-1.6868677235018836,-1.7026926163316247,-3.262216933430284,-1.382368872711015,-3.174470156550935,-1.6678642297722868,-1.0885250241706612,-0.5383324546540114,-1.5174881078843905,0.0,-0.4175990775263094,-1.142138956766725,-1.5381122875996023,-1.5418890323190215,-1.6250951004218472,-1.4473733381558884,0.0,-7.053164912702137,-1.631930844408791,-3.3917104265663856,-1.9832053375941738,-0.5849799994514848,-1.56764410538065
2023-11-20,-2.0296838780497706,-1.723720802227724,-1.7378650693674058,-3.2696424265322266,-1.4873693382863928,-3.2158336836828894,-1.7050097416728582,-0.9860396782251257,-0.9782823406611185,-1.5994255437881577,0.0,-0.47466723215763285,-1.3315238193834733,-1.5788660419621126,-1.5949059007550281,-1.657801579632845,-1.4839154897780094,0.0,-7.153178442120933,-1.684862281116839,-3.407283818469775,-2.0296838780497706,-0.5601330817911698,-1.4974849892863462
2023-11-21,-1.9553988782620157,-1.482391385144255,-1.4932946678005266,-3.137492171115075,-1.2522061864763567,-3.0865547846128383,-1.4452811926805365,-0.927878311158925,-1.2203292605004634,-1.4206926021384847,0.0,-0.4967425497871658,-0.8836208889010488,-1.3657467030227521,-1.3921568889872615,-1.4397487107995377,-1.265363339754333,0.0,-7.151318334737633,-1.4546342904956155,-3.279433514892305,-1.9553988782620157,-0.5352799541103015,-1.4728661351153027
2023-11-22,-1.7076425836984432,-1.2202277392633243,-1.2270820664642024,-2.989860428774016,-0.9710088035935094,-2.931392251591658,-1.197707617445598,-0.9175148924495558,-0.8383303605061343,-1.1988560087275113,0.0,-0.22082533902253454,-0.7410880838542577,-1.135223616050851,-1.147032407995363,-1.200473603049057,-1.0581846677102713,0.0,-7.08088193848726,-1.194288896302087,-3.1370229514712467,-1.7076425836984432,-0.5104206148568102,-1.4482411279238772
2023-11-23,-1.82837629962459,-1.2744694173047355,-1.2777856200079873,-3.009766590706142,-1.0353901267618704,-2.954425942680783,-1.2371983098808603,-0.8213571128876995,-1.4660526963587106,-1.2746362209853923,0.0,-0.860643526831506,-0.7904353951168508,-1.181444337027726,-1.2107296151715352,-1.2520666931780888,-1.081566204237061,0.0,-7.020895829150586,-1.2439696969672842,-3.1509353404413187,-1.82837629962459,-0.48555506247820457,-1.423609966174233
2023-11-24,-2.062357689794869,-1.441226475621249,-1.4504798269461494,-3.085944031039367,-1.190938867163538,-3.0229512446414697,-1.3891525494964418,-0.8520312375468797,-1.530389508857366,-1.4194431317132494,0.0,-0.8710215667414034,-0.8270128786583175,-1.3438186125946827,-1.3491732119697675,-1.4219065694308641,-1.260395513669177,0.0,-7.256865463188678,-1.4100338798586964,-3.2211963612659877,-2.062357689794869,-0.46068329542166,-1.4287166385693384
2023-11-28,-1.9008046634432119,-1.3246147604301983,-1.3347800007772914,-3.01553657961644,-1.1482362709465899,-2.9887367307759205,-1.2953415654853306,-0.7407441293884154,-1.688392000626504,-1.3965409908764381,0.0,-0.6123598843584155,-0.35105546842381097,-1.2364617328691763,-1.2555125368380216,-1.2634680787495856,-1.1904196887350227,0.0,-7.172084131246637,-1.315118616333355,-3.1624824092250425,-1.9008046634432119,-0.5683397226316944,-1.322913802467951
2023-11-29,-1.2262081387497847,-0.3336283352252667,-0.3404316488008208,-2.4974890246922565,-0.15995412984902702,-2.4769858779332687,-0.28683914448348613,-0.4531862077087889,-0.7960168966098191,-0.3663410744863427,0.0,0.0,0.0,-0.3451382587744134,-0.353419529860477,-0.36249657847928773,-0.31950644674738626,0.0,-6.559082106557801,-0.32460575532995417,-2.650620644362567,-1.2262081387497847,0.0,-1.0791663466249601
2023-11-30,-1.1508889016056068,-0.30254060749050904,-0.32661187456183294,-2.5084514046373907,-0.04820724649281516,-2.436221570205521,-0.25296094534492664,-0.1593078189438546,-0.29817492927038947,-0.14620394237486734,0.0,0.0,0.0,-0.33690995827648784,-0.3429113407974027,-0.35159354099556506,-0.3162310842718785,0.0,-6.529238704325779,-0.24803085429934146,-2.632923339833615,-1.1508889016056068,0.0,-1.054442941563427
2023-12-01,-0.8104987817627696,0.0,0.0,-1.7775871194072423,0.0,-1.708558588821707,0.0,0.0,0.0,0.0,0.0,0.0,0.0,0.0,0.0,0.0,0.0,0.0,-5.868222984977345,0.0,-1.8659371442947492,-0.8104987817627696,0.0,-1.0297133573509587
2023-12-04,0.0,0.0,0.0,-0.14706896360096033,0.0,-0.11360013205777841,0.0,0.0,0.0,0.0,0.0,0.0,0.0,0.0,0.0,0.0,0.0,0.0,-5.043083645216773,0.0,-0.2133777752121424,0.0,0.0,-1.004977592443257
2023-12-05,-0.08677914748281834,0.0,0.0,0.0,0.0,0.0,0.0,-0.07473764874424971,-0.15936004579285568,0.0,0.0,-0.09539959438833456,0.0,0.0,0.0,0.0,0.0,0.0,-5.187383525363032,0.0,0.0,-0.08677914748281834,0.0,-0.9802356452955463
2023-12-06,0.0,0.0,0.0,0.0,0.0,0.0,0.0,0.0,0.0,0.0,0.0,0.0,0.0,0.0,0.0,0.0,0.0,0.0,-4.481528015737723,0.0,0.0,0.0,0.0,-0.9554875143626962
2023-12-07,-0.6598754499587467,-0.6816971595271948,-0.6578642265826051,-0.4846398801790275,-0.8170373695269517,-0.6084715773536087,-0.688162444568674,-0.4188282225950579,-1.263790823792299,-0.9017986974765191,0.0,-1.4778988154792727,-0.17455990623972406,-0.5990967198585384,-0.6507201569358023,-0.593782273367105,-0.5526795074025093,0.0,-4.898749509857925,-0.7301508667767909,-0.5458760362847426,-0.6598754499587467,0.0,-0.9307331980991873
2023-12-08,-0.260074465917548,-0.2978783493273296,-0.2711314823186761,-0.19005531010477528,-0.4898931305139298,-0.3563343562152488,-0.319314888281097,-0.10715866135238006,-1.5340206832003656,-0.6025743237468184,0.0,-1.0720260007420546,0.0,-0.24280829962262107,-0.32277243394607247,-0.2263106233321488,-0.17917740201919274,0.0,-5.0349950866446775,-0.39154363257369873,-0.2850973412780622,-0.260074465917548,0.0,-0.9059726949590896
2023-12-11,-0.14458951506022277,-0.17938896730709253,-0.14959338843740788,-0.08971141420468509,-0.38222640735080526,-0.2674519566241873,-0.18664158641187312,-0.061302643477734176,-1.1756088157908628,-0.4926414127174872,-0.06605782657771453,-0.9759973782621056,0.0,-0.13696185894562785,-0.1980170942660453,-0.12064056289948777,-0.09210380440766164,0.0,-4.984681740171326,-0.2761821314589019,-0.19217787213354764,-0.14458951506022277,-0.12384663761592085,-0.88120600339614
2023-12-12,-0.6403655209408887,-0.6548779525112014,-0.6159278109504118,-0.43266158359666074,-0.8379315254929964,-0.6043882818731472,-0.6324931059034311,-0.48280271102962846,-1.889212701407228,-0.7774724395321897,-0.06506252163437365,-1.6532889639295445,-0.43196070141754417,-0.5626987497034608,-0.6397448360987212,-0.5261959299731944,-0.5220050094508988,0.0,-4.955024750611436,-0.7057719062546708,-0.5107321483357241,-0.6403655209408887,-0.6026642070612986,-0.8564331218636423
2023-12-13,-0.6383957216455016,-0.5905110437736782,-0.5731348942483949,-0.39451696896396493,-0.7526453448911008,-0.537481726245892,-0.5787441156166806,-0.4515312872213184,-0.7390941781203364,-0.6619036193254768,-0.04008566036227679,-1.1232346833533913,-0.33695129954237624,-0.5118787267985758,-0.5705741478082338,-0.4958972525060612,-0.4690455744139621,0.0,-5.167691113570205,-0.6184463439674714,-0.4299466776985561,-0.6383957216455016,-0.5806066892855899,-0.8316540488145563
2023-12-14,0.0,0.0,0.0,0.0,0.0,0.0,0.0,0.0,0.0,0.0,-0.04460673314219399,-0.1275717936621179,0.0,0.0,0.0,0.0,0.0,0.0,-4.394101697669939,0.0,0.0,0.0,0.0,-0.8068687827013643
2023-12-15,0.0,0.0,0.0,0.0,0.0,0.0,0.0,0.0,0.0,0.0,0.0,0.0,0.0,0.0,0.0,0.0,0.0,0.0,-4.327777972632186,0.0,0.0,0.0,0.0,-0.7820773219763044
2023-12-18,-0.31105864642329006,-0.24799572309154305,-0.25857311834007746,-0.19133233536086092,-0.21621512091554163,-0.15942404541545718,-0.2723167835039342,-0.22342701143156507,-0.4345021901599577,-0.28801376174889537,0.0,-0.08975811812869106,-0.17710126840955187,-0.2159762256276343,-0.2060667849303477,-0.2514285670930816,-0.19042415562764425,0.0,-4.523980464636701,-0.2537681298261818,-0.18740829274006554,-0.31105864642329006,-0.30508610076566134,-0.7572796650911262
2023-12-19,-0.17750536965652763,-0.02506929257192203,-0.03491611886545787,-0.016186320590871883,-0.025560775316146866,-0.012664114540361648,-0.06423751243039844,0.0,-0.028624328406146038,-0.1692456508521345,0.0,-0.1495923493003537,-0.016548627979451336,0.0,0.0,-0.03903060118670698,0.0,0.0,-4.57100587576943,-0.0265591982297253,-0.005605285211429667,-0.17750536965652763,-0.2645010537194903,-0.7324758104971685
2023-12-20,-0.9857310096609728,-1.2747256839855892,-1.2806251404282931,-0.9569420659529704,-1.143122520535822,-0.850397933807101,-1.254752859758168,-0.7976340651928537,-1.8698735746845996,-1.1774102330067704,-0.311033608448652,-1.9143204221543253,-1.4284615465138706,-1.103259138232282,-1.1463144596636443,-1.120771349970484,-1.0811989792373855,0.0,-5.279988781080935,-1.2222960529882254,-0.9080467450846341,-0.9857310096609728,-0.2395740383639322,-0.7076657566454814
2023-12-21,-0.5280306107045774,-0.7746988189063386,-0.7797301004765389,-0.5702489377456765,-0.6565001673708215,-0.47220430022572035,-0.7644287185095355,-0.3808057519193886,-1.6675594742129651,-0.8459133680872255,-0.2371547425378373,-1.5760154249024882,-0.939567013978515,-0.6299248826608816,-0.6960996738766267,-0.675100110953275,-0.5571985453107664,0.0,-5.086216587700809,-0.7564173031896382,-0.5485490758358358,-0.5280306107045774,-0.21464079296885652,-0.6828495019866376
2023-12-22,-0.4719690932196152,-0.3572345041510938,-0.38000598872796054,-0.2649340621689422,-0.1736027308575916,-0.10383802695804745,-0.39747032505833557,-0.23475435207425122,-0.4077987348980683,-0.43199565687787045,-0.014669108058351643,-0.30392508204233337,-0.49984502728747104,-0.27776252388537204,-0.29762909872216303,-0.3070002505237146,-0.26753765318138223,0.0,-4.704314666844411,-0.3438982789347289,-0.23419749478167384,-0.4719690932196152,-0.18970131597726425,-0.658027044970888
2023-12-26,-0.4928383474598008,-0.1983567897392735,-0.2352117951260113,-0.14978241674177273,0.0,0.0,-0.21816714097689927,-0.2062325236180329,0.0,-0.17003509546136275,0.0,0.0,-0.07131020439555824,-0.12578959335249884,-0.13920728830537632,-0.15977248750126405,-0.11734088724961733,0.0,-4.598065401960483,-0.1597677012029508,-0.08542179596037203,-0.4928383474598008,-0.16475560583163462,-0.6331983840480726
2023-12-27,0.0,0.0,0.0,0.0,0.0,0.0,0.0,0.0,0.0,0.0,0.0,0.0,0.0,0.0,0.0,0.0,0.0,0.0,-4.111639219155261,0.0,0.0,0.0,-0.2588376136956727,-0.6083635176676316
2023-12-28,0.0,0.0,0.0,0.0,0.0,0.0,0.0,0.0,0.0,0.0,0.0,0.0,0.0,0.0,0.0,0.0,0.0,0.0,-3.885672015910091,0.0,0.0,0.0,-0.12579459181588648,-0.5835224442786835
2023-12-29,-0.2880494667959699,-0.37745255377478193,-0.39342074844155306,-0.2966405211799805,-0.23009964079055978,-0.17180717464834183,-0.3537485250846184,-0.33679681918437065,-0.10606544100867366,-0.07562610092524125,0.0,-0.2911025554641067,-0.21717930740454694,-0.34348665645164145,-0.36310909973797934,-0.35303867929796784,-0.3142576801357544,0.0,-3.8952091958702306,-0.3114303094495008,-0.22877067182131006,-0.2880494667959699,-0.10083290938449618,-0.5586751623298025
2024-01-01,-0.32521246030895457,-0.41371452421280486,-0.4107533640609451,-0.3040751378935891,-0.3555830863545495,-0.2595507255516716,-0.39213134078939227,-0.17632991939100506,0.0,-0.22800460533610734,0.0,-0.465548481400091,-0.16896706160172137,-0.3570530073089828,-0.3572368905970458,-0.40778541837984683,-0.3060888105442583,0.0,-3.9813231222046164,-0.35905268045528516,-0.2594613727832984,-0.32521246030895457,-0.07586498824923016,-0.5338216702693521
2024-01-02,-0.45209515652587795,-0.9819260940332808,-0.9683265594120471,-0.726380726093312,-0.8866527215757425,-0.650769904820292,-0.9537484338924096,-0.5487525110141167,-0.8667936946386345,-0.9909270752173849,-0.14887147627467012,-1.1170198724745894,-0.5183892590003847,-0.7920842321736843,-0.7821924705889383,-0.8510451922202455,-0.7429828308394781,0.0,-4.556564105850825,-0.9482296320321382,-0.7012565217036748,-0.45209515652587795,-0.18514225265355844,-0.5089619665451628
2024-01-03,-0.9610098717987348,-1.4143104343340096,-1.4150882271671383,-1.0594307237649092,-1.253143439546367,-0.9229844674528365,-1.359937608023709,-1.1111987218085706,-0.38518042517426965,-1.223031497346827,-0.10838277350290193,-1.650518000337886,-1.200023962634078,-1.1420549413548975,-1.1677119648272005,-1.164249201406764,-1.0941233022668473,0.0,-4.405533540983897,-1.3123174553489991,-0.9652204381620622,-0.9610098717987348,-0.6376601574207053,-0.4840960496048208
2024-01-04,-0.8255940620008007,-1.0468125110426274,-1.054022976327973,-0.7822462246042439,-0.926167746644635,-0.6716375134926067,-1.025936347494183,-0.9226716272660029,-0.08946365675697177,-1.0721980820503019,-0.08465145757254877,-1.1781919259661544,-0.5514544655247478,-0.8355241004693204,-0.8636749706058322,-0.840916274465231,-0.8019106324121283,0.0,-4.35284549159406,-1.0056429208153639,-0.7274959964473138,-0.8255940620008007,-0.39018367240508667,-0.4592239178954016
2024-01-05,-0.8037231899510999,-0.4689735441125831,-0.4834135287851704,-0.3381134636787353,-0.3271169154501763,-0.2145475020472909,-0.4645444953885747,-0.5254981869586617,0.0,-0.43561282711701566,0.0,-0.5002037211998211,-0.3117653484168925,-0.3185963404422343,-0.34240428571902237,-0.33070156293500963,-0.2826165527449742,0.0,-3.9971757153101417,-0.4301230717140503,-0.2869341922217439,-0.8037231899510999,-0.37668360145517443,-0.4343455698636811
2024-01-08,-1.5229167700865354,-1.577473176339328,-1.6066535591784947,-1.182196352933551,-1.3726769582779408,-0.9952871379574457,-1.5881157257590761,-1.5790922200050517,-0.9386067178697277,-1.5885746913086307,-0.3192723605914827,-1.4716709801363304,-1.2199958137134814,-1.3511605014459138,-1.4267545603677045,-1.3261317446256804,-1.3004430606502582,0.0,-4.282926653411224,-1.5648079749104427,-1.1350483584178228,-1.5229167700865354,-1.1906772199703375,-0.5281772619572633
2024-01-09,-1.5526140230155638,-1.3462013944727236,-1.3968178134677545,-1.0126481459921455,-1.0866417115369509,-0.7750209639093564,-1.393017984274858,-1.666933250025615,-0.07509545523320948,-1.3538054820005807,-0.29376205294550095,-1.0961321113899802,-1.0737537950552989,-1.178699176501985,-1.2646569110520756,-1.1420088103369808,-1.1292665136186542,0.0,-4.327793187590034,-1.3449213930975312,-0.960486747414202,-1.5526140230155638,-1.0255876030013544,-0.4440301650258438
2024-01-10,-1.319019364072338,-1.0611937162441576,-1.1017365409053959,-0.7859379185544912,-0.7395740256587291,-0.5058495704046373,-1.0509385345762956,-1.3184258480888889,-0.2606523731363941,-1.0826971972780597,-0.18773127647393473,-0.8368922435506798,-0.7346627931858141,-0.918771016592701,-1.0022048924123839,-0.9044058249345288,-0.8495220074920429,0.0,-4.050101732286782,-1.0581836527617905,-0.7409005324740203,-1.319019364072338,-0.828500126337306,-0.49438202703131484
2024-01-11,-1.4703362280918397,-1.267388203011377,-1.2994344759314602,-0.9334113957376489,-0.9101288864725721,-0.6251246919676823,-1.2296440004439524,-1.408466276595799,-0.7510308089029527,-1.5007107146150722,-0.5500088225706024,-1.0901429891857162,-0.6038009831495494,-1.1132629626933621,-1.2259984186273942,-1.1092469096836588,-1.0042854997580286,0.0,-4.441769230686409,-1.3000368357011571,-0.9200416720327564,-1.4703362280918397,-0.8467631600160508,-0.5196207780599815
2024-01-12,-1.2453112079329087,0.0,0.0,0.0,0.0,0.0,0.0,0.0,0.0,-0.30651844899031166,0.0,0.0,0.0,0.0,0.0,0.0,0.0,0.0,-4.308317777862158,0.0,0.0,-1.2453112079329087,-0.3491891321079743,-0.026359976078371705
2024-01-15,-1.000813142343382,0.0,0.0,0.0,0.0,0.0,0.0,0.0,0.0,0.0,0.0,0.0,0.0,0.0,0.0,0.0,0.0,0.0,-3.8822674288498837,0.0,0.0,-1.000813142343382,0.0,0.0
2024-01-16,-1.1710480789871358,-0.2866527863560342,-0.29680446666336957,-0.21728800943424664,-0.26190679686047824,-0.19462519607661433,-0.27147522883285147,-0.026493063561472407,0.0,-0.09272236332139583,0.0,-0.27365946362958304,-0.2948233384544974,-0.25646846059650397,-0.2282133017341037,-0.25282078264941,-0.28835424083041294,0.0,-4.1314326281012175,-0.24219171011896634,-0.1716101350802135,-1.1710480789871358,-0.3465371054763411,-0.3472323487009654
2024-01-17,-1.2620247888624814,-1.7632017642344344,-1.7798349538196145,-1.3286582116094126,-1.6940080687009806,-1.2678505553934571,-1.8443826431610577,-1.3327429069751706,-0.5120489915188764,-1.7355188151731427,0.0,-1.799985894915146,-2.3781025348125318,-1.660098874906879,-1.5781453107957755,-1.6154522741335886,-1.7865987703824415,0.0,-5.479704326274614,-1.7349611321751723,-1.2975726325232806,-1.2620247888624814,-0.3216305934916286,-0.3223260104792458
2024-01-18,-1.1951284738475954,-1.8559970747951904,-1.8752764420330803,-1.3930050625696966,-1.8381384148443924,-1.3695793816716373,-1.9738244673968564,-1.593987392788787,-0.2139354321016862,-2.0045308195339118,-0.07543457639042073,-1.934637821438956,-2.874536388620963,-1.7619063504765275,-1.6969093069745034,-1.7159275307775057,-1.8727869296725541,0.0,-5.507234283440732,-1.8651554709632756,-1.3905604622844736,-1.1951284738475954,-0.2967178565918438,-0.2974134473858969
2024-01-19,-0.45080267193056134,-0.8631208455856854,-0.8911454162338295,-0.6349602352915706,-0.714301577002896,-0.5133916591964494,-0.970793380961188,-1.1159056580937743,0.0,-0.8143240134231622,0.0,-0.9243116042130795,-2.149790337438229,-0.9116233316050826,-0.8064261603016876,-0.8933935384162539,-1.0349798602308002,0.0,-4.644337340954063,-0.8295980476824338,-0.6025765809260952,-0.45080267193056134,-0.2717988932212534,-0.27249465786512994
2024-01-23,-0.7144648708092061,-2.6890222449377332,-2.7080488478682385,-2.0191868816985092,-2.6749001708564646,-1.9817678109746217,-2.772699690522018,-2.3411731543006464,-1.6762842676655954,-2.9180261312702904,-0.3136292795179574,-2.8562399516387504,-3.885735538975388,-2.621379923719247,-2.5422488518959896,-2.53826226797238,-2.7834721776838767,0.0,-5.128009693570668,-2.773106932101388,-2.0698133405141816,-0.7144648708092061,-0.24687370182358004,-0.24756964036080076
2024-01-24,-0.4856775424783244,-1.5706448934622919,-1.6185447451874224,-1.1837739381399426,-1.461006805867604,-1.0626388364830541,-1.7497482119717689,-2.1106366039480573,-0.5222156554269053,-1.9784109079101886,-0.2053155664278994,-1.4995485866204583,-2.9121008204602616,-1.6559587604821013,-1.5376416418735883,-1.606620235667644,-1.8234921869595189,0.0,-4.793307225145105,-1.676526908386533,-1.2331451148614558,-0.4856775424783244,-0.22194228084236878,-0.2226383933163545
2024-01-25,-0.47964734835583833,-2.2047751480953726,-2.2469009375327365,-1.6558972041966213,-2.183446084851992,-1.602335349670414,-2.3744723827129777,-2.3706632028266172,-1.4846578048637982,-2.7118753334551493,-0.3262888920653628,-2.14611873816718,-3.3707492751832935,-2.220283734342754,-2.1154666042804804,-2.13484421607385,-2.410369885752861,0.0,-5.182040355741069,-2.3435153142546628,-1.7308449236486223,-0.47964734835583833,-0.19700462872058733,-0.19770091517481436
2024-01-29,-0.4954713673009592,-0.9471698963585906,-1.0239615021867432,-0.7212787392721354,-0.8878399133234849,-0.6214765556921575,-1.153511538704588,-2.23305281356313,-0.4997606913295649,-1.9676443913283936,-0.238428200219154,-0.54860782883559,-1.628466733027556,-1.161134570170308,-0.9993697764599685,-1.1022433229008977,-1.3816362859387143,0.0,-5.055565143220053,-1.2028644204586825,-0.8573965239127679,-0.4954713673009592,-0.17206074390083703,-0.2616105910846822
2024-01-30,-0.5038593261450064,-1.7307802536760342,-1.799659554609001,-1.3052475646843642,-1.7233498009443626,-1.2437496001805992,-1.9203675090225025,-2.35058018608989,-2.222393303403991,-2.4781762651224226,-0.5016336700582991,-1.4229192335265761,-2.603692415714709,-1.8480956414742788,-1.7112746770376996,-1.7798234925355594,-2.0530306976296098,0.0,-5.587116466351361,-1.946646468439761,-1.4170450210021168,-0.5038593261450064,-0.23643468780373267,-0.8853525511559268
2024-01-31,-0.29975247968724306,-1.272194369095847,-1.299484717272681,-0.9318471886907265,-1.3340766346739197,-0.9380380313035341,-1.395134551785615,-1.8521263379639885,-3.7081833642437667,-2.071215087363165,-0.23205837445759991,-1.4098452783292803,-1.6823208702503423,-1.3594696239613624,-1.241022841112882,-1.2655159625161838,-1.5716812717736617,0.0,-5.080232053337841,-1.463078800277462,-1.0574967697838278,-0.29975247968724306,-0.30269914873097825,-0.8605807059752002
2024-02-01,-0.33067664423825915,-1.539316419264225,-1.5125391351448525,-1.0902636058704451,-1.6358332761381655,-1.154651398281148,-1.6256871705522813,-1.641147908136964,-4.857961865985494,-2.5195103690878407,-0.032123463612176995,-1.924034742500702,-1.8101636801617582,-1.5374972634847883,-1.406623255704087,-1.4552146966451351,-1.750477334933409,0.0,-5.003823316898071,-1.731623238562896,-1.260916929929079,-0.33067664423825915,-0.27778168027204897,-0.8358026695368781
2024-02-02,-0.1263857535415247,-1.105307010403056,-1.1174405843409452,-0.7828342839567903,-1.4117359804059926,-0.9725311085891253,-1.286924225511532,-1.3943029114689365,-4.974485645172266,-2.4546749064310203,0.0,-1.002131196947198,-1.102608880726652,-1.1885415972941682,-1.0352782460537502,-1.1083942877197384,-1.4217697331791124,0.0,-4.7528992571781785,-1.440253542081671,-1.0389470629959985,-0.1263857535415247,-0.2528579841597156,-0.811018440293565
2024-02-05,-0.2619054773425389,-2.0094129171611907,-1.9697507659726998,-1.4198582336357846,-2.3195418405292823,-1.6500436945329544,-2.157160336398223,-1.5057438674623502,-6.520490445317295,-3.4347871542813713,0.0,-2.150745149234823,-1.4741520470317404,-1.942862350378749,-1.8135846198300665,-1.8623346539910601,-2.152494547184014,0.0,-5.1221496809175875,-2.341328481291083,-1.7185396562045985,-0.2619054773425389,-0.31754076237830997,-0.7862280166974989
2024-02-06,0.0,-0.9553029316040629,-0.9629572118042495,-0.6410105928618015,-1.3899523477901798,-0.9366737637642286,-1.2028869820566945,-1.117544547873739,-5.399139361785654,-2.4031024809561763,0.0,-0.6526809563804803,-0.7604897129140586,-1.0294786042954973,-0.8782163428222467,-0.9735729642240787,-1.2365009507595892,0.0,-4.471517591905993,-1.3663668620887859,-0.9731802058979389,0.0,0.0,-0.7614313972004849
2024-02-07,0.0,-1.016746650839484,-1.0357579402608397,-0.6946200598024532,-1.6002174292345073,-1.090671082486827,-1.283959673746382,-0.7705094850956162,-5.641080670927234,-2.7591008769794367,0.0,-0.7614743721253481,-0.7555135305315597,-1.0850365081128244,-0.966192904944474,-1.0360349763607224,-1.2527597121116285,0.0,-4.820645519746892,-1.4704053391824123,-1.0478670336911633,0.0,0.0,-0.7366285802540506
2024-02-08,0.0,-1.2853968183822895,-1.3571712472635444,-0.9333350084252512,-2.1400510812169538,-1.4880048971943172,-1.695451590942798,-0.9606535678089778,-6.451975921484765,-3.619683087823111,0.0,-0.6422323901454807,-1.7173927915534848,-1.3811778645267503,-1.2848160196618719,-1.3807287030412785,-1.4779485807056236,0.0,-4.642915672845316,-1.904245307650576,-1.378562958634233,0.0,0.0,-0.7118195643091463
2024-02-09,0.0,-0.950764534786086,-0.9815320777910252,-0.6443545568825648,-1.9560382656570674,-1.342143011417929,-1.3230175863868765,-0.7404326268716455,-7.027942704222168,-3.478647429207049,0.0,-0.5930340967587044,-1.425274092191442,-1.0495790064461774,-0.970108007086179,-1.0386532708554719,-1.1399267743566477,0.0,-4.296830921799655,-1.5813566977988969,-1.1276629685135098,0.0,0.0,-0.6870043478165888
2024-02-12,-0.20442737072774442,-1.867959030119537,-1.936685964332352,-1.3601441035808515,-2.920471985191797,-2.064396397264212,-2.299616471510213,-0.8528746801219178,-7.780609383224513,-4.460042699703437,-0.005417471063007273,-1.182542566428335,-2.178524918122804,-1.908400262673715,-1.8331135555614386,-1.8809925621558254,-2.0110228472127956,0.0,-4.712754830962107,-2.5619342547116175,-1.868198280452582,-0.20442737072774442,0.0,-0.6621829292265624
2024-02-13,-0.014543318081661205,-1.2544526233449815,-1.319825281815834,-0.8859851738339031,-2.3671621193692483,-1.6396283739658735,-1.6638649330236732,-0.6113890324471849,-7.457208823636263,-3.775418517544038,0.0,-0.5532132460986938,-1.6028964033073079,-1.3494048325567332,-1.2851795148854706,-1.304931946088439,-1.4580103155133806,0.0,-4.50363353950517,-1.9475454703016815,-1.3948229889335861,-0.014543318081661205,0.0,-0.6373553069889626
2024-02-14,0.0,-0.9225246120849517,-0.9901040185391508,-0.6345673503093341,-2.2569368956899427,-1.5514803848681757,-1.3691077988759126,-0.5621054175138029,-7.386107380761531,-3.8933773542683903,-0.011311040119665883,-0.28169587859386835,-1.164833257232234,-1.081327360148343,-1.0330617938967057,-1.0517146214755635,-1.1591416641121066,0.0,-4.529853253405225,-1.6871437948468349,-1.191952879147462,0.0,-0.04953084952497022,-0.6125214795534184
2024-02-15,0.0,-0.8072694767517263,-0.8747202271536358,-0.5408563904161445,-2.4055171414277154,-1.6567383407844138,-1.3378292444193862,-0.5955215774058886,-7.716831132507518,-4.304823590617735,-0.006507122832755119,-0.10002952837718793,-0.844890362239592,-1.0232087716115168,-0.9660177839826423,-1.0218600573833947,-1.081722947567354,0.0,-4.657258381742557,-1.6978854830503876,-1.1966685179200742,0.0,0.0,-0.5876814453689372
2024-02-16,0.0,-0.31810614916443214,-0.3880941265488991,-0.1605871141570958,-1.8414990765923678,-1.226856515973962,-0.8625049954775532,-0.5120360009523095,-6.996802947657366,-3.6588056639908273,0.0,0.0,-0.25681697212299737,-0.571576669042051,-0.5330661096414446,-0.5585803592720984,-0.6230483251271846,0.0,-4.707361192913783,-1.1908844748810377,-0.799839225503296,0.0,-0.0564985261048534,-0.5628352028842931
2024-02-19,-0.046152510094044086,0.0,0.0,0.0,-1.3730379083796929,-0.8661916106141976,-0.3257292716055682,-0.3000987204403338,-6.358554214409285,-2.96718651812512,0.0,0.0,0.0,-0.09056235500852772,-0.03554505902648719,-0.07223687699454695,-0.16385518256681886,0.0,-4.258480590415692,-0.6567533669236125,-0.3912548339086164,-0.046152510094044086,0.0,-0.5379827505478829
2024-02-20,-0.2885184486619785,0.0,0.0,0.0,-1.2604385289103348,-0.7800432060393936,-0.23610069640924713,-0.23138789520512626,-6.377753991575275,-2.8556557462568244,0.0,-0.22959426122906024,0.0,-0.006900124393816043,0.0,0.0,-0.09525089572192114,0.0,-4.181793047789273,-0.5683419962005831,-0.3138505383788348,-0.2885184486619785,-0.21714785434789885,-0.5131240868075926
2024-02-21,-0.512838149554784,-0.45516495069825025,-0.4477814456996132,-0.3374304787040261,-1.7651451279228403,-1.1550000064902255,-0.6564702331422034,-0.17930504709907646,-7.135754309722531,-3.2732298207216792,0.0,-0.7935962699267329,-0.6392700010330432,-0.43693654397494175,-0.4519243169014864,-0.42269223031274894,-0.5104076433677607,0.0,-4.352670361458344,-0.9991429492108628,-0.6380635700369175,-0.512838149554784,-0.3313734109294697,-0.4882592101110528
2024-02-22,-0.26315507461448506,0.0,0.0,0.0,-1.0525228584522761,-0.6068361574184333,0.0,-0.05744670430773979,-6.0355764058038,-2.5593669667146046,-0.006936413891600601,0.0,0.0,0.0,0.0,0.0,0.0,0.0,-4.289706845071994,-0.2997743225579552,-0.1000973429010732,-0.26315507461448506,-0.12643422255755876,-0.46338811890540565
2024-02-23,-0.25330280795679005,-0.1967827869489347,-0.20460134793546247,-0.14809483278569457,-1.221301559831811,-0.7314013932687602,-0.20539092160976047,-0.0478584034731222,-6.296984426369034,-2.7775409127031914,-0.136660609343775,-0.18483593350049343,-0.021379592019032945,-0.19647917031727635,-0.19154488222981048,-0.21300837502996606,-0.18489530722944902,0.0,-4.335505491447966,-0.5124193347149975,-0.25184258751959065,-0.25330280795679005,-0.10147269998982411,-0.5112769561688268
2024-02-26,-0.29504086484177794,-0.4388278642507015,-0.44982049404344027,-0.3228247472188528,-1.413159823458776,-0.8761669886656498,-0.4687419168631135,-0.09093984057293447,-6.338974421034161,-3.0592285253583595,-0.1435944935719191,-0.5500119355919431,-0.4293851943160787,-0.43002139893627556,-0.44527774823145405,-0.4896220486281022,-0.35516765850955867,0.0,-4.692026922672865,-0.7588730822812306,-0.42539987766270215,-0.29504086484177794,-0.13807623897295063,-0.8347149131076592
2024-02-27,-0.2181971577166042,0.0,0.0,0.0,-0.8027486573198295,-0.4047651691917453,0.0,-0.01295883784536711,-5.299125255815218,-2.193482829247295,0.0,0.0,-0.08596670656000338,0.0,0.0,-0.03933061231391477,0.0,0.0,-4.6446907897303,-0.20921978127574903,-0.003475904021599252,-0.2181971577166042,-0.0019605432020952662,-0.7064707788531854
2024-02-28,-0.32237724558430436,-0.5450718527458043,-0.5355514298047481,-0.39974453053026604,-1.2416828882830355,-0.728681307874357,-0.5352799081512205,-0.11978886136504441,-5.8134738466415925,-2.530212360170603,0.0,-0.595323558567451,-1.1986021685165604,-0.4894824347504101,-0.5269628810552485,-0.5286699765927105,-0.45192687356968575,0.0,-4.985440835121969,-0.7041693017075801,-0.37552081727972864,-0.32237724558430436,-0.5536593264283685,-0.6816542255321134
2024-02-29,-0.24552227288010542,-0.5464692894686984,-0.5534863797294953,-0.4385921345436916,-1.3936282930487653,-0.8603904401564666,-0.5742050088470396,-0.04179659249897716,-6.0652820815298,-2.7111905490088573,-0.028213759509299052,-0.5942472794851716,-1.0561448129786433,-0.5274309762062779,-0.5728536326443767,-0.5519697899925236,-0.49654589773202584,0.0,-5.0717041203133135,-0.7623044978853688,-0.44331532568884224,-0.24552227288010542,-0.4781790647158668,-0.656831469779473
2024-03-01,0.0,0.0,0.0,0.0,0.0,0.0,0.0,0.0,-3.772330292374315,-1.378230155086757,0.0,0.0,0.0,0.0,0.0,0.0,0.0,0.0,-4.5743166147605425,0.0,0.0,0.0,-0.4533054541671855,-0.6320025100451154
2024-03-04,0.0,0.0,0.0,0.0,0.0,0.0,0.0,0.0,-3.394841508351465,-1.0960934644653642,-0.04939631737822525,0.0,0.0,0.0,0.0,0.0,0.0,0.0,-4.452721369453627,0.0,0.0,0.0,-0.42842562692655406,-0.6814737464124643
2024-03-05,-0.1422149502839587,-0.1132044193995485,-0.16259578401173203,-0.1579279840903447,0.0,0.0,-0.13259747186313842,-0.01710566630790389,-2.5821498544499,-1.1217567863896938,0.0,-0.04410764565633274,-0.22002905070380718,-0.11768252669823731,-0.1246368209596116,-0.006149647980302486,-0.22210721005823109,0.0,-4.489276185889812,-0.10061961470755332,-0.09229039944977924,-0.1422149502839587,-0.5091358925872425,-0.45513336172949836
2024-03-06,0.0,0.0,0.0,0.0,0.0,0.0,0.0,0.0,-1.5622648164906217,-0.3144651317399383,0.0,0.0,0.0,0.0,0.0,0.0,0.0,0.0,-4.165534940318438,0.0,0.0,0.0,-0.09735752913495599,-0.11168853652216981
2024-03-07,-0.033803454844683056,0.0,0.0,0.0,0.0,0.0,0.0,-0.06169202723793621,-1.1567631860084027,0.0,0.0,0.0,0.0,0.0,0.0,0.0,0.0,0.0,-4.120254200410278,0.0,0.0,-0.033803454844683056,-0.11879779406804847,-0.2296126159694989
2024-03-11,-0.5215525048407277,-0.8773236557308883,-0.8852886818837669,-0.8852514917193188,-0.893510962726507,-0.8902356541638179,-0.8768844103641538,-0.12429940643325921,-1.979090490955171,-0.751372333547029,0.0,-0.8712022874288294,-0.7153178801771021,-0.8037975877705605,-0.8318753641980647,-0.7798059672174729,-0.7996665304357053,0.0,-4.183077010071212,-0.8692699649335389,-0.8681478202408166,-0.5215525048407277,-0.87302644021785,-0.6016931627883637
2024-03-12,-0.6453784702037724,-0.7395132101157498,-0.7172677438827435,-0.7215310612851966,-0.8716816365893942,-0.8720427538066233,-0.7256052768901178,-0.11883283349727325,-2.1630242064045735,-0.5971129321356017,0.0,-0.8030615679158748,-0.7017636478789391,-0.6866342319029606,-0.7220450522353428,-0.6569452797258513,-0.6808554414952761,0.0,-4.131273609099706,-0.733649905106426,-0.7345297277970064,-0.6453784702037724,-0.8274509352457771,-0.5086751389252409
2024-03-13,-1.619424206657516,-1.7467986879727837,-1.5816001645693967,-1.5745142009322088,-1.8206509772141888,-1.8128659068379793,-1.5610835431040582,-0.031038413183981373,-4.245540295926187,-1.5095577670601545,-0.2665047617906535,-2.3864795288499163,-2.2044165784324776,-1.4566556489690963,-1.5305661783920121,-1.430850123702554,-1.408413139713438,0.0,-4.997569907378574,-1.5941106474674949,-1.5797154978540173,-1.619424206657516,-1.1794188649673076,-1.0260644283958231
2024-03-14,-1.2221560499043105,-1.009720374757217,-0.8852025408386921,-0.8824695966232587,-1.1739096942804617,-1.1726550708501482,-0.9029379857712239,-0.011764337998398933,-3.09694735194197,-0.7490193005500578,-0.26318536216219934,-1.6966983487677667,-1.5422215638545067,-0.7947997890514369,-0.8477392451323285,-0.792742528367707,-0.743810611549589,0.0,-4.6157305241477875,-0.9024954954956921,-0.8976738149230501,-1.2221560499043105,-0.6569164758066903,-0.6399671430141862
2024-03-15,-1.37762738905286,-1.3814136124235654,-1.2436781486983794,-1.241047586099553,-1.364610768122032,-1.3555460644230188,-1.2030465810520918,-0.035576893529054576,-3.2949960440208814,-0.6949019283175262,-0.46698264084342744,-2.2365500410790107,-2.0903821564132508,-1.1643219006179706,-1.254482402048962,-1.1803403851868621,-1.057950622123205,0.0,-5.008273713393874,-1.167659199127924,-1.1561524489721586,-1.37762738905286,-0.6430284899671679,-0.419381278211195
2024-03-18,-1.4749944671753945,-1.6232793538319301,-1.5325720992185765,-1.5263629965695302,-1.5466156088764116,-1.5369723515196276,-1.4650909856283478,0.0,-2.950655715589001,-1.0273563821525333,-0.5647189032518929,-2.435878836156702,-1.9465648921244694,-1.463177883994482,-1.5234741728541334,-1.4656310499245095,-1.4003041005064887,0.0,-5.316916187979626,-1.4415569030430064,-1.4281668205580522,-1.4749944671753945,-0.9397926403975965,-0.6223633661532113
2024-03-19,-2.119603470230569,-2.882063334357099,-2.7927332923912807,-2.7740516448859665,-2.607771187359087,-2.5874572019761066,-2.6648823558501844,-0.1389651926143598,-3.7465106643201795,-2.126996678425741,-0.8102077648291628,-4.012112192635509,-3.0057573794155523,-2.6849477730927607,-2.715022396191624,-2.648531755866179,-2.691246613555054,0.0,-6.014473783390361,-2.636748646892151,-2.6042401251212266,-2.119603470230569,-1.6198194629882035,-1.1188479622046166
2024-03-20,-2.0856720097488624,-2.620622111257531,-2.5809989960235757,-2.563471989454702,-2.398099256253472,-2.3752531895061324,-2.464676345358996,-0.08940763948445118,-3.2171839657453183,-2.1213644004645538,-0.4992877536982743,-3.3709817115932794,-2.9095058323140854,-2.5082921228062327,-2.5377738589620447,-2.4675105925707874,-2.5195528301621417,0.0,-5.834487420257206,-2.4514884212295196,-2.421393433581409,-2.0856720097488624,-1.5813648401749592,-1.0877311658504252
2024-03-21,-1.9613963597518658,-2.227325690795545,-2.171290978392404,-2.151608911333247,-2.0478231086888288,-2.030368331432064,-2.077378499070359,0.0,-2.8930757303018306,-1.9525641768652569,-0.25482200428790236,-3.01709794790771,-2.141065086537841,-2.131470229395016,-2.132685605018003,-2.110884754854858,-2.1508484901831215,0.0,-5.475745428938039,-2.0809678365713458,-2.0543781393677296,-1.9613963597518658,-1.6227223617538367,-1.1943430025346924
2024-03-22,-1.6548728016550274,-2.153649021886206,-1.9488793899068768,-1.9226080524874845,-1.4722582156154074,-1.4561757741085923,-1.7549704368256092,0.0,-1.9523878185342736,-1.3558154713273818,-0.06913084348089127,-3.275331639448642,-1.7640646650628922,-1.9895073365479021,-1.9030639054433363,-2.0301332086816393,-2.035480317495486,0.0,-5.149414288451126,-1.7269038678330184,-1.6976474212102355,-1.6548728016550274,-1.3183836861652587,-1.0178580720067276
2024-03-27,-1.630293283612616,-2.274418418579305,-1.924373353291009,-1.898095449844095,-1.4476330564859308,-1.4315465954748308,-1.7304159363076832,-0.06391246631125558,-1.9278826587842524,-1.3311612095202485,-0.07385565571974562,-3.2511571246674476,-1.233029020714227,-1.7941136253675882,-1.7023562318363328,-1.8545735446671818,-1.8255609690882246,0.0,-5.182269954064811,-1.7023423526031478,-1.6730785938808501,-1.630293283612616,-1.352216101239312,-1.037007637350429
2024-03-28,-1.6203022297650471,-1.4588276853636506,-2.0461552634517544,-2.0199099896538897,-1.5695306506348539,-1.5534640866689098,-1.8522523069817387,0.0,-2.049603850905457,-1.4535828948545548,0.0,-3.371300395293919,-0.32565675180301623,-1.0445799452189042,-0.945583600844424,-1.1185178520980887,-1.0697812802862638,0.0,-4.939734503273141,-1.8237311083640573,-1.7945034877486665,-1.6203022297650471,-1.093134964603415,-0.7679097152644698
2024-04-01,-1.406595988134085,-0.9362266464813196,-1.5247216229962057,-1.4983366388204744,-1.0944900815371472,-1.0783459778648474,-1.340153359190599,0.0,-1.6703547575801947,-1.0064746707118988,0.0,-3.140825018130766,0.0,-0.5757446978761571,-0.4891971168463294,-0.6796720419822266,-0.5585275641927012,0.0,-4.626546662908848,-1.3423278403877803,-1.3129569033453192,-1.406595988134085,-0.8146154942170969,-0.5998237950835206
2024-04-02,-1.4928698835863896,-1.2472660040215078,-1.8356611843567072,-1.8093595118053862,-1.5328108451942657,-1.5167382875446167,-1.669112895461733,-0.27108880570073657,-2.1843250555291127,-1.4664328067951482,0.0,-3.380807185236634,-0.03872860275130341,-0.8730703007940765,-0.7869650644179993,-1.0264131433926904,-0.8059977993760237,0.0,-4.896527528734929,-1.6781831212333675,-1.6489121701736997,-1.4928698835863896,-1.1511069200997204,-0.9046945959288233
2024-04-03,-1.5618148104360685,-1.193573580658891,-1.7841760599063505,-1.7578605926827473,-1.478163178768388,-1.4620817011142484,-1.6304518163641868,-0.11333989976349823,-1.8732806995812479,-1.287353709203487,0.0,-3.124089788401996,-0.12175945763955864,-0.8367289740330519,-0.7476590612492617,-1.014858288812115,-0.74783212786248,0.0,-4.683251941776678,-1.6052691819327114,-1.5759765239882761,-1.5618148104360685,-1.2146110084908956,-0.925468451813527
2024-04-04,-1.2036989288459865,-1.0702191866231336,-1.658958273568334,-1.6326092561038341,-1.4041869255839612,-1.388093372967536,-1.5214249791171364,0.0,-2.4425303080029104,-1.246945479617445,0.0,-3.8974871733302163,0.0,-0.7422087325358317,-0.7263943011923568,-0.9160578790675,-0.5844354839519061,0.0,-4.294815713035183,-1.5317881444528836,-1.502473610795385,-1.2036989288459865,-1.2703009236625373,-0.9318110761802556
2024-04-05,-1.1798014183727945,-1.0862609060082518,-1.6766996259172107,-1.6503553619838351,-1.43378229765313,-1.4176935758166587,-1.5077750136252677,-0.08172174187440762,-3.1283571100531593,-1.2368402323257754,0.0,-4.204576346765854,-0.004224679746278603,-0.7602004755100422,-0.68563489885487,-1.0068371854601965,-0.5883154265656443,0.0,-4.280628646684093,-1.530686882230925,-1.5013720207215475,-1.1798014183727945,-1.232265045619807,-1.0060686546502051
2024-04-08,-1.0122975342301554,-0.571651176427812,-1.1597618473989768,-1.1332790776869883,-0.8930720884861687,-0.8768951078491294,-0.9935263163073915,0.0,-2.060397752326115,-0.7874556327586602,0.0,-3.249806504795405,0.0,-0.2799597058780301,-0.22391404563574246,-0.49340922170857393,-0.12276644490577526,0.0,-4.279018660675593,-1.0209732344281908,-0.9915066283344154,-1.0122975342301554,-0.8344108484138024,-0.6542926240339919
2024-04-09,-1.0528032269134346,-0.6683955374087613,-1.2614110574082793,-1.2349555230881881,-0.8862967391714438,-0.8701186526107851,-1.0782725348514544,-0.1242273847071318,-2.3063874025851527,-0.7981726699552105,0.0,-3.5305918359538,-0.10390218270412976,-0.36330463910574373,-0.3435353969011512,-0.546293338484849,-0.20034285233678784,0.0,-4.476557007297444,-1.1016341194278967,-1.072191526527655,-1.0528032269134346,-1.0097540936423233,-0.8304484978164717
2024-04-10,-0.9696674794891336,0.0,-0.5079015904262629,-0.4812441644670429,-0.143316975127028,-0.1270176138027268,-0.3247884359863562,0.0,-1.3834229850203328,0.0,0.0,-2.331363738337988,0.0,0.0,0.0,0.0,0.0,0.0,-4.278926349354362,-0.3108271367145754,-0.28114911618268845,-0.9696674794891336,-0.6950880357141087,-0.4381923579909186
2024-04-12,-1.4781420650416655,-1.0124658912495699,-1.5186736818146862,-1.4922870771831742,-1.103633726562614,-1.087491115385053,-1.3067496728135564,-0.6974250414614525,-2.30075250134516,-0.7964653736297511,-0.024739648509808365,-3.2072203951504785,-1.0301592814249916,-0.9475935725522855,-0.971783401454851,-0.9306377893639639,-0.9403392902973096,0.0,-5.213256019584101,-1.2801017328670783,-1.2507122707667406,-1.4781420650416655,-0.6702686374900679,-1.1132704203666854
2024-04-15,-2.28200841938786,-2.269772745121379,-2.7735976720007383,-2.7475473055618704,-2.406555360015117,-2.3906254215384726,-2.5785350646317595,-1.5050569094239963,-3.334437491045694,-2.117458070807088,-0.014332987942289321,-4.101044270861943,-2.115254439805969,-2.1006816616505275,-2.131960825342516,-2.085527727967973,-2.0845540711772803,0.0,-5.5918596444092366,-2.5318554844126484,-2.5028386763575994,-2.28200841938786,-0.6454430361234942,-1.9140852403126352
2024-04-16,-2.344217650072966,-2.965739715438942,-3.4641060333976736,-3.438240678389992,-2.967227008115225,-2.9513885866958356,-3.1665084702069413,-1.7904599136405852,-4.209778586225921,-2.4677943316456674,-0.20658584749601028,-4.785026656571645,-2.6628535445571866,-2.7245001770556443,-2.7181051754224583,-2.730644502962276,-2.7247620453593524,0.0,-5.942824042781458,-3.115700492117157,-3.086857497964157,-2.344217650072966,-0.6206112300639388,-2.2213423881796257
2024-04-18,-2.8070252057762035,-3.0407162331041904,-3.536957782508765,-3.511111947042256,-2.920908299263514,-2.905062317354945,-3.2508108789958023,-1.822595845539654,-3.1170561443123135,-2.3874222219054775,-0.6653457607259661,-4.107512076876918,-3.331096985342241,-2.819194492606991,-2.897826566118844,-2.7792678367609125,-2.7804767016286647,0.0,-6.118251476843318,-3.1407675506867294,-3.11193201913631,-2.8070252057762035,-0.5957732177607311,-2.1983677109010835
2024-04-19,-2.43794110405533,-2.4126348514897256,-2.9085605627465094,-2.882546357604132,-2.12764640347638,-2.1116709393752098,-2.552958251796722,-1.1548298848052752,-2.4977542648981887,-1.4999867718575866,-0.29036227660658165,-3.3305239721926005,-2.666810644444184,-2.2732706934455504,-2.3280955947861726,-2.2941015600957737,-2.1977774162313057,0.0,-5.671608979814802,-2.419276057334896,-2.390225733759044,-2.43794110405533,-0.5709289976626564,-1.8295047832824318
2024-04-22,-2.4806442174923338,-1.4944508455524863,-1.9950034907211034,-1.9687445115675883,-1.2427738249714881,-1.226653925290766,-1.6717663843813457,-0.578150766706631,-1.094806941844384,-0.7097157851647551,-0.20047700590956063,-2.02343558235788,-1.8344205200607755,-1.4174853265899623,-1.5107834444070378,-1.4182443122624289,-1.3235827735100236,0.0,-5.153699379371757,-1.5475824522794723,-1.518272620675165,-2.4806442174923338,-0.5460785682182445,-1.8863298925707372
2024-04-23,-2.152773635839156,-0.9184633658393615,-1.4225574014943954,-1.3961450439371137,-0.4851801953948298,-0.4689366355650981,-1.0713931903495566,-0.1716964542144983,0.0,0.0,-0.1348789958325436,-1.093519154548095,-1.6955443398622094,-0.9017845963066984,-0.9899094608233239,-0.8768707688583954,-0.8386294237443193,0.0,-4.917189093721397,-0.8738099264645305,-0.8442995090365057,-2.152773635839156,-0.5212219278756036,-1.7234347343966339
2024-04-24,-2.15116322860861,-1.0779944733466995,-1.5831732144535038,-1.5568038915111604,-0.5642609678455202,-0.5480303161762179,-1.2098774362481857,-0.12714064525655155,-0.07154299114353613,-0.12662265566809605,-0.1034702289161138,-1.2460429682276675,-1.5443590897331272,-1.062328642240029,-1.1386804279406415,-1.056921173373404,-0.9914896076154256,0.0,-5.05970777653525,-1.0171530952037933,-0.9876853518333673,-2.15116322860861,-0.585193377048332,-1.7622220654379017
2024-04-25,-2.1206456362492077,-0.10648316395698298,-0.621316914842085,-0.5946898768298903,0.0,0.0,-0.28504795436047337,0.0,0.0,0.0,0.0,0.0,-0.8062440804446513,-0.2339700001674272,-0.3312397992862759,-0.26335388594046494,-0.10757797490865695,0.0,-4.151922761181293,-0.0953381457369451,-0.06559597293541719,-2.1206456362492077,0.0,-0.905999794489809
2024-04-26,-2.2464365745524684,-0.696371408093599,-1.2093176405486572,-1.1828481485734121,-0.5461844581255648,-0.5461844581255759,-0.8505919656119132,-0.4141208176935085,-0.9663430864374156,-0.5196096484427981,-0.08078598742594645,-0.9394374075610945,-1.4672342687253592,-0.758758342380017,-0.8510374904165396,-0.7906851785112967,-0.6348148343453652,0.0,-4.544161456620788,-0.659343889630748,-0.6297696244722095,-2.2464365745524684,-0.275833172865414,-1.132109295195316
2024-04-29,-1.359291926379147,0.0,0.0,0.0,0.0,0.0,0.0,0.0,0.0,0.0,0.0,0.0,-0.48519538202149715,0.0,0.0,0.0,0.0,0.0,-4.406054064423581,0.0,0.0,-1.359291926379147,0.0,-0.2213403390748936
2024-04-30,-1.6269280965605315,-0.5781583360383591,-0.5852015093544383,-0.5852015093544383,-0.6330461484189254,-0.6330461484189365,-0.5741328493241826,-0.3629557826535623,-0.6988517104266179,-0.6034485168889048,-0.16168066563692074,-0.5520904173410113,-0.6546210600461122,-0.5345693947212848,-0.5141182369438613,-0.5566502569717025,-0.5329738969532594,0.0,-4.8535908402416394,-0.5787137917122598,-0.5787137917122487,-1.6269280965605315,-0.34631983212038975,-0.4933954976278798
2024-05-02,-1.643525579102223,-0.5518513975230288,-0.5576033833391669,-0.5576033833391558,-0.7192107464572106,-0.7192107464572106,-0.5626546245838138,-0.4278681748791313,-1.0952805540288102,-0.666279044354412,-0.12514108466168405,-0.7216746454235423,-0.464105155508876,-0.49881859425361386,-0.46051136776157353,-0.5300672063828227,-0.5058753639743174,0.0,-4.759922930733018,-0.5843145160356333,-0.5843145160356111,-1.643525579102223,-0.32141326583224883,-0.509977674744666
2024-05-03,-1.9351457061606459,-1.4032387821780845,-1.4218773789285932,-1.4218773789285932,-1.6425547962173548,-1.6425547962173437,-1.4183890128328325,-1.2183938651753712,-2.64265422141563,-1.5174109175078554,-0.37117111807535297,-1.2189269571277306,-1.2215593102319677,-1.2674610070034342,-1.2103115620709648,-1.3368051202473308,-1.255411737783474,0.0,-5.09350659118768,-1.4612868816122782,-1.4612868816122782,-1.9351457061606459,-0.2965004746155131,-0.8029939793404717
2024-05-06,-2.141520260488017,-1.409996131355895,-1.403425832437677,-1.403425832437677,-1.5895751705929273,-1.5895751705929162,-1.3381551963051352,-1.2458506307753803,-3.0985435762300173,-1.0345056194394298,-0.4763222741212769,-2.3741230812320935,-1.3672509726654347,-1.28652073016291,-1.293434744163735,-1.3214137780662827,-1.244978245879358,0.0,-5.109114203231768,-1.358355410823442,-1.3583554108234308,-2.141520260488017,-0.2715814569143715,-1.0348148197389828
2024-05-07,-2.283815388841337,-1.0171948519551943,-0.9840512234848942,-0.984051223484883,-1.185261069281085,-1.185261069281085,-0.8303436427933519,-1.3180469438819897,-3.4393584036041203,-0.0855244748129369,-0.43204212357600413,-3.0054501090986174,-1.9834083351115916,-0.9534921247267403,-0.9210249684674765,-1.0500805054664886,-0.8898263597141187,0.0,-4.904735921975901,-0.828560444053239,-0.8285604440532501,-2.283815388841337,-0.24665621117262448,-1.1270686072271885
2024-05-08,-2.392062783305293,-1.0990456627021472,-1.0708356268782304,-1.0708356268782193,-1.2688064025822121,-1.2688064025822121,-0.9634090727513867,-1.5007319635226946,-2.7821769183381306,-0.42713366353082094,-0.42000923226768183,-2.6679001834634786,-1.9834083351115916,-1.0257679103205408,-1.045993367289233,-1.0865756527256631,-0.9452396636384974,0.0,-5.1712156206439435,-0.9675988618045639,-0.9675988618045639,-2.392062783305293,-0.2217247358337171,-1.1023571744362748
2024-05-09,-2.8505037258628296,-2.46847615661292,-2.470532598045927,-2.4705325980458936,-2.7189741326558714,-2.718974132655849,-2.3702312901203504,-2.2394414526667794,-4.4766090220659365,-1.8895310655681508,-0.6253614266873431,-2.819955943976804,-3.499638539097094,-2.2665661939022086,-2.3086525735543484,-2.299483135720981,-2.192003307037582,0.0,-5.612367295376098,-2.4035709235519342,-2.4035709235519453,-2.8505037258628296,-0.1967870293406282,-1.077639565486721
2024-05-10,-2.35239195564676,-2.0621840633458066,-2.0697130514013895,-2.0697130514013784,-2.178817434721314,-2.178817434721325,-1.9014911864184358,-1.7609040306641122,-3.858643677603668,-1.153327183086006,-0.5978214643938995,-2.4282833300865003,-3.070263158301323,-1.9341640211829492,-2.03037430223012,-1.9664851117954574,-1.8063596358401157,0.0,-5.378447715330504,-1.8910317001822996,-1.8910317001823107,-2.35239195564676,-0.17184309013601462,-1.0529157788348842
2024-05-13,-2.3540470931207924,-1.9683693476545305,-1.9649700403348125,-1.9649700403348014,-2.093533775171963,-2.093533775171963,-1.785599656208714,-1.687823753548845,-4.1943469061069605,-0.9755597957080697,-0.6491509793095762,-2.8742283303978433,-2.855566884172678,-1.8138213390710867,-1.8715424707448136,-1.8490970612264346,-1.7213641955015624,0.0,-5.474189619163273,-1.792664030002633,-1.7926640300026442,-2.3540470931207924,-0.14689291666215576,-1.0281858129368104
2024-05-14,-2.3333421687468214,-1.7585572992357634,-1.7521407607137607,-1.7521407607137496,-1.9077463065142797,-1.9077463065142797,-1.6284375142533003,-1.7628796884411546,-3.554890721103665,-1.1464462491245664,-0.7783852694865923,-2.4273907395796934,-2.3554358106037454,-1.6187654085699443,-1.7186381781592486,-1.6598737607007141,-1.478588212826526,0.0,-5.050185649809446,-1.6545236591288481,-1.6545236591288592,-2.3333421687468214,-0.12193650736090911,-1.0034496662480463
2024-05-15,-2.370269225528876,-1.829337675699394,-1.8345149374391911,-1.834514937439169,-1.899225190751963,-1.8992251907519742,-1.731944731632562,-1.7046183036930285,-2.6257841073250576,-1.2343372144180575,-0.6298247913453459,-1.998265361615681,-2.4314619140723637,-1.6834126921979053,-1.802033415069404,-1.701195913228637,-1.547761216256005,0.0,-5.295832791303933,-1.7236000805417984,-1.7236000805418428,-2.370269225528876,-0.09697386067369917,-0.9787073372238719
2024-05-16,-2.3133002465092645,-0.7628166816251447,-0.7483350388448606,-0.7483350388448606,-0.8158195976369798,-0.8158195976369909,-0.6582435318502888,-1.1300507027423357,-1.3122212470302208,-0.08118107707928424,-0.09490257203772501,-1.6400750281749366,-1.5379899614985093,-0.7009173242010558,-0.7805077235507052,-0.7936999959587188,-0.5295762183028296,0.0,-5.005238260511624,-0.6109630837999092,-0.6109630837999425,-2.3133002465092645,-0.07200497504167291,-0.9539588243191344
2024-05-17,-2.3559734669737376,-0.8424728172117146,-0.840430707650941,-0.8404307076509188,-0.8920901592861852,-0.8920901592861741,-0.7560300644037232,-0.9907488767517791,-1.3376268423019644,-0.2966012931548079,0.0,-1.279405532729605,-1.2644092942576624,-0.7951691871731503,-0.8791063864120874,-0.8916370082314051,-0.6158434819689473,0.0,-4.974364395449271,-0.7097580794814595,-0.7097580794814706,-2.3559734669737376,-0.04702984890547768,-0.9292041259882144
2024-05-21,-2.3813307881312973,-0.9945875387310621,-1.0108393103653635,-1.0108393103653524,-1.089659595485315,-1.089659595485315,-0.9489843447910817,-1.1303334025286826,-1.2161148989759507,-0.5926626197706786,-0.026258459916417287,-0.7719528497345696,-0.9877470676687872,-0.9563724353762071,-1.0462622742524075,-1.0502384599304082,-0.7737108679810034,0.0,-4.861426097478006,-0.9048111471668396,-0.9048111471668729,-2.3813307881312973,-0.11100458961662563,-0.9044432406852931
2024-05-22,-2.025659747640063,-0.2989275863002905,-0.2909557781238026,-0.2909557781238026,-0.4052562244888369,-0.4052562244888591,-0.21469043562635237,-1.0571733514429194,-0.8490260077770762,0.0,0.0,-0.6532323428202758,-0.685599744410792,-0.3306778787633302,-0.3779361700641637,-0.5049287894377419,-0.11055825434955757,0.0,-4.720021648391137,-0.18229902364993444,-0.18229902364994555,-2.025659747640063,0.0,-0.8796761668639297
2024-05-23,-1.2928367615879455,0.0,0.0,0.0,0.0,0.0,0.0,-0.4090657537415443,0.0,0.0,0.0,0.0,0.0,0.0,0.0,0.0,0.0,0.0,-3.8050011134900363,0.0,0.0,-1.2928367615879455,0.0,-0.8549029029775168
2024-05-24,-1.3494228820258969,-0.054067111156597125,-0.060748760069173624,-0.060748760069184726,-0.02921714259533914,-0.029217142595316936,-0.08312200332952768,-0.4253192360493707,0.0,-0.10867817937447732,-0.01714398146108742,0.0,-0.045937573371934715,-0.07670239768958753,-0.09188354597394754,-0.07904766217405879,-0.05932146425416951,0.0,-3.7884102975268563,-0.057663658492335124,-0.05766365849235733,-1.3494228820258969,-0.28681724118294616,-0.8301234474789365
2024-05-27,-1.4117018459202768,0.0,-0.0048124322677201015,-0.0048124322677201015,-0.019530395474676165,-0.019530395474687268,-0.049862019846602657,-0.40351531980660216,0.0,-0.15077443357586207,-0.007314843531924797,0.0,-0.15326414011145317,-0.053100440054354436,-0.08651728713424678,-0.04758590716670286,-0.025410071324494243,0.0,-3.9264474479104416,-0.029534448405721392,-0.029534448405743596,-1.4117018459202768,-0.3956806089544185,-0.8053377988207155
2024-05-28,-1.6178506995313757,-0.24420373904746606,-0.2444543119747844,-0.2444543119748066,-0.2762645657417129,-0.2762645657417351,-0.2839093973682649,-0.4052022607669903,-0.4739703776983406,-0.3782657314951088,-0.043404174867422984,-0.42124343036732403,-0.34613902009082986,-0.28363452877495643,-0.3278528389137447,-0.27517029850602226,-0.24814906459215136,0.0,-4.073932842456928,-0.2744088010855572,-0.2744088010855683,-1.6178506995313757,-0.6436782126681195,-0.7805459554549921
2024-05-29,-2.089472165162931,-1.079080402654753,-1.0798242107516787,-1.0798242107516898,-1.119257491879444,-1.1192574918794551,-1.1287476741121183,-0.8044558306645744,-0.9188059903990298,-1.1547712153949452,0.0,-1.3618464402035846,-1.1448762385478206,-1.070026011562497,-1.0655388885835615,-1.1193464745264392,-1.0256569060718812,0.0,-4.552865678762519,-1.0821450338772687,-1.0821450338772909,-2.089472165162931,-1.3197751028354632,-0.755747915833449
2024-05-30,-2.5174112247789315,-1.5614530360670509,-1.5880539732770926,-1.5880539732771037,-1.5298600269011864,-1.5298600269012086,-1.6302498483455996,-0.8917372654890454,-0.998715561976049,-1.6278809981530085,-0.0512290758099998,-1.0743368626248917,-2.0855420204215602,-1.5131549131984001,-1.58646553686147,-1.465746996057482,-1.4873590663163627,0.0,-4.563610553033515,-1.576378106421794,-1.5763781064218163,-2.5174112247789315,-1.2951118334149303,-0.7309436784075696
2024-05-31,-2.2559337897978926,-1.3859929370130697,-1.4173931912106363,-1.4173931912106585,-1.3943667598148135,-1.3943667598148357,-1.492987287411096,-0.7338285710299264,-0.921748736720851,-1.7384655299818474,-0.013344302312690015,-0.7951517886471193,-1.9024635278032553,-1.3497991283358268,-1.44487759831039,-1.268232958957094,-1.3362217510012209,0.0,-4.504252772002493,-1.4519107213734617,-1.4519107213734728,-2.2559337897978926,-1.2704423998732728,-0.7061332416282373
2024-06-03,0.0,0.0,0.0,0.0,0.0,0.0,0.0,0.0,0.0,0.0,0.0,0.0,0.0,0.0,0.0,0.0,0.0,0.0,-2.3495698363226403,0.0,0.0,0.0,-1.3048293707478065,-0.6813166039460583
2024-06-04,-2.775314546405394,-5.304099047160937,-5.162480766828937,-5.162480766828937,-4.792464078343672,-4.792464078343672,-4.9469447221074825,-0.9535104389920335,-10.089789526528016,-3.9068729482807485,-0.2489855510371175,-8.539328295961134,-5.929359941641055,-4.725007237027157,-4.418480805715341,-5.1795942190458355,-4.576823087270199,0.0,-6.338451688420577,-4.9432854324362285,-4.943285432436218,-2.775314546405394,-5.264966538738946,-0.6564937638112389
2024-06-05,-0.8737286851731363,-2.7515268398721093,-2.6167012304743165,-2.6167012304743276,-2.2153103660148665,-2.2153103660148665,-2.321183566882068,0.0,-8.230407984601108,-0.9938669775212072,0.0,-5.776906181287423,-2.766306468150681,-2.4580108743628815,-2.1808101566596405,-2.949020314650841,-2.2446637741876274,0.0,-5.008779659140417,-2.2977193178606026,-2.2977193178606026,-0.8737286851731363,-3.9346066047876715,-0.6316647196736191
2024-06-06,-1.0266325780212804,-1.5084460431194269,-1.3863276114562395,-1.3863276114562617,-1.0663727692336589,-1.0663727692336589,-1.2021768394248733,-0.015772541264680306,-6.096312830656547,-0.2163939018295591,0.0,-4.104705970351175,-1.9020886118404912,-1.3069109691928205,-1.1255191256534514,-1.7070894106064327,-1.0889924011751817,0.0,-4.6195703259406695,-1.1674972641557924,-1.1674972641557813,-1.0266325780212804,-4.176172417947588,-0.6665254812865284
2024-06-07,-0.8298251748657282,0.0,0.0,0.0,0.0,0.0,0.0,0.0,-3.6084371975328877,0.0,0.0,-2.0322018582240142,0.0,0.0,0.0,0.0,0.0,0.0,-4.08111355580365,0.0,0.0,-0.8298251748657282,-3.1443334686330093,0.0
2024-06-10,-1.2259579652801444,-0.3993167760488192,-0.418114449361473,-0.4181144493614841,-0.3922809923446402,-0.3922809923446513,-0.3935589978798282,-0.1459742502501582,-3.464182109893177,-0.27946155352527313,0.0,-2.0776514180217864,-0.13289382574127595,-0.3867259893290398,-0.39724939949097315,-0.37488658393991514,-0.38801587075841804,0.0,-4.286566876856634,-0.38337657110635304,-0.38337657110637524,-1.2259579652801444,-3.6718973710697544,-0.18704382667897868
2024-06-11,-1.3297167826890388,-0.48819538156539277,-0.5183693275561563,-0.5183693275561674,-0.5402334522746632,-0.5402334522746632,-0.528739501746256,-0.2961929236094951,-2.9329642441468073,-0.5026351597736012,0.0,-1.9092525166439778,-0.10863296640706288,-0.4640901585029722,-0.4724938227315234,-0.44313064061942686,-0.47647874425496006,0.0,-4.23517030032804,-0.5070013561115916,-0.5070013561116138,-1.3297167826890388,-3.788583102451204,-0.28933497339675984
2024-06-12,-1.3797951511300255,-0.4121749995355861,-0.4586420773143529,-0.4586420773143418,-0.5003181574412485,-0.5003181574412596,-0.4820091493476286,-0.40510756135135884,-2.2567725953133277,-0.5016977051543137,0.0,-1.3808240700980412,0.0,-0.389277926136955,-0.39037410752593704,-0.33945476734746904,-0.43738381837823415,0.0,-4.0584786986081145,-0.44873952162372,-0.4487395216237533,-1.3797951511300255,-3.747456965163254,-0.29485606598451675
2024-06-13,-1.5717338401743164,-0.35895794289382277,-0.39411625367004044,-0.39411625367004044,-0.5221679150688163,-0.5221679150688274,-0.49392839511710473,-0.6114686039932149,-1.955731496522528,-0.8192168866802518,-0.060692087005176365,-1.4797869520109197,0.0,-0.3231008656230272,-0.3120844949766499,-0.25546423570078636,-0.40076271687449205,0.0,-4.075329930094429,-0.47720584507400243,-0.47720584507402464,-1.5717338401743164,-3.5805077781308037,-0.42305005839704535
2024-06-14,-1.3894347571120624,-0.3363846998199138,-0.37094327601966404,-0.37094327601966404,-0.49307475521614963,-0.49307475521614963,-0.44490684809931347,-0.46924869611981723,-2.15478713602828,-0.7499335894622594,-0.0646613960246456,-1.4352507947278825,0.0,-0.2934894649660458,-0.30080480056010606,-0.2412653022598299,-0.33782026223733164,0.0,-4.064576729991343,-0.4311885878544697,-0.4311885878544808,-1.3894347571120624,-3.531805069983751,-0.31713697059029267
2024-06-18,-1.2641595115132742,-0.01866353080262062,-0.062585269318427,-0.0625852693184048,-0.21144271156718908,-0.21144271156721128,-0.130174631860569,-0.19824899615011882,-1.9685391975139188,-0.4758576970114725,-0.09292927585041744,-1.024764758017449,0.0,-0.0014570586184592393,-0.03140040716692605,0.0,-0.04085038393338847,0.0,-3.9829362527194268,-0.12991058219254947,-0.12991058219254947,-1.2641595115132742,-3.3752507982267588,-0.1240644453642914
2024-06-19,-1.325792938389081,-0.2450126869903868,-0.31798994016917215,-0.31798994016914994,-0.6113056279735796,-0.6113056279735907,-0.3802955186484325,-0.2197737786105769,-3.6607007567060257,-0.813233596098073,-0.20472408266120068,-1.2923358577354938,-0.17786131162044194,-0.18653517900422134,-0.27815832546659314,-0.2124811358145684,-0.13778096244631,0.0,-4.127669509547472,-0.4247688978835207,-0.4247688978835318,-1.325792938389081,-3.775085320288729,-0.5141378072028191
2024-06-20,-1.2068699714189113,-0.0005614934579400988,-0.04798692091223522,-0.04798692091222412,-0.3476534227913608,-0.3476534227913719,-0.08314646232056022,0.0,-3.991543216082649,-0.5666564091420412,-0.16159054950060092,-1.4792393377557334,0.0,0.0,-0.10211876103370932,0.0,0.0,0.0,-3.9846221567198636,-0.15769533749750986,-0.15769533749754316,-1.2068699714189113,-3.5379585484118237,-0.24823156722444395
2024-06-21,-0.9557095974896845,-0.19193682110295596,-0.259249847826315,-0.259249847826315,-0.5109157872998482,-0.5109157872998593,-0.3134004073047425,-0.37628002356122625,-3.552284852455423,-0.6840934126950526,-0.14178508135390677,-1.0431168257106438,-0.2796299513090461,-0.19152300478104678,-0.3331861434194838,-0.09970363056805986,-0.24291899427255625,0.0,-4.223719196277765,-0.34303251324613315,-0.34303251324615536,-0.9557095974896845,-3.597992054971888,-0.2902419913521803
2024-06-24,-0.9058304916738869,-0.0902890275750079,-0.16292282518437506,-0.16292282518435286,-0.4072117323574487,-0.4072117323574598,-0.18766708146681355,-0.29984518726571263,-3.5639819536219863,-0.405737165542297,-0.24646353975849022,-0.8123034310657196,-0.12369156288454253,-0.10560974258676525,-0.2620390098770464,-0.010620880386824627,-0.14564598906754433,0.0,-4.350889889927112,-0.20397375270737594,-0.20397375270740925,-0.9058304916738869,-3.7143337796138876,-0.3682980647952583
2024-06-25,-0.5907731386288306,0.0,0.0,0.0,0.0,0.0,0.0,0.0,-3.019485239678832,0.0,-0.08865515324697482,0.0,0.0,0.0,0.0,0.0,0.0,0.0,-4.281978651707153,0.0,0.0,-0.5907731386288306,-3.690268985175049,0.0
2024-06-26,-0.17844192521434543,0.0,0.0,0.0,0.0,0.0,0.0,0.0,-1.3682560240288355,0.0,0.0,0.0,0.0,0.0,0.0,0.0,0.0,0.0,-3.888728669506214,0.0,0.0,-0.17844192521434543,-3.66619817619267,0.0
2024-06-27,0.0,0.0,0.0,0.0,0.0,0.0,0.0,0.0,-1.136257261680107,0.0,0.0,0.0,0.0,0.0,0.0,0.0,0.0,0.0,-3.9254407934697366,0.0,0.0,0.0,-3.6421213511635298,0.0
2024-06-28,-0.29088611643921514,-0.33322343943125166,-0.315073996189863,-0.34659631256552803,-0.3433079381752857,-0.36172537376586433,-0.32947222021108,0.0,-2.170868959907646,-0.5813905719653789,-0.0020153685779455977,-1.0897900912631098,-0.14099020825968367,-0.2926829911943374,-0.23865321873437484,-0.35739404374837136,-0.2819872225535036,0.0,-3.976517532264423,-0.3880842784642735,-0.407419965137934,-0.29088611643921514,-3.618038508584065,-0.28832638103641894
2024-07-01,0.0,0.0,0.0,0.0,0.0,0.0,0.0,0.0,-1.661480105329205,0.0,0.0,-0.41576044626333575,0.0,0.0,0.0,0.0,0.0,0.0,-3.671137638381883,0.0,0.0,0.0,-3.593949646950223,0.0
2024-07-02,0.0,-0.07541899510404848,-0.020423613398345974,0.0,-0.262712830368228,-0.19269439825527757,-0.08327089670530086,0.0,-2.5211538628081898,-0.4694636091943871,0.0,-1.0461479114150407,-0.07497161563467802,-0.05044934022304659,-0.059069024584901264,-0.051748662879480545,-0.04066497629859889,0.0,-3.600982015747023,-0.10723145632858255,-0.07188591982104642,0.0,-3.7004132673726375,-0.30222737912166675
2024-07-03,-0.06248566956070789,0.0,0.0,0.0,0.0,0.0,0.0,0.0,-2.5042667774492045,-0.039510388573571475,0.0,-0.08891577392005079,0.0,0.0,0.0,0.0,0.0,0.0,-3.627308888624925,0.0,0.0,-0.06248566956070789,-3.2699261039060956,0.0
2024-07-04,0.0,0.0,0.0,0.0,0.0,0.0,0.0,0.0,-2.1701721034786847,0.0,-0.08109981288609847,-0.19344988135774344,0.0,0.0,0.0,0.0,0.0,0.0,-4.027366257824783,0.0,0.0,0.0,-3.0778293791421607,0.0
2024-07-05,0.0,0.0,0.0,0.0,0.0,0.0,0.0,0.0,-1.4388769258293133,0.0,0.0,-0.2865752694102053,0.0,0.0,0.0,0.0,0.0,0.0,-3.9184374098580776,0.0,0.0,0.0,-2.870947160304538,0.0
2024-07-08,0.0,0.0,0.0,0.0,0.0,0.0,0.0,0.0,-1.323286138689872,0.0,0.0,-0.09304382733845706,-0.013562113637355377,0.0,0.0,0.0,0.0,0.0,-3.7195553325465647,0.0,0.0,0.0,-2.5142572900093474,0.0
2024-07-09,0.0,0.0,0.0,0.0,0.0,0.0,0.0,0.0,-1.11036412135741,0.0,0.0,0.0,0.0,0.0,0.0,0.0,0.0,0.0,-3.498084198050644,0.0,0.0,0.0,-2.1565849859514374,0.0
2024-07-10,-0.3518426917139772,-0.4403726010805076,-0.44377088516655006,-0.3393678236708664,-0.37216126484990175,-0.2767892725470067,-0.4080360427238139,-0.2465059793162916,-1.3990757715747981,-0.28632810560080824,-0.09089858927384675,-0.2971273556058085,-0.4450911197766749,-0.40575349959879325,-0.4317173123775664,-0.38854739804908833,-0.3971124590721131,0.0,-3.6268456485734957,-0.3830043177033504,-0.2890611321400893,-0.3518426917139772,-2.5276120165523497,-0.37908068475553947
2024-07-11,-0.15941402404026084,-0.34383254305109245,-0.34573377939772776,-0.2607246252446349,-0.23667632331176858,-0.16701271360939351,-0.29664999191146846,-0.11192660041700053,-1.5776203842376435,-0.13156473146136438,-0.12213324056080666,-0.31213368762033067,-0.47987985097758257,-0.32356410512023315,-0.3435392503783996,-0.3246156966423497,-0.3028474869255171,0.0,-3.625162379269231,-0.2645337654146096,-0.1904400697868125,-0.15941402404026084,-2.5328505393998557,-0.2501359665577296
2024-07-12,0.0,0.0,0.0,0.0,0.0,0.0,0.0,0.0,-0.44166437073968057,0.0,0.0,0.0,0.0,0.0,0.0,0.0,0.0,0.0,-3.547079386154961,0.0,0.0,0.0,-2.5084904554083187,0.0
2024-07-15,0.0,0.0,0.0,0.0,0.0,0.0,0.0,0.0,-0.04997703161032652,0.0,-0.059632403706944004,0.0,0.0,0.0,0.0,0.0,0.0,0.0,-3.3021088600091786,0.0,0.0,0.0,-2.484124283071154,0.0
2024-07-16,0.0,0.0,0.0,0.0,0.0,0.0,0.0,0.0,0.0,0.0,0.0,0.0,0.0,0.0,0.0,0.0,0.0,0.0,-3.006056555104364,0.0,0.0,0.0,-2.459752020866701,0.0
2024-07-18,0.0,0.0,0.0,0.0,0.0,0.0,0.0,0.0,0.0,0.0,-0.01844562185199239,0.0,0.0,0.0,0.0,0.0,0.0,0.0,-2.298945815826925,0.0,0.0,0.0,-2.5651991796570184,0.0
2024-07-19,-0.35839151755512333,-0.28597290721772417,-0.2782791881492219,-0.21408982383174235,-0.2884942959232695,-0.21494587212643745,-0.2671592491951924,-0.18520534824137957,-0.8926474468341827,-0.3107885190860582,-0.14425708936356418,-0.48903672991745806,-1.0884676251089243,-0.3028336555918054,-0.29153463254240064,-0.3266688432231213,-0.2905248327035981,0.0,-2.259678294863454,-0.25688238322518764,-0.18819925072997012,-0.35839151755512333,-2.91505092465274,-0.4283452580811975
2024-07-22,-1.0173807618165442,-0.5544946196154976,-0.5698934642946685,-0.43278207668963065,-0.670365315039001,-0.5023229797960438,-0.5751754522257624,-0.44311241226542286,-0.9899924249653136,-0.6206957048940032,0.0,-0.4432658675977086,-1.17576459664821,-0.5393089028359888,-0.5511271331363643,-0.5161022865318055,-0.5504870692142116,0.0,-2.139309908939635,-0.5255274241370178,-0.38737998268153495,-1.0173807618165442,-2.8907863644714316,-1.0195325066842065
2024-07-23,-0.7239411075682822,-0.4652560062699096,-0.449686556019524,-0.3456320922157641,-0.24605098642370704,-0.168671141954313,-0.2935036501020005,-0.7257723833495877,-1.5545004655825645,0.0,-0.46883350271431645,-0.8229495476538062,-1.297531468451607,-0.5193687068424269,-0.5160493382077358,-0.5101652862875894,-0.5316991120370651,0.0,-2.0846361077217823,-0.1780244459206215,-0.10201970252805559,-0.7239411075682822,-2.8665157398188645,-0.9421225235422992
2024-07-24,-1.1185397988415113,-0.9578852517392766,-0.92057609352727,-0.7019554771579339,-0.7049170743850253,-0.5182455899157001,-0.7525415744017661,-0.6961202719592996,-2.1140018760661183,-0.5360139250036644,-0.5713228603464016,-1.618766106354519,-1.5618400799808807,-0.9879033058268982,-0.968452683478771,-0.9637131019283096,-1.0308924261177133,0.0,-2.2136135000287993,-0.6779401579259492,-0.48414505089868776,-1.1185397988415113,-2.9280880336479242,-1.400505304468913
2024-07-25,-1.2650069044099044,-1.0951573542594906,-1.0338997986758414,-0.7706588451347307,-0.9797798011544345,-0.7236837626155346,-0.9315156173079653,-0.42879666820186957,-2.0527396555280686,-0.91102982625616,-0.5378178721158755,-1.9607905000603165,-1.591679342512431,-1.074381001810798,-1.0330905448068028,-1.0350201489698119,-1.1538406153008163,0.0,-2.557366150074958,-0.8530406617037745,-0.6134534095076472,-1.2650069044099044,-3.144115661362701,-1.4761305380789569
2024-07-26,-0.2788024316707882,0.0,0.0,0.0,0.0,0.0,0.0,-0.01999464364680348,0.0,0.0,-0.2947497918230235,-0.27135497397832165,0.0,0.0,0.0,0.0,0.0,0.0,-1.8490194626219592,0.0,0.0,-0.2788024316707882,-2.041691007366153,-0.8717511314584536
2024-07-29,-0.6056230253909001,-0.061918645894920576,-0.030586830965873002,-0.006175384580520138,-0.21564259823343424,-0.15456904478265976,-0.11234300272140452,0.0,-0.5496754033398665,-0.41383309696128023,-0.2669110135545494,-0.6689569658917538,0.0,-0.017019298871578936,-0.060454582482538655,-0.00814196019751634,0.0,0.0,-2.0429875892013283,-0.1382705926219141,-0.1033224942466826,-0.6056230253909001,-2.211750267380852,-0.8949215129010923
2024-07-30,-0.835892781952785,-0.3075248241995898,-0.285802800238788,-0.1979702592509791,-0.5777990291172097,-0.42855200620355305,-0.415399318778642,-0.03688612989365403,-0.9132166334789082,-0.9128849846208098,-0.261633495013458,-0.8162398519847791,0.0,-0.24200048636090488,-0.2941207975586946,-0.21710765855829095,-0.23213163645272594,0.0,-2.2139661827966894,-0.460766904858001,-0.34915402356450187,-0.835892781952785,-2.4353929367377125,-1.0298518720017191
2024-07-31,-0.45556776142284816,0.0,0.0,0.0,-0.13763950006866477,-0.10922468938773244,-0.015857633420124362,0.0,-0.10852027972311218,-0.35923497619182454,-0.24463904518119417,-0.590965791377851,0.0,0.0,0.0,0.0,0.0,0.0,-1.9603820223356605,-0.040913314860802075,-0.04678637834343302,-0.45556776142284816,-2.0783038417343302,-0.7162741149402296
2024-08-01,-0.4201076169195628,-0.004725676029260217,0.0,0.0,-0.05085387343806147,-0.01822736568102279,0.0,0.0,0.0,-0.11395499267559117,-0.0765109913833717,-0.6664509239099559,0.0,0.0,0.0,0.0,-0.02015174465466174,0.0,-2.124303311407816,0.0,0.0,-0.4201076169195628,-2.3304135299074824,-0.7322530901809898
2024-08-02,-0.9090754047545668,-1.2258132963842039,-1.2440074741158158,-1.228321851741132,-1.1994706313187664,-1.1431944845837094,-1.197021390278108,-0.6034324019306925,-1.632635139707117,-1.142585331460566,-0.16501242646231873,-1.9785440104463259,-1.1722935491954578,-1.139870765493367,-1.1358045541946304,-1.164399206104405,-1.1396459211759802,0.0,-2.6073116126463347,-1.1884289423584993,-1.1609480041822495,-0.9090754047545668,-2.3060028505863306,-1.5864891638283973
2024-08-05,-1.3628411971626342,-3.595892275178947,-3.6360988070542777,-3.622008376466934,-3.338634776213445,-3.2715784972582207,-3.4683976452510534,-1.5037053213811102,-4.354794530686856,-2.767831081987726,-1.39936388074966,-4.134920419039878,-3.8195377468620784,-3.328605776900506,-3.3497677931480285,-3.2876510773869883,-3.3675129827454353,0.0,-3.710422133166913,-3.335502968612203,-3.2985534302712227,-1.3628411971626342,-2.2815860702741886,-2.5631423278820176
2024-08-06,-1.3532194847741041,-3.7216803246243657,-3.727135944070148,-3.7188831913470777,-3.4356891015911772,-3.3792323176171313,-3.5335416260978247,-1.2863207769020946,-4.925535649608692,-2.7124992561067707,-1.5779643321345849,-4.112429863237899,-4.071623146189129,-3.452731452411939,-3.4626519730249883,-3.3866112324064,-3.5275254622466945,0.0,-3.4659683868000557,-3.364736063435758,-3.33671800649884,-1.3532194847741041,-2.257163187446276,-2.598300736585002
2024-08-07,-1.2123588500897897,-2.760643000252472,-2.7716285563896492,-2.763465947339283,-2.58555314867015,-2.5352061513065016,-2.6191560241030754,-1.0060452097406358,-4.035279256711844,-2.046106485922139,-1.2207905174646316,-3.0760700483572934,-2.852357889891899,-2.58085753231313,-2.6306351886521973,-2.504260727951879,-2.6267365599309533,0.0,-3.3121346718543943,-2.482275629518449,-2.4588408257576577,-1.2123588500897897,-2.2327342005773465,-2.6044239907752065
2024-08-08,-1.1950218203931384,-3.276888697080238,-3.303809983480943,-3.289837601535295,-2.9918464355542684,-2.9278692474843826,-3.105261932043746,-1.3392520073849834,-4.437158741998493,-2.267539850364575,-1.4870532826061655,-3.8644936770873883,-3.574043223809953,-3.0683327915570713,-3.061852723793268,-3.0431294327518565,-3.119106915055181,0.0,-3.535474978715347,-2.9479915297556114,-2.9108528472440165,-1.1950218203931384,-2.2082991081418313,-2.59541963429889
2024-08-09,-1.0992708527845063,-2.2945798356811653,-2.317008395899345,-2.3066309315443845,-2.0690858330044803,-2.010974531306431,-2.155351367014413,-0.9549239720757496,-3.35176921318161,-1.4955981410670893,-1.1765184901517345,-2.8983083909744023,-2.5724799210593785,-2.1499835001460355,-2.1697519583016467,-2.1320098996594927,-2.1678630386496756,0.0,-3.1177413834222567,-2.0221226525135916,-1.9920925017209434,-1.0992708527845063,-2.183857908613729,-2.3511583054163343
2024-08-12,-1.0983269731578704,-2.3848799271777854,-2.4283444296142154,-2.4183978387703142,-2.1558923192418367,-2.09756000256458,-2.236999309601828,-1.1399644338416115,-3.7585863494668748,-1.5376496470156154,-1.1381755664609194,-2.751135275493355,-2.654444183360316,-2.274143362377856,-2.2618182857606417,-2.2576927096290667,-2.3222334208916395,0.0,-3.2839372395213284,-2.1001706698155043,-2.0659872521450406,-1.0983269731578704,-2.2185258874721225,-2.368508031986405
2024-08-13,-1.2099121155462744,-3.0847643411924475,-3.1216310183458162,-3.1188210472193556,-2.7938135858561863,-2.7393945475031156,-2.9126260112839475,-1.1478166034080362,-4.008726102624038,-2.186181588142244,-1.12371531592379,-3.2057045331126965,-3.486081576462585,-2.9109047487313466,-2.9094498129340174,-2.8702252927868765,-2.9719899902948987,0.0,-3.539328877903425,-2.7682639804609055,-2.744326474763259,-1.2099121155462744,-2.677445814892987,-2.4827540975156603
2024-08-14,-1.1957007432392253,-2.640077485536363,-2.6936410392369714,-2.7037492415639686,-2.400829948281602,-2.3584898359163,-2.497701105807748,-0.9372749899042798,-3.149181867646822,-1.8511672251082745,-0.779159696855225,-2.6076365583233008,-3.467089857148964,-2.532827177245167,-2.5357153128417242,-2.4958365482246503,-2.5860593153921085,0.0,-3.453232003928286,-2.3623197925055184,-2.3520789862957914,-1.1957007432392253,-2.671950748513896,-2.485992375857282
2024-08-16,-0.7177827333664233,-1.1497882085522493,-1.202535738096011,-1.228055827308694,-0.872181027516783,-0.8455629581840762,-0.9667302836321889,-0.5803980967344913,-1.9387788929292271,-0.24593463102118296,-0.4152185850156753,-1.0693800332344128,-1.878181083700925,-1.1959960113092083,-1.1940412929364208,-1.150601713039745,-1.2625665752330706,0.0,-2.6012560350431424,-0.8412681486294704,-0.8446566794865551,-0.7177827333664233,-2.399051335102853,-2.2108257321337366
2024-08-19,-0.7650384094041285,-1.110532659469432,-1.1495679487229182,-1.182559474270417,-0.8554013463995536,-0.8353093132259626,-0.9165227949596289,-0.4330959970266224,-2.1213134505731035,-0.22550253238130535,-0.4043857844199583,-1.0152790217729968,-1.7522359977262925,-1.1671021881662136,-1.1925099408351514,-1.1008028927486757,-1.2272184898502791,0.0,-2.5188994024319733,-0.7976689310406404,-0.8071314578198985,-0.7650384094041285,-2.336758951603757,-2.1248450782578754
2024-08-20,-0.648455419563343,-0.9292006153522436,-0.9541260260618301,-0.989615753152695,-0.7272790981993738,-0.7116297161566032,-0.7408558035172375,-0.3696472108684734,-2.4213086940198303,-0.10865852396102493,-0.38474065583843364,-0.8916813755221464,-1.2476591261263326,-1.0038334943776261,-1.0238614361615328,-0.9580877911899766,-1.0490511898472277,0.0,-2.396532912840299,-0.6292241876083793,-0.6401199606300922,-0.648455419563343,-2.3430973797526566,-2.1516074475685043
2024-08-21,-0.3662480464303508,-0.5687403581459805,-0.5909775791921867,-0.6362174145028932,-0.2914826576142393,-0.2860076983785653,-0.3416842761838179,-0.29307819734035734,-1.8348903752348211,0.0,-0.2502209330931593,-0.3548265428268915,-0.9623850725711147,-0.6635864745299314,-0.6837603538461079,-0.6158471419495992,-0.7106927414555764,0.0,-2.3318498893054262,-0.17885731409427175,-0.2031406605030761,-0.3662480464303508,-1.9761658618280387,-1.7117921243232304
2024-08-22,-0.44166612880663925,-0.24454086918984652,-0.2812650088667823,-0.318862485453153,0.0,0.0,-0.04396366109424843,-0.24618288700428703,-1.16106832066325,0.0,-0.04805501293302372,-0.07582401443951836,-0.7972539473218965,-0.3524885940927591,-0.37505544009978076,-0.2800156462312908,-0.42166120491680115,0.0,-2.1290104190688552,0.0,0.0,-0.44166612880663925,-2.008964131675861,-1.777221477290758
2024-08-23,-0.4624772330839022,-0.18681636304910265,-0.22211161540259816,-0.25642516096658907,0.0,0.0,0.0,-0.24161609063110268,-0.8340565018444823,0.0,0.0,-0.08466459880700494,-0.7506726949757514,-0.28287913468062476,-0.3027729558626402,-0.20725456597586733,-0.35781431127259733,0.0,-2.175678115671542,0.0,0.0,-0.4624772330839022,-2.1290992923385654,-1.8612923954971716
2024-08-26,-0.17502733746943555,0.0,0.0,0.0,0.0,0.0,0.0,-0.11901520224011364,-0.217611982233068,0.0,0.0,0.0,-0.001202600647354224,0.0,0.0,0.0,0.0,0.0,-2.0342845273126686,0.0,0.0,-0.17502733746943555,-1.6659854733829138,-1.620233138601801
2024-08-27,-0.31829877799616213,0.0,0.0,0.0,-0.07948354679399028,-0.08061389675217967,-0.01564814790321334,0.0,0.0,-0.35336139839238223,0.0,0.0,0.0,0.0,0.0,0.0,0.0,0.0,-2.3372478043063416,-0.08279551382905925,-0.08360063702320675,-0.31829877799616213,-1.766182984774023,-1.7372275298493056
2024-08-28,0.0,0.0,0.0,0.0,0.0,0.0,0.0,-0.0085268498142832,0.0,-0.1935881488670521,-0.02339979227941047,0.0,0.0,0.0,0.0,0.0,0.0,0.0,-2.3264624250753485,0.0,0.0,0.0,-1.609914569735571,-1.3777644319056481
2024-08-29,0.0,0.0,0.0,0.0,0.0,0.0,0.0,0.0,0.0,0.0,0.0,0.0,0.0,0.0,0.0,0.0,0.0,0.0,-1.93428467803346,0.0,0.0,0.0,-1.5853238152271798,-1.1004768060392967
2024-08-30,0.0,0.0,0.0,0.0,0.0,0.0,0.0,0.0,0.0,0.0,0.0,0.0,0.0,0.0,0.0,0.0,0.0,0.0,-1.7107994149075267,0.0,0.0,0.0,-1.560726914721422,-0.8527818933435238
2024-09-02,0.0,0.0,0.0,0.0,0.0,0.0,0.0,0.0,-0.4274996930917485,0.0,0.0,0.0,0.0,0.0,0.0,0.0,0.0,0.0,-1.8645314275499758,0.0,0.0,0.0,-1.5361238666822374,-0.6895283483171588
2024-09-03,-0.028029346587155057,-0.01465517493577373,0.0,0.0,0.0,0.0,0.0,0.0,-0.7641096466736608,0.0,0.0,-0.23108703975643907,0.0,0.0,0.0,0.0,0.0,0.0,-1.9253888857299617,0.0,0.0,-0.028029346587155057,-1.5115146695730997,-0.8956768183938202
2024-09-04,-0.05944423098568352,-0.2920252127592726,-0.284777877738962,-0.13478859802777965,-0.12322175123798962,-0.04933722575527488,-0.2325500680633863,0.0,-1.0260858812992213,0.0,0.0,-0.6367986075244692,-0.32100820170587463,-0.26720929132101334,-0.2835460693458747,-0.2829431883788036,-0.23550957918384574,0.0,-2.164128055202741,-0.1612793510837096,-0.06967068988539271,-0.05944423098568352,-1.486899321857238,-0.9574318726211728
2024-09-05,-0.18070061148676153,-0.3883805802629703,-0.4079925756249714,-0.18694187267839224,-0.11024473856739991,-0.03262535900497854,-0.3375296268480654,0.0,-1.4117803826018571,-0.06473215467727167,0.0,-0.6232008194102967,-0.5330332343038702,-0.3646031769332869,-0.3768213352235539,-0.3827950787861467,-0.33455085841100907,0.0,-2.1954507417559554,-0.2515626752473077,-0.10503478927729182,-0.18070061148676153,-1.4622778219973709,-0.8884469063115796
2024-09-06,-1.3653005076081581,-1.8254595576812638,-1.874231721522912,-0.9264315853563465,-1.3091618966892926,-0.6314487233786137,-1.7274529027368812,0.0,-2.429077522272516,-1.0518005985826417,0.0,-1.9041055242133287,-1.6918582402934645,-1.7735718587564064,-1.7977645891968153,-1.732493451312811,-1.7902022245223637,0.0,-3.2037325866710042,-1.5594406431459928,-0.7621925319852507,-1.3653005076081581,-1.4376501684558507,-1.3533719746815387
2024-09-09,-0.8292586808332558,-1.0610180713109374,-1.1152353432405726,-0.5289792133335913,-0.1953606696111443,-0.04682001597823282,-0.8762582401338648,0.0,-2.0007231006811343,0.0,0.0,-1.2714306597549463,-1.3585888526118528,-1.1318615968697432,-1.1424448627774808,-1.1009570731454588,-1.1519094994812185,0.0,-2.9081978784899376,-0.6263488471020429,-0.27632371197309213,-0.8292586808332558,-1.4130163596947964,-0.9464752220504469
2024-09-10,-0.44905388415468206,-0.5768573025177415,-0.6560060169106374,-0.2847055857303826,0.0,0.0,-0.42812101805291825,0.0,-0.7058562590850803,0.0,0.0,-0.5536100416643208,-0.9444280867535904,-0.7125679954823272,-0.7220517302801377,-0.6275566919137443,-0.7871342001635862,0.0,-2.5737479141912933,-0.20466413542015172,-0.05012061442289939,-0.44905388415468206,-1.3883763941757055,-0.9994006239547049
2024-09-11,-0.49707001458064726,-1.0182107346441982,-1.1310571801486868,-0.5186130750319928,-0.2562002470937297,-0.12210680745841085,-0.8320452703430181,0.0,-1.0141073402757383,-0.15030281120170796,0.0,-0.8422732370628294,-1.429598657465847,-1.1818173563304835,-1.1641397497459627,-1.0551614356713368,-1.3243792068904803,0.0,-2.8016318902320814,-0.5771030180048875,-0.22918052621688778,-0.49707001458064726,-1.3637302703598975,-0.9867407743746948
2024-09-12,0.0,0.0,0.0,0.0,0.0,0.0,0.0,0.0,0.0,0.0,0.0,0.0,0.0,0.0,0.0,0.0,0.0,0.0,-1.6350545420350748,0.0,0.0,0.0,-1.43072181661128,0.0
2024-09-13,-0.11688528609241633,-0.3533113985848324,-0.34621546797746205,-0.16309578506401579,-0.4723247955705223,-0.23169984243145425,-0.3785892735639895,-0.007686827148711828,-0.4405704663891896,-0.49002977197492026,0.0,-0.40660918687085434,-0.1276163604035374,-0.31761074527827393,-0.31904039034952314,-0.3247282142466723,-0.30915228224737135,0.0,-1.898929267306515,-0.40009521902707457,-0.19228579217572817,-0.11688528609241633,-1.7502822579035904,-0.3477047605907946
2024-09-16,0.0,-0.4637083461680014,-0.4340054595498022,-0.19319335639076396,-0.7627158226616526,-0.36909963809155233,-0.513239885032879,0.0,-0.4992559639312333,-0.9193851112145435,0.0,-0.43188768881223805,-0.020285993271718095,-0.4022565677135548,-0.3825641103214372,-0.3739478548381525,-0.4497674140753194,0.0,-2.1400859967963037,-0.6244333961271109,-0.2950009432243439,0.0,-1.859004800373254,-0.4821679268809165
2024-09-17,0.0,-0.25287520957693044,-0.22850186351848212,-0.07565020684263679,-0.6163459442587116,-0.2797281999777357,-0.3225790002479356,0.0,0.0,-0.748286654156427,0.0,-0.1942326379096193,0.0,-0.22653631959653753,-0.19512406861351694,-0.1958663231179436,-0.28798825239675363,0.0,-2.025012640050483,-0.43303252924745683,-0.18513052535634733,0.0,-1.7324240290157444,-0.3496702337153157
2024-09-18,-0.04321400403051179,-0.5445152581088464,-0.46418279484117253,-0.17932581466137965,-0.9163940272554516,-0.4175927550577496,-0.5837928292795502,0.0,-0.8347065958349553,-0.9987869688569129,0.0,-1.133999620574655,-0.16129951842197565,-0.40184381961956284,-0.37996542633449426,-0.42010957054539055,-0.4054327556526349,0.0,-2.0987990793139066,-0.7109934774225279,-0.3142701609671117,-0.04321400403051179,-2.0396723696017083,-0.6939613244168696
2024-09-19,0.0,-0.4148065010898372,-0.3575795817255867,-0.115015321127665,-0.6619515583763169,-0.27630981307316116,-0.42394298672737696,0.0,-0.7030625312604566,-0.6204939442979285,0.0,-1.040290896206597,-0.010818870138051828,-0.3282560396483558,-0.31715101564023795,-0.3240874997097798,-0.34337671751872856,0.0,-1.8551729752875779,-0.5141064329043821,-0.20098928656628878,0.0,-1.9769623014458393,-0.6108297253088368
2024-09-20,0.0,0.0,0.0,0.0,0.0,0.0,0.0,0.0,0.0,0.0,0.0,0.0,0.0,0.0,0.0,0.0,0.0,0.0,-0.47564073781725114,0.0,0.0,0.0,-0.6383575952217835,0.0
2024-09-23,-0.0007616606891747146,0.0,0.0,0.0,0.0,0.0,0.0,-0.01755642682051972,0.0,0.0,-0.02061696033616167,0.0,0.0,0.0,0.0,0.0,0.0,0.0,0.0,0.0,0.0,-0.0007616606891747146,-0.3340094308902475,0.0
2024-09-24,0.0,-0.2914149246850961,-0.28880154770352107,-0.1365537790663618,-0.4744958159814905,-0.23838311833899173,-0.33032253419542634,0.0,-0.034235302894924935,-0.6115059990794647,0.0,-0.17750324021563735,0.0,-0.24720932923567585,-0.23705203461170665,-0.2607542817658959,-0.2438597877928217,0.0,-0.4045983593029767,-0.4128233963751504,-0.2007493083377776,0.0,-0.3090997878484547,-0.2294691265814941
2024-09-25,0.0,-0.1622241214211395,-0.15451587309407433,-0.05593116057271974,-0.288165906236737,-0.13012231617431924,-0.17250522531983004,0.0,0.0,-0.382522685376685,0.0,-0.046564425881789884,0.0,-0.1556027917323899,-0.1394691666072978,-0.17600670382157402,-0.15138256374751524,0.0,-0.46874062077274514,-0.26026462702420927,-0.11005670387072009,0.0,-0.28418391910910445,-0.04054534462949455
2024-09-26,-0.024036881651046116,0.0,0.0,0.0,0.0,0.0,0.0,-0.030674825453813614,0.0,0.0,0.0,0.0,0.0,0.0,0.0,0.0,0.0,0.0,-0.4485947812770785,0.0,0.0,-0.024036881651046116,-0.25926182311619694,0.0
2024-09-30,-0.013978289026783663,-0.12369063655356394,-0.12369063655356394,-0.08570442663229372,-0.1234058067226429,-0.08649134064900865,-0.12316244380758956,-0.12449581562178347,-0.12373957030905602,-0.12333895726889255,-0.004422089901345849,-0.12379956996115826,-1.4060900852023384,-1.4713696834889878,-1.4421110888305777,-1.4777045869903582,-1.4942933746460163,0.0,-0.4977879391912299,-0.1235276417324016,-0.08619489089926047,-0.013978289026783663,-0.35302792578898456,-0.06416897615316719
2024-10-01,-0.07067303733440111,-0.18953687805588482,-0.18953687805588482,-0.12868329507839116,-0.3047113208263341,-0.21494841838752832,-0.2261612955136938,-0.22028073789076563,-0.5036174545965832,-0.4668435853193431,0.0,-0.3533403045702377,-1.4593741900509993,-1.5411446925537198,-1.5044451887674337,-1.5307675148702238,-1.588221374023513,0.0,-0.5752661700834327,-0.2677373915645598,-0.18865557601832617,-0.07067303733440111,-0.6688923285019466,-0.3809292153832189
2024-10-03,-0.4380828174480267,-1.9231153875349238,-1.9231153875349016,-1.4137919957998735,-1.8043746556027696,-1.3309873235009095,-1.9171226025181398,-1.5225152388469887,-1.7525841183010593,-1.969289542607,-0.6066240329148154,-1.4691298613818238,-3.548078273171218,-3.1035331874714855,-3.100795776346643,-3.0652954505138275,-3.144508335553986,0.0,-1.5670281478934123,-1.9041805408811618,-1.4081484057383187,-0.4380828174480267,-1.2351152867464799,-0.9335904861793698
2024-10-04,-0.5674236342496197,-2.6476888328255233,-2.647688832825512,-1.949860722480834,-2.7171654521504607,-2.007313612840622,-2.704696694393527,-2.1510271004655523,-3.08124538416511,-3.085517951552952,-0.7930409971072305,-2.4873032501508963,-4.447656014172885,-3.7780415567663095,-3.7358265234887944,-3.782672861621128,-3.815625285188995,0.0,-1.7523000606286532,-2.7251791721882968,-2.0174507874935355,-0.5674236342496197,-1.9158035614671554,-1.6164042898950348
2024-10-07,-0.542572328705393,-3.0923603053465976,-3.0923603053465865,-2.2785688448306196,-2.8188900886284562,-2.0781175661583995,-3.0514202044233163,-2.215471884174447,-2.569560865214593,-3.1864389104083624,-0.9603634864446597,-1.881507303142227,-5.283631543772249,-4.193562895134129,-4.166143749856199,-4.182883993413789,-4.231660942132387,0.0,-2.1508082449484878,-3.0564713469958926,-2.2605613140209035,-0.542572328705393,-1.8912892581689933,-1.5011064803774565
2024-10-08,-0.5177148120440234,-2.4847024979575028,-2.4847024979574917,-1.81554565931632,-2.505412413899022,-1.8390206735330539,-2.516506401633234,-2.0587245793838416,-2.7337041393191264,-3.029295174284763,-1.0136138199584588,-1.995296414876413,-4.45319183128261,-3.5968096926740856,-3.5511286228478878,-3.6274777275862147,-3.6118227275882098,0.0,-2.0894323601119646,-2.5892426548901226,-1.9029449446344215,-0.5177148120440234,-1.8667688279809802,-1.4214472720475602
2024-10-09,-0.492851082713075,-2.9398741386737814,-2.9398741386737703,-2.148630594240819,-3.3480075256036246,-2.467018417963196,-3.0758259891309647,-2.462601656789032,-2.3617477162330314,-3.9357473144557398,-1.3211774343107163,-2.7892307415928297,-4.572376033880965,-3.977349122167062,-3.8571478551340577,-4.088619133857385,-3.98628037750981,0.0,-2.5956445603248834,-3.2039344899004507,-2.356833746802267,-0.492851082713075,-1.842242269371841,-1.396809413676725
2024-10-10,-0.4828591119039882,-3.1540424027766356,-3.154042402776591,-2.299372721461601,-3.5537834010224367,-2.61693703806255,-3.2771243648484494,-2.6971261664105683,-2.5860757451149685,-4.011603576755462,-1.3316206469287217,-3.2179987720503345,-4.509348294065585,-4.1601809481276675,-4.049943443344306,-4.237470373584696,-4.1931290274540345,0.0,-2.724891377688532,-3.4054613478630036,-2.50071186929135,-0.4828591119039882,-1.817709580809912,-1.3870469473405422
2024-10-11,-0.37725116091427147,-3.3019784084183046,-3.3019784084182824,-2.3995111335880615,-3.761571705179778,-2.7679940932455738,-3.46497563765511,-2.722395991911142,-2.395043157594312,-4.392965664049342,-1.497684308253422,-3.118006286267594,-4.63998462505133,-4.278229024288349,-4.164284633941073,-4.397367210659564,-4.273035228264388,0.0,-2.7175050407702295,-3.5666022265670616,-2.6116068080364263,-0.37725116091427147,-1.7931707607630298,-1.281645570158696
2024-10-14,-0.23183730666382907,-2.425812322213028,-2.4258123222129835,-1.737263573131731,-2.8630511551019033,-2.0872196154608003,-2.6049449076312903,-2.10845712618547,-1.9147780359351607,-3.681736100125621,-1.1145070717379024,-2.2845021367730367,-4.014676033090147,-3.4805094045119556,-3.3359451215208114,-3.587878838785097,-3.5177042532299363,0.0,-2.0526968828542436,-2.7280459992901296,-1.9763605456665,-0.23183730666382907,-1.798581566256796,-1.136428777293086
2024-10-15,-0.2223542410970447,-2.3829445530845317,-2.382944553084476,-1.6983791241568569,-2.7267985452076204,-1.9784393062122319,-2.5541414521034422,-1.7604107696222893,-1.1464455656731265,-3.573990769978619,-1.104612632591484,-1.9125267410364577,-4.284356870105698,-3.4517248357196495,-3.2783847019345336,-3.537965748017202,-3.5388240572072127,0.0,-2.2695656768503603,-2.6786017968780884,-1.9338876386630566,-0.2223542410970447,-1.7973377889308972,-1.1265620609930527
2024-10-16,-0.39512189914895357,-2.627252261665536,-2.6272522616655025,-1.8725920330810997,-3.088716933343527,-2.2475803989863374,-2.8122382324800355,-2.108839784515726,-0.9075880380566947,-3.7578441999600587,-1.0046782022029022,-2.3490670070062003,-4.613051606498598,-3.6760210351183265,-3.470921615189604,-3.8638303522300244,-3.693311137935318,0.0,-2.393010485035185,-2.9281747584776197,-2.1124853034195423,-0.39512189914895357,-1.87724862250358,-1.2162106538614714
2024-10-17,-0.05756550926494519,-2.8169078692089733,-2.816907869208918,-2.008707719417624,-3.5125563927370096,-2.5579328439441884,-3.0753448678843998,-2.1096396341179546,-2.094529671824552,-4.533398700235125,-1.2487259666134731,-2.895388016458711,-5.458964748483663,-3.844753189235528,-3.6625638585608633,-4.006462016826884,-3.8652336923188035,0.0,-2.34966037563461,-3.261811142620119,-2.3566531214415876,-0.05756550926494519,-1.7265324221032996,-1.13137271030892
2024-10-18,-0.3789531657899192,-2.8350190081492643,-2.8350190081491977,-2.0180886827577016,-3.698546165316674,-2.693496149352259,-3.1166253109359388,-2.314535476599311,-1.9364596454322203,-4.383694471594001,-1.4182161112391012,-3.6184351001938952,-5.060930545489861,-3.8458666927422835,-3.628572235372207,-4.033474546149307,-3.875553296705292,0.0,-2.637284224356118,-3.333634594311652,-2.4066604862464813,-0.3789531657899192,-2.017989247499463,-1.546014501066173
2024-10-21,-0.5922756969671594,-3.071484152595705,-3.0714841525956604,-2.1836340987179126,-4.016665724944701,-2.9286529564114927,-3.3538176353477667,-2.5699195233584438,-2.7848052110656885,-4.622459797712619,-1.135793892891801,-4.437482629538936,-5.339594029136297,-4.052250568755323,-3.7673126479945918,-4.296881693009191,-4.092557365262106,0.0,-3.0509925980701347,-3.596296444105085,-2.5957674682313026,-0.5922756969671594,-2.244222707973309,-1.6914370576184057
2024-10-22,-0.8624287227873895,-3.985774307785517,-3.9857743077854946,-2.856211703705691,-4.635258449291824,-3.386946578319794,-4.1789577175674335,-2.4944778332794737,-3.0458250662234287,-5.163283896715177,-1.1637130856039013,-4.763938593985162,-6.519931702042925,-4.884258582581113,-4.643788043477337,-5.064333320430892,-4.9446543838351005,0.0,-3.938400435735856,-4.394581872651004,-3.1879703591064956,-0.8624287227873895,-2.2197904868744955,-1.6996221105827436
2024-10-23,-0.8947486581611042,-4.133860915357335,-4.133860915357312,-2.961217237058067,-4.750415927698748,-3.4661867497837617,-4.30114847505807,-2.5246204293163377,-3.374772042925389,-5.233078737580299,-1.3047657255021217,-4.918275759635193,-6.659737196408533,-5.042138795915962,-4.879939098239728,-5.222975646160977,-5.023501643347094,0.0,-4.040414676437198,-4.517001939506182,-3.2734181025598996,-0.8947486581611042,-2.195352159400754,-1.5742634821854895
2024-10-24,-0.7810373933550996,-4.785907354205577,-4.785907354205521,-3.4376847254655063,-5.933731312006141,-4.355205117131,-5.05969483944294,-2.593939122799993,-4.572143809617291,-6.638959914774933,-1.3192491505993886,-6.631015128675566,-6.7976327592645935,-5.594897833213275,-5.383253829333023,-5.822367590346156,-5.579072079960556,0.0,-4.190848930164027,-5.472315647342674,-3.982675157416049,-0.7810373933550996,-2.1709077240258945,-1.5496638173571387
2024-10-25,-0.7562394765592617,-5.135426231129891,-5.135426231129847,-3.6920765525519705,-5.79024187636914,-4.238032939115744,-5.264465670568019,-2.6345206326879644,-4.777668143387482,-6.288052773132213,-1.3516814969315671,-6.242387975509745,-7.632653323109206,-5.951198377114131,-5.8052029241572045,-6.15792704173953,-5.8904651654456135,0.0,-4.59954889456159,-5.603384281547353,-4.076270316605757,-0.7562394765592617,-2.146457179223371,-1.5395259851211152
2024-10-28,-0.7314353619897074,-4.39693548435095,-4.396935484350905,-3.1370965753299562,-5.017613624190909,-3.6481794743700724,-4.523683624665942,-2.322334452567665,-4.165006726353527,-5.4267566229393776,-1.058239399128369,-5.622767823076213,-7.027779506166265,-5.304734930302657,-5.117064263460769,-5.509110075993284,-5.288030451453896,0.0,-4.628774086761666,-4.8390844290207236,-3.500283688367345,-0.7314353619897074,-2.122000523466272,-1.582619850575473
2024-10-29,-0.7066250480974534,-3.569186337611796,-3.5691863376117627,-2.5102143002259547,-4.55227190946057,-3.291137462360938,-3.815179670957647,-2.192857303087614,-4.657251233308801,-5.189066419625277,-0.9064196242887235,-5.89843845432333,-6.53998598289326,-4.592362825089924,-4.334641079401413,-4.838038943244194,-4.604408452624065,0.0,-4.139142471813573,-4.225245942044209,-3.035749247516284,-0.7066250480974534,-2.0975377552272634,-1.5871739085235315
2024-10-30,-0.7265942845219642,-3.956455673835213,-3.9564556738351575,-2.7955846035393916,-4.83465672239769,-3.4975808376235595,-4.174290711281259,-2.3494380266425474,-4.986840311702978,-5.368678711636288,-0.9204552069227545,-6.079348880470848,-7.021288723301799,-4.898900207101753,-4.641282931297708,-5.117147799734467,-4.938269890273029,0.0,-4.287629306581375,-4.553873862108215,-3.275365367061167,-0.7265942845219642,-2.073068872978623,-1.8366048822989867
2024-10-31,-0.881774441292893,-4.419430135465364,-4.424141333506093,-3.163808727179307,-5.586701713515419,-4.088419121106568,-4.773419108357468,-2.60578309902717,-6.354263346128597,-6.486299679419572,-0.8956921349917324,-7.306129510623682,-7.5388801623919255,-5.154248205947942,-4.71096875123842,-5.4131628037543456,-5.3386130628509605,0.0,-4.487388857284136,-5.200879327117258,-3.7789871565523603,-0.881774441292893,-2.0485938751922728,-1.812070784777975
2024-11-01,-0.8616222234690385,-4.207688268633058,-4.207656192402287,-3.038504265317332,-5.35974484962961,-3.9576937300462856,-4.550266173282392,-2.5826470154310277,-6.190690147994893,-6.240990718060269,-0.8709228739958608,-7.203641820773754,-7.160713723499523,-4.964340712381244,-4.526981453092849,-5.22040115141178,-5.145639532638979,0.0,-4.40347513729108,-4.97336022155136,-3.647865276650064,-0.8616222234690385,-2.0241127603398024,-1.787530555419936
2024-11-04,-1.1315318178237832,-5.059139890831277,-5.074547836510835,-3.476480015604666,-6.244015024716376,-4.404982823686576,-5.453631901549527,-2.733700251305049,-7.01851506722555,-7.2020124759835324,-0.8461474223882326,-8.232744815824322,-8.34105139640614,-5.7919935580909465,-5.312629933674717,-6.027003292953504,-6.036347447644519,0.0,-4.9362652198706725,-5.844976883961694,-4.088686919448447,-1.1315318178237832,-1.9996255268923124,-1.7629841926923073
2024-11-05,-0.49836224197907786,-4.593418659885218,-4.645221575878833,-3.2463589143085336,-6.028126701045366,-4.2846873046112455,-5.076933248715787,-2.325033735457105,-6.934125475643049,-6.932087038756141,-0.8518781650833973,-7.413235495892634,-7.508507774987994,-5.374174562892375,-4.865318609161617,-5.697916063108899,-5.559289016406488,0.0,-4.563324975768324,-5.495033113780923,-3.9000449736146137,-0.49836224197907786,-1.9751321733205707,-1.7384316950621703
2024-11-06,-0.1920959159830926,-3.245367727638393,-3.2865249446745293,-2.518249713125642,-4.804766182316966,-3.6274472599742147,-3.7414722533459788,-2.193012250023796,-5.647312584181085,-5.781572102906807,-0.8328018336774434,-6.691442596325348,-6.474279862562526,-4.118688666313108,-3.616395767816327,-4.389827607670327,-4.34984262345256,0.0,-3.6812406251827356,-4.189546470817829,-3.2021215062823183,-0.1920959159830926,-1.9506326980950228,-1.713873060996307
2024-11-07,-0.3477998300529528,-3.913755822716758,-3.966277864761447,-2.8549768375806917,-5.566974798476643,-4.012529205151849,-4.4598078265634005,-2.3003944744341753,-6.707689753431644,-6.581200801365583,-0.808016854431548,-7.73587549516942,-7.561799340506625,-4.709697061805073,-4.17623338754346,-4.968966921510232,-4.983890876361407,0.0,-3.9550550069870627,-4.903101742053906,-3.5614319525050675,-0.3477998300529528,-1.926127099685615,-1.6893082889609112
2024-11-08,-0.5975590471823167,-4.130200648355487,-4.157231495796065,-2.9400676672997283,-5.526168024977696,-3.9786795261258057,-4.614680581151587,-2.6377875925763017,-7.212056586662497,-6.556198259250035,-0.7985765769664477,-8.24787693228808,-7.757186826068374,-4.947229955069609,-4.514506600816515,-5.1083550701744525,-5.218828194217739,0.0,-4.116162362874299,-4.979928447136728,-3.58598367848848,-0.5975590471823167,-1.9755492452037005,-1.6647373774219765
2024-11-11,-0.46708997110554984,-3.932240497999784,-3.9761097513411836,-2.833395358275781,-5.350774902336852,-3.874199601553352,-4.431657875499528,-2.4815816184110995,-7.061462034065203,-6.389947990959932,-0.706863873836161,-7.986810420860091,-7.783537912364292,-4.80711173199091,-4.335300890933736,-4.9935136317171835,-5.092520673321643,0.0,-4.012097327964048,-4.809656340699187,-3.4842387440415457,-0.46708997110554984,-1.7356641307725962,-1.6401603248450636
2024-11-12,-1.0877457289968917,-4.714997435846713,-4.7407948457407585,-3.2136349952126664,-6.039546657350159,-4.215388271029086,-5.152950708132897,-2.708228394533174,-7.478635526788313,-7.079692183990771,-0.697541599111462,-8.800871767765372,-8.76849556037913,-5.513702005035137,-5.073218662467271,-5.669560590680089,-5.798326761957928,0.0,-4.539261346109436,-5.553171164923032,-3.8533011523324,-1.0877457289968917,-2.349575704558926,-1.6447567706681987
2024-11-13,-1.8613703764135625,-5.693164174286858,-5.695780089530233,-3.6959541066616697,-6.761806483366439,-4.577383827272341,-6.0596388519914335,-3.0420505036360734,-8.15386073182034,-7.814495242634944,-0.8427889147927692,-9.87583271372171,-10.007653155244167,-6.457319399773631,-6.0975772632803515,-6.554785496241989,-6.719595439798399,0.0,-5.24662913712014,-6.408445972780996,-4.282599210728256,-1.8613703764135625,-2.9977036963338533,-2.0746730959743
2024-11-14,-1.9242284581334812,-6.019007104299556,-6.040807389436365,-3.864347723615269,-7.341421631961953,-4.866978786635223,-6.429991862729745,-3.0510672071576095,-8.256935299303958,-8.40755803053539,-0.8162376902186796,-9.752174700984927,-10.108312514333829,-6.766270108696437,-6.44582233339338,-6.864147422471445,-6.988840570224319,0.0,-5.366838748960124,-6.8843914667819694,-4.518872072543401,-1.9242284581334812,-3.137823734486722,-2.0501984991334266
2024-11-18,-2.1696992294979123,-6.381616179486215,-6.411561816248468,-4.054835999136075,-7.715794166114409,-5.058886649356243,-6.833439293561005,-2.936316054112653,-8.941801489977664,-8.782336504718803,-0.6692173869865425,-9.945625842343164,-10.409693738006043,-7.055338812274458,-6.601686261319295,-7.228192434783787,-7.336137740720206,0.0,-5.309546860632097,-7.246035765816683,-4.7036254011016965,-2.1696992294979123,-3.693167050033608,-2.025717785326564
2024-11-19,-2.10091593737759,-6.546380544732444,-6.581013072103515,-4.130593322126341,-7.715282462888407,-5.048341264794864,-6.954392106389817,-3.089243526384533,-9.395799959355255,-8.70725599171881,-0.7871567232618393,-9.915803578587457,-10.162551584937262,-7.293787677095576,-6.8889468849672735,-7.4249128270749365,-7.567503319244384,0.0,-5.221706806006587,-7.344309543097117,-4.741761325791261,-2.10091593737759,-3.669096965368124,-2.001230953024924
2024-11-21,-2.001283093976558,-7.17173173383987,-7.202905395271253,-4.435099916449115,-8.299019685725483,-5.33593457557211,-7.549164119566032,-3.330582437153673,-9.732942737462302,-9.195888125441998,-1.0705882648010423,-10.111591311202162,-10.806578997826088,-7.914309646077955,-7.662816519705185,-7.962459997231597,-8.117652421296995,0.0,-5.3730817684693015,-7.936520974276662,-5.033642437425834,-2.001283093976558,-3.645020864836912,-1.9767380006993074
2024-11-22,-1.5793668601125188,-4.314128917328819,-4.341383365818352,-2.934568403428206,-5.552190304219529,-3.8915265296798562,-4.725070884838045,-2.6641650874208556,-6.890438643875118,-6.6050919726563295,-1.0229864203578742,-8.07461383571465,-8.677579836256177,-5.2352276803419695,-4.873085272097255,-5.31251154940291,-5.520086219525577,0.0,-4.382575681146294,-5.1388592835927565,-3.5666403722290907,-1.5793668601125188,-3.6209387469364085,-1.9522389268201268
2024-11-25,-1.4074100317090887,-2.7229444920380153,-2.7773036365653203,-2.111195693937906,-4.326080930298382,-3.2470881468872115,-3.263415356297894,-2.118152805256257,-5.918862171998152,-5.434366346223484,-0.8152175246270765,-6.60030028725187,-7.4756584451575625,-3.7395773793237774,-3.3074996913092902,-3.784212244416074,-4.1270202022458236,0.0,-4.069543554135779,-3.7175287892769027,-2.8242910120300224,-1.4074100317090887,-3.596850610162705,-1.9277337298574282
2024-11-26,-1.1553147911906425,-2.53775078156403,-2.5812885097467486,-1.9952540162353039,-4.036343178331336,-3.0796199269434776,-3.022322106690001,-2.1292085815015627,-5.739285654591308,-5.084595343428999,-0.8516218239354334,-6.555011856604875,-7.580324184015296,-3.589299216017938,-3.1790116274349023,-3.6427397726828903,-3.9461462479358334,0.0,-3.9605074606257618,-3.467301576894599,-2.6762418841652647,-1.1553147911906425,-3.572756453011483,-1.903222408280858
2024-11-27,-1.0500766780958903,-2.529246968023846,-2.570142318847257,-1.9798126688896245,-3.9629653905929207,-3.03159363424631,-2.9953854109072253,-2.2079746787950105,-5.871400827490736,-4.9664834930769,-0.8268415483927649,-6.376799935370315,-7.273205705144436,-3.607599993173871,-3.196583162824973,-3.6699824191411046,-3.9562343975553804,0.0,-4.0858965126679525,-3.422036466020195,-2.6415021431684615,-1.0500766780958903,-3.663471527638129,-1.8787049605596629
2024-11-28,-1.7682604110999423,-3.71729478846613,-3.7754498416873283,-2.596630305938785,-5.195365529719032,-3.6662862089743453,-4.225907246479155,-2.243019760441056,-6.9895329470402885,-6.187673440426389,-0.8163393439366007,-7.361407876814818,-8.651221289290255,-4.687196844901875,-4.294944580351412,-4.749730111024986,-5.016915843329017,0.0,-4.591283881032792,-4.644554922712285,-3.271041392791907,-1.7682604110999423,-4.691193650845982,-1.8974226977939934
2024-11-29,-1.521239687172804,-2.6878869857989485,-2.730715694197916,-2.042149651774161,-4.208013861499483,-3.1370147508046786,-3.1860851026922488,-2.1289354982457542,-4.8785129475975015,-5.1407443810494,-0.8223547334903714,-5.821351960427201,-7.822504991561175,-3.7333024938466686,-3.4207596453806777,-3.7221830801589917,-4.0569647560001805,0.0,-3.89534807760219,-3.6052091903458816,-2.7198312508547318,-1.521239687172804,-3.6988607788122407,-1.802382386980994
2024-12-02,-1.3881093591396443,-2.3991076298346514,-2.4384804414938843,-1.8816511813991244,-3.9559357072257995,-2.9951980957009794,-2.882622129924295,-2.1603941743680966,-4.254315332218772,-4.87952907290704,-0.779803284512981,-5.393982100465012,-7.2688113705384305,-3.489594645134797,-3.1679336018874293,-3.4717189428773665,-3.829131390639484,0.0,-3.8043205816412184,-3.337016586894792,-2.5719460877600575,-1.3881093591396443,-3.634153801163631,-1.8357305479848818
2024-12-03,-0.9363464032725144,-1.7930623815720637,-1.8533477648998264,-1.5711546682023458,-3.6743160852817702,-2.838641667010111,-2.397545245877919,-1.6877876558201388,-4.389389858640913,-4.725326437942757,-0.7692999888264884,-4.838295962923089,-6.5770356699106465,-2.929614590482277,-2.606866553156162,-2.8906942146749715,-3.291283003615586,0.0,-3.529238522809164,-2.8832810586685076,-2.328600963870975,-0.9363464032725144,-3.075982556153667,-1.2581219839954527
2024-12-04,-0.8661959603541214,-1.8289267933674913,-1.9313405831124286,-1.6000944101342562,-3.8477598723717477,-2.9128271320701504,-2.5090895366078447,-1.5478759914182905,-5.036040484991822,-4.832294764723755,-0.6971025816561283,-4.284999846625137,-6.5376955572157165,-2.9608521178491,-2.608947393306249,-2.961695733305214,-3.3119132269357143,0.0,-3.609097730558797,-2.99348660529809,-2.373978687886824,-0.8661959603541214,-3.1923259468515153,-0.9533514717073088
2024-12-05,0.0,-0.5761288589833491,-0.6710854036955705,-0.9432888360044744,-2.6081687835789236,-2.2671654428868093,-1.262333801547555,-0.9515237032179047,-3.368098720668977,-3.626930464375777,-0.6722836869300419,-3.3759875259807615,-5.61729508635792,-1.82637276703278,-1.499146713563726,-1.8075712398666455,-2.1724003476678244,0.0,-2.8204699318613025,-1.7440923973130018,-1.7208820025886862,0.0,-1.9686343888474678,-0.3354475698581827
2024-12-06,-0.24612404199882976,-0.8708042015768469,-0.9674308045256597,-1.0821117151986082,-2.8976201260275336,-2.403973923536029,-1.5653562297790913,-0.9863161041650303,-4.08775372277489,-3.9884816814230173,-0.6474585891872109,-3.9177688642667463,-5.734181402608874,-2.082323966832278,-1.7866795921887335,-2.0153170920556684,-2.444975216252321,0.0,-2.9319218046564566,-2.0518277834653875,-1.8679262606208225,-0.24612404199882976,-2.332700342543814,-0.4157277708613849
2024-12-09,-0.01411798740219572,-1.1604745679621664,-1.299924893508364,-1.2382244727417557,-3.4883845845273598,-2.691857364524164,-1.9814263342369465,-0.8664104398672157,-4.093518638280235,-4.771114199549819,-0.6226272868773308,-3.577692640775487,-5.958792332400831,-2.3610627319306743,-2.159087713991159,-2.1397643043139847,-2.7843361774867237,0.0,-3.174506774750585,-2.549370321125566,-2.119397990774685,-0.01411798740219572,-2.565275865272343,-0.2127900506592728
2024-12-10,0.0,-1.1745916457494898,-1.3353327646333457,-1.2486182852456729,-3.5548259896401424,-2.713031881430683,-2.035961146776577,-0.6525061506935104,-4.339931147236776,-4.908285989940497,-0.5977897784496533,-3.7283031670260147,-5.992977122153931,-2.419903160445025,-2.215088174990676,-2.2414307490125074,-2.8031905573317806,0.0,-3.213666049337016,-2.603995062170661,-2.1358074553621043,0.0,-2.6336009209974143,-0.02317936180249447
2024-12-11,0.0,-1.1857321469630366,-1.3401245106695936,-1.2399374360114068,-3.4934029595252047,-2.6685475925203317,-2.0312906020854338,-0.6319945869551757,-4.123532262215801,-4.884214746679827,-0.5729460623530858,-3.8665116734825866,-5.871696471297028,-2.4390175394685576,-2.222560232018056,-2.260661780617479,-2.8338306057700713,0.0,-3.4274116489137807,-2.5822539688782453,-2.112686187446633,0.0,-2.6577157366279636,-0.02896962334165698
2024-12-12,0.0,-1.5544084922452295,-1.7332255039270494,-1.4290708158838372,-3.8924322056037464,-2.8573049242852866,-2.4169940397582024,-0.7203512868547923,-3.4514294844360416,-5.276928478793918,-0.5480961370361248,-3.775209883773545,-6.22733168691264,-2.832177448299178,-2.586068730371305,-2.7123608632910856,-3.198102751235077,0.0,-3.4852446883046784,-3.000765290757268,-2.3184886540516314,0.0,-2.7558916762052132,-0.14178358855554407
2024-12-13,0.0,-0.26425986920619593,-0.4226524619305727,-0.7459009100678982,-2.462370966640537,-2.1190125338083177,-1.0793392973143745,-0.31298855719544827,-1.1164751912148718,-3.8528058605921123,-0.523240000946934,-2.289426679730411,-5.388483799378974,-1.6471521062653816,-1.3767949770976284,-1.5494757266989567,-2.0151856149994707,0.0,-2.9310955715109777,-1.6489338648411067,-1.6138111648516418,0.0,-1.8780073292447796,0.0
2024-12-16,-0.39888662790383833,-0.7864388718281545,-0.956760761872899,-1.0078115007654542,-3.032203025589897,-2.399303391526497,-1.616618373040024,-0.5541600951624481,-1.8458115334291758,-4.451034337135685,-0.49837765253321065,-2.6755061043174155,-5.770664078709453,-2.123643658063734,-1.8576979579547848,-2.0122315259195167,-2.5010014903167677,0.0,-3.3832847050153214,-2.2127483752090837,-1.8925650472211841,-0.39888662790383833,-2.2774703361481685,-0.27484184000052814
2024-12-17,-1.4487887020150914,-2.053164204322855,-2.2192611581441146,-1.6442815636595998,-4.1279311656503115,-2.9460043368952693,-2.8382360917593497,-1.1575994235005327,-3.6235414499198315,-5.537160606415625,-0.4735090902422856,-4.3690455940536,-7.039813566810493,-3.2850650495738765,-3.049340986987903,-3.1579952489375507,-3.647858912796076,0.0,-3.9564347050091597,-3.392700835408191,-2.4830451887152494,-1.4487887020150914,-3.3317776132956056,-1.037810668214878
2024-12-18,-2.000621541220149,-2.5828106439000242,-2.720138953474094,-1.8873450549020454,-4.525155380713519,-3.1339513585398326,-3.289609222876566,-1.5194577275175702,-4.41837172474242,-5.851731464079146,-0.47819814742530165,-5.531693000496962,-7.563709272016162,-3.7462442692208664,-3.5709945739555327,-3.599990424236188,-4.067747809470756,0.0,-4.287897798967666,-3.827504407667204,-2.690929246664109,-2.000621541220149,-3.9811172265912798,-1.521832365063136
2024-12-19,-2.7750463199633035,-3.6620514174765084,-3.795144111237314,-2.4238662407028433,-5.515712944944784,-3.627233802018759,-4.3596237496631325,-2.2317302554206053,-5.278809703476095,-6.820311686730518,-0.7412127005025693,-6.462890437900848,-8.507789909324481,-4.707051642308802,-4.519976497583567,-4.59228553098201,-5.008892898360706,0.0,-5.1060895174415695,-4.850045862613217,-3.2011184257610292,-2.7750463199633035,-3.957119109665941,-2.1825243934326277
2024-12-20,-3.261736656440295,-5.054924498062807,-5.191038112142099,-3.126945752017962,-6.685831018983945,-4.213789090282994,-5.680820147577981,-3.0332010770268925,-6.505539507822943,-7.89935527826886,-1.5387325501360127,-7.525517862315489,-9.89898103661828,-5.9671144903068125,-5.817687997635557,-5.827991826119261,-6.255663647165532,0.0,-6.222189927291478,-6.155048085375336,-3.8582655481308015,-3.261736656440295,-3.933114994861886,-2.286982485468303
2024-12-23,-3.2068545914298974,-4.325444689724112,-4.461826333381302,-2.7434868748325347,-5.966750673382981,-3.8367351150333517,-4.935930469228477,-2.832000035626392,-5.977739516076919,-7.157270209878552,-1.2428119170478147,-6.485023418267655,-9.265077752864082,-5.303869051524524,-5.167905373588111,-5.155839425470143,-5.587862355515272,0.0,-6.182806016313213,-5.436655189109995,-3.479807725448747,-3.2068545914298974,-3.909104880679992,-2.2686721869647153
2024-12-24,-3.182662962096239,-4.431752452653592,-4.556798112108584,-2.7781363674214687,-5.9492984889477185,-3.816600256862024,-4.984954208017889,-2.9604103156054773,-6.256264659876642,-7.0618784481052295,-1.331058326192447,-6.669497364541965,-9.363625742355286,-5.392461308561547,-5.275527208390562,-5.24767869640137,-5.6541780208926085,0.0,-6.168210352553705,-5.483928868150356,-3.4918196884086483,-3.182662962096239,-3.8850887656209143,-2.244246076554124
2024-12-26,-3.173473477960831,-4.518046093113726,-4.6459429502726195,-2.8114055357890244,-6.0315249722652675,-3.8467506984850575,-5.0787318577157015,-3.000455280235781,-5.879377576549283,-7.166322601584396,-1.4064048854487865,-6.667273709922994,-9.277492307676216,-5.458088516381821,-5.3290300650741695,-5.340655769713976,-5.704579714357161,0.0,-6.2549611970957315,-5.575964273250555,-3.5272861194861727,-3.173473477960831,-3.875316016531105,-2.2198138612958496
2024-12-27,-3.1171608507447046,-4.480165067269326,-4.594754140105229,-2.7735036168474503,-5.831987795450077,-3.733346732725673,-4.969750567364828,-3.0809612685201326,-5.852806174418024,-6.869106393453473,-1.2172338025291274,-6.4726516975703525,-9.03607248846614,-5.4040504572340105,-5.3036722366268,-5.263051037076383,-5.645428097998762,0.0,-6.13877219397102,-5.455829217518171,-3.453243806869899,-3.1171608507447046,-3.8208024366320537,-2.195375539664135
2024-12-30,-3.129020640939284,-5.1571281464708125,-5.257689335410554,-3.0992081641592284,-6.373024275392014,-3.9964469068015096,-5.599905597580435,-3.451721108993566,-6.65245321532174,-7.3553823200432795,-1.4750499209184254,-7.446951688807668,-9.67971940718706,-6.010150824433314,-5.9092791159715,-5.885774680577571,-6.235398676750714,0.0,-6.441229842522233,-6.052452768943583,-3.744731125662071,-3.129020640939284,-3.8310141741623616,-2.1709311101327455
2024-12-31,-2.9678061824005453,-5.306918387346771,-5.408459516852703,-3.163330709542811,-6.602595753169139,-4.103487582177124,-5.767401404032324,-3.691131053855101,-7.034966715150492,-7.687448394058826,-1.723595061461114,-7.739749375726435,-9.680099901354989,-6.152543122090782,-6.059082161480644,-6.070841466038901,-6.327705738752698,0.0,-6.47600447363319,-6.255079036929601,-3.8383639210622267,-2.9678061824005453,-3.6769021379949973,-2.146480571175169
2025-01-01,-2.9397976734948594,-4.968811671843342,-5.071195930076511,-2.976303869323682,-6.334090220522404,-3.954781999771806,-5.452561111463705,-3.4866560113616107,-6.732530586407403,-7.476118084167805,-1.6514349244320825,-7.031479852439637,-9.305372831313774,-5.847986507156855,-5.749783186210323,-5.774397852226532,-6.019778483033611,0.0,-6.386007870051902,-5.961406764556775,-3.6770639596762855,-2.9397976734948594,-3.6492608172371988,-2.1220239212644487
2025-01-02,-2.8110887683131747,-3.5992138959446196,-3.686958405522067,-2.245781643595135,-4.9547670696134745,-3.236389392858363,-4.0727495393317215,-2.8298801654690897,-5.455496458904863,-6.16855962531454,-1.2718507426010772,-6.18685205183942,-7.602668890543129,-4.585014402598208,-4.517045665440045,-4.452163276946686,-4.7858342654078285,0.0,-5.52271482707154,-4.561684485379558,-2.947681025793103,-2.8110887683131747,-3.5406211783654107,-2.0975611588732512
2025-01-03,-2.9456485519002373,-4.592941740546896,-4.6161470835665135,-2.7135409908344954,-5.847920032123288,-3.6815819042361864,-4.99560304016865,-3.410767125646108,-6.393481251584932,-7.0490050060146086,-1.768185787148735,-8.077437897747563,-8.305143191892416,-5.429893949577169,-5.418697961844233,-5.307121693985328,-5.563862192901848,0.0,-6.140772609045886,-5.435677201836886,-3.381188464607565,-2.9456485519002373,-3.516512967723484,-2.1019393227425187
2025-01-06,-3.383382079479036,-6.01030740961771,-6.060787351779284,-3.4455215678830586,-7.278418895640937,-4.402966192085412,-6.457632282913051,-3.8232363425132587,-6.885310953213908,-8.498263659241601,-2.203843508860459,-9.497552966329604,-9.789920963154552,-6.7402667160206935,-6.810154802901236,-6.58155430217745,-6.829091042983304,0.0,-7.567706647048677,-6.87892067137258,-4.1075049643319765,-3.383382079479036,-3.5350817521138,-2.178408756066874
2025-01-07,-3.4098266609926764,-5.744843325020055,-5.773840867871494,-3.2868188451806946,-7.107862457765391,-4.303010676060559,-6.199671886698743,-3.5977361574645372,-6.6489453049995095,-8.38978758693888,-2.137440882766306,-8.948243619883911,-9.439068036982812,-6.489269217909843,-6.534094924527734,-6.353652599515936,-6.580060129685816,0.0,-7.7341118358722705,-6.65407926776348,-3.982962854535843,-3.4098266609926764,-3.3600019459602115,-2.15396008600649
2025-01-08,-3.385685760716861,-5.578909029588708,-5.557394249881343,-3.1616239688261327,-6.755054038800601,-4.110806218442931,-5.90780273530801,-3.7644161573628487,-6.609836650688516,-7.93957040176746,-2.1036602474944766,-9.975946247564282,-9.511458917597015,-6.322434787602482,-6.358488135557073,-6.223023177710463,-6.385793049539856,0.0,-7.707844977835842,-6.3549676180823305,-3.8137896491146295,-3.385685760716861,-3.3358485929323556,-2.1295053054600777
2025-01-09,-3.361538826876298,-6.202771582637833,-6.146359369142984,-3.4561653011045634,-7.098739170964641,-4.272147654902303,-6.430469628538759,-3.9710637419379413,-6.588644646039398,-8.196231152789856,-2.177351690581686,-11.196121347411225,-10.131992680784318,-6.881291685310176,-6.873240453723451,-6.8121956074560615,-6.958438994750971,0.0,-7.877697277967077,-6.821187864660638,-4.037090889307415,-3.361538826876298,-3.3116892032274303,-2.1050444129004253
2025-01-10,-3.352175102664723,-5.883848089258015,-5.827843638372354,-3.272942960282299,-6.613820027100525,-4.017212395571168,-6.072360237282659,-3.7279477352502144,-6.139736747103641,-7.6438142644346785,-1.850286166648496,-11.511444969223128,-10.494879667600266,-6.614910104982941,-6.622906761218261,-6.553580054664055,-6.6682434990664845,0.0,-7.740693802909304,-6.406731209278127,-3.808078457905806,-3.352175102664723,-3.2875237753366537,-2.094775304618668
2025-01-13,-3.294348688770965,-6.727809005369901,-6.6425525842991,-3.6798409330337956,-7.298416748801351,-4.357567584468514,-6.842031617196942,-4.214315824449022,-7.1749933860068555,-8.213460859128674,-1.981759625302637,-12.969849534868604,-11.814836318123545,-7.381898493109729,-7.37035658924039,-7.323449808738469,-7.451889081350216,0.0,-8.152542878715941,-7.127681486771243,-4.162989579498078,-3.294348688770965,-3.263352307750922,-2.1967127816735488
2025-01-14,-3.6079580927731114,-6.899232425443924,-6.8824951241557635,-3.7934685081572606,-7.877332741820242,-4.638784070447155,-7.16591858272797,-4.292122312347324,-6.99548541235524,-8.932084260836625,-1.9423353835543389,-12.463199643950706,-11.470660691565282,-7.53096164237077,-7.502851173685244,-7.483079127216941,-7.606954626210028,0.0,-8.145423256210238,-7.565788050164867,-4.379154435215337,-3.6079580927731114,-3.2391747989606867,-2.2975861692989485
2025-01-15,-3.5658667113644404,-6.507671334087306,-6.479944066776477,-3.5726299329468802,-7.583844068160461,-4.476931554898789,-6.795281204669735,-4.181274693561865,-6.653347262180686,-8.721462734929563,-1.8913443323577694,-12.278223079666162,-11.328758748941127,-7.16017182423081,-7.100804326809385,-7.114060674031797,-7.265650471851126,0.0,-7.9290477627709794,-7.214533467815876,-4.1875053180048365,-3.5658667113644404,-3.214991247456045,-2.2731672853953833
2025-01-16,-3.657205738012448,-6.366126338587808,-6.353036860277617,-3.4966862204436233,-7.708238331573202,-4.526136019732451,-6.734116736433393,-4.139531656371053,-5.843460136651835,-8.941614540064647,-1.8446667845532283,-11.885174944547739,-10.952114286720393,-7.001161709347614,-6.845657462329269,-6.989244542921769,-7.168583122791706,0.0,-7.8516432360072885,-7.222354083105575,-4.180317849671111,-3.657205738012448,-3.1908016517267934,-2.248742298450257
2025-01-17,-3.642055167743996,-6.7175385857840775,-6.615602334611436,-3.6251258250945773,-8.063593309149597,-4.700856576739854,-7.005622223910601,-4.7159266615582895,-7.249097778441238,-9.239268823570923,-2.4492555935694327,-12.353984926089046,-11.366957379132291,-7.203155752488433,-6.975246345426223,-7.129821396281988,-7.504399515756932,0.0,-8.49258606342338,-7.523332711583319,-4.321900965006764,-3.642055167743996,-3.1666060102622517,-2.224311206938223
2025-01-20,-3.518583603668468,-6.421764115092799,-6.3415748006872334,-3.472632031668954,-7.988827854640812,-4.64850820929451,-6.799199986430482,-4.62897366190057,-6.604686115280034,-9.269707515980564,-2.424874616590744,-11.700282308951703,-10.826252784508517,-6.922290176475865,-6.629835047373856,-6.880314270043741,-7.256721212009776,0.0,-8.583211403784164,-7.351537221288584,-4.2232147157476145,-3.518583603668468,-3.1424043215514508,-2.199874009333569
2025-01-21,-3.8166076724945652,-7.639325030383848,-7.554664924394839,-4.085527675716916,-8.959071655538386,-5.132107060437763,-7.95081505084172,-4.775009432373356,-7.865239527047796,-10.136666014622586,-2.4004875460446273,-12.824255874867651,-12.048989444793323,-8.002166737537852,-7.75665406719348,-7.944375132419301,-8.305471013000588,0.0,-8.97970358163297,-8.430235645055827,-4.7615685249671085,-3.8166076724945652,-3.1181965840829773,-2.175430704110215
2025-01-22,-3.739320590736328,-6.965560641337598,-6.898698709758754,-3.7302039033354495,-8.208746434245839,-4.736841160417715,-7.254396628563297,-4.7212081618077555,-7.167477349678775,-9.296257237577986,-2.3760943804081114,-12.238499056447704,-11.549736332462945,-7.423304808034958,-7.304829677001868,-7.327985274225746,-7.637099472876995,0.0,-8.60786339753934,-7.7126001966276725,-4.380430507144794,-3.739320590736328,-3.093982796344985,-2.1509812897416714
2025-01-23,-3.7907448589573622,-7.149538059148131,-7.102425958410985,-3.82301904812119,-8.31165350911407,-4.775286979423788,-7.422777702986849,-4.67519978386941,-6.986678184243955,-9.39757925307424,-2.351695118157837,-12.35004782780662,-11.358743181507192,-7.621713664409624,-7.5274748323221115,-7.5275461949598,-7.810119965946749,0.0,-8.663829313589954,-7.88788469985422,-4.45789443593978,-3.7907448589573622,-3.069762956825406,-2.1265257647010594
2025-01-24,-3.8427561795694176,-7.1295040825095075,-7.068165466124099,-3.7947879011902663,-8.039320406989948,-4.623207291356069,-7.338658676937603,-4.602903385057555,-6.517952125954951,-9.045178371526308,-2.327289757770057,-12.94151860739502,-11.79096217425406,-7.617478180152593,-7.565999805364387,-7.520718192084496,-7.7657165430087165,0.0,-8.814634159093115,-7.7319699195034675,-4.362195674366321,-3.8427561795694176,-3.045537064011694,-2.102064127461123
2025-01-27,-4.1981714938198245,-7.829855125594298,-7.76234855918827,-4.1476916049768775,-8.674426766536836,-4.939645485348909,-8.04044894982281,-4.825208013879689,-8.101935197757705,-9.62675516970657,-2.3028782977206896,-13.297124017276863,-12.795772665030336,-8.227914676055148,-8.101571116034966,-8.19236040611202,-8.38981250601818,0.0,-9.353637135661486,-8.407723943341516,-4.699341521473743,-4.1981714938198245,-3.0213051163909266,-2.0775963764942396
2025-01-28,-4.061354826776253,-7.5233571216179795,-7.481941036549921,-3.991283323399464,-8.421660154884869,-4.79522877621995,-7.758118760893473,-4.712753304422113,-7.231685334219328,-9.291628522727247,-2.2931872887766658,-12.315944636059106,-12.306449704415668,-7.968199306925339,-7.934268739995831,-7.930771228461719,-8.039557952318255,0.0,-9.12674904343933,-8.134397409183258,-4.547512133977172,-4.061354826776253,-2.997067112449847,-2.0531225102723982
2025-01-29,-4.1473008136154395,-7.014683285290313,-7.001715575817569,-3.7277245699856576,-8.04075018017979,-4.590311112185175,-7.311740558873248,-4.7946757463837475,-7.267654244320942,-8.984506935827541,-2.3798114407470705,-11.722392560903305,-11.520132394064797,-7.53925819831095,-7.469889536003748,-7.5148051994139315,-7.633079859514924,0.0,-9.037153891878146,-7.6970846804295885,-4.314076615124729,-4.1473008136154395,-2.972823050674722,-2.0286425272672437
2025-01-30,-3.8985122130114513,-6.546265159567987,-6.5025114958351065,-3.459906646470845,-7.511112217168914,-4.3044967161185665,-6.793770642583463,-4.540394539581527,-6.0258237639967955,-8.38381114874368,-2.1282901342579708,-11.550424298150785,-11.190094737079237,-7.104601665841159,-7.067706836086085,-7.058509154186532,-7.187589007250594,0.0,-8.926920776405833,-7.173420315183465,-4.029751748828492,-3.8985122130114513,-2.948572929551596,-2.0041564259499545
2025-01-31,-3.8744934505139605,-5.445600086357949,-5.370020235563578,-2.863382085159749,-6.438366017992125,-3.7462084298514498,-5.699821584020459,-4.602376812092757,-6.364069573300379,-7.421600694745201,-2.1038289379890607,-10.563501693833977,-10.201130709296303,-6.042598250341003,-5.989297181122943,-5.943226660166545,-6.195270909733197,0.0,-8.156680104297898,-6.053685140209364,-3.4468414644560963,-3.8744934505139605,-2.9243167475659915,-1.9796642047913537
2025-02-01,-3.8649228139565395,-5.710984617161841,-5.593779599002701,-2.967575930968658,-6.396265598693319,-3.7095539798118082,-5.777215263134472,-4.598500189889377,-6.666970858779042,-7.018422814410297,-2.0941327699446566,-11.506356521151595,-10.301402113548075,-6.330204685369834,-6.198261112386961,-6.2884901240863105,-6.503862819636009,0.0,-8.54486769045526,-6.068665826299835,-3.442353830957867,-3.8649228139565395,-3.030424817996602,-1.9551658622619539
2025-02-03,-4.1041905470054925,-6.575054631484267,-6.502898192135498,-3.4279146269590055,-7.189220951844899,-4.104574316505715,-6.654148546609173,-4.408901523964492,-6.203369218097099,-7.905516405061519,-1.8955897949798906,-10.973083034813358,-10.763986033028939,-7.176342897332932,-7.0466745309506695,-7.121097960308898,-7.36125620073903,0.0,-9.205401003312074,-6.986936237726438,-3.8954437740996273,-4.1041905470054925,-4.050515640590991,-1.9306613968318342
2025-02-04,-4.097774588527036,-4.982254752115944,-4.918696858465809,-2.594027292254464,-5.807875168259136,-3.385275908904717,-5.1778290455251845,-4.3348291487041335,-5.008026632450468,-6.862408065817316,-1.833489678468203,-9.81945433051189,-9.319316823467538,-5.667058560081828,-5.5809478493251135,-5.485150264848848,-5.935077566071268,0.0,-8.958602062601406,-5.5972862182347765,-3.171855586339467,-4.097774588527036,-3.1093216989240724,-1.920262319367383
2025-02-05,-4.444306876956006,-5.603311865031147,-5.570193499603004,-2.9214001870918493,-6.405094196414418,-3.68077883682002,-5.799552481314629,-4.33303482192785,-5.135568309353511,-7.434756298872436,-1.8089548023605073,-9.987300876986627,-9.483376955870536,-6.281980787222574,-6.176962985897272,-6.103986136401773,-6.564993239368411,0.0,-9.438199758254996,-6.250509206541133,-3.4922577239535513,-4.444306876956006,-3.5346657524686576,-1.918357661580583
2025-02-06,-4.8238689984044125,-6.123179397341882,-6.106625844426916,-3.1872581489782226,-6.92413381022845,-3.9331240418790103,-6.3051650942085535,-4.635516563562847,-6.0126604597384725,-7.8406869556646885,-1.7844137942211624,-10.077030828523903,-9.838437699899282,-6.786211476811966,-6.66147976069661,-6.648226353328357,-7.048928316410663,0.0,-9.836823873650335,-6.754625670780701,-3.7392772674854746,-4.8238689984044125,-3.9885419544475997,-2.2334366740879963
2025-02-07,-4.9023081860370965,-6.736157303259782,-6.716316723135751,-3.493135823770055,-7.46437322111907,-4.202761389048826,-6.920042116137093,-4.455525925264903,-5.325633210553226,-8.531142116879952,-1.774878533178259,-10.133805391167861,-10.004221247062873,-7.320222004921195,-7.266938879917606,-7.087734331193962,-7.605992803651729,0.0,-10.28516106522731,-7.376004022203963,-4.046757252068489,-4.9023081860370965,-4.451233743745997,-2.022723319860864
2025-02-10,-4.961101673064528,-6.996905345346017,-6.980259211289019,-3.6188274215326888,-7.732576967652493,-4.329186385386141,-7.195027760964079,-4.445892898590786,-5.133081703394183,-8.846508998702173,-1.6859725755353772,-10.41077978951732,-10.685492324388079,-7.570828828102938,-7.5066443858995076,-7.339726782511169,-7.866115315897848,0.0,-10.438386516057552,-7.653511787051581,-4.175717934515333,-4.961101673064528,-4.7136145784559496,-2.1180468423446785
2025-02-11,-5.075802054469447,-8.103130567045591,-8.11750161210738,-4.197871906359552,-8.836209289322639,-4.885395783064728,-8.330143976928305,-4.5546332169821735,-5.477021349633016,-10.019309836236213,-1.8316871115954036,-11.022244746217979,-11.868881411308008,-8.635256341856746,-8.649670266975452,-8.348531796028968,-8.907566962565493,0.0,-11.158775892080385,-8.808371566637508,-4.757213763533064,-5.075802054469447,-5.020175338623856,-2.241107735860315
2025-02-12,-4.9485001780350535,-8.037237869469537,-8.056689329641575,-4.154038643955193,-8.84395627010588,-4.878721575957368,-8.296281736926758,-4.595283696112695,-5.152479853121916,-9.973953296471649,-1.807151784969907,-11.236882634306145,-11.970301758733493,-8.532337500483301,-8.483836577502412,-8.276668821217193,-8.836507102730007,0.0,-11.13245798683067,-8.748968443965111,-4.715787859703646,-4.9485001780350535,-5.017353272399894,-2.136677003559384
2025-02-13,-5.000185157293391,-8.477835959270818,-8.490348001707005,-4.368408911034793,-9.22250390852939,-5.0623973082295155,-8.711750019227516,-4.576144276659788,-5.401992779041221,-10.389009041881458,-1.782610326200218,-11.935505660802548,-12.023205369414248,-8.938529889275436,-8.895288531801715,-8.696096128516384,-9.224205007507912,0.0,-11.503610968610955,-9.175986644493806,-4.924205725200492,-5.000185157293391,-4.993614143218139,-2.0976256188196762
2025-02-14,-4.982885428716754,-8.393476279918877,-8.410304535650292,-4.314259528746844,-9.0866573986769,-4.978935772093484,-8.597162440770557,-4.54876976297367,-5.172402876409121,-10.232850549635952,-1.7580627337536958,-11.439316120618448,-12.413405868950878,-8.888084002810837,-8.869538629715256,-8.623339996294888,-9.171373382422077,0.0,-11.567369447807508,-9.069631920782683,-4.855421283827798,-4.982885428716754,-4.969869080886779,-2.0619083232474744
2025-02-17,-5.082901818760521,-8.637630529399676,-8.650666554760445,-4.427391344728992,-9.361544230774832,-5.1070805092729765,-8.841558607265398,-4.667161300250955,-6.10350452388253,-10.290622900298906,-1.7335090060973335,-12.411137280344875,-12.297855012622627,-9.094641495675726,-9.08582003426246,-8.81349327855987,-9.384611174204538,0.0,-11.698054380128164,-9.275535034546012,-4.951152180092722,-5.082901818760521,-4.9461180839228795,-2.270752963171363
2025-02-18,-5.071346521949637,-8.936351793028285,-8.96864373615951,-4.580924338088366,-9.712730060332708,-5.276932190397821,-9.180465746491828,-4.818012516952319,-6.3517527507530485,-10.74817521190976,-1.7241356863357482,-12.506666332354078,-12.352094083226095,-9.384280747121377,-9.376546859287583,-9.112989863453691,-9.6633055186225,0.0,-11.887772661618435,-9.646445653137793,-5.13067493301389,-5.071346521949637,-4.922361150843257,-2.2995935973313286
2025-02-19,-5.1692298216569625,-9.285206220695075,-9.337376680431419,-4.763162817155564,-10.176090021619878,-5.5064314641249945,-9.579789638475733,-5.118267522768871,-6.8591624679041345,-11.403860237151441,-1.845879860396893,-14.316745830346422,-12.399461876797114,-9.657912334636343,-9.565759099725902,-9.408612650155757,-9.99936525402706,0.0,-11.951539242993881,-10.129754676211745,-5.372213205164389,-5.1692298216569625,-4.898598280164313,-2.2751752151467075
2025-02-20,-5.385607894261923,-9.579884351938672,-9.621539227906183,-4.898136139089127,-10.496539159794304,-5.659269711533154,-9.91107988038168,-5.118350875369259,-7.269163137000467,-11.955026138863156,-1.8341553538952504,-14.058730657123819,-12.474904171424638,-9.91318717974574,-9.820333752340515,-9.651758683051103,-10.267469103845317,0.0,-12.249216456898381,-10.468396387210744,-5.5364325658554865,-5.385607894261923,-4.874829470401954,-2.2507507300458918
2025-02-21,-5.375799348973431,-9.815839891581124,-9.853371265056431,-5.007096628576657,-10.74888904101009,-5.778649165751537,-10.15326003177659,-5.149295606321436,-7.75325730320281,-12.187087077198576,-1.8378949364805997,-14.274070055839783,-12.922783110415903,-10.117873000991784,-10.021812263630792,-9.863306110851443,-10.468500628492816,0.0,-12.50444781644282,-10.699321738278766,-5.642775268968547,-5.375799348973431,-4.851054720071845,-2.226320140503635
2025-02-24,-5.592987415121787,-11.065096051280177,-11.08860828382353,-5.6376757606962595,-11.925404808081508,-6.371595704928756,-11.348822109258649,-5.3636009388957735,-9.355829445265728,-13.157418198639482,-2.0460698007511047,-16.605808142694666,-13.849293869970303,-11.240526646028993,-11.141270497668987,-11.011394724116762,-11.568914716300927,0.0,-12.853686484392524,-11.850272013591056,-6.226973070337804,-5.592987415121787,-4.82727402768931,-2.2018834449942015
2025-02-25,-5.569392154886044,-10.951776802581426,-10.970686133204488,-5.56400553847991,-11.698430552797367,-6.243402797545217,-11.178020153351753,-5.110619461929433,-8.35534037861363,-12.862336760873694,-1.7956866251758963,-16.44850470771694,-13.871444599079187,-11.129237741714103,-11.070163917718133,-10.884204556171994,-11.433344751251884,0.0,-12.830999028461743,-11.666302666634365,-6.121163218961478,-5.569392154886044,-4.80348739176919,-2.1774406419915793
2025-02-27,-5.545790997458033,-11.091931339808724,-11.116724466517592,-5.6288180900815,-11.803917709475819,-6.286653951143684,-11.308598689199012,-5.037284093959404,-8.167463565155353,-12.956824416730662,-1.7861604999739322,-16.554212558513203,-13.880994256626987,-11.246434506265857,-11.192529900737725,-11.01223412199468,-11.534539496064866,0.0,-12.960420724544608,-11.812273328751942,-6.1831629259957115,-5.545790997458033,-4.779694810826074,-2.1529917299692336
2025-02-28,-5.5221839413638785,-12.910664960801599,-12.956078123525305,-6.576063924947406,-13.665023456227743,-7.234234112521465,-13.115939928659193,-5.479215679079353,-10.887890532781785,-14.503623649362096,-2.250648912491904,-20.196384828489645,-15.486679645248048,-12.919703596936538,-12.79157468915767,-12.710344400442942,-13.257191701208647,0.0,-14.017353508411945,-13.614234830746796,-7.100977995150204,-5.5221839413638785,-4.755896283374039,-2.128536707400408
2025-03-03,-5.498570985129259,-12.807941508321374,-12.862152450377906,-6.508643926912761,-13.691675568575212,-7.236417321081968,-13.075742168994942,-5.324217424501942,-10.728871505114402,-14.739248657142213,-2.08781725819418,-20.09939341433129,-15.507300937015312,-12.837671041387589,-12.674414480177475,-12.62237505384266,-13.216223590142317,0.0,-13.974400725668035,-13.58823761686394,-7.0769163758046645,-5.498570985129259,-4.745928788277465,-2.1179043234482497
2025-03-04,-5.474952127279575,-12.739049568781791,-12.811161640916513,-6.467610742826613,-13.86915085090119,-7.320818106856375,-13.08940010497489,-5.376218821132783,-11.204573143836082,-14.927158742986723,-2.063345946489814,-20.050299801132443,-15.647300408799868,-12.81425344560213,-12.617205069233272,-12.595427678702054,-13.230127588870744,0.0,-13.890929095736093,-13.631272048397381,-7.088450468223018,-5.474952127279575,-4.692523507337953,-2.0638598209825387
2025-03-05,-5.451327366339854,-11.809719385090634,-11.853465228823445,-5.939935233772575,-12.989200493380782,-6.833002442020231,-12.164198416767402,-5.220998251204034,-10.249676308318701,-14.286781745027588,-2.053617662132945,-19.16881211266739,-14.674570798848174,-11.939551324270536,-11.742185839809293,-11.715943711085652,-12.360524421916386,0.0,-13.71161498460436,-12.73996977817421,-6.602759690612869,-5.451327366339854,-4.668703193055313,-2.0393825215665684
2025-03-06,-5.427696700834694,-11.09923221944291,-11.097921990945125,-5.525758280365278,-12.186492245027026,-6.384800379559463,-11.402660004755827,-5.145340579549151,-9.934401762719403,-13.47784022185582,-2.039373444038106,-18.473926845513144,-13.88233717721965,-11.247860686056265,-11.086272323278257,-11.01178413812043,-11.645525596769712,0.0,-13.500726143095608,-11.953694404822402,-6.176435826904325,-5.427696700834694,-4.659009355330657,-2.0148991045091824
2025-03-07,-5.404060129288391,-11.0978125133548,-11.073317187282283,-5.503711528600053,-12.230856302973026,-6.3961490769520735,-11.386181884313551,-5.115269084483409,-9.857791889847556,-13.59929590442569,-2.0148900247119905,-18.45896266726722,-13.852539261402598,-11.218392118200104,-11.12954870006212,-10.974671039265848,-11.550956615272023,0.0,-13.568750393731344,-11.9944925469893,-6.187514270646421,-5.404060129288391,-4.642672215201804,-1.9904095682814038
2025-03-10,-5.3804176502248,-11.206294275603323,-11.169532495071921,-5.548304779989577,-12.06724258175914,-6.297851975855428,-11.420824175062194,-5.104584003724344,-9.883911545657142,-13.276119056406321,-2.004762946250316,-18.547022837201922,-14.204727647497052,-11.309057439737158,-11.208366183974627,-11.118057256097325,-11.60074887913919,0.0,-13.699799314016147,-11.94497780330288,-6.143857252546237,-5.3804176502248,-4.647239040878981,-1.965913911353867
2025-03-11,-5.356769262167493,-11.000719119945856,-10.988744672117479,-5.437294088487787,-11.964360090163995,-6.233836101911205,-11.241594396525612,-4.911882199799589,-8.901167456219273,-13.323484543517573,-1.8094424347388394,-18.387498273281,-14.061102290112315,-11.162855917247217,-11.09283478376486,-10.911663441642805,-11.48406952633364,0.0,-13.5289301161155,-11.863404641531616,-6.088974421523552,-5.356769262167493,-4.547266241579029,-1.9414121321967848
2025-03-12,-5.333114963639596,-11.502331913313746,-11.491500178370861,-5.696019187247647,-12.403056136526791,-6.464438337938628,-11.689683954946439,-4.865867571977711,-9.00934929438243,-13.614045765414906,-1.7849015484740383,-18.865780815099022,-14.16576802897007,-11.631962336040901,-11.556945905451354,-11.413697275713442,-11.925243826957576,0.0,-13.576636321285685,-12.3440281886238,-6.328902111068279,-5.333114963639596,-4.568977034426103,-1.930857762571847
2025-03-13,-5.336473698195654,-11.673885414483875,-11.674322866362042,-5.781775400242283,-12.639623311169101,-6.5813452432703645,-11.8838564977782,-4.932022524497026,-9.443018913170864,-13.87523085930259,-1.7897401407790614,-19.033534635014206,-14.445766972539186,-11.82073737922803,-11.725487107862032,-11.611658891524634,-12.125066138297036,0.0,-13.651082313724528,-12.560773822992422,-6.432098645636919,-5.336473698195654,-4.545125842022236,-1.9950125481236092
2025-03-17,-5.472446541786424,-11.69466656192074,-11.726707328367114,-5.798437397147738,-12.643672417303154,-6.573328100139286,-11.918035401478432,-4.853383355915087,-9.145207294026847,-13.865711352277454,-1.723149712795613,-19.08223849278722,-14.01965826848891,-11.837998576062759,-11.769284163937321,-11.631402279937165,-12.11330928431339,0.0,-13.853347008123585,-12.604994413284931,-6.4432900498811225,-5.472446541786424,-4.592515778533635,-1.9522407368530392
2025-03-18,-5.441766114094293,-11.671109144674752,-11.701368212814511,-5.773110316389829,-12.607867737145073,-6.542530999616025,-11.888847436059248,-4.834354819368258,-9.145157869564436,-13.830137256543773,-1.7157289609631587,-19.059225066635634,-12.77609887834793,-11.81816867979386,-11.74700628169406,-11.611785725370927,-12.095714032316152,0.0,-13.849592314543969,-12.576061211937828,-6.415947081118379,-5.441766114094293,-4.570114929440672,-1.943973790150888
2025-03-19,-5.178548075776012,-10.468862634779674,-10.540132893962738,-5.1331125959548025,-11.803510811822104,-6.097714347468209,-10.815406682323836,-4.6530385109927135,-8.473345078257111,-13.066111861893681,-1.528231796771251,-17.9978781913933,-12.496107395448753,-10.758982107738523,-10.73546616775114,-10.526304683928167,-11.015175471535887,0.0,-12.830809754642747,-11.554958300977447,-5.867958953697205,-5.178548075776012,-3.823838223165754,-1.7667425390226588
2025-03-20,-4.964843536288788,-9.105313934078863,-9.17641727756443,-4.388173483154867,-10.425385979702728,-5.340047515527879,-9.46364699036244,-4.494110732692846,-5.731460912289288,-11.723170068226796,-1.3792199094426416,-16.7385979036763,-11.414892183620184,-9.500545891798652,-9.505727086924587,-9.203837158245864,-9.792073430225056,0.0,-12.109512680703071,-10.18866469651214,-5.130650190803864,-4.964843536288788,-2.970804686458639,-1.6109965974981377
2025-03-21,-4.483897210315069,-8.58449521419109,-8.659384998864429,-4.095809652059823,-10.008392209282302,-5.103977280411942,-8.967538221007565,-4.463781059158767,-5.0329057256618075,-11.401293809134083,-1.3545714971353928,-16.264560918567483,-10.804669066316542,-9.063484466397732,-9.117449366078812,-8.725054346324734,-9.347949686789159,0.0,-11.852743023957279,-9.736624697853413,-4.882018386913489,-4.483897210315069,-2.3870295440636125,-1.5801329780714024
2025-03-24,-3.407428381119748,-7.376270284308295,-7.448123759269665,-3.4322686422178728,-9.040365142029927,-4.568686704137526,-7.812756637679552,-4.291496777233861,-4.609333058410625,-10.476607980852993,-1.3299169244202935,-15.156390481301052,-9.628345233847968,-7.997370911936508,-8.082992877330518,-7.631922102828515,-8.277197755650011,0.0,-11.572642377650821,-8.633153905582258,-4.285807651393558,-3.407428381119748,-1.3782480137347286,-1.411995744444916
2025-03-25,-3.604499650153592,-7.256536681649861,-7.344308027765201,-3.364085859387911,-8.80863712351615,-4.430842973477455,-7.687253015517492,-4.256048172139737,-3.761857851938888,-10.1013186258612,-1.3052561897576531,-15.052111851271398,-9.5889976604831,-7.869719141677834,-7.91495463447297,-7.502942674203439,-8.191260116356602,0.0,-11.299074692461009,-8.43779039342426,-4.16885883433411,-3.604499650153592,-1.54528009611562,-1.380371299338612
2025-03-26,-4.029162260809372,-7.959690951613741,-8.053631688619289,-3.7323921255884907,-9.494110045820413,-4.790876464901627,-8.391720274435844,-4.375900506106156,-3.8330012366146304,-10.811085052017322,-1.2805892916073702,-15.702609977203942,-10.283451741626259,-8.538994478725614,-8.614935954069558,-8.145419265083175,-8.856628217023676,0.0,-11.854384407283735,-9.150609710690883,-4.534688939389342,-4.029162260809372,-2.2592413793807165,-1.4976671586387935
2025-03-27,-3.759794149287765,-7.677031012879931,-7.63834648132482,-3.4953356883749676,-9.213966736691026,-4.62725140497745,-8.006735422483914,-4.304624116521316,-3.8705126142902224,-10.52303636698455,-1.2559162284290548,-15.322400676354398,-9.88198563045125,-8.152811200623656,-8.216014547370765,-7.740239522352121,-8.502179532147592,0.0,-11.986678031838771,-8.782153922806868,-4.329651560789571,-3.759794149287765,-2.2348129119168725,-1.4277253777804533
2025-04-01,-3.750107712238404,-7.790932892303692,-9.065931592085175,-4.602467161838131,-10.700594902638304,-5.7871997136535125,-9.462235419688502,-4.323566571503745,-5.603608702952112,-12.122831207178619,-1.2312369986818839,-16.586023145386086,-11.23705162987141,-9.529471326073436,-9.60321554488196,-9.154328262237943,-9.83116402818146,0.0,-12.055949771410768,-10.236991324120437,-5.457389221832665,-3.735740716814784,-2.21037833901625,-1.4472373014999595
2025-04-02,-3.571056614225232,-7.198079539776103,-8.486622636360586,-4.139133710170517,-10.09239411026096,-5.300821977498138,-8.867382713711791,-3.918049651743516,-4.116032074796183,-11.463496782343652,-1.235974585122368,-15.553615869728265,-10.598504963128208,-9.028217097065738,-9.12139590372928,-8.671131243799103,-9.292645241803843,0.0,-11.889607522705937,-9.642412867574935,-4.9834440797064,-3.7403581711153655,-2.3020155336330506,-1.0295292899108466
2025-04-03,-3.574813502702301,-7.887761388241787,-9.166378228072347,-4.658739166706971,-10.848468084378748,-5.892129109186106,-9.559600884512964,-3.955662650375391,-4.393510345844975,-12.144755259805107,-1.2612884055750673,-15.810920598985012,-10.91365851988051,-9.800671969374186,-9.804218313935653,-9.551612140063048,-10.047292244508165,0.0,-12.271664433121042,-10.331328201210955,-5.513986764384471,-3.765030102821876,-2.3089982773080275,-1.0682730515218841
2025-04-04,-3.447839869423719,-9.151261684672285,-10.4212802095485,-5.6211505643791515,-11.744695014960216,-6.582553731594542,-10.67171931897688,-4.27327413778853,-3.966344569513025,-12.583707928558251,-1.5836581184825116,-16.11940868694518,-12.238071285817176,-11.072331339470875,-11.170108058651252,-10.819543564631084,-11.228667743339582,0.0,-12.612441558079801,-11.370808591281067,-6.308817583986048,-4.079225407950426,-3.1959723037334187,-1.40956091435247
2025-04-07,-4.061973266393659,-11.58525087922413,-12.817900364600499,-7.48076055487844,-13.676618344693104,-8.084948757195153,-12.93605909715101,-5.816436200832397,-7.096701859488874,-14.267875289192066,-1.8805565976669159,-18.91516795710386,-15.084414100730115,-13.27084793112382,-13.400247532665189,-12.969757159103123,-13.443487284837463,0.0,-13.13156347010851,-13.517879343941186,-7.974245432963311,-4.368595359668969,-3.1717779545762714,-2.663491932142903
2025-04-08,-3.8246240756628302,-10.089483270905063,-11.336490407443522,-6.318865678842068,-12.399184573838461,-7.08110748911388,-11.532994100792093,-4.914263700540433,-5.849632971338337,-13.150437328977949,-1.91489346628827,-17.719126881414525,-13.650417521829839,-11.908901785045401,-12.048485566125445,-11.593030136494708,-12.086095120632478,0.0,-12.451937711644678,-12.120555465325179,-6.880601316875712,-4.402061539901436,-3.1475775584958177,-2.085691342550533
2025-04-09,-3.8291698610594227,-10.640091388182782,-11.883984154704796,-6.729446399598982,-12.390470882778226,-7.063088828177511,-11.906773781043444,-5.600029771237636,-6.016824393098297,-12.851571100760284,-2.31180006766758,-17.800845884751205,-14.174201655499418,-12.48672890922865,-12.546550757122843,-12.185779310898814,-12.728616484986954,0.0,-12.694830877742858,-12.387699910097439,-7.079335582149204,-4.7889036833620775,-3.123371113980755,-2.061219499513478
2025-04-11,-3.623836602088626,-9.40109016954982,-10.663951423784967,-5.767831593117389,-11.283333135885831,-6.189537397187217,-10.717865271782356,-4.72368783997773,-4.02592014414751,-11.81875631113053,-1.9948499087820148,-16.126058296740386,-12.52888785153229,-11.399504081296918,-11.48108266773783,-11.07427837279058,-11.643816374895765,0.0,-11.822254403904086,-11.23981463072612,-6.1765597232109615,-4.479990507296472,-3.0991586195194043,-2.036741540198761
2025-04-15,-3.6637754275855583,-7.866786181499263,-9.154694277867803,-4.589283593448535,-10.094571774191452,-5.257300349335559,-9.29315128648346,-3.3298109794818065,-1.4009598479338359,-10.686678588469622,-1.17834744663331,-14.007182210922709,-10.61306075881313,-9.995076775282453,-10.090658290297261,-9.705858706891501,-10.18976861999803,0.0,-10.742578341226306,-9.890593662502633,-5.120441093511441,-3.6841922980934805,-3.0749400735996413,-2.0122574630776824
2025-04-16,-3.42385008829601,-7.514130697996069,-8.805340266181549,-4.309185238458946,-9.69410180221587,-4.934567835398951,-8.917127112607137,-3.0625520839682396,-0.462851583137458,-10.234577190099026,-1.0380270040074802,-13.31101632978573,-10.196757518524912,-9.681331125013415,-9.778598229069601,-9.353317510111047,-9.91282875012497,0.0,-10.90043115688798,-9.523668350949277,-4.823779240176485,-3.547429995304674,-3.0507154747090315,-2.0460051184405748
2025-04-17,-2.820064693312585,-5.845079213441052,-7.1616248627987105,-3.0168539394471283,-8.249792155329471,-3.793890412426637,-7.3096505876889095,-1.7896165191651492,0.0,-8.957903532581124,-0.45429119886580827,-10.458755617671557,-8.608723951150255,-8.231508986080804,-8.330308073873782,-7.860016648369705,-8.504649725533675,0.0,-10.58027867910033,-8.020774064943026,-3.638459188044507,-2.9784961219677553,-3.11376808667021,-0.8472970574231131
2025-04-21,-2.9579852368971427,-5.2282499231566355,-6.556005972048351,-2.5396538967192073,-7.923737765677796,-3.531994628762658,-6.7926123952038004,-1.3381895614332118,0.0,-8.79881549662459,-0.2918282636609315,-10.204192893886576,-7.559232373018787,-7.669623496919975,-7.884577083625444,-7.300603720964216,-7.824539382210382,0.0,-10.513275235184727,-7.567122769458157,-3.278887233370631,-2.8201527992082864,-2.9864858305614583,-0.5071299255600237
2025-04-22,-2.3814566673849735,-4.941725427889587,-6.269706506705375,-2.3095798470808893,-7.390584120105592,-3.1091610677862147,-6.4106371534441875,-1.2929522425302653,-0.04854132282231527,-7.919868341947489,-0.28158501967835425,-10.6522865489716,-7.3994553869658475,-7.486674240209023,-7.757959295730199,-7.072797469430736,-7.629927218997789,0.0,-10.615146832686174,-7.118960955755749,-2.9221411741110925,-2.810169295672593,-2.434616859574812,-0.4210187008009014
2025-04-23,-2.425955122775514,-4.254398552796923,-5.588737213228912,-1.7750216529433205,-6.693189028132007,-2.5557829354672434,-5.756220537683987,-1.2082540099824124,0.0,-7.4643169553844535,-0.1442314996972338,-9.968976345415037,-6.779879898660301,-6.715904110659654,-6.954194384443435,-6.241666148595915,-6.951938629569576,0.0,-10.307508655975173,-6.4509595825813175,-2.3991003954935475,-2.676298682544176,-2.4239867869928156,-0.4079677584047037
2025-04-24,-3.2013469094808733,-5.08986692995308,-6.416860667754342,-2.419834566020773,-7.729110466295075,-3.360809292316469,-6.6277986912593345,-1.9993269763805555,-1.314412304368484,-8.661553073984829,-0.13414418696638952,-11.157093018838626,-7.095033455412625,-7.589681486355648,-8.002324629728918,-7.172890499141371,-7.5949036535736365,0.0,-10.408758398215145,-7.435757613686023,-3.160742539933703,-2.666467156273278,-3.1953634256029817,-1.289919450160082
2025-04-25,-3.5508173454058323,-5.367748228837044,-6.693058936986773,-2.6314640027890523,-7.803907341899208,-3.4117710827501924,-6.841776063308602,-2.455953250441878,-2.110745621742671,-8.634578384192205,-0.21203341391914377,-11.798594570665877,-7.889525454023327,-7.755334919878987,-8.205048472115328,-7.347052068289461,-7.715158596814408,0.0,-10.726963079378216,-7.617847501778307,-3.29816611070608,-2.742381327018195,-3.6565844075388765,-1.2652487188797301
2025-04-28,-3.120178576830679,-4.292811371507133,-5.635604718862175,-1.7993413505226208,-7.010866582292397,-2.784615750863073,-5.848793699492516,-1.8325373739013662,-1.5801719970014672,-8.16475827655887,-0.09864411861489897,-10.521803304329314,-6.781601149563921,-6.931529594070362,-7.395710941886769,-6.51719858608274,-6.882957583594518,0.0,-10.33062707398007,-6.763961049283573,-2.625183049019786,-2.631867271851196,-3.632505179728751,-1.2405718216132677
2025-04-29,-3.288331097494046,-4.06359283978146,-5.412199461172862,-1.6173004115711542,-6.752460717792297,-2.573381416394127,-5.622897277053795,-1.9924519372754634,-1.7307817734075415,-8.061601355944703,-0.0779999458719649,-10.19302323754776,-6.753058319362227,-6.7494011162919865,-7.257322022044132,-6.333360410424726,-6.658927863311637,0.0,-10.444927951036043,-6.564751312623207,-2.464037875781866,-2.6117465784535776,-3.608419933767748,-1.215888756819683
2025-04-30,-3.2536437288264386,-3.9327034095335334,-5.291927746400171,-1.5148355533795566,-6.465831734101646,-2.341814084431715,-5.455380442729762,-1.8528708258252813,-0.4625453752588826,-7.702032369921874,0.0,-9.253448284246524,-6.759763714186717,-6.6367384619259395,-7.094899386991349,-6.188347886778001,-6.627956688657289,0.0,-10.566273261471181,-6.359753389840206,-2.2991546220819115,-2.453519609848187,-3.5843286681517594,-1.19119952295752
2025-05-02,-3.0414278958284746,-3.853876763704922,-5.221162478467711,-1.4552327080552763,-6.414921054360178,-2.294036601421856,-5.396287582366622,-1.860675347284324,-0.8549128847986087,-7.825124632537772,-0.12699327587838427,-9.186239491066484,-6.711868036868751,-6.624010828910654,-7.1185263610009315,-6.1677383180603895,-6.586805081855851,0.0,-10.499301189445632,-6.3557764427264685,-2.2914150591324844,-2.5773970807996704,-3.560231381376211,-1.166504118484879
2025-05-05,-2.6963348064804937,-3.3349049730237112,-4.7159347479595155,-1.0540767714116828,-5.794630639253473,-1.801850420765272,-4.819406799406368,-1.510633905631853,-0.1816807064291992,-7.003800622403922,-0.2340205467127543,-8.691451916136428,-6.273330725125548,-6.202077414746244,-6.660471752425623,-5.7544603989778125,-6.192310977952486,0.0,-10.071505966530847,-5.745976091446215,-1.805755675745857,-2.681798416556258,-3.5361280719363064,-1.1418025418595823
2025-05-06,-2.807105783927899,-3.280599700750464,-4.6594671618306,-1.0036104812280566,-5.680577549517574,-1.709502334758528,-4.726151060951011,-1.414991950109712,0.0,-6.759426413374325,-0.2896818083025998,-8.528812602472001,-6.58580511742789,-6.15400521805406,-6.5439126964014775,-5.721149491619815,-6.1978744106372385,0.0,-10.154073453146307,-5.598457553979119,-1.682216326237318,-2.7360940181779037,-3.512018738326783,-1.117094791538975
2025-05-07,-2.9166490974971038,-3.523458697901216,-4.8997799933419355,-1.186855868592196,-5.959876456259994,-1.9231408005149109,-4.978358936550153,-1.441612592558772,0.0,-6.960784417092059,-0.24227752240889577,-8.570568564799451,-6.452460558294826,-6.367407193832165,-6.758507297513461,-5.93315218514332,-6.4114677467657195,0.0,-10.404688326752787,-5.849395239815114,-1.8735327048455486,-2.689852805734505,-3.4879033790419567,-1.0923808659800804
2025-05-08,-3.110375600286719,-3.847451018006931,-5.215102423484252,-1.4254620542541119,-6.284118820238893,-2.173069150665874,-5.289057308341693,-1.8056331603687248,-0.7576307661043225,-7.316446997977078,-0.30812486859892463,-9.074135412208173,-6.99118964002754,-6.630511021755514,-7.047311545129653,-6.187763095895937,-6.657364865296033,0.0,-10.525154026098871,-6.173304671397117,-2.1227461066437914,-2.7540845743731945,-3.4637819925758873,-1.067660763639544
2025-05-09,-4.116608034847225,-4.588605073913222,-5.9007197150681145,-1.944293047849821,-7.1836606898908695,-2.8717190577712493,-6.15837029309102,-2.603477304268431,-2.747573812725723,-8.58971975027768,-0.17279601790241017,-10.84694857331857,-8.009646315996866,-7.2521974061313,-7.667762116587385,-6.871973078544535,-7.218254242026867,0.0,-10.889146992815778,-7.0134345266636755,-2.7766402272455304,-2.6220760435663237,-3.4396545774221576,-1.0429344829735454
2025-05-12,-2.6166480937924397,-0.9852643621729662,-2.3172230267005323,0.0,-3.734899343960807,-0.14108293254007087,-2.609409085090064,-0.9444095861632307,-0.08473414081709985,-5.304927040689289,0.0,-7.977443162371145,-4.497171917685405,-4.009647526569227,-4.341361250174058,-3.7546006808067522,-3.9352635646032086,0.0,-9.349312115535934,-3.5415131422761537,-0.03269723461563068,-2.1709072597916546,-3.4155211320740397,-1.0182020224379529
2025-05-13,-3.099733510062841,-2.6400693582755097,-3.958490652368696,-1.2702714986207342,-5.4451076227017285,-1.4814661925821815,-4.292549862655759,-1.7970887592835827,-2.0087466259113396,-7.02262358535709,-0.6353104852645508,-9.545638270663337,-5.824263848072054,-5.402663935020446,-5.6941634724950285,-5.167558804023131,-5.348543067232514,0.0,-10.163591301288111,-5.204741075030251,-1.3393750276634253,-2.7924257436093836,-3.3913816550243614,-0.9934633804882465
2025-05-14,-2.7498648649290525,-2.3766372869699626,-3.69023851232837,-1.0540721942442155,-5.170090237642045,-1.2593987948396168,-4.038457135391638,-1.8174099513391662,-2.0290504715277713,-6.93940687662894,-0.654678816165355,-9.451503240029124,-5.484967876471658,-5.195224079234406,-5.548098019030634,-4.946723735886183,-5.093211999351799,0.0,-10.105015197544375,-4.975295791583156,-1.1515395644030701,-2.8113736060085603,-3.4823960173412827,-0.9687185555794398
2025-05-15,-2.0328431660567525,-1.1862762623786383,-2.5241410778350626,-0.1445510959072971,-4.054374498558689,-0.37239060260504386,-2.887850556435112,-1.0151288597170627,-0.5720591263745356,-6.029760077284907,-0.3743775944957006,-7.955509904550773,-3.9707011358662725,-4.186727966909087,-4.5077192527874566,-3.968421565268365,-4.086589804795892,0.0,-9.480851278014812,-3.9020285707223823,-0.29805911225153636,-2.537157463909412,-2.6068797845657743,-0.9439675461662578
2025-05-16,-2.21177634694254,-1.4694460316975522,-2.808838207999309,-0.3583468091313269,-4.300822546641014,-0.5595527822012669,-3.12242465525856,-1.139451207753528,-1.4999221464641943,-5.938283700143643,-0.5072562736915365,-8.54783174505539,-4.1327756176905766,-4.4563632330605785,-4.808690618900102,-4.2416344223744185,-4.321429201815963,0.0,-9.620065834926672,-4.077364631127489,-0.43398108612507924,-2.6671514702118926,-2.746595262015805,-1.0225388195428287
2025-05-19,-2.6539386245654994,-1.8413674254891599,-3.1826958320985588,-0.6455206372149802,-4.666399980923808,-0.8414478089468824,-3.4982872924397057,-1.1020304478672416,-1.4279173623661268,-6.220016534230799,-0.5091781876640611,-8.717756290892053,-4.417665093337564,-4.766187193795901,-5.066385861170442,-4.60039434776196,-4.634676704485963,0.0,-9.852254935802573,-4.435543927748354,-0.7106439656855645,-2.6690316612144604,-3.149406017098899,-1.1177788650348797
2025-05-20,-2.9642082320420093,-2.6330102690289126,-3.9603027415677228,-1.243483353548691,-5.4063358328772075,-1.4207630028216789,-4.264181051493498,-1.7335255951356432,-2.293431099777765,-7.035038160555274,-0.5374815646096431,-9.54910966985063,-5.419829755319228,-5.5075847829067826,-5.897182755126174,-5.291813366257214,-5.336493621246696,0.0,-10.171580690015237,-5.222493271650707,-1.3244144800892976,-2.6967205980951814,-3.8742300930612594,-1.8990734322087865
2025-05-21,-2.695930649118894,-2.1801037145838587,-3.5100251826064466,-0.8865192643465303,-4.984532292838018,-1.0818835017765371,-3.8249302273837493,-1.4150243557435105,-1.6585424362589474,-6.580035571961562,-0.48647376694079814,-9.076715065260633,-4.923443445815434,-5.100519660925462,-5.478500864107428,-4.900488340380093,-4.925413172746773,0.0,-9.913889093996374,-4.767498879083298,-0.9590018375611797,-2.646820132408978,-3.522043689793475,-1.874554947528928
2025-05-22,-3.1994211061795452,-2.9921925743765065,-4.320257821709472,-1.514152924625567,-5.8203550181265,-1.7353774225367768,-4.655138155188688,-1.8395252461116063,-1.7249436200390877,-7.49492858526567,-0.6667136954473518,-9.367236827144765,-5.704142986098503,-5.801253238397164,-6.111279023708727,-5.6351345442710254,-5.660233249844026,0.0,-10.646676755166428,-5.624370686899205,-1.6270588335495217,-2.823147219222555,-4.298645294426329,-1.8500303349141656
2025-05-23,-2.6774878955013293,-2.0021137736114025,-3.3374542679829866,-0.7421557103862164,-4.804441154629224,-0.9274189553891032,-3.649845015303599,-1.0628343919171668,-1.292208835318609,-6.420115549110461,-0.4669100516129787,-8.820529782168451,-4.771322284433777,-4.947813477975438,-5.287586425998548,-4.7601618010225,-4.7985240516577825,0.0,-10.147177302871135,-4.611353037523102,-0.8238756372277667,-2.627681127197523,-4.27472653767974,-1.8837603983622109
2025-05-26,-2.2486350176654235,-1.1327180716042329,-2.4721257468813373,-0.062353302722739645,-3.9270556780697796,-0.2287793252227166,-2.7790844406139215,-0.3422599125124659,-0.5972506501858543,-5.530246784656656,0.0,-8.252667013440707,-4.2042374649889025,-4.204223661177375,-4.563682984534456,-3.9911487536086088,-4.060548497039907,0.0,-9.917148534964337,-3.7231874403632848,-0.11827544654731126,-2.161552697991309,-4.250801802889004,-1.6353318479454648
2025-05-27,-2.6428786979332264,-1.8672109134654336,-3.1948851668312073,-0.6176855602543219,-4.728320906437622,-0.8542413113715175,-3.5580752529467574,-0.9914850115616436,-1.1670492984050096,-6.451911045835934,-0.2658378808009787,-8.83684525436772,-4.8745898549510835,-4.860156889398448,-5.211913193717377,-4.650343351282505,-4.720903366726004,0.0,-10.487856712541355,-4.494302986679887,-0.7192176139820816,-2.421644352907548,-4.2268710885599585,-2.468478579105371
2025-05-28,-2.8329758482289136,-1.981391096975349,-3.3044220768189136,-0.6974239567930085,-4.911090212357361,-0.9911739461675229,-3.713255476923627,-1.024078409039375,-0.8928684426779965,-6.78792329484077,-0.22674985300970008,-8.713315540461608,-5.157174351127159,-4.962212271041877,-5.316691049894063,-4.752022256709676,-4.820614562009484,0.0,-10.567730800855223,-4.683260182930738,-0.8600644446597361,-2.3834012334356003,-4.2029343931982215,-2.4441024065509853
2025-05-29,-2.6796378574536983,-1.7634054547891909,-3.0880297383971134,-0.5231538588837958,-4.72916732684271,-0.8415865132791689,-3.5139808501362113,-0.8327338946962581,-0.6202363264427246,-6.673984948415923,-0.13088993894311285,-8.460352808499627,-4.846234117238901,-4.808659475376009,-5.222968729867683,-4.569533541849092,-4.636120145576039,0.0,-10.446380590439276,-4.489099415218156,-0.700710093343182,-2.289613381927802,-4.178991715308911,-2.5074530948077878
2025-05-30,-2.875335244052324,-1.7143474046113716,-3.042977051106821,-0.48364636807308736,-4.781631001015796,-0.8744894211960563,-3.5355658407457358,-0.799635944676047,-0.7332085903689611,-6.903023512888229,-0.23913047188901526,-8.454879495556543,-5.1638797459516494,-4.719983244305325,-5.027976805158996,-4.570730985195293,-4.564299795224791,0.0,-10.491677870286475,-4.541818396118725,-0.7362066580322346,-2.395514238713503,-4.239973459823787,-2.4458031277085235
2025-06-02,-2.8608744071079384,-1.7491028663591424,-3.075452805896195,-0.5012612658611526,-4.779804690385392,-0.867284966190518,-3.552607460414192,-0.787222748031402,-0.9398233587591287,-6.805650932602292,-0.2307533383618332,-8.481591252177335,-5.294537656935184,-4.754819000611987,-5.050491550303093,-4.6151803500732,-4.601882717302219,0.0,-10.45818372437669,-4.521730846372196,-0.7159777598324646,-2.3873181813420907,-4.171299245571425,-2.3795670135941527
2025-06-03,-3.182362253110904,-2.3635826675266203,-3.687613827584013,-0.9665660454528879,-5.415562793297712,-1.3582310336092807,-4.183239390809934,-1.3536264110322938,-1.5553061360024878,-7.484683965663386,-0.39241717616641525,-8.968541733767843,-5.961627153880067,-5.328133154138848,-5.640897702198777,-5.159802985872397,-5.18659268855024,0.0,-10.73150166087018,-5.153362243838078,-1.204333700909721,-2.5454875700989144,-4.476081113827101,-2.6935196638235515
2025-06-04,-3.1127353894286225,-1.9853791909602014,-3.3260752231151103,-0.6817853866047052,-5.018976105210027,-1.0407556734252532,-3.807099406410841,-1.1011302319042238,-0.6399293908765036,-7.112775635930668,-0.03115925235265271,-8.644245260411676,-5.663910617151369,-5.042541289901992,-5.461378022010422,-4.842453947698688,-4.826764237998004,0.0,-10.693720738142233,-4.771923266172706,-0.9018794676246555,-2.192038426684062,-4.319363090477147,-2.530993151783567
2025-06-05,-2.9945733284418186,-1.4924897715027696,-2.8521826518559834,-0.3109493741714986,-4.564144874248388,-0.6784489114068926,-3.315340927403454,-0.73745076462709,-0.022350144611560374,-6.731030231783331,0.0,-8.012679899760089,-5.163108924894832,-4.625678631765206,-5.029090864686192,-4.446367452682354,-4.404687978197453,0.0,-10.366521980834953,-4.311531333726116,-0.5345160784357872,-1.7629798502732164,-4.336498910099163,-2.5472861373425637
2025-06-06,-2.7664786156485377,-1.0325866039948783,-2.3961119059171865,0.0,-4.130729924210486,-0.3347052162026576,-2.8552405766682387,-0.27248874819080227,0.0,-6.1449727254890725,0.0,-7.5863193381872644,-4.196955825296644,-4.18647834712117,-4.565011770173911,-4.044189341604998,-3.9535878660518,0.0,-10.244056474311291,-3.8390624072483615,-0.1576311516938489,-1.5702707533408633,-4.003038862210051,-2.209853412408569
2025-06-09,-2.5859999393892275,-0.8365838762281474,-2.1863012713030594,0.0,-3.935993115144998,-0.17566245514777368,-2.6811513016883004,-0.10708996377093438,-0.5083332951323793,-5.979172136599987,0.0,-7.59474373065645,-3.8132216455846635,-4.01094752764749,-4.417557984566045,-3.854522689221618,-3.7640927768496812,0.0,-10.20927751777675,-3.6483699200935527,-0.002112178681823451,-1.4656206738100308,-3.9447407571624016,-2.1424785859808115
2025-06-10,-2.5652873519730446,-0.798046204768621,-2.122443156685272,0.0,-3.8414047282572583,-0.09624355755480929,-2.60907307384306,0.0,-1.12278648591021,-5.844150689866556,0.0,-7.9734278039073185,-3.809195415210087,-3.9703879484721427,-4.367025525507751,-3.8084687926948413,-3.738925343418087,0.0,-9.957585512973644,-3.550760925176122,0.0,-1.3815306143091788,-4.107393755342814,-2.3050958040218505
2025-06-11,-2.4795636576308677,-0.5972424122077657,-1.917051943114556,0.0,-3.7127564317185113,0.0,-2.4453565942881283,0.0,-1.2033028073229257,-6.0818438366474155,0.0,-7.910768778935773,-3.666847965481135,-3.81429196302846,-4.2512478241350955,-3.5982795050372385,-3.5962887996548343,0.0,-9.978246809317726,-3.4409605987229197,0.0,-1.3315743929473656,-4.003785916738356,-2.1949186054403547
2025-06-12,-3.2162065046375865,-1.6656916135510458,-2.9927955123794314,-0.8179251073370253,-4.737727207366815,-0.7975000488601558,-3.487132697000328,-1.0368035647522533,-1.763319002870678,-7.0945005605991485,-0.2316844738427859,-8.770780880657325,-4.637027295453855,-4.7695491564580745,-5.198710318631772,-4.574948334081375,-4.538048197018396,0.0,-10.502872737338652,-4.5092769127693,-0.8283276842277809,-1.560173815664001,-5.002843624766373,-3.216424166515408
2025-06-13,-3.6756655288990747,-2.4220896361487054,-3.7300027478634035,-1.3777629278738601,-5.483183497895361,-1.374011003742892,-4.231030406872027,-1.6980839499815104,-2.4712704679665576,-7.824761790208223,-0.37372809699864895,-9.627858582904558,-5.286874348564274,-5.431127074880171,-5.865988121676868,-5.2288490240691265,-5.201534703614663,0.0,-10.79237364574408,-5.239008260209221,-1.391385465735273,-1.7003260223071193,-5.732652882088041,-3.9590885402218223
2025-06-16,-3.3699258239843988,-1.5641632723929488,-2.871718018289182,-0.7149832659535171,-4.646017636543542,-0.711801459186423,-3.372229329413179,-0.8850016239425385,-1.5260352025032398,-7.014477224152971,0.0,-8.95556574873556,-4.413638862962999,-4.654648561900576,-5.083951930313546,-4.446750278164979,-4.436197498008443,0.0,-10.335751906343537,-4.404021988450657,-0.7311869539715077,-1.2232951124922287,-5.488397876716666,-3.713594012243726
2025-06-17,-3.248213797832511,-1.5897351687280237,-2.884241177922986,-0.7181084484632949,-4.671269809273171,-0.7259780390091009,-3.394640658947423,-0.8587112262780416,-1.8304081275478667,-7.037944438480171,-0.1389779252269574,-9.176537591119782,-4.7703643708873695,-4.6811715368592965,-5.124908403124584,-4.468109463373837,-4.4534521928634385,0.0,-10.481470750535971,-4.41198972970267,-0.7313670973732145,-1.3605729275524503,-5.350075543884547,-3.585467988569313
2025-06-18,-3.2839218128458914,-2.01688288124946,-3.3260963155674617,-1.0515165918510871,-5.122515443074582,-1.0716922721927924,-3.8579693664076764,-1.2864672207605343,-1.6901401167375485,-7.668178784530088,-0.13619429461151356,-9.359595135850618,-4.928801774715341,-5.080615431982782,-5.529830188246166,-4.874285463498451,-4.840744808744734,0.0,-10.649785431239279,-4.906805439644534,-1.1137252496049799,-1.3578233489542901,-5.326419572387464,-3.7953545480064688
2025-06-19,-3.4279036232728766,-2.134618536685351,-3.4523896639665708,-1.1428792941505561,-5.246662089782294,-1.1612023678544303,-3.9780695735391114,-1.4283019276728481,-1.4525159533019028,-7.801853598006659,-0.18736496005354875,-9.330190371222447,-5.000839866881401,-5.188569987248326,-5.69537917053432,-4.944017800682509,-4.929187286835191,0.0,-10.795430991244215,-5.035251151484554,-1.2078678872494253,-1.408368046146924,-5.302757688524428,-3.832241208044429
2025-06-20,-3.3493465545702206,-0.9049718262855833,-2.257542628694653,-0.22353807682674587,-4.084595713768602,-0.24209260939689337,-2.814581442110675,-0.42231105654388923,0.0,-6.901551686787222,0.0,-7.8626572704123205,-3.7779659368588514,-4.078075924065638,-4.677480882107599,-3.7990869836064145,-3.7605773118413843,0.0,-10.252054293373247,-3.9319249672461365,-0.3405186654652059,-0.7942143122072642,-5.321260154697349,-3.2518464886152065
2025-06-23,-3.7130860411462185,-1.8685962413240609,-3.2312235219529417,-0.9619509429997342,-4.948440541139232,-0.9131635176986785,-3.7386951469590923,-1.3670373236898459,-0.42311637231713384,-7.620139062941044,-0.22731471857236896,-8.592255652627578,-4.316313349912926,-4.951032809134414,-5.536470334165244,-4.691679157837292,-4.627954442306081,0.0,-10.51348061961994,-4.828079829568965,-1.0371565668630844,-1.019723664750971,-5.628601217552875,-3.565809886766824
2025-06-24,-3.7889086276795214,-1.776067681390825,-3.139401232600414,-0.8864123914493649,-4.893948731527608,-0.8642349866525123,-3.666143230583152,-1.1600461551235286,-0.1833242368400101,-7.569355730899119,-0.19988465671820776,-8.39494161720219,-4.0387129976577345,-4.900802305557717,-5.511039324586109,-4.624006335651176,-4.57030178928245,0.0,-10.538729322261808,-4.776456606260893,-0.9892638424303213,-0.9925114563739013,-5.59355919229062,-3.5318906810818285
2025-06-25,-3.313115151729762,-0.8251819654345405,-2.191618394248751,-0.1545273802995295,-3.967522857792838,-0.1320687876775084,-2.7363617731520296,-0.5788770038619329,0.0,-6.742467404911423,0.0,-7.696434532206187,-3.2708480021559794,-4.032894468683413,-4.643354571476133,-3.710489023867447,-3.7474347018595755,0.0,-10.122661543988299,-3.8561972707004566,-0.26462710063729356,-0.5895111571023848,-5.225824431854232,-3.1473861242655943
2025-06-26,-2.8826872612593535,0.0,-1.2842870300316278,0.0,-3.0701245038037728,0.0,-1.8150330574328244,-0.19175871853833737,0.0,-5.929925896831567,0.0,-6.562258155252298,-2.1050672162363226,-3.2351585509588165,-3.7865147733835425,-2.8903138761395164,-3.0309001846802186,0.0,-10.025980162107363,-2.9904469932945155,0.0,-0.5251951647153641,-4.623527370294022,-2.5206857104062563
2025-06-27,-2.595381483840231,0.0,-0.680488226918341,0.0,-2.504900174843061,0.0,-1.219230110233327,0.0,0.0,-5.395854628362951,0.0,-5.670474854451413,-1.7648133310895875,-2.687690305927626,-3.2123819775279117,-2.4154512544935614,-2.438026490693135,0.0,-9.869708689020273,-2.4091009043464284,0.0,-0.39846814313964085,-4.439006666277356,-2.3314638884390004
2025-06-30,-2.843002248047799,-0.3119450421754655,-0.978390594845624,-0.21989843897303185,-2.8502893027799625,-0.2634348062146241,-1.5724138037300883,0.0,-0.9058611045274945,-5.761522666416341,0.0,-6.052452246562079,-2.227485573981247,-2.9103537224835385,-3.555146357590666,-2.6230104183504577,-2.5559351253207185,0.0,-10.027442703268152,-2.753880840653389,-0.26060290480036663,-0.33582661702582506,-4.862417445411382,-2.7701475448061896
2025-07-01,-2.6502540038104483,-0.1859777753477121,-0.8811397692077394,-0.13888786492555205,-2.8021525695121063,-0.22030141252307178,-1.5011355399498272,0.0,-0.6405910170237727,-5.863054081620788,0.0,-5.6133417976804605,-2.132652132891677,-2.8370396360302474,-3.502531452358104,-2.5609498395367747,-2.4508283872221703,0.0,-10.2069024664185,-2.690115509970614,-0.20364912998243057,-0.3259000782321997,-4.736858326983217,-2.4581128702215183
2025-07-02,-2.8699094416258064,-0.6165941100132355,-1.311239369745476,-0.4557000194434391,-3.144026623260332,-0.4761282092748842,-1.9072048135595154,-0.2502961757969713,-0.583590289571978,-6.1988351541818805,0.0,-6.0742908089650545,-2.4713718596243495,-3.236886649755344,-3.936872412951853,-2.9161775933611245,-2.860525789826218,0.0,-10.337246575476211,-3.0766471892477276,-0.49573597558015825,-0.2804843721898709,-5.149894401434407,-2.821228342939741
2025-07-03,-3.003590119744337,-0.784995894760665,-1.4774883149309637,-0.5748766263673266,-3.230064552508205,-0.5351078415452459,-2.0617142353891005,-0.29411225877945535,-1.0061687139399922,-6.311320836910417,0.0,-6.255811818606627,-2.6556729292040115,-3.400122782977344,-4.0917664803196585,-3.0813417054260106,-3.030160218171085,0.0,-10.434644110820756,-3.2183715621937004,-0.5998671827059376,-0.23703772644743104,-5.299160769846978,-2.957871239162224
2025-07-04,-2.7612855402860514,-0.24339197417703184,-0.9312581369407269,-0.15272169502875688,-2.690177639525826,-0.10882948949905158,-1.5263833120351733,-0.048716838018436626,-0.857812289755544,-5.866093734983657,0.0,-5.812703754019244,-2.4422527845549102,-2.943999356665694,-3.654074365364568,-2.619400464802746,-2.5614486552411386,0.0,-10.295996847215228,-2.691527622268175,-0.18791562202353784,-0.19732077533807235,-5.055194436882815,-2.6934188109557944
2025-07-07,-2.699065675992418,0.0,-0.6342624502583383,0.0,-2.1807465974400864,0.0,-1.1650263867339916,-0.2155684629835508,-0.46293968912244354,-5.207454766898289,-0.09363100828201354,-5.525829502510193,-2.441100294819476,-2.6888788729868995,-3.3798231158180703,-2.3781378176827905,-2.311664818569037,0.0,-10.383110227362968,-2.278949041965639,0.0,-0.29076703018861005,-4.8328258324913715,-2.65874361251206
2025-07-08,-2.502905689438928,0.0,-0.41976439495777784,0.0,-2.0355285866729633,0.0,-0.9765189512894068,0.0,-0.3439261649335057,-5.105044773314438,-0.016915168930642377,-5.316634750388182,-2.206606052150495,-2.537849026255845,-3.2796751631484544,-2.2251882105768894,-2.111820902363437,0.0,-10.21414969850768,-2.103282682724439,0.0,-0.21420256712623154,-4.809040584140634,-2.479170387705665
2025-07-09,-2.6211574852073816,-0.20954811119237027,-0.6188014651689056,-0.14234957057315256,-2.0677759954724317,-0.016380372516600072,-1.1270927815008047,-0.11032488142642682,-0.6433693014023079,-4.854086152751014,-0.10678035487526882,-5.673824240634195,-2.384396303094727,-2.718601774248952,-3.461070496217167,-2.376592047248227,-2.321033280378171,0.0,-10.241329088105166,-2.1926600203636237,-0.06443672479820028,-0.3038904303892087,-4.785249391113677,-2.6412600595887348
2025-07-10,-3.173353355685493,-0.8740154153604629,-1.2730245789514538,-0.6329431832220567,-2.6929502636942937,-0.4935088993015313,-1.7656912482512666,-0.25421770368427854,-2.4234998118845996,-5.410673500001795,-0.09813891250951556,-6.41910458280297,-2.847450214665015,-3.2955232168039417,-4.0511429819089955,-2.9419130392259962,-2.896329164451983,0.0,-10.487786311685154,-2.8334853421363215,-0.5522593190971148,-0.2952660393845452,-4.761452251924703,-3.098966235415601
2025-07-11,-3.3645637468227685,-1.4434625317601202,-1.82878956636916,-1.0382492077351757,-2.873335189544224,-0.618875669900032,-2.225496847012143,-0.4542147756255943,-3.9763315352008943,-5.274255095207114,-0.21538875384384815,-7.223553449235709,-3.6344734810939805,-3.8476569251481574,-4.537403952332831,-3.449475651001521,-3.5583139339953496,0.0,-10.620526035875455,-3.173828157217784,-0.8126484176104176,-0.41228452242287883,-4.823584021999405,-3.695847663241758
2025-07-14,-3.636462290359721,-1.8528138640133252,-2.2499571383751027,-1.349748170612075,-3.1402321604956707,-0.8165690065277564,-2.586736094949016,-0.7126766551420194,-4.002228314215294,-5.386259220177159,-0.5115729607819475,-7.5591777546710315,-3.8932972311005787,-4.276984847824606,-5.0204583439931945,-3.864614995666482,-3.9481392904772594,0.0,-10.921978264794529,-3.515385561239759,-1.06888367587612,-0.7078842963874288,-4.862950528744192,-3.7759830765893287
2025-07-15,-3.494468747404078,-1.2948274616273014,-1.6879042429184143,-0.9176496251615096,-2.5806004711052988,-0.3780754365660166,-2.023429500097207,-0.5116158214205968,-3.374903712944577,-4.784439547274532,-0.23996295679414859,-7.094245812599409,-3.4584044810533343,-3.7757015942700645,-4.535216772923456,-3.3648191301257957,-3.429406785885325,0.0,-10.87587451753147,-2.9517078503436656,-0.628885182253569,-0.43681023536540353,-4.6630901329006385,-3.6062913311796896
2025-07-16,-3.3601692095476587,-0.9652264182242187,-1.3541484367922352,-0.6598354286817765,-2.367804788963801,-0.21025843634638886,-1.7365529332446616,-0.15231716955396157,-3.3423389256161395,-4.658457494467195,-0.051116493534952845,-6.810418958250509,-3.3961401005399683,-3.4573337498889134,-4.192601648515748,-3.080371564534612,-3.1015816071887192,0.0,-10.807030679534858,-2.6692755791637213,-0.40445993551901926,-0.24833640541168656,-4.639262462298676,-3.4091920920151897
2025-07-17,-3.417991544718413,-1.5330839863628376,-1.9276174085938291,-1.0874112767618072,-2.875435076797561,-0.5954828088066799,-2.278507766762561,-0.433468601398157,-3.7362512769072653,-5.051086496710311,-0.2808355317180933,-7.327094611463947,-3.7816104985547327,-3.9771810057653734,-4.68365135375447,-3.596309019748034,-3.6539959698617674,0.0,-11.201319520865772,-3.197900128039255,-0.8047136615192296,-0.47760216020761304,-4.615428836417879,-3.5007961429356804
2025-07-18,-3.5688088240956484,-1.9436008884188727,-2.336516239714559,-1.3910573503716606,-3.294371458082157,-0.9127465429990322,-2.698707591893934,-0.5854721448581124,-4.39351624838994,-5.7051345339105275,-0.33334841951870864,-7.728149972215991,-4.329724139561919,-4.340418792938583,-5.064249042478631,-3.962254993134018,-3.99722946425507,0.0,-11.282493475644085,-3.646661015674779,-1.1437942879881868,-0.5300114291708846,-4.591589253769768,-3.7741916794387653
2025-07-21,-3.7003252764878702,-1.8851761611370477,-2.2705881415992946,-1.341701506024695,-3.212261223867363,-0.8413293328154992,-2.6207403789834216,-0.6563169150844539,-3.201365502925546,-5.3926640580462255,-0.5931279414938206,-7.682521363611928,-3.861117322902563,-4.235083334615741,-4.948114222433553,-3.8954137122239385,-3.8644871110480095,0.0,-11.282122516091075,-3.564391590283822,-1.0748003500337222,-0.7892783521790459,-4.567743712865557,-3.633698173451927
2025-07-22,-3.836507823486124,-2.2456469728480255,-2.6303625670805797,-1.6069296513968934,-3.4370659592423025,-1.0047558527664813,-2.9290161204046816,-0.7832648741954884,-3.109743888682681,-5.400252425586361,-0.6866562492523376,-8.070082553083092,-3.975296127408867,-4.579756112465761,-5.353563320564536,-4.2201083453499155,-4.168374163123445,0.0,-11.392321461079124,-3.8474327862792146,-1.2872892998926022,-0.8826221091555286,-4.543892212216171,-3.6896122897574934
2025-07-23,-3.814369231528425,-1.7198970043688089,-2.1260446753448403,-1.221878023921319,-3.0779337501866566,-0.7229091210347316,-2.458283875083833,-0.7773623445959776,-1.636669819008274,-5.165587132637284,-0.4823309893240202,-7.306700918734855,-3.366063111924178,-4.071584769804593,-4.909029056042691,-3.6182434225739524,-3.6897017108206698,0.0,-11.200302477345192,-3.424726126436173,-0.9531590845040294,-0.678700025414325,-4.52003475033198,-3.621757298152295
2025-07-24,-3.9488503511609596,-2.4613137531657614,-2.8662505744213473,-1.7776006089347818,-3.827476549642006,-1.2954903049840816,-3.1948139140095533,-1.0175022837227488,-2.0431218725347033,-5.79910380253933,-0.5802648003989885,-8.00640637653698,-3.9707011358661837,-4.755524787953869,-5.649328125909925,-4.2609947464369196,-4.358283020857556,0.0,-11.6611098594386,-4.145968869555383,-1.5019219023874153,-0.7764405927339513,-4.496171325723141,-3.7756690020727124
2025-07-25,-4.184307612921301,-3.155546907385298,-3.571499164177905,-2.3059337265467383,-4.440935427386683,-1.7623115156684799,-3.8502939760448496,-1.4672788703406159,-2.1127130031072694,-6.251988807551411,-0.5782804095674776,-8.586024472766207,-4.833204996268425,-5.355397834322928,-6.216356194996875,-4.831232681357555,-5.020268039260268,0.0,-12.304857208240394,-4.796865317386356,-1.9958753336944524,-0.7744601175178278,-4.52944788523193,-4.016559909390094
2025-07-28,-4.104291531194182,-3.5324265626613727,-3.943402312137334,-2.579132048589905,-4.566932258739042,-1.8484460571404515,-4.163498507527419,-1.395076857749411,-3.3653695050555488,-6.354010948426603,-0.8256687882348124,-9.033776368383883,-5.431324717875419,-5.7663389712348305,-6.592402347581183,-5.373717437668368,-5.335523753254135,0.0,-12.721691933489577,-5.083023511257401,-2.2126048696587186,-1.0213603475182853,-4.487700455947641,-3.9612000017583804
2025-07-29,-4.036445393289978,-2.956511790961891,-3.3932683976824807,-2.1567794675076857,-4.158989748255626,-1.5296413215618365,-3.665715735286157,-1.3413294508287876,-2.3971892644675696,-6.139952853622466,-0.6148838670622658,-8.134313244185098,-4.8941297945568,-5.2537123886128745,-6.187806599404732,-4.753607846119323,-4.821816418584168,0.0,-12.514516068565484,-4.605144237029812,-1.8374787721074592,-0.8109913487864939,-4.463828949989024,-3.9029595250125726
2025-07-30,-4.022109724173816,-2.5200098768699886,-2.938282502051881,-1.8127242191019355,-4.034860390998441,-1.4359862076577579,-3.3298772608126526,-1.3473948323843965,-1.9615052850561865,-6.197100334670436,-0.6885957827023392,-7.70682280945506,-4.764040644741419,-4.866520038476596,-5.887086807371944,-4.2635798501212125,-4.450421011816907,0.0,-12.021132413866532,-4.2899108013262355,-1.589440432326683,-0.8845578155031175,-4.439951477795678,-3.946656836332163
2025-07-31,-4.06085062053656,-2.6092654838383633,-3.00657665860502,-1.8843136055815224,-3.7818477469778844,-1.2533926111207516,-3.302734310868627,-1.180055871514618,-2.669628953901615,-5.59242715768844,-0.7771995425902678,-8.27845644302817,-5.0962495528386835,-4.952988054618812,-5.96129451254942,-4.44033515072041,-4.459566456983167,0.0,-11.876023190593942,-4.171584016027841,-1.5287700698167206,-0.9729867417650473,-4.416068037876508,-3.6876384044260413
2025-08-01,-4.269021139307871,-3.089577872484861,-3.5113287314060493,-2.392916117251187,-3.953140455256221,-1.4275038997518585,-3.7114381489911086,-1.1473892104336247,-3.4891269459105145,-5.591281840564943,-0.7999754737695652,-8.695719406111602,-5.8740753524826435,-5.4871209842974,-6.489118754613155,-5.019693172192352,-4.955118141975068,0.0,-12.225348040348083,-4.5368376708899705,-1.906123108345148,-0.9957177313003607,-4.392178628739951,-3.7733854912143983
2025-08-04,-4.302406249377688,-2.6115946342892715,-2.9941525140908976,-1.8636944330788774,-3.6340644530519217,-1.0979747053118105,-3.2562685409905368,-1.203290749417285,-3.432382187180716,-5.418585057325165,-0.6345114835628829,-8.49986890430846,-5.270971486954734,-4.991815469312099,-5.988410053588156,-4.464061927567176,-4.525043799989259,0.0,-12.066823800029935,-4.11716880650993,-1.4651703500408453,-0.8305802359220626,-4.368283248894144,-3.9456953421492913
2025-08-05,-4.485886236788206,-2.9983313244217547,-3.3773107597346863,-2.252651040345377,-4.090708038663493,-1.5643954774728241,-3.671996486597806,-1.2886079795981886,-3.6224019796162077,-5.79866712883571,-0.6546347762018789,-8.519963410650899,-5.551445579848979,-5.324744548960492,-6.312262756383912,-4.774948282988934,-4.8888700029419585,0.0,-12.253643494741983,-4.50829200708821,-1.866820809944092,-0.8506638211239981,-4.344381896846771,-4.165334880374749
2025-08-06,-4.528049565045444,-3.242716977619975,-3.6516254595312714,-2.5305671854936818,-4.290042726543453,-1.7680237840051904,-3.9199775283082383,-1.2168929203062118,-3.5075229055651413,-5.939892938118163,-0.613721614505458,-8.60528264113345,-5.840166709681438,-5.601209440817668,-6.583181680722349,-5.076538457956403,-5.145936125622641,0.0,-12.306291094457267,-4.749197181188702,-2.117090857233761,-0.8098313895954501,-4.320474571105204,-4.176211052845435
2025-08-07,-4.540446258816921,-3.2383558077980212,-3.634917913007585,-2.51335151880826,-4.3002352636523415,-1.7806295601846767,-3.8983678085329765,-1.2870866825034133,-3.466765005716921,-5.88605767937228,-0.6030940618242719,-8.625720737114529,-5.756057410091319,-5.588346657997922,-6.564082877033883,-5.074439198516345,-5.128615739192577,0.0,-12.45270371679581,-4.742085431740173,-2.1083865613284014,-0.7992248072836161,-4.296561270176458,-4.256678584023099
2025-08-08,-4.681746482269878,-4.142855131613954,-4.513505005680452,-3.3977452195320113,-5.137859725751404,-2.6503763783305545,-4.733602788999813,-1.3784284714585593,-5.21630018559992,-6.527228018074604,-1.0705503656121662,-9.472933990401245,-6.648256590430712,-6.451970668017082,-7.288496187567239,-6.065052694044071,-6.005045505785622,0.0,-12.941772211909374,-5.568088384355663,-2.956230096459478,-1.2657587226685085,-4.272641992567139,-4.633497643855156
2025-08-11,-4.427383617260173,-3.3323362366949882,-3.7070246511326843,-2.5917576943565668,-4.46689229412256,-1.9690275419737335,-3.95824740162275,-1.0468679779389922,-4.767429700476711,-5.869816287015029,-0.9590753579500566,-8.401581043402917,-5.798587274809774,-5.715951969718769,-6.450219015946546,-5.398943930121103,-5.301659610043375,0.0,-12.526845447303714,-4.803845403945384,-2.1749926072413217,-1.1545036783558449,-4.248716736783487,-4.565790100339973
2025-08-12,-4.488584766864223,-3.7482866967008754,-4.105365634018199,-2.9946186896497085,-4.959886224686338,-2.475091939348839,-4.382128532878593,-1.2136401082359916,-5.49602151154196,-6.495890523265658,-1.069767716454828,-8.842472693048842,-6.172749802757727,-6.096519653052301,-6.823920208296275,-5.733946215753938,-5.7342481639781395,0.0,-12.75653894455504,-5.254129440458877,-2.6366502873851005,-1.264977617840557,-4.224785501331363,-4.679388646948734
2025-08-13,-4.407520938008425,-3.548889203315486,-3.9164549269467996,-2.805107235078197,-4.803450662976205,-2.313358591089709,-4.211191897403976,-1.1488726696191165,-4.95626408283818,-6.33457828759354,-1.0244201580815404,-8.540639734870725,-5.6671660264689505,-5.905184883362658,-6.6802744084139,-5.517959047722054,-5.519828600196175,0.0,-12.668298794747246,-5.073682552616932,-2.4521507669819975,-1.219719539621078,-4.20084828471623,-4.618943904895778
2025-08-14,-4.486413513915977,-3.4524573671344316,-3.827896249649454,-2.71361447399604,-4.817572694636107,-2.326401808677603,-4.147742932357756,-1.0786065056008098,-4.526346781294743,-6.4001032977867744,-1.076576399756446,-8.507187770387127,-5.6213732687331985,-5.795586780778061,-6.5735727146175265,-5.4280538936265055,-5.387816638378496,0.0,-12.725467054422523,-5.0225351524392785,-2.399547278302294,-1.2717728661955308,-4.176905085443283,-4.554544476987044
2025-08-18,-4.270720693720009,-3.140754769108678,-3.5610850321649568,-2.4452279986069136,-4.368817756865406,-1.865748746293805,-3.8528683173014944,-0.6842878429995203,-3.8165172811181036,-5.786045828981057,-0.6365298773641226,-7.9155127331583035,-4.6801334050399435,-5.567338346816153,-6.381577024535689,-5.211134475208279,-5.112201014080275,0.0,-12.73277495725057,-4.649783978072031,-2.0211484366826404,-0.8325946470130297,-4.152955902017219,-4.2306574977517775
2025-08-19,-4.335184784039869,-2.5966521876545245,-3.034092697787949,-1.9068638824654816,-3.7556140393539383,-1.2284904800822671,-3.3189072317673762,-0.48986536246037327,-3.7272263402654993,-5.38667504737117,-0.5621005115245326,-7.741613409990411,-4.282786375790238,-5.14034019281564,-5.9596342994329365,-4.739833152644801,-4.724115402108941,0.0,-12.406308834896883,-4.121340534244322,-1.474678030354104,-0.7583121457752195,-4.129000732942423,-4.204967193354802
2025-08-20,-4.155017482645551,-1.9356887081001473,-2.3283945866226063,-1.1814314505872892,-3.187964200022453,-0.6481746510364261,-2.6698823954176,-0.2992606281963295,-3.492815311462616,-4.627150706645655,-0.5961358537153294,-7.266439423264726,-4.0149522514881575,-4.530720605529803,-5.5214301763582,-3.9534674926435476,-4.1189224894754295,0.0,-12.12470828505624,-3.407203665778047,-0.7307874415359294,-0.7922803291649183,-4.10503957672288,-4.008340151407641
2025-08-21,-4.210401278485875,-1.7929042864115896,-2.1892726527736883,-1.0442197851143975,-3.092209595961315,-0.5516974013942022,-2.5356378220187215,-0.30609069623130924,-3.22193303278534,-4.6930156733240525,-0.4848204289869651,-7.242661716633414,-3.887744326011433,-4.413778594257112,-5.386376874117083,-3.8463353082442864,-4.010310577889453,0.0,-12.12144404634704,-3.318830047823673,-0.6419812862911933,-0.6811845528956639,-4.166753521780098,-4.103831522303425
2025-08-22,-4.3692559438777145,-2.666891877067268,-3.076298588700721,-1.9417313393620073,-4.03409491340776,-1.5142202705153318,-3.4587127597300427,-0.5872326325721655,-3.835645516111519,-5.759345110790292,-0.6460933175617356,-7.914115569823721,-4.706378739470251,-5.204897027065469,-6.1475419548613015,-4.659236320615944,-4.809658637791003,0.0,-12.874950114075123,-4.226961371330895,-1.577730456943538,-0.8421392165563035,-4.648747196810876,-4.28807195805242
2025-08-25,-4.3200450100380205,-2.1406158367652472,-2.4918641049833434,-1.3397922984612842,-3.648598781513157,-1.1234315844409148,-2.9174661082181585,-0.5663113314539059,-3.933567603414412,-5.305119361611799,-0.6541121148195495,-7.786432542431665,-4.332216211522299,-4.663295868356432,-5.639133785323924,-4.127517694690086,-4.225185992744917,0.0,-12.661126819794166,-3.6983157572879954,-1.0231801193417822,-0.8501421910612095,-4.104532061880583,-4.293952073113871
2025-08-26,-4.398277826028929,-2.5866063167026887,-2.914969063491235,-1.7586219246280677,-3.7949419746797775,-1.2736841007018884,-3.272395809803208,-0.7278803678288925,-4.998494517220609,-5.052297166926634,-1.0214588926334534,-8.200707159526088,-5.311967193259037,-5.079837616319882,-6.109207886910861,-4.548692800758147,-4.583752639009453,0.0,-12.51063698731909,-3.950015526503403,-1.2775460625370272,-1.2167641173649324,-4.251197727905853,-4.164564097707856
2025-08-28,-4.96397660744109,-3.5592137376770028,-3.898415051554671,-2.7589320548547125,-4.823563044365287,-2.328565282465289,-4.276215792555982,-0.9945655150073396,-6.32458675208184,-6.3030249420702456,-1.1896560377829601,-8.943294596210071,-6.121022471254278,-5.944804537559911,-6.993049869288869,-5.400522627504634,-5.44290171578754,0.0,-13.186893100433005,-4.973849225364713,-2.3343323823565743,-1.384629374603552,-5.023190598641348,-4.363102082087833
2025-08-29,-5.352812188237088,-3.668340686934757,-4.000947249315123,-2.939487630314208,-4.723035112561192,-2.274077080551251,-4.32858532848055,-0.850592570852915,-6.474813307259863,-6.0465505785254,-1.1649602475451881,-8.92979232651172,-6.4047594571658095,-6.003635475326807,-7.028483505662486,-5.441595176082581,-5.542666679443641,0.0,-13.282861596817686,-4.993910499270415,-2.426387513164674,-1.3599823142905532,-4.999452928389703,-4.322689265973423
2025-09-01,-5.142824527461698,-3.3932728501179343,-3.703309420324219,-2.7702031851961073,-4.528634154088285,-2.1552872743964446,-4.076991076239988,-0.7569042523835723,-6.101517470695594,-5.9928037036812825,-1.1546911229202594,-9.188111782936225,-5.645321107392176,-5.7551410200122,-6.789201903295394,-5.181772468166123,-5.296231477088931,0.0,-13.282876074809135,-4.757175729963292,-2.2877161109815747,-1.3497334527819538,-4.975709325353028,-4.3369945494059365
2025-09-02,-5.0350469200042935,-3.5159113294714106,-3.833390149103444,-2.8258139418564365,-4.619855709664655,-2.1927720394203987,-4.2087805107369425,-0.7326952326875413,-6.81454103771747,-6.105110313670481,-1.1952289545906547,-8.410153446682067,-5.819474280340097,-5.908865822726339,-6.976446306295636,-5.32107707674756,-5.430836917250426,0.0,-13.467217526798425,-4.8658192299585235,-2.333105881649633,-1.3901912948885764,-4.95195978804861,-4.219542194066261
2025-09-03,-5.227617202265766,-3.2870104813526146,-3.6149347282676936,-2.7038885835812043,-4.374725106296795,-2.0543564532227943,-3.949083383737495,-0.5852013433819581,-6.4888041270272705,-5.7228382073257755,-1.118110677886086,-8.80312441963963,-5.300472230702735,-5.699746403206108,-6.760996360837435,-5.1056175513710444,-5.234323340607627,0.0,-13.539297197147315,-4.626631378163937,-2.1973729034759137,-1.3132251885655366,-4.971383631371518,-4.240807396781832
2025-09-04,-5.311019575562293,-3.3254797720102314,-3.660659230742891,-2.717001837687283,-4.266609581722491,-1.9884642337180125,-3.9267340991232746,-0.6177100232066635,-6.223832788258166,-5.382650173701087,-1.1225270054880165,-8.761785744232675,-5.226712887633056,-5.711794229946077,-6.719286475758645,-5.166883736379768,-5.251148970126551,0.0,-13.591162268339508,-4.5936912702288835,-2.1711129056754985,-1.3176328018355998,-5.0736550005842425,-4.212572173531348
2025-09-05,-5.68351633945613,-3.8241972830318827,-4.195965116251122,-2.98123593448848,-4.861316524764037,-2.2916879550388902,-4.473328001749122,-0.860259080476411,-5.8332103354710725,-6.163245200427636,-1.255570793053451,-9.706997939566165,-5.20104379807046,-6.17250797629535,-7.244174781441204,-5.6126080186579275,-5.662737809927854,0.0,-13.80625823335454,-5.178114603045514,-2.4659596634363457,-1.4504140663678444,-5.6523457788640545,-4.306673410796257
2025-09-08,-5.79871476313365,-4.027543363431462,-4.417397333983208,-3.0854682623163376,-5.044166300322717,-2.3784059679887504,-4.66631122643919,-0.9149524936442277,-5.9105304767432365,-6.308635238022953,-1.3115976294689968,-10.035027344567638,-5.077854619268695,-6.364981288964788,-7.408170131708913,-5.841098809230216,-5.847873546274873,0.0,-14.005355842672817,-5.378398464377465,-2.5617748908381532,-1.506330350195395,-5.795301503382588,-4.318162887487198
2025-09-09,-5.7267443488985155,-3.3901734672353134,-3.74226440890012,-2.720751408848121,-4.436775713263663,-2.043684183833172,-4.0583262433877,-0.8449789900715321,-5.794768852976572,-5.896525885048288,-1.2869323162425506,-9.450965618213235,-4.712126220748436,-5.769368377511885,-6.816281470523844,-5.254191913232075,-5.239934698178739,0.0,-13.50015419394699,-4.746197780635663,-2.217100422844309,-1.4817137067562491,-5.694867862522257,-4.233446580720712
2025-09-10,-5.703182518696992,-2.8107555762158953,-3.11791658992836,-2.382973627731766,-3.893587462095316,-1.7406429872554807,-3.466585471527417,-0.6370667472647584,-5.817060750415748,-5.333678632171457,-1.262260838384155,-9.416071789694946,-4.311718358370154,-5.250646234691104,-6.283773362330624,-4.732054023689569,-4.738361206291808,0.0,-13.248320245897649,-4.159331764700114,-1.8933246853033547,-1.4570909108492458,-5.696396690374228,-4.206585445945721
2025-09-11,-5.693271821197476,-2.7495449510275716,-3.0601556429947108,-2.3407547752373747,-3.8066819803805108,-1.6855221381643526,-3.3781235195036174,-0.6564255224168369,-5.278818330113344,-5.138497778343343,-1.2375831943530757,-9.970098440474084,-4.1875712660220055,-5.148476998453788,-6.087905583107744,-4.701131903306733,-4.658943238147495,0.0,-13.117871728817821,-4.0944514942778065,-1.8462178812807206,-1.432461960936704,-5.883134858512584,-4.274240006895125
2025-09-12,-5.5760872908980685,-2.5875347718100294,-2.8690797240727983,-2.2280554888306714,-3.744993147026099,-1.6348879987778453,-3.2238086931202115,-0.6780782866166679,-5.361538918430442,-5.32675602052175,-1.2286639539536126,-11.29260813680938,-3.77183678690195,-5.0045761731158045,-6.012364873186016,-4.49451527305248,-4.509098318560478,0.0,-12.950254231712622,-4.000639999846367,-1.781674937699873,-1.4235603200515534,-5.955276267440723,-4.414291133547154
2025-09-15,-5.658516566054416,-2.6863183079045005,-2.9876643149689075,-2.2795130500238847,-3.869365679296166,-1.6900479316092287,-3.33421477810415,-0.626290592093548,-5.309311086253176,-5.461039938477175,-1.2184390134255096,-11.267964914514316,-3.9434978878894245,-5.112460870884061,-6.117329648950321,-4.603158348153535,-4.619137949639363,0.0,-13.120742630932924,-4.117596644548405,-1.8320912115529997,-1.4133555554553534,-6.143140660801693,-4.378849569287368
2025-09-16,-5.6197212086959265,-2.0336216354595593,-2.3201289323110608,-1.9222861996455398,-3.366572484181829,-1.4113408866009869,-2.725930694570755,-0.3007356608490497,-4.495722425373138,-5.0596445647878685,-0.988694813924984,-11.100923539386987,-3.2924983450435152,-4.518962797306603,-5.546141333542753,-3.957505977393605,-4.055143992989119,0.0,-12.722491359381394,-3.5281986667652476,-1.505751712744774,-1.1840646889905937,-5.721870082023073,-4.292298625753121
2025-09-17,-5.572606182475703,-1.6243927079984122,-1.8922089870164083,-1.6884267192851854,-3.1833968440732496,-1.2975388050625702,-2.3616618389923794,0.0,-4.4935189917656775,-4.912051164458586,-0.9831710692995155,-11.435406252761126,-2.943241569300925,-4.1713307301626035,-5.236973652737609,-3.5953300007029787,-3.6836034111575877,0.0,-12.45933471267916,-3.1881678932187296,-1.3118905956528315,-1.1785518438608422,-5.283040605861844,-3.930743126915559
2025-09-18,-5.48857193500255,-1.2836391038764328,-1.5532884564414484,-1.500370068062351,-2.7866620430352596,-1.0779249223307863,-2.0133684715316402,0.0,-4.083604408712038,-4.492020429601684,-0.8913950101731127,-10.912120870618747,-2.5855581478301692,-3.862267268583963,-4.95294657403873,-3.2714937886846873,-3.3642431753300728,0.0,-12.489120417076771,-2.8270240597430663,-1.1115628439054892,-1.0869568779658723,-5.108799037496315,-3.942825180904641
2025-09-19,-5.343632096146855,-1.5485117929356806,-1.808519441190204,-1.6211429626164509,-3.1654575411611208,-1.2660391613663835,-2.3102332026576966,-0.10561226308676286,-4.180391963306407,-4.8832052434720445,-0.9800352304485171,-11.642310139816537,-2.955499869214484,-4.081087523468485,-5.117327818805828,-3.4957194453530627,-3.6319643011814673,0.0,-12.809510271915393,-3.12058400216233,-1.2524457244522669,-1.1754221926713715,-5.176238857821636,-3.8575862883466483
2025-09-22,-6.0205859986524395,-2.423281715291925,-2.7490657328297363,-2.1025793678193794,-4.000950270635773,-1.7012347672313521,-3.2027186793207596,-0.12519881003089095,-4.429796134671527,-5.622808257487688,-0.9065773855009063,-11.2861217750707,-3.433311636358405,-4.897790826674708,-5.896731113002618,-4.377530383670547,-4.421252839135614,0.0,-13.426681443292765,-3.9778986762775803,-1.6981071042222906,-1.1021092953129585,-6.129387989431557,-3.9993166693611193
2025-09-23,-5.955306043607567,-2.754616711389235,-3.0573315465398654,-2.251009205341936,-4.5324722796564405,-1.96342202410269,-3.5604663540252157,-0.27748197428535404,-5.166705872460131,-6.227127839046931,-1.088066716376157,-12.903678618679681,-3.5591799796101165,-5.2226677227343306,-6.23446897819615,-4.671597454173848,-4.763852887426823,0.0,-13.699747694594166,-4.372975827392067,-1.891379182233277,-1.2832405100333788,-6.26227833104569,-3.7829520841045294
2025-09-24,-6.08761947302029,-3.025496302678088,-3.3430802667951176,-2.3896582888880857,-4.851848108527568,-2.120243973414282,-3.87442961663097,-0.24712735239935668,-5.693622841583512,-6.5827545643381224,-0.9703006549056759,-12.103672152229649,-3.9906227441505737,-5.4693909934806495,-6.5006585771073215,-4.910364993589944,-4.999051926711228,0.0,-13.928851695938793,-4.650224364389787,-2.0260559435262837,-1.16570682546846,-6.478078112454555,-3.8138969272092704
2025-09-25,-6.4042204857607254,-3.5997933540377836,-3.9546247983555105,-2.6982533857092372,-5.425955385399506,-2.4164958464760855,-4.471782231903376,-0.5700595579609113,-5.709902271955536,-7.174713556338441,-0.960204354505767,-12.425039735434684,-4.6268719151224325,-6.015302363665631,-7.049594667309956,-5.4639888514863895,-5.53428013373215,0.0,-14.400736358069343,-5.229163906236234,-2.3235246072845883,-1.1556304471667667,-6.4547040640204,-3.908055515220832
2025-09-26,-6.303465674801134,-4.00896883730627,-4.372599218275807,-2.9094580187270735,-5.908509118263716,-2.6602770488547756,-4.891240439312283,-0.7031919645776874,-6.495616525153092,-7.699903155551646,-1.0627261178696723,-13.329539243886025,-5.531718547753616,-6.400161900887291,-7.349792450518555,-5.8547461228313775,-5.9976749873413056,0.0,-14.510321705471984,-5.6675850327706945,-2.542345791695211,-1.2579499137923,-6.4313241736816735,-3.8183917809315515
2025-09-29,-6.370517432335443,-4.28699874934948,-4.5061270953227766,-2.9673705500173675,-6.020662815279643,-2.7084924252807396,-4.990797007553239,-1.0250068686150304,-6.751488138601635,-7.574297931323959,-1.1894446941178805,-13.825465543608894,-5.607580810405544,-6.5368655373341245,-7.457726400803177,-6.017514969958548,-6.137203885982856,0.0,-14.878818279065896,-5.762054520259485,-2.5821062035691345,-1.3844184479633759,-6.407938439978378,-3.8604321433039046
2025-10-01,-6.361063965635882,-4.405398008993966,-3.988071053511999,-2.4409667252449974,-5.314661509617369,-1.9776090903345422,-4.417711150090298,-1.0738556372901775,-6.901670628676015,-6.859485801672916,-1.1792946840443075,-13.8321254812941,-4.743853315291247,-6.222004296612738,-7.127523652086209,-5.7359789281498985,-5.804673031620222,0.0,-14.9335652299731,-5.19956569816884,-2.0006368596318103,-1.3742884659683763,-6.384546861450047,-3.8648778801776973
2025-10-03,-6.305550075827638,-4.1776900126859084,-3.76625769963157,-2.215579144665636,-5.2450210060999485,-1.905514204602854,-4.2445395371657035,-0.6659482314775977,-6.3601825860040595,-6.788900068347548,-0.9910971666052371,-13.402843824740806,-4.521597218051454,-6.008536187317137,-6.9363479720058185,-5.48310095856367,-5.607989809199232,0.0,-14.77331264137689,-5.009410031381156,-1.8040646141567307,-1.1864623013298936,-6.3611494366357935,-3.6487997446828735
2025-10-06,-6.225864333858933,-3.5346933949754633,-3.1172710197394427,-1.5561349090044918,-4.808867811281148,-1.4539894000168752,-3.663953013496757,-0.3454764082967854,-5.723832431828136,-6.401710332743016,-0.9733228468640998,-13.14339758075188,-3.818190754050299,-5.422548325288146,-6.342691186389948,-4.941082976102951,-4.9859645410671565,0.0,-14.718413101577731,-4.463380508975112,-1.2396099695581309,-1.1687230540142646,-6.379737538375618,-3.5449045008037916
2025-10-07,-6.326004777405725,-3.5568825853826147,-3.1392766705658826,-1.5784951515781742,-4.771428385888054,-1.4152304744025623,-3.642282460742119,-0.5361920976403534,-5.5707632619158565,-6.391390044779288,-0.948572988207097,-13.948139478710864,-3.700635481587067,-5.443237448112869,-6.363545841280926,-4.9468485633602395,-5.021386835530384,0.0,-14.52971668855878,-4.478805244775286,-1.255555194874447,-1.1440220319702599,-6.394661195498019,-3.6476878424194226
2025-10-08,-6.390335341376552,-3.4048373878655336,-2.984628322149896,-1.4213548510493612,-4.725749234050269,-1.3679414247011579,-3.5519634950246792,-0.35408990936731666,-5.78728209705921,-6.402203001232154,-0.9386097612706146,-14.492506467142817,-3.9390045840564603,-5.307666617148376,-6.23913512267934,-4.821953204270701,-4.863857468724753,0.0,-14.43651335879441,-4.387904297609236,-1.1615869024638292,-1.1340784645504143,-6.49718775714333,-3.7137935665961463
2025-10-09,-6.249014018647814,-2.89796782139794,-2.474199240809627,-0.9027008850548635,-4.313241237542009,-0.9408951603927518,-3.0833081283176744,-0.10216196627493845,-5.668228475020898,-6.098676433466899,-0.9533737196826486,-13.958350135794717,-3.4187365449059537,-4.846729522524407,-5.7879028732571225,-4.357025268078729,-4.397139988561327,0.0,-14.356724176778958,-3.9296475754968863,-0.6878668477769523,-1.1488132906052329,-6.379878773735315,-3.5747446933654947
2025-10-10,-5.959862093888124,-2.5335994816945484,-2.1130504991078047,-0.5357327125014133,-3.966108953334646,-0.5815286839937039,-2.7183555633211176,0.0,-4.708549956354746,-5.716961820644684,-0.9095074518853719,-12.93299437416292,-3.0215895443207907,-4.5200259887035905,-5.463687514086346,-4.031307971781906,-4.066982499540394,0.0,-14.28594658608059,-3.5558696302383175,-0.30147620662618335,-1.1050335800676936,-6.086484740141717,-3.2922873938390107
2025-10-13,-5.99197097713724,-2.989390751845633,-2.5732174004912456,-1.0033145904681628,-4.492179440271505,-1.1261397899866576,-3.166504712482354,-0.07982016377561241,-4.504502326366677,-6.179628955543404,-0.8847416437685718,-13.418466744671864,-3.2440404059194683,-4.930514480581271,-5.854300531630696,-4.470142990258386,-4.469250914850608,0.0,-14.711942215469954,-4.024997378589157,-0.7864341175096157,-1.0803166400354836,-6.33558076069296,-3.352329771658369
2025-10-14,-6.101755899354444,-3.316371170215715,-2.9024130151863226,-1.3378147539409802,-4.741687918626192,-1.3844418459384666,-3.4757462221292057,-0.2764858470639564,-4.897740515802695,-6.479813646716948,-0.8746590788622055,-13.599876021894818,-3.5579630977640386,-5.230326579940892,-6.150901899741024,-4.758106177351051,-4.784103180233901,0.0,-14.919567314973436,-4.321425757312847,-1.092865122236475,-1.0702539701243574,-6.31217109772122,-3.530651099212434
2025-10-15,-5.765111658408772,-2.68903864473673,-2.2732056903462694,-0.6984685912886257,-4.172716695576506,-0.7954180273480826,-2.8438501789504578,0.0,-4.13685142158029,-5.824058487351403,-0.9542123825784454,-12.733199851596977,-2.8750743098781673,-4.663654333320966,-5.603304688477562,-4.179521095592742,-4.210076260773388,0.0,-14.881689362286654,-3.6936300910997755,-0.4438852317511288,-1.1496502986448665,-6.2887555839437725,-3.1876202606634707
2025-10-16,-5.517820667984608,-1.8767416343494436,-1.4553540662872955,0.0,-3.1990811817253273,0.0,-1.976666571282104,0.0,-3.667417056427147,-4.872097673333242,-0.9654492732013131,-11.965196235983655,-1.8711689129220277,-3.9396528544527687,-4.882560491463483,-3.4401148546311267,-3.498277396693905,0.0,-14.556659680644124,-2.8295277583131773,0.0,-1.1608650165480627,-6.265334217898277,-3.1162202671059958
2025-10-17,-5.247975084746881,-1.242397674103235,-0.820969204662414,0.0,-2.30589922024258,0.0,-1.2368264894232484,0.0,-2.7360768280844328,-3.79029786217695,-0.9406974466924289,-11.279933994661008,-1.3934793589994054,-3.344999725614106,-4.2828360863509385,-2.8170901810047333,-2.937202894396884,0.0,-14.311262329469498,-2.0712962856576644,0.0,-1.136162030535126,-6.241906998122104,-2.9124429628875736
2025-10-20,-4.818951496824764,-0.43385122238809304,-0.02228310762075747,0.0,-1.873824353229936,0.0,-0.5628151500364331,0.0,-1.3194767016796338,-3.5440208153859065,-0.9159394339291915,-10.531840994306751,-0.8822229169159534,-2.646246813250852,-3.7278793266714128,-2.043839289673832,-2.167122053392534,0.0,-14.11246448109653,-1.4258992626774547,0.0,-1.1114528704746385,-6.218473923152212,-2.4122110277288833
2025-10-21,-4.844559915836588,-0.4193177196285758,-0.008984867111139216,0.0,-1.9029468683487427,-0.029678640716257476,-0.5733315986232501,0.0,-1.2795728728180245,-3.6090327569715197,-0.8911752333655154,-10.519136375394522,-0.78461600936508,-2.6370006353513165,-3.7101503007845427,-2.0383595184575554,-2.1627197067878634,0.0,-14.078042766708753,-1.4321202348033246,-0.006310960058819592,-1.086737534823512,-6.195034991525206,-2.3911318736305365
2025-10-23,-5.005066853275375,-0.021726825824841534,0.0,0.0,-1.6157722168464672,0.0,-0.2608358786677645,-0.047215814015921787,-1.5524050304202341,-3.3743298228790075,-0.8664048434548488,-10.129595035784611,-0.6971668122239261,-2.267841178961294,-3.373698785208934,-1.7066155310371256,-1.723079582353848,0.0,-14.281247254410445,-1.0960764418909807,0.0,-1.062016022038259,-6.171590201777288,-2.43073667717848
2025-10-24,-5.356356559172005,-0.39832136959009334,-0.37556461907246597,-0.37556461907246597,-2.0399883819024023,-0.431183101818855,-0.6354285932243853,-0.06303190741997478,-1.9870760719435498,-4.039133657481841,-0.8416282626503291,-11.773900924917625,-1.0663201816872636,-2.623110955123309,-3.773163235135968,-2.0369528222024758,-2.0583652971777555,0.0,-14.61419876128648,-1.5510100045426412,-0.4599752429279236,-1.0372883305750924,-6.148139552444398,-2.4503531860957217
2025-10-27,-4.438338363340632,0.0,0.0,0.0,-1.1925841589087272,0.0,0.0,0.0,-0.20810814027328872,-3.213568253746013,-0.8168454894046162,-10.994186153955932,-0.41085571372030394,-1.7995262584096006,-2.950392053040418,-1.2356376921367151,-1.2118521789555636,0.0,-14.174984423377069,-0.6313775203276473,0.0,-1.0125544588897029,-6.124683042062006,-1.6435345841443016
2025-10-28,-4.383676249303692,-0.05038909862439267,-0.05742248149738227,-0.05742248149737117,-1.4397374134473062,-0.25013634091602954,-0.10661361975272676,0.0,0.0,-3.50408161283593,-0.7920565221700926,-10.766952429642618,-0.5253471929994924,-1.871597010541548,-3.027381182471578,-1.315504169992232,-1.271136505747228,0.0,-14.102677951314002,-0.7444913966122679,-0.11383258966657372,-0.987814405437526,-6.101220669165263,-1.4239481885649163
2025-10-29,-4.001986942809022,0.0,0.0,0.0,-0.9691181124313997,0.0,0.0,0.0,0.0,-3.0977787772708765,-0.7672613593986299,-10.52263790574538,-0.07392086377935314,-1.4685052123939335,-2.6595618709762125,-0.9141043460454412,-0.830646581136818,0.0,-14.044112739740966,-0.3051888317007756,0.0,-0.9630681686734976,-6.077752432288952,-1.3993109552512317
2025-10-30,-4.651388340491025,-0.7312188937195652,-0.7289513480336018,-0.7289513480336018,-1.7465268218192165,-0.7850164459510922,-0.7435946752155309,-0.16744079024613168,-0.9763510019262012,-3.8950595661975784,-0.742459999541778,-10.969547099527844,-0.7491389322997755,-2.1494044409400948,-3.294846907857263,-1.589484265245067,-1.5632091538106074,0.0,-14.088936881698933,-1.053421336668925,-0.7505230173965982,-0.9383157470521764,-6.054278329967422,-1.3746675643236617
2025-10-31,-4.6491950774029345,-0.8703566634036597,-0.870322306998339,-0.8703223069983279,-1.9847271952868617,-1.0255478528490625,-0.9174939793712866,-0.14464267381456564,-1.376324887688074,-4.125169874787604,-0.7176524410506202,-10.936691064003245,-1.346496202885905,-2.313809880867246,-3.434663845855457,-1.7562805287175132,-1.750138650706401,0.0,-14.276465889800082,-1.2241662259564245,-0.9217905962069395,-0.9135571390278097,-6.030798360734768,-1.350018014243204
2025-11-03,-4.764058790119153,-0.9931801605488233,-1.003559531670306,-1.003559531670295,-2.1761902785511267,-1.2188845975239504,-1.0571007257218934,-0.24276816999949657,-0.6849790002159128,-4.305216638247645,-0.7222561667692307,-10.620019312377348,-1.1882876159730382,-2.4017121651422224,-3.5494475496917977,-1.8475966082014739,-1.8073517670621708,0.0,-14.572012623689524,-1.3630179547264087,-1.0610673821728533,-0.9181517806391315,-6.007312523124697,-1.3253623034705786
2025-11-04,-5.0040308933730016,-1.4396440191799642,-1.4670599694788233,-1.4670599694788233,-2.6855467079800577,-1.7332255987554834,-1.5280064441288377,-0.6700378815004626,-0.02816642644966061,-4.712548834078079,-0.9063165587069655,-10.494027101670156,-1.823803719027628,-2.8284362077371727,-3.979679200670716,-2.3117554096246717,-2.1930596111079392,0.0,-14.852634099264694,-1.818554874092393,-1.5179988052104854,-1.1018489831843947,-5.983820815670448,-1.3007004304658953
2025-11-06,-5.016130647350748,-1.577194839627638,-1.609988877752444,-1.6099888777524551,-2.8663581439052344,-1.9158064588658097,-1.6867544825333147,-0.6288297521726993,-0.4224625694490447,-5.00055575507562,-0.9510875274043928,-10.570091255565028,-2.161128097686371,-2.962739350392485,-4.099613219020393,-2.4570506036935336,-2.330936375300985,0.0,-14.97904028092709,-1.999747357892756,-1.6997459610323506,-1.1465316094592781,-5.96032323690503,-1.2760323936891194
2025-11-07,-5.563213076196972,-2.1814353073049353,-2.1864934932893876,-2.18649349328941,-3.395492910240039,-2.4501193481881067,-2.2372785659572014,-0.8274198683603018,-2.3589720272042536,-5.572285475820282,-1.0675670041877083,-11.545096689998157,-2.2278573634164522,-3.4819979353499786,-4.552592238628749,-2.9677847435978233,-2.9258469354451533,0.0,-15.174906143989563,-2.565849576236423,-2.2675811489520137,-1.2627812480358824,-5.936819785360948,-1.2513581915997385
2025-11-10,-5.226003556100123,-1.549700678606647,-1.5567714886962847,-1.5567714886962958,-2.8875147493672815,-1.9371701032753097,-1.6716823382729284,-0.4059880445770325,-2.000349865851714,-5.284563508009765,-0.9633931758345926,-11.223273439337799,-1.9131705960100942,-2.9120315347746284,-3.999221840172562,-2.409618656406076,-2.3273578719093857,0.0,-14.97297697762977,-2.0194197622423915,-1.7194785871531004,-1.158812976288559,-5.913310459570454,-1.2266778226567965
2025-11-11,-5.055774253376876,-0.8699635784454762,-0.8743142651092661,-0.874314265109255,-2.2386408313186834,-1.281946292600511,-1.006395901410162,-0.040996703532103496,-1.2640034846410853,-4.665405688897561,-0.5982921508340566,-10.708774453319482,-1.4506277164595294,-2.3111329616960608,-3.417557112686953,-1.8011513759230824,-1.7146106853598742,0.0,-14.827938577243893,-1.3515145626860847,-1.049528775593933,-0.7944323714613177,-5.959073518511737,-1.2019912853190484
2025-11-12,-4.749857144502478,-0.15808033067916671,-0.16721210313804802,-0.16721210313804802,-1.6760081626542744,-0.7138076898329571,-0.36300226674615965,0.0,-0.6013422134759083,-4.252968900567266,-0.446516064340019,-10.154852013086213,-0.7569969250872388,-1.6973922852037804,-2.826139006694317,-1.2158872136703858,-1.0498914294229889,0.0,-14.770526656626537,-0.7350991743735324,-0.4312263974772135,-0.6429557707179123,-5.429483270556346,-1.177298578044783
2025-11-13,-4.846282320465312,-0.07000187372571132,-0.07858272269738453,-0.07858272269738453,-1.614048034009008,-0.6512412181785887,-0.26606123840987594,-0.02727411799080537,-0.26233890066649224,-4.268335164256798,-0.38235645269609764,-9.917313549481632,-0.7441499683374375,-1.6299350880099817,-2.7787274476921198,-1.156572698225955,-0.953981538548021,0.0,-14.82759635457488,-0.6678488905629276,-0.3637702450230318,-0.5789227593171464,-5.399632175716107,-1.1525996992919563
2025-11-14,-4.874546488333442,0.0,-0.010454734357190354,-0.010454734357190354,-1.4756859211694118,-0.5115250910449509,-0.14838404353418877,0.0,0.0,-3.912363626876847,-0.33065632535110856,-9.3291493567347,-0.6256358559535213,-1.551850549708178,-2.7067524939920706,-1.0676373965158414,-0.8805502553266176,0.0,-14.780244287465539,-0.5346299209611383,-0.23014346140145525,-0.5273246470642978,-5.4081107964431885,-1.1278946475181684
2025-11-17,-4.8017507727226345,0.0,0.0,0.0,-1.266210684298108,-0.29999992548181975,0.0,0.0,0.0,-3.705848703879644,-0.25372635920701825,-8.908160592011827,-0.229065657508154,-1.333537570058041,-2.484949999816377,-0.8415923358674471,-0.673535373473344,0.0,-14.664237130656854,-0.2881611286501329,0.0,-0.45054647972586626,-5.185704473951147,-1.103183421180498
2025-11-18,-4.953696923039441,-0.25979104194404634,-0.2739755312194059,-0.2739755312194059,-1.5326812749546281,-0.5690782024571184,-0.264007139917799,-0.3070270192705782,0.0,-3.9288577376968448,-0.4244084664874581,-8.877528079551144,-0.6256358559535435,-1.6044060646960623,-2.7335545635823633,-1.11349732863546,-0.9659049574580858,0.0,-14.718388768962075,-0.557883207509513,-0.2705015592054272,-0.620891795748868,-5.303462108167256,-1.1819511451907627
2025-11-19,-4.438571977584072,0.0,0.0,0.0,-0.7668933555182389,0.0,0.0,0.0,0.0,-3.30371119127596,-0.06751461052295626,-8.192009144735401,-0.07871506338276157,-0.7871591863354177,-1.951397834809343,-0.31700003225023643,-0.09248090336361203,0.0,-14.275345514573878,0.0,0.0,-0.26470216550810166,-4.536352351551121,-0.5205404785933676
2025-11-20,-4.276467196333556,0.0,0.0,0.0,-0.42113942081584144,0.0,0.0,0.0,0.0,-3.0675682041239383,0.0,-7.922742962221873,0.0,-0.4980999184533097,-1.6500879966284465,-0.0055984249223928195,0.0,0.0,-14.157349036402312,0.0,0.0,-0.14767130745678703,-4.352926774955312,-0.495677455484711
2025-11-21,-4.217407935676198,-0.1692959109836023,-0.1724308084025905,-0.1724308084025905,-0.5831993202014996,-0.16274528393181997,-0.19792337087003453,-0.014493450726071888,-0.42415990259033753,-3.272431338494297,-0.09936653014083197,-8.293053743772628,-0.47342428227802325,-0.6452123084107919,-1.790130265880352,-0.15756060713102427,-0.1491737981525576,0.0,-14.102658310461003,-0.17219747044071587,-0.17219747044071587,-0.24689110174339612,-4.6982398774230605,-0.4708082183302542
2025-11-24,-4.34862232984099,-0.4864806952627143,-0.4889087783695456,-0.4889087783695456,-0.9409203493204732,-0.5219791886364455,-0.5280071335825975,-0.20081902917249428,-0.6932571343189364,-3.629685136562899,-0.08910464459005452,-8.60006572353692,-0.8882447113172875,-0.9430755392422663,-2.1011284267149044,-0.4571682438317404,-0.4314658882796696,0.0,-14.306379285847404,-0.5048504998628855,-0.5048504998628967,-0.23664437005318506,-4.674420991839822,-0.4459327655768841
2025-11-25,-4.573436857828284,-0.7599393447305869,-0.7759324263426626,-0.7759324263426737,-1.3258407893734447,-0.9085275361613632,-0.833563811211846,-0.5396920619084811,-0.35271993022003567,-4.015363155871854,-0.17290089319969004,-8.146559433991873,-1.1734416792483104,-1.2443564326973466,-2.4169080109657126,-0.7560176711381761,-0.7199523798938623,0.0,-14.260067075846749,-0.8137198515220878,-0.8137198515220878,-0.3203168756468977,-4.650596153173336,-0.4210510956711655
2025-11-26,-3.9393699308074126,0.0,0.0,0.0,-0.5250863233865477,-0.10438651533681842,0.0,0.0,-0.5156527293546542,-3.4552415725427332,-0.16258100105365214,-7.727198683474845,0.0,-0.477475570472663,-1.6436558611536256,0.0,0.0,0.0,-14.171279185779472,-0.022913504250643424,-0.022913504250643424,-0.3100122230205171,-4.626765359935748,-0.39616320705923025
2025-11-27,-3.943960242970501,0.0,0.0,0.0,-0.24811969286924196,0.0,0.0,0.0,-0.8883753873593969,-3.153165056249485,-0.10037161635583214,-8.146376883138917,0.0,-0.3410433038528393,-1.5073233485768056,0.0,0.0,0.0,-14.003253515258251,0.0,0.0,-0.24789470373443034,-4.716228130411826,-0.47517102894227836
2025-11-28,-4.067227219622849,-0.030228281713051697,-0.030338087522874257,-0.030338087522874257,-0.2699077827161944,-0.021842284857054306,-0.02257916949875982,-0.049819103175674506,-1.0963021674329498,-3.1503296821665305,-0.07540357992897873,-8.112331815818575,-0.048069035837339236,-0.3759970069662777,-1.5295432681111887,-0.03871365597507559,-0.04390458618696025,0.0,-14.101353911306747,-0.015420889448569675,-0.015420889448558572,-0.22296353793341828,-4.80619504720482,-0.5271609280409928
2025-12-01,-4.1573526506538006,-0.19286857377391886,-0.18881710615962222,-0.18881710615962222,-0.42086988452433305,-0.17317988505398674,-0.19161969413704627,-0.09322091355676854,-1.5906168702980117,-3.3711172765664266,-0.06571555347311131,-8.380712696427818,-0.1518212666295149,-0.5186345856095453,-1.6736873854343526,-0.1854286546774886,-0.1802390323239922,0.0,-14.313078358405528,-0.1852589257537951,-0.185258925753784,-0.21328981791286505,-4.9698428138166495,-0.6963739681351
2025-12-02,-4.5255647634167335,-0.6972880854571151,-0.6957974793394883,-0.6957974793394883,-0.9724195360384491,-0.7261014438415647,-0.7319558756476718,-0.44879121494787455,-1.788902006187143,-3.801295350758316,0.0,-8.95608175646031,-0.6994000012814583,-0.9935523663000989,-2.142350013787031,-0.6665147066892918,-0.6529558011434733,0.0,-14.508033187763358,-0.6766252648624294,-0.6766252648624405,-0.13580650321177723,-5.428817736434777,-1.105848384216379
2025-12-03,-4.31314291491981,-0.7567110977022895,-0.7349472344702734,-0.7349472344702734,-0.92599498135707,-0.6795614141815176,-0.7490509923996802,-0.24326767988126496,-2.465525739148533,-3.850393089638182,0.0,-9.600247250416071,-0.8756282985066366,-1.0044187326142984,-2.0887957856689066,-0.7181392274991372,-0.6882540558563521,0.0,-14.728807216323215,-0.7468740931466211,-0.74687409314661,-0.09864360722567911,-5.4114558795917755,-1.1046639015653281
2025-12-04,-4.103050211587311,-0.4075561744963263,-0.3794967779032432,-0.3794967779032432,-0.6005089995377411,-0.3532658287577872,-0.4337446981916182,-0.02381512144771225,-2.227529942578177,-3.533559062864844,0.0,-9.539391011413068,-0.693484499971031,-0.6827175463162471,-1.775544425243647,-0.3959351513194709,-0.3601181996888081,0.0,-14.695908782508848,-0.40950108222339576,-0.40950108222338466,-0.05437113924958714,-5.178298438141137,-0.8836321350038534
2025-12-05,-4.284642887739509,-0.12750921457608255,-0.14061147271394736,-0.14061147271395846,-0.6930533505343672,-0.44604037166534605,-0.24778765784621015,0.0,-1.432053390267396,-3.777399948133364,0.0,-8.450314916130107,-0.1110087777397406,-0.4450582193837094,-1.4922903509024144,-0.2264928668621713,-0.10170894678733777,0.0,-15.023914301624174,-0.3648342232975166,-0.3648342232975166,0.0,-5.375194445033071,-0.6517860439179679
2025-12-08,-4.433587849073306,-0.7030836559924314,-0.7155898427331109,-0.7155898427331331,-1.2161337356919044,-0.9704218505377171,-0.8097375355756609,-0.14100001955714703,-2.2569539074630995,-4.412518901678563,-0.42672199246310827,-9.183978117398727,-0.972705102127347,-0.9809226432399232,-2.001898183497275,-0.7691087273425823,-0.6547106535514935,0.0,-15.45826409958907,-0.9601287058465746,-0.9601287058465524,-0.42672199246309717,-5.557804602333505,-0.7144398508725724
2025-12-09,-4.726846668563455,-1.120750646376889,-1.1431149956410036,-1.1431149956410258,-1.6877720100296312,-1.443233263100152,-1.2444537675388667,-0.5337574268263978,-2.3312998571125676,-4.788684144179067,-0.49318949441858884,-9.342149404203292,-1.4338832464807716,-1.3694164785701513,-2.407749512146784,-1.1624213092557345,-1.0189054067737402,0.0,-15.705973188736511,-1.3757105010164916,-1.3757105010164916,-0.49318949441859994,-5.982523715669785,-1.104218233991916
2025-12-10,-5.002501358134204,-1.4642294548466328,-1.4913767755359908,-1.491376775536013,-1.9648751334157444,-1.7210256440888028,-1.5691296223857676,-0.7879089268313488,-2.858120915052209,-5.0818552878392325,-0.7716516780165383,-9.550962481837267,-1.745341095702846,-1.7073661923231231,-2.7429870727977312,-1.5011462335556613,-1.3571352861219688,0.0,-16.036727979602173,-1.6984759895188883,-1.6984759895188772,-0.7716516780165161,-6.251741035361446,-1.3836980169553592
2025-12-11,-4.835962429503715,-1.2288094693856277,-1.2570923400667677,-1.2570923400667788,-1.749021383014726,-1.5046349858511499,-1.342458267903468,-0.524867396001083,-2.839623799648805,-4.942654429386351,-0.6759339997459923,-9.260746331378844,-1.2092059504876906,-1.4880020796027238,-2.4961039985950895,-1.2719999602055498,-1.1764503992446107,0.0,-15.933188545920974,-1.488154403519959,-1.4881544035199479,-0.6759339997459701,-6.1749273610911315,-1.2749139537137855
2025-12-12,-4.724130798001069,-0.913334328396187,-0.9637079551877314,-0.9637079551877425,-1.7343782827941578,-1.4899554628431955,-1.1214097361667563,-0.12161600600054667,-2.058574295832538,-5.102653319230821,-0.35033299319648936,-8.615964554826528,-0.6431356865505444,-1.2313561067662016,-2.24781104713464,-1.0326822357366483,-0.89535735770363,0.0,-15.822467478966452,-1.3339140526162363,-1.3339140526162252,-0.35033299319645606,-6.207604196846228,-1.1949608425784741
2025-12-15,-4.677133154960944,-0.6928269522784358,-0.7324016817766399,-0.7324016817766732,-1.4710217586545893,-1.2259438739601447,-0.8974764790514955,-0.0397422933618552,-2.34687668787964,-4.812462128935291,-0.3817615649232331,-8.523389429272655,-0.7180852371586943,-1.0308149862001237,-2.052646584535911,-0.8306267430936765,-0.6918923471561311,0.0,-15.647089479549726,-1.0750280100897625,-1.0750280100897402,-0.3817615649232109,-6.178415962405703,-1.1657633664555522
2025-12-16,-4.850809781512155,-1.0037075742116763,-1.0466200094138456,-1.0466200094138567,-1.749455131388522,-1.5050698131170326,-1.1939838768148303,-0.3690404202285724,-1.943773417669814,-4.99665764476982,-0.30307271775670275,-8.837257752159665,-1.3558790919213748,-1.315179085919982,-2.318902064791306,-1.1269106994745481,-0.9812567444061449,0.0,-15.934777107541699,-1.3559056914530965,-1.3559056914530632,-0.30307271775666944,-6.50007296777273,-1.5018308874929387
2025-12-17,-4.8441156546298325,-0.960837761907507,-1.024909929951956,-1.0249099299519893,-1.921064480009449,-1.6771060174397445,-1.2330352900026598,-0.4431149433932413,-1.6087879942855654,-5.133231755899114,-0.36936275955976594,-8.415375844143401,-1.5143683354688187,-1.3296343843807734,-2.3172671719487115,-1.1674423254285249,-0.9859004111545056,0.0,-15.988438731705855,-1.3921313072510655,-1.3921313072510433,-0.36936275955976594,-6.399288967376449,-1.3972740301699704
2025-12-18,-4.620666259619721,-0.7762754051227283,-0.8346206375529297,-0.8346206375529741,-1.7801776937761415,-1.5358687938410331,-1.0720256938063,-0.17417973082189953,-1.9834452385804724,-5.022758226389678,-0.48340869811810405,-8.505288861760608,-1.525811924905618,-1.1812483834014786,-2.1435459811498414,-1.0583659532724776,-0.8246656001694941,0.0,-16.06980777707094,-1.2536600472859427,-1.2536600472858983,-0.48340869811805964,-6.148120275058034,-1.143641442198562
2025-12-19,-4.428153515621281,-0.284404472401667,-0.3497889069211113,-0.3497889069211446,-1.3629862845941587,-1.117639675856008,-0.6212919206960321,0.0,-1.512431746963816,-4.7648942866779675,-0.44888261885781544,-7.881612513982306,-0.9503915927763007,-0.7275734172720316,-1.6936772655203436,-0.5862154073805415,-0.3878372602469038,0.0,-15.931080197763258,-0.810356972267412,-0.8103569722673787,-0.44888261885778213,-5.944322332026697,-0.9242714725703705
2025-12-22,-3.988814074038627,0.0,0.0,0.0,-0.5743194578483934,-0.3270111440253243,0.0,0.0,-0.4360989199512666,-4.200450876879625,-0.2053586971642818,-7.342073943137029,-0.16459845144990437,0.0,-0.9266766994709297,0.0,0.0,0.0,-15.803959619443875,0.0,0.0,-0.20535869716424848,-5.5869259075879585,-0.5556748676705636
2025-12-23,-4.058837776561875,-0.19431152002916674,-0.1776265494503826,-0.1776265494503937,-0.4929156799938439,-0.2454048849714563,-0.08341962676090553,-0.049680903220128414,-0.9368448650283523,-3.9906060710409252,-0.3182451253190055,-7.711248334623033,-0.14647943484165094,-0.1387423665591636,-1.0313355836705007,-0.16948487781642818,-0.14117515942664305,0.0,-16.181780471181327,-0.06442811112217228,-0.06442811112218338,-0.3182451253189833,-5.854217848705168,-0.8198686416341139
2025-12-24,-4.120108790953014,-0.4300405313364175,-0.4139248368393855,-0.4139248368393744,-0.7522536325880069,-0.5053879066404976,-0.31894839667597763,-0.1198972973951773,-1.095892356492767,-4.200345668309158,-0.30763821524461,-7.962685270726544,-0.2801816848629346,-0.36816218588271443,-1.2458614491289932,-0.4132788025557832,-0.3691475712612968,0.0,-16.362517409273536,-0.3121821964609306,-0.3121821964609306,-0.3076382152445878,-5.9907184778756895,-0.9411679596582401
2025-12-26,-4.282609318726605,-0.8827373878919631,-0.8725480424802812,-0.8725480424802812,-1.2071819842811693,-0.9614478328218046,-0.7807512429331087,-0.3451389753337475,-1.6250834658711022,-4.69451916410314,-0.34870704449599943,-8.259973613269068,-0.6608672899747425,-0.7698466301469087,-1.642942158367089,-0.80623262626216,-0.7804074940122252,0.0,-16.674311862658755,-0.7661218013214621,-0.7661218013214621,-0.3487070444959772,-6.363822201936209,-1.2691423966944781
2025-12-29,-4.490714647080873,-1.3472150329777888,-1.3313206556238577,-1.3313206556238577,-1.5981824229715613,-1.3534208337181441,-1.2119583233410336,-0.6068442443751376,-2.3055814895396876,-4.990425723180991,-0.3902421232628961,-8.7074448869757,-1.0430876473157435,-1.1744574178258804,-2.0424965309117193,-1.2136109647019944,-1.1835802944506812,0.0,-16.953734251226393,-1.17855872153515,-1.1785587215351279,-0.3902421232628739,-6.797447794671696,-1.6798033529924594
2025-12-30,-4.540908236698726,-1.4072586419403343,-1.400947241514361,-1.4009472415143498,-1.7297974601578003,-1.4853632460125277,-1.2690377079386361,-0.607563435684022,-1.7798956446267833,-4.957538233486503,-0.19386635190302703,-8.477590369734688,-1.055484869205614,-1.2269142406834854,-2.089047371591901,-1.2766268220486765,-1.2309871208658896,0.0,-16.907129617844863,-1.2298245473318592,-1.229824547331848,-0.19386635190301593,-6.990635501035269,-1.7688858511252903
2025-12-31,-4.339424934565472,-1.0127328022417448,-1.019649536455669,-1.019649536455658,-1.3485220969925549,-1.1031395104886266,-0.8761035726134958,-0.4346281833846999,-1.216851123931706,-4.650604643835187,0.0,-7.8273243116546265,-0.3278633075162629,-0.8905432216202103,-1.7905380731038978,-0.9209506701279624,-0.878841477657899,0.0,-17.016568096289074,-0.8258620121734839,-0.8258620121734728,0.0,-6.967389556696757,-1.8688063849043424
2026-01-01,-5.052370744383039,-1.5271560356710734,-1.6018100111363953,-1.6018100111363842,-2.3834266985220287,-2.140618301207209,-1.7335640076105219,-0.1926073146552798,-0.9563196842406807,-6.248790158262885,0.0,-7.303660251558997,-0.2632025570462604,-1.4146701967854836,-2.2693731341234202,-1.4737021782768256,-1.415198956234942,0.0,-17.67905881375237,-1.7257178083474711,-1.72571780834746,0.0,-6.94413780247094,-1.5630541137027776
2026-01-02,-4.778595455323586,-1.0914651941690945,-1.1810159115686725,-1.1810159115686614,-2.089210325189317,-1.8456701033117584,-1.37582710059867,0.0,-0.3060176440675466,-6.107545271476611,0.0,-6.600198466533902,0.0,-1.0367905612186812,-1.8428584337173093,-1.1036063621557402,-1.0820716064683933,0.0,-17.441160604678473,-1.38718476940215,-1.38718476940215,0.0,-6.920880236905691,-1.2856779003178609
2026-01-05,-4.911640392276617,-1.4818053760225824,-1.5426713135287207,-1.5426713135287207,-2.3341702909772333,-2.0912393748219404,-1.6906473320672744,-0.17536484213307446,-0.4447141311312186,-6.05880856443568,-0.1050520083109463,-7.264260808057211,-0.29720587604737947,-1.3400009101717236,-2.1943209616668957,-1.4020713477956526,-1.3385883397941223,0.0,-17.870737447383767,-1.6135967100122106,-1.6135967100122106,-0.1050520083109241,-6.897616858548639,-1.5487724491192956
2026-01-06,-5.109492035816698,-1.5735490602308166,-1.5935846717966995,-1.5935846717966995,-2.401555210975548,-2.158791905953028,-1.7466044526078695,-0.49226411976948103,-1.3963893441993114,-5.59861985659923,-0.1106924721465008,-7.726401531943827,-0.5691599349505694,-1.3426838113851147,-2.1834328393447455,-1.415015788848628,-1.344699880227207,0.0,-18.32222016251228,-1.571170044498471,-1.571170044498471,-0.1106924721464897,-6.8743476659469005,-1.709064929204418
2026-01-07,-5.205247641699118,-1.6241041889706764,-1.6489359047684782,-1.6489359047684782,-2.627724295182854,-2.3855235560341304,-1.8672592557997358,-0.37511497355665613,-2.214920108767604,-5.99318171510882,0.0,-7.663257556802671,-0.713297069824792,-1.4163198913238473,-2.1832970492587034,-1.4938327785034011,-1.4867763385677968,0.0,-18.622742233478206,-1.737849542478831,-1.737849542478831,0.0,-6.851072657647395,-1.9382018535642476
2026-01-08,-5.850938273132922,-2.837313683500009,-2.832934390937314,-2.832934390937314,-3.6086617828834933,-3.3689009968205896,-2.9226059682790684,-0.8467786954035161,-3.444550280187486,-6.571425378679074,-0.1495182644869142,-9.321272144609727,-1.715632491996777,-2.485135692159912,-3.2619510406078356,-2.5697172484642428,-2.5286785543687684,0.0,-19.422915304387224,-2.7607529620864657,-2.7607529620864657,-0.14951826448689198,-6.827791832196583,-2.615851663509783
2026-01-09,-6.080232585417978,-3.3798595780443197,-3.4017913058342453,-3.4017913058342453,-4.2534093626455665,-4.015252301454586,-3.5427236327848055,-0.7847136966394275,-4.046276231247081,-7.368640599261866,-0.15386161902816164,-9.487087552608365,-2.450761552965963,-3.0642020523678815,-3.8045107900609776,-3.172312986830761,-3.115686853014077,0.0,-19.875226348504825,-3.4052930624738464,-3.4052930624738686,-0.15386161902816164,-6.804505188140542,-2.610560571138243
2026-01-12,-5.736142536731559,-2.928470290136409,-2.939886323858598,-2.939886323858587,-3.698002608968398,-3.458464046469223,-3.0432279919981986,-0.6184519992359805,-3.1650169227078973,-6.629975094557494,-0.14935768830265372,-9.122050078540944,-2.0445515050275587,-2.6720983093488693,-3.481597795270963,-2.7590423496401284,-2.6786350703192463,0.0,-19.705400169564324,-2.862241301871904,-2.862241301871904,-0.14935768830265372,-6.781212724025054,-2.4393513756258645
2026-01-13,-5.4828124231839475,-3.2761315445987704,-3.2801471920009595,-3.2801471920009484,-3.929747218733848,-3.690785090495574,-3.30722679717369,-0.7235286740505553,-3.6802043385365524,-6.488929765102014,-0.024798358803357345,-9.590922786524757,-2.264651803108797,-2.994303416446231,-3.7655211673663147,-3.107117191737696,-3.0106373889277505,0.0,-20.346693898849423,-3.13626898050674,-3.136268980506751,-0.024798358803357345,-6.7579144383955185,-2.2962052637238273
2026-01-14,-5.709214179666732,-3.9127740469491745,-3.946944861237023,-3.9469448612370006,-4.574542276019966,-4.337183990747717,-4.000784159839988,-1.0102595178528295,-3.6733199789457327,-7.3487430892266055,-0.241592595673501,-9.951609242135806,-2.517993403370755,-3.5681798793607555,-4.332360651121614,-3.662914487274782,-3.60423557329399,0.0,-20.67577934701067,-3.8520848386528583,-3.8520848386528583,-0.2415925956734899,-6.734610329796908,-2.415836835957108
2026-01-15,-5.692664277924764,-3.9125978837170283,-3.9468885053906666,-3.9468885053906444,-4.574440617170472,-4.337082079035193,-4.000630256318383,-0.992499381324996,-3.6733054290989386,-7.348649978604172,-0.23352578631269383,-9.951569276289451,-2.7706783121939527,-3.569413123330778,-4.335488107302332,-3.6650942080524995,-3.6026081207836125,0.0,-20.70180273592719,-3.8520526683155865,-3.8520526683155865,-0.23352578631270493,-6.7113003967739004,-2.4135017857701
2026-01-16,-5.552005480781375,-3.113610748178186,-3.1896477062831163,-3.1896477062831052,-4.112519221104549,-3.8740117142022745,-3.412563506475119,-0.8256250900329776,-3.403097516491216,-7.142197193692834,0.0,-8.586360088447009,-2.6617643167654803,-2.94594181618536,-3.5720590599221613,-3.202824851083619,-2.965467857518922,0.0,-20.18297332228287,-3.290390572073254,-3.290390572073254,0.0,-6.687984637870803,-2.3022203939407127
2026-01-19,-5.601575904185396,-3.589689241921945,-3.629073769781588,-3.629073769781588,-4.493011855577745,-4.255450774099357,-3.8312358733773255,-1.1272887572450374,-4.465020810849496,-7.132800506612491,-0.17908908015968894,-9.44658210974848,-3.0741206944301713,-3.332947027897426,-3.9813630028960545,-3.572237148388424,-3.343915616884874,0.0,-20.438455739996886,-3.5805897673020337,-3.580589767302045,-0.17908908015968894,-6.664663051631525,-2.5523976817312333
2026-01-20,-5.897848322723453,-4.584744793933215,-4.631647438139863,-4.6316474381398525,-5.409587041634268,-5.174305820474878,-4.790920319927395,-1.3242463771211521,-5.148705440296341,-7.982121579754042,-0.3578878134061325,-10.430618165520734,-4.4113951426475895,-4.258096317247107,-4.891263553566361,-4.494573689247394,-4.278585761774667,0.0,-20.892969921840287,-4.565728404838376,-4.565728404838376,-0.3578878134061325,-6.641335636599688,-2.939246356442282
2026-01-21,-6.216211858624554,-5.028125224534974,-5.098183139616852,-5.098183139616841,-5.926173495218734,-5.692177214972826,-5.299862448234438,-1.424004756722974,-5.185246454112191,-8.587780956394997,-0.49165908208931297,-10.555123327256066,-4.695518608982729,-4.678755428757187,-5.350227487135351,-4.890215160272183,-4.681644833375131,0.0,-20.980707910115115,-5.079659048934948,-5.079659048934948,-0.49165908208931297,-6.618002391318423,-3.0555634084036165
2026-01-22,-5.855732987307483,-4.540517439939906,-4.61825175984133,-4.618251759841319,-5.449609815317613,-5.214428145547956,-4.849808666110578,-1.317024105755571,-4.552743517221868,-8.076625068631671,-0.4667888406178822,-9.939171575830875,-4.193944503269364,-4.271806978815662,-4.956385018700782,-4.479824987240555,-4.268721715831436,0.0,-20.663063509042136,-4.600471017921349,-4.600471017921359,-0.4667888406178822,-6.594663314330596,-3.0313339666793615
2026-01-23,-5.930434809163776,-4.9797335503032,-5.0340532568674545,-5.034053256867432,-5.933209938570361,-5.699231160552554,-5.262284813459317,-1.2578840744190356,-5.729543710409224,-8.3733889698115,-0.4563763942335597,-10.57949255197287,-5.1078749866474205,-4.657183517905638,-5.333056644798306,-4.842657210031809,-4.681701683680551,0.0,-20.87062833919857,-4.980027825639121,-4.980027825639121,-0.4563763942335597,-6.571318404178705,-3.0070984692610825
2026-01-27,-5.617355111458478,-4.5703451369813575,-4.636171616647111,-4.6361716166471005,-5.53481736243956,-5.299847635245369,-4.874125313994703,-1.2634203940315447,-5.364495496653065,-8.053962778036961,-0.44762794628776525,-10.069126936889694,-4.627706328541025,-4.384333306672595,-5.030771090947217,-4.588951975904909,-4.421985333127509,0.0,-20.733509994147624,-4.627633359985439,-4.627633359985439,-0.44762794628775415,-6.547967659404796,-2.982856914635279
2026-01-28,-5.668950498643999,-4.306207860330213,-4.378101786142629,-4.378101786142596,-5.20091581380091,-4.965115550385835,-4.563104468478341,-1.2032370649872504,-5.060207174726628,-7.747105108697127,-0.2967867839312688,-9.757864283469452,-3.993733647134945,-4.1453198034556715,-4.767032881934097,-4.35103988240364,-4.209002066376099,0.0,-20.645233121979135,-4.37569581959788,-4.375695819597891,-0.2967867839312577,-6.524611078550691,-2.9586093012880066
2026-01-29,-5.756141180459617,-4.1630967408638035,-4.241037292502925,-4.241037292502914,-5.098339480939584,-4.862284072377099,-4.4645831879639,-1.4540156500295498,-4.890904219291992,-7.93507116287584,-0.4587271150531147,-9.614448113148267,-3.7052521411729322,-4.044760038220918,-4.654223657529133,-4.271637320659294,-4.100661159702423,0.0,-20.93129313567893,-4.314182429255819,-4.314182429255798,-0.4587271150531258,-6.501248660157732,-2.9343556277050764
2026-01-30,-5.6807454649112294,-4.293673657679409,-4.383427802540396,-4.383427802540374,-5.168179039084175,-4.932297347244252,-4.591435246749931,-1.416729659763738,-4.633773829282239,-7.907131931954159,-0.4600686788050923,-9.797133474295682,-4.077453882071969,-4.132380409222847,-4.730395911485086,-4.358381075603024,-4.19986372417831,0.0,-21.139258973919752,-4.393241043916795,-4.393241043916795,-0.4600686788051034,-6.506275133806316,-2.9100958923718
2026-02-02,-6.2517914088975335,-5.070450445963504,-5.122447206793456,-5.122447206793446,-5.8133352700866165,-5.5790583195848615,-5.367365946166991,-1.3189523165426986,-7.723170975117277,-8.93521995592479,-0.49707455731426986,-11.34696634000808,-4.957289549489763,-4.805295658844432,-5.437678031770665,-5.038105031397433,-4.825119572278669,0.0,-21.441137716076554,-5.2151206344297485,-5.215120634429759,-0.49707455731426986,-6.987980118958159,-2.8858300937731673
2026-02-03,-5.70461277955342,-3.047618000429686,-3.147963230600115,-3.1479632306000926,-3.8792682903050713,-3.6401806023662386,-3.400970519940838,-1.0850404653978685,-4.979795336044035,-7.285492525481462,-0.30751857541538863,-9.226673813585752,-2.5359878895719667,-3.045291753239776,-3.718882626809461,-3.2972871113295055,-3.020951958406526,0.0,-20.333032469842614,-3.3263533759314234,-3.3263533759314345,-0.30751857541538863,-6.279624637371262,-2.8615582303938014
2026-02-04,-5.641207937543957,-3.8452064217970205,-3.834577335677014,-3.834577335676981,-4.244281735400768,-4.006101970436527,-3.9006697500717613,-1.7450618288540665,-4.412550263383119,-7.34336324656163,-1.7319773586213172,-12.727061766966486,-2.352447089938947,-3.7187441539524135,-4.261407315386146,-4.276125635229999,-3.5160617227552704,0.0,-21.167453783248725,-3.7524576607277926,-3.752457660727815,-1.731977358621306,-6.917590708989252,-2.837280300717915
2026-02-05,-5.563928635964466,-4.486398570956373,-4.503793802580047,-4.503793802580014,-4.922025997306667,-4.685532032124751,-4.545800149682067,-1.826902144762399,-4.417205524145828,-7.895648951199618,-1.9891833913262769,-12.947721364124408,-2.8570474065307105,-4.354811006844484,-4.8413174674838295,-4.906784890257143,-4.208120450970776,0.0,-21.621687912007527,-4.41733278872225,-4.417332788722272,-1.9891833913262547,-7.240253927123841,-2.8129963032293204
2026-02-06,-5.618935936193115,-3.9140505878620058,-3.796220828595054,-3.7962208285949983,-4.155067349036834,-3.916665675011055,-3.8108009780042806,-1.5315356597718544,-4.503507252845473,-6.7870809214205625,-1.7075615094829577,-13.69562852346905,-2.6642281999501582,-3.6440307993706234,-4.197457911430824,-4.231389837736477,-3.401375929150907,0.0,-21.44306026592804,-3.5067766393671373,-3.5067766393671485,-1.7075615094829133,-7.045090984586155,-2.78870623641152
2026-02-09,-4.779488411700994,-3.0553597795828003,-3.0932385684858676,-3.0932385684858232,-3.704796256874854,-3.465274592681966,-3.085749153440598,-1.467034374703391,0.0,-5.884113352744769,-1.763855768943523,-11.297815396469503,-2.00657116396753,-2.971413755504926,-3.6214368037226885,-3.4891540632296936,-2.707048260959133,0.0,-21.380073246173094,-2.800235792126793,-2.800235792126804,-1.7638557689435008,-6.321069090290166,-2.80844909752902
2026-02-10,-4.709573410036549,-2.914708025956314,-2.946758982386033,-2.9467589823859774,-3.6139679804449543,-3.3742203928511016,-2.9632811392754532,-1.3720056509806122,-0.35274990198691514,-5.850443688726237,-1.753029569894704,-11.103079858286524,-1.7495356145660557,-2.907616939986435,-3.4943149079795455,-3.4202873878613427,-2.712655699290012,0.0,-21.468056225985766,-2.6788528522178057,-2.6788528522178168,-1.7530295698946818,-6.304879036870958,-2.7120941090252426
2026-02-11,-4.655976792804573,-2.922655279406139,-3.0187664714702023,-3.018766471470158,-3.73712614509234,-3.497684897247577,-2.9901812096840397,-1.313364658973959,0.0,-5.709345614240591,-1.747086379762397,-10.79029838320469,-1.6786971232459313,-3.0298830352749273,-3.62686502512799,-3.5325250821842347,-2.8334050379044906,0.0,-21.518274173294728,-2.6932412171943088,-2.69324121719432,-1.7470863797623748,-6.006105207719747,-2.7317152024630142
2026-02-12,-4.793314650829306,-4.084381503865531,-4.1537303926991065,-4.153730392699062,-4.629787322622104,-4.392566452142899,-3.9848410016155134,-1.499283996738321,0.0,-6.342706049723756,-1.72252990877243,-13.039800866850982,-2.234254687562953,-4.250328765671663,-4.824647473943056,-4.764461655917163,-4.053848453111675,0.0,-22.36929488710403,-3.6783894572522735,-3.6783894572522735,-1.7225299087724077,-6.130739580031719,-2.689992963495824
2026-02-13,-5.350146318961846,-5.321017442680532,-5.467178796456684,-5.46717879645664,-6.026981605234571,-5.793236071914065,-5.312802225988078,-1.8859384619846153,0.0,-7.7723339475381685,-1.712924764837398,-13.550386006004056,-3.507505168223124,-5.464255303137078,-6.117911400095766,-5.92194654087953,-5.23272652584893,0.0,-22.822335048763964,-5.076211043891121,-5.07621104389111,-1.7129247648373869,-6.945212732922535,-3.149272840699602
2026-02-16,-5.146625662810688,-4.548769283919707,-4.67503476613369,-4.675034766133656,-5.175544132247278,-4.939680760108622,-4.477557493465478,-1.8096704092905536,0.0,-6.85709095116962,-1.6462037102139226,-13.234589259602503,-2.705707266415658,-4.736280887012223,-5.4147470761969245,-5.194999363672615,-4.485540594767334,0.0,-22.501844039207974,-4.246931289038991,-4.246931289038979,-1.6462037102139226,-6.679016258126058,-3.0954183481207376
2026-02-17,-5.06974321925171,-4.11641337101708,-4.228054308585872,-4.228054308585827,-4.875993295751324,-4.639384830273874,-4.076123230309459,-1.8136152836515707,0.0,-6.525479868805062,-1.6216220254948732,-12.487005255499584,-2.54413424208334,-4.326522887801165,-4.955383037970174,-4.812919863753084,-4.102012590425719,0.0,-22.46487243662689,-3.824341716553592,-3.824341716553581,-1.621622025494851,-6.655692430408666,-3.0711988673903567
2026-02-18,-4.829965870859942,-3.797440714754141,-3.8629451026450212,-3.862945102644988,-4.527301068973433,-4.289825277407012,-3.6912921908523244,-1.7475097374067161,0.0,-6.1128193177374275,-1.6107768676730028,-12.77702197361017,-2.1882252062069507,-4.08044156863242,-4.70148331182374,-4.581993204506995,-3.851019439521741,0.0,-22.408045234489148,-3.4080753057426527,-3.4080753057426527,-1.6107768676729917,-6.632362773338452,-3.0469733334555382
2026-02-19,-5.2461662390742685,-5.034211971143265,-5.135435055995108,-5.135435055995064,-5.829232426028852,-5.5949950176132806,-4.982051069928883,-1.9137440806577533,-1.1772173996513868,-7.427927614095142,-1.7146923427790561,-13.426267375458822,-3.570959409037977,-5.214990568661415,-5.845111467537412,-5.724099617843159,-4.9583194382521345,0.0,-23.194591283471798,-4.7319837776985345,-4.731983777698545,-1.7146923427790672,-6.609027285458491,-3.0669161579088833
2026-02-20,-4.911717180690934,-4.59360063343266,-4.681774011354944,-4.681774011354911,-5.477623603916204,-5.2425116147640445,-4.54052133506182,-1.5137327738906747,-0.649654451753956,-7.027746273921998,-1.655302035162487,-13.355805036012258,-3.1281041530338727,-4.880182788475773,-5.46551071548479,-5.378411327594557,-4.6825664373142395,0.0,-23.333915521290805,-4.264904119019519,-4.2649041190195085,-1.655302035162498,-6.585685965311471,-2.737425720120523
2026-02-23,-4.850009133406619,-4.19467293167105,-4.2790184227504575,-4.279018422750425,-5.01565503544521,-4.779393960190925,-4.09009240935484,-1.28224627410648,0.0,-6.4278175008858796,-1.6011104939060217,-13.527582763172818,-2.591110801660468,-4.5835148483790995,-5.135545120151342,-5.07655023563407,-4.427362859431572,0.0,-23.18913807048466,-3.800704888276263,-3.8007048882762406,-1.6011104939060328,-6.562338811439739,-2.7131167658543953
2026-02-24,-5.233042589689085,-5.791715633950467,-5.83429934108195,-5.834299341081928,-6.375329503802418,-6.1424504400997115,-5.526947660911452,-1.5959592893879937,-0.8423023332994384,-7.415533782594497,-1.6737808129118514,-15.363923874808115,-3.6834693420872533,-6.091648968000318,-6.570467065924312,-6.601841426447985,-5.978070879175734,0.0,-23.965712100949744,-5.18078695343811,-5.180786953438121,-1.6737808129118403,-6.538985822385257,-2.6888017360215177
2026-02-25,-5.222386319128591,-5.961459784106804,-5.98044047928874,-5.980440479288706,-6.514344551024809,-6.281811268982729,-5.713913327643572,-1.4172322519119707,-2.4323162081063443,-7.670625281140597,-1.564380832791934,-15.457311310237397,-3.4643169215304526,-6.206667780826336,-6.6453064917403655,-6.715684705059067,-6.133644048756137,0.0,-23.959310182433626,-5.363682723587704,-5.363682723587715,-1.564380832791945,-6.515626996689594,-2.664480629103494
2026-02-26,-5.26697815690752,-5.762211345932,-5.810751209480259,-5.810751209480225,-6.38924053285762,-6.156396071011516,-5.55993266512732,-1.3937294544504875,-1.795841381228891,-7.529409141538634,-1.4804112552944337,-15.058335455476357,-3.411088165884202,-6.065486570712276,-6.52768085023877,-6.5603184804152725,-5.984177092161458,0.0,-24.03317778221877,-5.204832205370646,-5.204832205370646,-1.4804112552944226,-6.492262332894061,-2.6401534435814167
2026-02-27,-5.386347798072899,-6.717008290054349,-6.820611109017271,-6.844868089014966,-7.551215667151268,-7.344374160144806,-6.625362591784157,-1.5707539676725224,-2.8723063615810562,-8.853572183476343,-1.8209260366451652,-15.356909270419038,-4.615394311666476,-6.920137448749875,-7.324355568792463,-7.452783505357862,-6.851601799091755,0.0,-24.54252250902368,-6.322005893022176,-6.349382915685064,-1.820926036645154,-6.524995817692714,-2.67450236697232
2026-03-02,-5.816779163543984,-7.935543244311949,-7.962195723210397,-7.702817119859818,-8.519909278881988,-8.089714085331146,-7.717679351860152,-2.132290550893401,-4.165814410701129,-9.475381209643697,-1.9351307488853497,-16.912374519317673,-5.800951268290078,-7.944492838982519,-8.36520130212346,-8.408028683429015,-7.918566792235026,0.0,-24.834725457849437,-7.36457984762019,-7.140886333674423,-1.9351307488853275,-7.2046374088667875,-3.4267716735791987
2026-03-04,-6.218152648456288,-8.89229891080805,-8.870166890311948,-8.378088522340764,-9.388559724811085,-8.753474582481624,-8.672129137872863,-2.804859786270497,-5.709076975799377,-10.552281643415562,-1.9263029123445352,-18.549012675115073,-7.260206431767912,-8.701169235580487,-9.211855466510555,-9.178201442385914,-8.564150994639963,0.0,-25.247647121265416,-8.358769379387764,-7.8896180507317055,-1.926302912344513,-7.755463688284337,-3.4026350083911416
2026-03-05,-6.194713636532723,-8.290623243954709,-8.301517463487961,-7.945764713765735,-8.898830736984953,-8.364382089650647,-8.120831069693713,-2.8206676099779004,-5.681283827550187,-10.494011328962582,-1.5003965406310882,-18.157860261033377,-6.179020454730866,-8.17411457129208,-8.655504684885617,-8.664196018738135,-8.058527922826752,0.0,-24.976930430546318,-7.878160165335357,-7.515106929612614,-1.5003965406310549,-7.73240889839103,-3.37849231069679
2026-03-06,-6.171268766468163,-9.56350269514077,-9.5239440059528,-8.861399593150798,-10.321426545508727,-9.447161280218463,-9.42793133139469,-2.7963794604591974,-7.705499684818351,-12.078437240050388,-1.4908239470889928,-20.000261652616615,-7.374048193565619,-9.256739150768334,-9.732392318982319,-9.779074608636751,-9.104730875550649,0.0,-25.58146980483945,-9.195731354139646,-8.50584528776589,-1.4908239470889262,-7.709348346385836,-3.354343578988439
2026-03-09,-6.147818036798547,-10.841140521758064,-10.702691872600411,-9.74429113214934,-11.590357896046232,-10.410380763621351,-10.681077071474565,-2.7720852405735186,-10.822754029965786,-13.736536905439845,-1.8592180392085766,-22.916390118605754,-8.974225636726263,-10.328477847540595,-10.837663441434275,-10.892757316378276,-10.090965394247675,0.0,-26.079991641763588,-10.491931677842825,-9.48157694433619,-1.8592180392085211,-7.686282030828662,-3.330188811758039
2026-03-10,-6.124361446059357,-10.601892526409584,-10.494814182015899,-9.589743018835485,-11.168536843438826,-10.08595207156433,-10.36986673132818,-2.7477849488037442,-9.94944861597482,-13.109647612328978,-1.7168753118603886,-22.01542973720305,-8.089469601987798,-10.143084841322835,-10.615353770911373,-10.693765994543735,-9.958006618358816,0.0,-25.951116275527863,-10.170449170634077,-9.237149234572595,-1.7168753118603552,-7.663209950278982,-3.3060280074970416
2026-03-11,-6.10089899278573,-11.908887977701033,-11.77879198417957,-10.561227825492148,-12.453884886065714,-11.060899277434267,-11.642996264091487,-2.7234785836322883,-11.532782309003853,-14.311148120676698,-1.8799132497747895,-23.33887317167428,-9.584906113131753,-11.325542403598309,-11.797645361581477,-11.839683997933538,-11.165958795595355,0.0,-26.579078760077824,-11.425612303614606,-10.18829578213687,-1.8799132497747562,-7.640132103296016,-3.281861164696709
2026-03-12,-6.0774306755124075,-12.825562670152014,-12.700904377347443,-11.252209109041743,-13.341277665307205,-11.736392030271315,-12.560334218633795,-2.6991661435412095,-12.280865770555705,-15.213261546185297,-1.9238429591036388,-24.17429529849785,-10.447501997305809,-12.200512584390221,-12.682654087232336,-12.76747038567011,-11.970098459721113,0.0,-27.28671058414267,-12.371300373853433,-10.900927521271287,-1.9238429591036166,-7.6170484884384715,-3.257688281847737
2026-03-13,-6.053956492773849,-14.416985072910649,-14.144584700973562,-12.339987884212178,-14.577514546785853,-12.688161507028028,-13.965533209062908,-2.6748476270122445,-15.177225056453892,-16.27303253068525,-1.8993306651019948,-27.481183112433637,-12.296391060190127,-13.61068169990255,-14.098422879181404,-14.300375674703513,-13.23933450421826,0.0,-28.31414477086217,-13.71728595134224,-11.92592821852262,-1.8993306651019726,-7.593959104264803,-3.233509357440567
2026-03-16,-6.03047644310406,-13.537301084141639,-13.257924728398851,-11.667145293866287,-13.543777984309235,-11.899481294354874,-12.990797120271436,-2.6505230325266527,-13.860901773974899,-15.07135987686583,-1.8748122447126758,-26.264044491864812,-11.32013839043342,-12.812263235464115,-13.29499699498865,-13.474417701616105,-12.48081310116228,0.0,-28.028185348489167,-12.737999023135394,-11.174371934630711,-1.8748122447126647,-7.5708639493330505,-3.20932438996524
2026-03-17,-6.006990525036693,-13.327573870508791,-13.098533921981693,-11.546879698587464,-13.254214868506098,-11.664709004599395,-12.79653041996246,-2.6261923585653824,-13.809119854161178,-15.034813009043347,-1.8502876964045178,-26.06074240895865,-10.667224144604969,-12.665703838022402,-13.2180888398876,-13.308268592114192,-12.284981335543089,0.0,-28.133667969912313,-12.593721477729957,-11.064902614491533,-1.8502876964045067,-7.547763022200982,-3.1851333779113755
2026-03-18,-5.983498737105075,-12.643700093657607,-12.433336067203903,-11.027217027078795,-12.805684848558819,-11.312216427574873,-12.240081163900452,-2.6018556036090046,-13.382133503850092,-14.899076652061483,-1.8257570186459904,-25.501067106951936,-9.922250936064525,-12.001009173882238,-12.527798480571295,-12.65226039238434,-11.643617970415699,0.0,-28.167604679817092,-12.088933631933607,-10.667131369943462,-1.8257570186459682,-7.5246563214259155,-3.160936319768226
2026-03-19,-5.960001077842126,-15.209921194908238,-15.038996043783081,-13.001511778256026,-15.448559568511367,-13.327234880202422,-14.873139506942213,-2.5775127661376462,-15.355472944270264,-17.471903959444024,-1.801220209905141,-27.395515782134517,-12.860657304712264,-14.414097047415597,-14.876106528143286,-15.116992182991162,-14.048026559286786,0.0,-29.714811510527827,-14.682672819196208,-12.644895189744677,-1.8012202099051078,-7.515089874771997,-3.136733214024734
2026-03-20,-5.9364975457804725,-14.617264285143083,-14.448664749330254,-12.54008903563818,-15.157631109899327,-13.102930910202259,-14.422359080303671,-2.55316384463109,-14.737045272708848,-17.41788961291445,-1.776677268649618,-26.89200884641606,-12.435041831951954,-13.892618752511032,-14.378523162862422,-14.620456862478981,-13.482532588845764,0.0,-29.47265960151133,-14.219205579996242,-12.281659506102628,-1.7766772686495957,-7.315037547459113,-3.112524059169386
2026-03-23,-5.912988139452224,-16.267129040050687,-16.10357697057143,-13.782510649110813,-17.036847533413592,-14.534357961796395,-16.189804990853062,-2.528808837568819,-16.77498933266477,-19.48361551031673,-1.752128193346747,-28.727284080770755,-14.715036461659615,-15.41170154310294,-15.863664538666145,-16.142490785715324,-15.01868074671261,0.0,-29.923056898559295,-16.00451228505445,-13.630272625795403,-1.752128193346747,-7.305840424070387,-3.0883088536903025
2026-03-24,-5.889472857389311,-15.072973894412156,-14.902165897793617,-12.868890391382148,-15.810259500769764,-13.582593019551336,-14.970735439995453,-2.5044477434298162,-16.296098221862188,-18.42637136669878,-1.7275729824634545,-28.04269518466245,-13.20065838609331,-14.240546117819742,-14.614960180320047,-14.975224231999684,-13.932669784043494,0.0,-29.667529321622364,-14.816141416477057,-12.717382788030928,-1.7275729824634323,-7.272550345149186,-3.0640875960753045
2026-03-25,-5.8659516981231175,-13.807487953069597,-13.703537928109732,-11.962862088468906,-14.585311059987927,-12.633687034099184,-13.728313394606984,-2.480080560692699,-13.896513110528508,-17.032415728497273,-1.7030116344662338,-25.831840092590465,-11.707878133397642,-13.127251474000223,-13.477096062633853,-13.915626562562199,-12.801068451557217,0.0,-29.490109126711307,-13.52004864880283,-11.731971465109625,-1.7030116344662227,-7.249374860132818,-3.039860284811713
2026-03-27,-5.842424660184831,-15.54092146862649,-15.349743779715276,-13.19575644880815,-16.304113490380743,-13.93338079982488,-15.433055300808052,-2.455707287835751,-16.84393434069934,-18.62342992085779,-1.678444147821223,-28.464176645562556,-13.552216781391435,-14.615396823635473,-14.945518467302632,-15.378958977737845,-14.319879227291498,0.0,-30.302464511435023,-15.20659335638086,-13.009337584360747,-1.678444147821212,-7.226193582839091,-3.0156269183865714
2026-03-30,-5.818891742105114,-17.328559219576512,-17.10359090089728,-14.57712566124435,-18.175870777579796,-15.388773064237583,-17.221697985093844,-2.4313279233369123,-19.704213981225806,-20.627068688378568,-1.653870520994205,-31.097396001401588,-15.401668171969519,-16.24589157173534,-16.578357405114197,-16.96450371287842,-15.977529759225673,0.0,-31.075861132069317,-17.013052913603634,-14.433241588139056,-1.6538705209941829,-7.2030065118203535,-2.991387495286457
2026-04-01,-5.795352942414378,-15.89858702829784,-15.731918413268641,-14.193698744555084,-16.958801933742652,-15.046496267599075,-15.907656419702665,-2.406942465673645,-16.566069915598558,-19.583037416701654,-1.6292907524505296,-29.94375865744372,-14.083335288174471,-14.957216010686814,-15.29489731874788,-15.623179644637508,-14.748018390659345,0.0,-30.429542199468816,-15.722923350013641,-14.073555867194354,-1.6292907524505074,-7.179813645628574,-2.9671420139977034
2026-04-02,-5.771808259642652,-15.661166643198076,-15.326468575384421,-14.07126752311787,-16.639208122688242,-14.943852742068708,-15.530744001001596,-2.3825509133231004,-16.5161093405086,-19.294723133871937,-1.6047048406552467,-29.607220367344933,-13.955672103587302,-14.620745509751698,-15.001007298352231,-15.218554587597277,-14.439633420059062,0.0,-30.559660168188596,-15.34521286890974,-13.954358138947754,-1.6047048406551911,-7.1855722932918535,-2.94289047300611
