,Breakout_20,BuyHold,EqualWeight,EqualWeight+Regime,HRP,HRP+Regime,InverseVol,MA_20_50,MaxSharpe,MinVariance,MomentumPullback,MomentumTilt,NIFTY50_Index,RSI_35_60,Random,RiskParity,RiskParity+Regime,Selected_OOS,Sentiment_Momentum,VIX_Regime_Mom
2022-03-17,0.0,0.0,0.0,0.0,0.0,0.0,0.0,0.0,0.0,0.0,0.0,0.0,0.0,0.0,0.0,0.0,0.0,0.0,0.0,0.0
2022-03-21,-0.023671628143029366,-1.1332998751454548,0.0,0.0,0.0,0.0,0.0,0.0,0.0,0.0,0.0,0.0,-0.9802202470463817,0.0,-1.0249652415878607,0.0,0.0,-0.023671628143029366,-0.6123892036306033,0.0
2022-03-22,0.0,-0.08461645229344006,0.0,0.0,0.0,0.0,0.0,0.0,0.0,0.0,0.0,0.0,0.0,0.0,-0.8727096400304224,0.0,0.0,0.0,0.0,0.0
2022-03-23,-0.059552152709507755,-0.475470309647974,0.0,0.0,0.0,0.0,0.0,0.0,0.0,0.0,0.0,0.0,-0.40339354552277884,0.0,-0.9651465538619397,0.0,0.0,-0.059552152709507755,-0.2906317549488002,-0.004951819634679833
2022-03-24,0.0,-0.5520479318287586,0.0,0.0,0.0,0.0,0.0,0.0,0.0,0.0,0.0,0.0,-0.5356472524616462,0.0,-0.7651556192632136,0.0,0.0,0.0,-0.3073372616913872,0.0
2022-03-25,0.0,-0.9218042090110345,0.0,0.0,0.0,0.0,0.0,-0.0940044241490634,0.0,0.0,0.0,0.0,-0.9384655366578842,0.0,-0.7398104007010686,0.0,0.0,0.0,-0.6144619416737052,-0.005074532031124068
2022-03-28,0.0,0.0,0.0,0.0,0.0,0.0,0.0,0.0,0.0,0.0,0.0,0.0,-0.5399786318616151,0.0,-0.4652940967974639,0.0,0.0,0.0,0.0,0.0
2022-03-29,0.0,0.0,0.0,0.0,0.0,0.0,0.0,-0.03067395496838543,0.0,0.0,0.0,0.0,0.0,0.0,-0.06824738183702772,0.0,0.0,0.0,0.0,-0.02990246771826799
2022-03-30,-0.009698832613935782,0.0,0.0,0.0,0.0,0.0,0.0,0.0,0.0,0.0,0.0,0.0,0.0,0.0,0.0,0.0,0.0,-0.009698832613935782,0.0,0.0
2022-03-31,-0.0056434989839093674,0.0,-0.123534522542601,-0.08645924648637004,-0.12381186342206307,-0.08679686743783277,-0.12382979428252616,-0.05306617494058585,-0.12455474382243592,-0.12361132007120412,0.0,-0.12448801966790102,-0.1914477162001882,0.0,0.0,-0.1236005600915524,-0.08638374737849341,-0.0056434989839093674,-0.07638794957082196,-0.05355787497874909
2022-04-01,0.0,0.0,0.0,0.0,0.0,0.0,0.0,0.0,0.0,0.0,0.0,0.0,0.0,0.0,0.0,0.0,0.0,0.0,0.0,0.0
2022-04-04,0.0,0.0,0.0,0.0,0.0,0.0,0.0,0.0,0.0,0.0,0.0,0.0,0.0,0.0,0.0,0.0,0.0,0.0,0.0,0.0
2022-04-05,-0.37010806714027344,-0.3326281499855477,-0.33110280373763734,-0.24175049324950404,-0.17136831453065104,-0.1209934234626453,-0.30582415035214083,-0.09532682963745431,-0.725390595728792,-0.032938557177386585,0.0,0.0,-0.5317557796471806,0.0,-0.2216579568796062,-0.24731402732465213,-0.18093731425908866,-0.37010806714027344,-0.3314787664796648,-0.0966612525384658
2022-04-06,-0.7661979753836534,-0.7421035606633097,-0.7370820065987438,-0.5446851577877942,-0.6562513504729695,-0.480908669377067,-0.8012311713227027,-0.15238969040004546,-1.0314955030891526,-0.7815594730370967,0.0,0.0,-1.3612394046697673,0.0,-0.5262586174209938,-0.714782824579685,-0.5276941885524855,-0.7661979753836534,-0.7541302986349363,-0.16815602141315722
2022-04-07,-1.353929106188656,-1.6332829908234037,-1.6106457635605698,-1.200862835573624,-1.562583314326138,-1.1606149823051748,-1.7036494987450856,-0.7251659900560425,-2.046113182700604,-1.6465737480256482,-0.07441011565705313,-1.243678929118086,-2.292363767603056,0.0,-1.3666436689904193,-1.5861370778510242,-1.182007335905555,-1.353929106188656,-1.5470101570229322,-0.6445526915208721
2022-04-08,-0.5625783184794342,-0.8247655538625831,-0.8106231752743387,-0.5918504113691325,-0.7266930655935422,-0.5234837123468838,-0.9037979448212274,-0.0981301385043154,-1.856707670203528,-0.7329940827963566,-0.04728583199850034,0.0,-1.4903052911279357,0.0,-1.2075020478697907,-0.7723707361785626,-0.5629527737059825,-0.5625783184794342,-0.7683109391688814,-0.05196894404437824
2022-04-11,-0.9255275167538102,-1.5536146016262187,-1.5439998090465479,-1.1375410739545955,-1.6703312349450994,-1.2313195577893343,-1.6818196062861723,-0.5166160338104797,-3.3637124899793758,-1.6829122509255168,-0.409793914599077,-0.2621428391203051,-2.0962874787373686,0.0,-1.8356394784354024,-1.547913655255173,-1.144196814163212,-0.9255275167538102,-1.2734433677607404,-0.24318492372994438
2022-04-12,-1.551274876318287,-2.520125542597451,-2.50082057819605,-1.8530388147897203,-2.8008103708134113,-2.079890412664187,-2.6482781869466954,-1.184281019968214,-4.770685590211931,-2.7529743201953227,-0.5671477820573534,-1.6421167208995668,-2.8975129230869867,0.0,-2.7126529462925597,-2.5408765570302028,-1.8871302274632407,-1.551274876318287,-2.0982916472791713,-0.7515477787080616
2022-04-13,-1.1505138249994995,-2.381975071996789,-2.3572782963279137,-1.7403192062523054,-2.5816732440864465,-1.9077132825099596,-2.5171913437619597,-1.2935059263890158,-4.475998666350145,-2.5151450513251294,-0.8433073866387475,-0.8745915829978967,-3.2002281426163792,0.0,-2.5052565591663134,-2.37770304831999,-1.758301674357543,-1.1505138249994995,-1.9384758137978353,-0.7960302572672551
2022-04-18,-1.3348804476003617,-4.207863193334904,-4.166757188567749,-3.103888771403629,-4.429718771212821,-3.3014177634510533,-4.419003844680159,-2.2748493642415157,-8.40426264376315,-4.515058061970201,-1.854523293861332,-1.4236609056274108,-4.87304319942321,0.0,-3.16022043512576,-4.2287804317106765,-3.154999698643257,-1.3348804476003617,-2.614999083780589,-1.3845360239536197
2022-04-19,-1.9861773571811847,-5.354329240381905,-5.332487165231436,-3.980608684138076,-6.188508909952695,-4.626453065674829,-5.7351710141609,-2.425421403468697,-9.96571934939643,-6.857395632944597,-1.5393563847596825,-2.1167492796483334,-6.063954580924769,0.0,-3.9063050744295613,-5.616205823859744,-4.19575339271725,-1.9861773571811847,-3.170685633265069,-1.756940819246744
2022-04-20,-2.005527747026725,-4.524698827467377,-4.526197739117088,-3.3618400688554817,-5.080511330521342,-3.782661977476376,-4.846594903843171,-1.8174176140739573,-8.753678134059484,-5.564683301596873,-1.0206688595011837,-1.3665562389120423,-5.078542488046212,0.0,-4.031865155792779,-4.660107275781156,-3.4722897400135677,-2.005527747026725,-3.246049035039733,-1.8807763946441791
2022-04-21,-1.6156378173748598,-3.3258129594876173,-3.331098551886158,-2.4523026601592335,-3.8804619226573744,-2.8691085429032204,-3.612580766263118,-1.2630353590731613,-7.726205226606586,-4.315295271868158,-1.061872325213109,-0.6134931867215476,-3.660256610677859,0.0,-3.6566683903561548,-3.439795295809178,-2.5460917102038017,-1.6156378173748598,-3.2218672016213645,-1.4847175343784547
2022-04-22,-2.1721592212007312,-4.60324308697836,-4.624907627668939,-3.421877175845711,-5.160506871474935,-3.8300857693825074,-4.906289565145594,-1.8146188027040044,-9.059071394578345,-5.6431610468746225,-1.3196710734988404,-0.9908329842375885,-4.882466199180524,0.0,-4.351213623666994,-4.741066444907793,-3.5188989206984878,-2.1721592212007312,-3.197679324407765,-2.0212433185073264
2022-04-25,-2.6842554876399194,-5.65999709601519,-5.672409650687415,-4.207609836338544,-6.325688624448988,-4.705973208462466,-5.994620809673279,-2.5017538433421582,-10.016981875770703,-6.8544328306355045,-1.318836355847297,-2.6031280230307208,-6.089994948796063,0.0,-5.04138410684477,-5.842711771638531,-4.344172193017959,-2.6842554876399194,-3.232983545105794,-2.534406353589047
2022-04-26,-2.0204052910356873,-4.178067641678329,-4.19639388906149,-3.08875594835214,-4.7985525596990986,-3.546177555130803,-4.548340999307454,-1.594588858167123,-8.339821812368998,-5.493111855174182,-0.8728293678950005,-0.5809959859011782,-4.722653854271874,0.0,-4.26654743935444,-4.38361645496509,-3.2382058070745012,-2.0204052910356873,-2.5984424830950426,-2.081743782224732
2022-04-27,-2.2143881296532553,-4.896363531665693,-4.91948336184862,-3.625937934728518,-5.370567114145908,-3.9728662675418414,-5.222750906664242,-2.0248663225712837,-9.506622932911913,-5.923592114245302,-1.2481700272865326,-1.1022615366780508,-5.622209545228207,0.0,-4.510654695641736,-5.034862230259907,-3.725171662586091,-2.2143881296532553,-2.5740987925782943,-2.2882153642802328
2022-04-28,-1.9199940311883212,-3.465631226340715,-3.474896877484046,-2.530767974263415,-3.7275995722248156,-2.7248063166582903,-3.737797517379171,-1.39698809745048,-8.448598073752,-4.140761021708617,-1.0675202120720595,-0.06754413989197294,-4.477547674590743,0.0,-4.241353331566811,-3.505970452307894,-2.569207635520132,-1.9199940311883212,-2.5497490178131743,-2.0826202954696393
2022-04-29,-2.021511220666994,-4.266985752078845,-4.279247642927042,-3.160649870007204,-4.443755404142957,-3.28270886766856,-4.508854117562599,-2.072029630113914,-9.717206681031199,-4.744985146731262,-1.4590660382994836,-1.1606860075488168,-5.2668726600045845,0.0,-4.84873319003788,-4.2730260889831335,-3.1712815120594096,-2.021511220666994,-2.525393157278999,-2.33235531117002
2022-05-02,-2.0569239446827425,-4.38662449011934,-4.423290021685444,-3.2262314787090185,-4.518997045747608,-3.3127488004625283,-4.6554446339921896,-2.1042081301407833,-9.732739247976408,-4.761506942058158,-1.5446077001621927,-0.5713165731602743,-5.45216280563483,0.0,-5.350173943300773,-4.403507674945395,-3.2279139642743537,-2.0569239446827425,-2.501031209454818,-2.2409254031225068
2022-05-04,-2.6122881992361124,-6.546528952242747,-6.562676332188644,-4.317090229958598,-6.619202222599041,-4.380617639696249,-6.760817336352898,-3.516267008950613,-11.936687063591744,-6.760905431434805,-2.2436263278077795,-2.6774475596350045,-7.620729344508625,0.0,-5.997560107313349,-6.512098319069882,-4.298118703357112,-2.6122881992361124,-2.52235782404141,-2.8004880697539036
2022-05-05,-2.808316218466389,-6.317172364581247,-6.2771334256459195,-4.15007084202802,-6.285467005699652,-4.191436441827101,-6.427973448964619,-3.5663649884054904,-12.389746292930571,-6.347249375801511,-2.271642019775466,-3.0361814506140283,-7.592752447410501,0.0,-6.05448392444885,-6.187577895845287,-4.118180115605574,-2.808316218466389,-2.680554456568185,-2.9133479919848715
2022-05-06,-2.9531861959810835,-7.195976262183567,-7.203146680335215,-4.627328884997118,-7.285723025502544,-4.701442485605522,-7.398664089566398,-3.568531901692107,-12.501519660895056,-7.345950044590454,-2.4085803281224116,-2.45607632635253,-9.096072513174603,0.0,-6.789290126727943,-7.146248376498566,-4.60212185261859,-2.9531861959810835,-2.6562312883974704,-3.0708362143332613
2022-05-09,-3.07233981678966,-7.978471941502341,-7.912006641311697,-4.972972204651704,-7.865395819456699,-4.982016654766563,-8.05672198363101,-4.535624096163227,-13.950572132855166,-7.928747757329113,-3.083519265589063,-4.766921857384887,-9.702054700784036,0.0,-7.4851073166671505,-7.812321267447986,-4.928507751254796,-3.07233981678966,-2.631902041107592,-3.354871763239864
2022-05-10,-2.774099473201974,-7.887294613837337,-7.82467431262861,-4.914861471119436,-7.601063599685776,-4.8362744392012935,-7.951225044333032,-4.533062918835418,-14.317057318978211,-7.531110275528108,-2.9614499100693137,-6.045146709196059,-10.044371402072017,0.0,-7.702322090695224,-7.66329354098827,-4.839924857071254,-2.774099473201974,-2.6075667131791325,-3.4598106767976144
2022-05-11,-2.825409320590533,-8.466507338862627,-8.415473231056092,-5.21173743013843,-8.328745100312995,-5.19990133031214,-8.5843400928842,-4.865873568910373,-14.732706484855672,-8.270228674679657,-3.0323742619634664,-7.248226847704153,-10.448451485236754,0.0,-7.822265286991104,-8.297029821380253,-5.154223573144778,-2.825409320590533,-2.5832253030923624,-3.629444428872808
2022-05-12,-2.910520267762007,-10.149705897695394,-10.102721369298795,-6.064470772737163,-9.799443899478334,-5.942440944427396,-10.199217778818614,-5.066593849032097,-16.58644155886958,-9.527147369248768,-3.2340768581473722,-8.650522333633425,-12.437548284759792,0.0,-8.82072914256582,-9.894061860858683,-5.961964727422798,-2.910520267762007,-2.558877809327198,-3.7277797926885348
2022-05-13,-2.6488881813040432,-10.404048197755033,-10.390494021818652,-6.195337190146111,-9.594459568308022,-5.829332825446254,-10.369651335839869,-4.574690779119561,-17.152511627408717,-9.012038161762037,-2.7379668744729413,-7.1526250748091265,-12.580732442955389,0.0,-9.16115211939459,-10.008283716601118,-6.009436428297754,-2.6488881813040432,-2.5345242303631,-3.703718358828223
2022-05-16,-2.5265974560810145,-10.200454813711257,-10.187944933546955,-6.084775814234367,-9.560238560715328,-5.802126095617055,-10.2238866607823,-4.635917503424036,-16.917413293117345,-9.122928900349525,-2.7880237957462306,-8.038642277327723,-12.24755745784989,0.0,-9.150738195268893,-9.875430164010668,-5.929374270320576,-2.5265974560810145,-2.510164564679185,-3.693353956703893
2022-05-17,-2.3843616167411374,-7.768437832750951,-7.781854499345053,-4.833498112761559,-7.280453291733102,-4.616028855435883,-7.850935333827369,-4.067116775210455,-14.237185175266054,-6.892848300351407,-2.242670542440439,-4.267138971275108,-9.937743290007317,0.0,-7.695917484642834,-7.512776782463826,-4.705937782731818,-2.3843616167411374,-2.485798810754214,-3.5572326156042333
2022-05-18,-2.161288783481563,-8.020848140895954,-8.068732757467068,-4.966750631870243,-7.34144108587601,-4.638714536431454,-8.077913444175955,-3.759677445076526,-14.810701441850227,-6.641727123936192,-2.154436946541327,-3.752044614707417,-10.042986621395823,0.0,-7.536284904931733,-7.694050367566085,-4.789153551927406,-2.161288783481563,-2.4614269670665267,-3.3593826565995855
2022-05-19,-2.2711931561175347,-9.94821705418718,-10.069446218864309,-6.009162857289763,-9.339102163649638,-5.671686091305284,-10.127547850623596,-3.5180532872515213,-16.03016118947146,-8.587446923457287,-2.1299822851772454,-2.959452086436709,-12.429791349253428,0.0,-8.525719718171699,-9.721148401469515,-5.823675806002804,-2.2711931561175347,-2.467557050178082,-3.1164763039883026
2022-05-20,-1.8226160031086458,-7.452766999625348,-7.597805487894815,-4.7260817889912765,-7.030976954683499,-4.475765592438119,-7.710182065361304,-3.2267495213125774,-13.24170413955985,-6.461776349080628,-2.105521511829689,0.0,-9.899797053900683,0.0,-6.666137580271581,-7.316099480546379,-4.577858399658141,-1.8226160031086458,-2.013863997756382,-2.6799206762638472
2022-05-23,-1.7759946307610575,-7.31539848027003,-7.438116980254805,-4.624136448155336,-6.667336865313023,-4.271958716236823,-7.490663304497702,-2.968602673485199,-13.791566419461777,-6.011951284999539,-2.0958818441278226,-1.3886097219190208,-10.184785998915268,0.0,-6.69756096926537,-7.083801644088661,-4.44352511124163,-1.7759946307610575,-1.9774036016049101,-2.660384943787486
2022-05-24,-2.1974627220803233,-8.083533460710179,-8.205557693935173,-5.014870183553377,-7.723445708726217,-4.803415699225577,-8.322404223575475,-3.2550694064450325,-14.200918110548333,-7.315087484295901,-2.0399478124614734,-2.024491192366895,-10.680813355257513,0.0,-6.8110749081826905,-7.9730743968957185,-4.888181449573292,-2.1974627220803233,-2.418966599554806,-3.038515834965738
2022-05-25,-2.156170910875199,-8.51290268157754,-8.681397866061557,-5.261812728748505,-8.391991567099888,-5.146763068094707,-8.883361065836704,-3.2815193779149543,-13.922706894654102,-7.956594218862135,-2.0325412418905398,-1.6631513741660942,-11.231128441545035,0.0,-7.315060990681954,-8.504402810519673,-5.153100389327592,-2.156170910875199,-2.3945780524107563,-3.0540212061185956
2022-05-26,-2.1981016371628304,-7.694596740189041,-7.829819803200488,-4.808707902035659,-7.787378807299072,-4.817305399863237,-8.072221798678003,-3.3411227765865914,-13.418236481839795,-7.461588318468204,-2.1049464214039193,-1.9169292246494662,-10.431552833547887,0.0,-7.261029881038084,-7.732857399213378,-4.745207193778755,-2.1981016371628304,-2.370183409807247,-3.0297913789498643
2022-05-27,-1.864242438698771,-6.747571552815157,-6.842738425866268,-4.281318848622528,-6.683785016692612,-4.234087333504178,-7.027183003286098,-3.0981058441033493,-13.613828056345012,-6.275246438624138,-2.1430793213129906,-1.6262175789538924,-9.421771846348559,0.0,-7.2203271712249055,-6.69851159176077,-4.200816112073147,-1.864242438698771,-2.345782670220864,-3.035063536348759
2022-05-30,-1.7848790155582606,-4.891835197196781,-4.948383537124801,-3.280516426489355,-4.75397799612508,-3.221069871719373,-5.101101906957817,-2.9958501942534133,-11.91296279702807,-4.471199726440411,-2.1186218213237296,-0.2175935413252117,-7.710458804884457,0.0,-6.211968558036885,-4.792843467843378,-3.2067394718037434,-1.7848790155582606,-2.4098040575024404,-2.9475496230842446
2022-05-31,-1.7852675615167568,-5.166223585543972,-5.2372916627267285,-3.418021898494583,-4.97784226762864,-3.325090374612838,-5.3733649270461425,-2.955298343181312,-12.398849707204018,-4.55529481292073,-2.094158208641561,-0.4681018599443698,-8.136138221017642,0.0,-6.195611071682794,-5.042479938064714,-3.3230844591588427,-1.7852675615167568,-2.638229010588977,-2.849788087159477
2022-06-01,-1.8824782574909382,-5.539396514092365,-5.62626775626881,-3.604856931823286,-5.445339979401531,-3.5545137635722646,-5.784968776458232,-3.1303926503820856,-12.449132634078175,-5.1051989474358965,-2.0696884817387184,-0.5859501830022817,-8.478460331605152,0.0,-6.459478102404271,-5.4778980281223415,-3.536816368543172,-1.8824782574909382,-2.977052488182874,-2.965102731557956
2022-06-02,-2.0088125191116357,-5.014687203679791,-5.0919209581991804,-3.3136395326354817,-5.113913817553273,-3.373836455723589,-5.25648149599689,-3.2125882147668983,-11.410607618116163,-4.72592647871104,-2.0452126390870684,0.0,-7.8954676669398705,0.0,-6.525425147912456,-4.95710280541013,-3.2579317113109685,-2.0088125191116357,-2.445161530658324,-2.9780172613519285
2022-06-03,-2.1109327867008476,-4.940425900538658,-5.012748456180127,-3.2610069846233047,-5.084481973472322,-3.3459119678247218,-5.159103582484203,-3.159503464509439,-11.438868225043775,-4.7090474554702055,-2.0362201266606483,0.0,-8.137523001693815,0.0,-6.569352530769345,-4.870633132337376,-3.2000420078519554,-2.1109327867008476,-2.3306401706182256,-2.9604351262952355
2022-06-06,-2.104420415307562,-5.039189098779817,-5.114958222620103,-3.300782307876471,-5.217374849080381,-3.401365902758835,-5.2595586715956655,-3.1881045161601507,-11.387869219098945,-4.7663804758345645,-2.065903534652458,0.0,-8.219225061587531,0.0,-6.729496142872038,-4.968456145765499,-3.238416375073072,-2.104420415307562,-2.3794548092353263,-2.907004407534053
2022-06-07,-2.8569302806960573,-6.165100206278007,-6.260188809004596,-3.8751783461851597,-6.4950233597607765,-4.045420864589355,-6.461196849069961,-3.4690258892703274,-11.377698459108842,-6.167158405366813,-2.354420766736298,-0.7398224833646494,-9.067825151100594,0.0,-7.430773411226954,-6.173178997945117,-3.848119406600914,-2.8569302806960573,-3.5799960894887795,-3.1996029456007324
2022-06-08,-3.2511074011024266,-6.793002786157998,-6.835798687604777,-4.154743023941265,-7.171725811155849,-4.379072195952793,-7.007835517770555,-3.5112316896965146,-13.494593088377671,-6.907411274621699,-2.398060289557069,-2.4466113931688183,-9.40072426193077,0.0,-7.4413987417785155,-6.78051194514021,-4.144938117987229,-3.2511074011024266,-4.010159133367641,-3.481334246765122
2022-06-09,-2.688933594549825,-5.993111546350116,-6.049171897939942,-3.7388155194797545,-6.429635525442001,-3.9884731805261975,-6.235413812964385,-3.486675049640253,-11.94148338370603,-6.140680228901562,-2.388866091462616,-1.278640364225725,-8.725784324087948,0.0,-7.195687668999273,-5.990699278178546,-3.7294185393761947,-2.688933594549825,-4.086955291606397,-3.3470820001832657
2022-06-10,-3.530888533885501,-7.2425735161529285,-7.327599610923851,-4.385662773734056,-7.501871425554718,-4.525851620986742,-7.500132221273647,-3.4553025745221233,-12.86444094901279,-7.1374252464187276,-2.4170883015195543,-2.1601515686234696,-10.256242845525165,0.0,-7.868667017846009,-7.225601163346074,-4.350699958340487,-3.530888533885501,-5.276794334698698,-3.3522514690953797
2022-06-13,-4.925079378883468,-9.51212420958737,-9.645082296831331,-5.566530805250125,-9.619931979934437,-5.598461532565324,-9.813584313993296,-3.4605791729818702,-14.141137560049222,-9.110517952481722,-2.4073040953735747,-3.9391208386265864,-12.623660643916468,0.0,-8.863160009610194,-9.481488428644303,-5.496252092670584,-4.925079378883468,-7.33704228111649,-3.5545908876151944
2022-06-14,-5.01262917691353,-9.546202420936712,-9.642704578943928,-5.552692169542883,-9.636325898421006,-5.595703357828752,-9.82772172703853,-3.67529150907574,-13.888679858100117,-9.28316632752555,-2.5281575291325686,-4.153025366986441,-12.857969861763118,0.0,-8.85330669724903,-9.503247785115542,-5.496609158051591,-5.01262917691353,-7.4130896862591555,-3.640413004993781
2022-06-15,-5.1161925951684895,-9.741173400263758,-9.829014919495693,-5.637311902115682,-9.783315389382963,-5.659663139142179,-10.022320103687154,-3.790014575988432,-14.437197246907441,-9.590709514157735,-2.719465013130029,-4.737179176806694,-13.079253486374597,0.0,-8.879101963488667,-9.718089621038873,-5.595059740102104,-5.1161925951684895,-7.389949326412348,-3.7421445149616206
2022-06-16,-5.092478169019676,-11.304861313747839,-11.4291992992386,-6.4478934688956935,-11.319639656721803,-6.431629137710071,-11.588238544652318,-3.895485514509245,-16.23031495895242,-10.94754668923411,-2.8033006390912107,-5.870388451733987,-14.91575394654372,0.0,-9.536629541248587,-11.279434699125702,-6.381429668187932,-5.092478169019676,-7.3668031830671055,-3.7180866712939187
2022-06-17,-5.068757815895275,-11.625071248078534,-11.791909720282334,-6.6227690533385175,-11.817455938975785,-6.673661981233625,-11.989884704091548,-3.932907362077298,-16.042304566308207,-11.46361879925848,-2.695333790076049,-5.445064392483867,-15.2874269163065,0.0,-9.532293460580165,-11.690936385000006,-6.582786563596077,-5.068757815895275,-7.343651254777894,-3.694022814819886
2022-06-20,-5.045031534313993,-11.236463854634183,-11.402291486056404,-6.410178074210904,-11.236101410743238,-6.3604939620762195,-11.513260340888765,-3.6972526428701857,-16.429152180747664,-10.284207089074071,-2.686406729078339,-4.975559569398891,-14.973633451367796,0.0,-9.657636214294197,-11.150710285829268,-6.2890208016101905,-5.045031534313993,-7.320493540098905,-3.6699529440367473
2022-06-21,-5.021299322794148,-9.492186962744464,-9.630765026198496,-5.486335167572687,-9.564474865772699,-5.493695494118434,-9.756103889926449,-3.4955015530649614,-14.744547251098739,-8.68840045965522,-2.4540166820494314,-3.344025089904945,-13.37476892824786,0.0,-8.867929463109991,-9.402620428353059,-5.380913890140471,-5.021299322794148,-7.297330037583938,-3.645877057441338
2022-06-22,-4.9975611798535935,-10.51602801692847,-10.630312919549755,-5.9838647364628965,-10.513880911608432,-5.967547812732965,-10.706924722976174,-3.7838816125544072,-16.494080385944454,-9.418604930765252,-2.6384808392537873,-4.8909982814162145,-14.623841098148315,0.0,-9.474278510476065,-10.35833474899589,-5.8567084046234115,-4.9975611798535935,-7.288900814560517,-3.636963621686695
2022-06-23,-4.973817104009903,-9.5506591320218,-9.644914997066023,-5.463432752204078,-9.387888705836767,-5.379574656635022,-9.680329126784448,-3.510316152748727,-16.109978836005602,-8.026334272902957,-2.4105275098990186,-4.4531869262142365,-13.829804612855835,0.0,-9.303824497673874,-9.301678596676044,-5.300725796346272,-4.973817104009903,-7.275529311321238,-3.6229642054969924
2022-06-24,-4.950067093780309,-8.753541744024885,-8.89226936615859,-5.069365936500326,-8.528485220577252,-4.926486670540675,-8.948503855024848,-3.134989623804063,-15.33116311202546,-7.160146673455037,-2.164622591387644,-3.5120387614907878,-13.039927878891344,0.0,-8.960303886367393,-8.539067845168535,-4.897853133896202,-4.950067093780309,-7.280550639732697,-3.6122832278622896
2022-06-27,-4.926311147681517,-7.722852629506283,-7.828232013393233,-4.51278469885944,-7.434507265679436,-4.3539949203529,-7.891375534566847,-3.0245419924126993,-14.311495696577104,-6.218950027403125,-1.997693914319565,-2.546868075133457,-12.304333465572626,0.0,-8.375350676517767,-7.480132101438763,-4.342741467632305,-4.926311147681517,-7.15835325538543,-3.539207523347232
2022-06-28,-4.902549264230083,-7.5442674941706205,-7.6515268496057836,-4.411127543737948,-7.290693206486676,-4.268369011823026,-7.725279957928299,-3.0899328339470955,-13.867725637486394,-6.2142551550255725,-1.9910759228565222,-2.146752645972705,-12.203796224763263,0.0,-8.308683548974505,-7.320498594101044,-4.248896654619183,-4.902549264230083,-7.2998320922196385,-3.616467363820497
2022-06-29,-4.878781441942004,-7.942334117217142,-8.060874011315544,-4.607897388880056,-7.874319901360483,-4.559335774060069,-8.192648584041617,-3.4571369276796937,-12.8621581222656,-7.0328861580777,-1.98222157243656,-2.0350908122818145,-12.48684864055103,0.0,-8.562551055202427,-7.811348747750435,-4.493867323358824,-4.878781441942004,-7.874106254086543,-3.8573941229999575
2022-06-30,-4.855007679333035,-7.752088966134007,-7.869382320735396,-4.500034084527216,-7.7349839199142405,-4.475069090344297,-8.033574236274577,-3.422475363650468,-12.957555687379186,-7.170396773694843,-1.9475242791930913,-2.1169376685392316,-12.591258939814054,0.0,-8.551801649324432,-7.677415886785055,-4.413905162237464,-4.855007679333035,-7.945261886835475,-3.844477508378852
2022-07-01,-4.8312279749184395,-7.647057601400786,-7.766762590190746,-4.431653709477401,-7.326510096986761,-4.252757572652732,-7.824834894316579,-3.148170181932153,-12.237438489320429,-6.1449910462109125,-1.667200370728561,0.0,-12.747463281945315,0.0,-8.692012514239956,-7.400395615160093,-4.252338037786085,-4.8312279749184395,-7.9222545334383,-3.1977337932504346
2022-07-04,-4.822733557849512,-6.549894694701197,-6.756877909558289,-3.902714602311519,-6.025214122576639,-3.572154199078037,-6.8309399204042105,-2.7308728465327947,-10.526082288257044,-4.795330953514931,-1.2393856117004276,0.0,-12.286055442507172,0.0,-8.151246050348849,-6.330906641673961,-3.684978978191411,-4.822733557849512,-7.899241429785109,-2.551044970720162
2022-07-05,-5.005488107911516,-6.775783736821905,-6.993614857272545,-4.016059513670712,-6.214221302748902,-3.6579528142663076,-7.0748376267026565,-2.7065622544989343,-11.246594073528149,-4.960569754308752,-1.2147022504359284,-0.6674141004119449,-12.421763948771304,0.0,-8.319594236859096,-6.55583046938264,-3.7897780415427462,-5.005488107911516,-7.985744092529423,-2.7154771958990964
2022-07-06,-4.352396561468874,-5.683616976914829,-5.919913375335694,-3.455376710533775,-4.939874529433452,-2.983472881022764,-5.968246361674845,-2.6981588136795187,-10.533589585009961,-3.28482424470129,-1.1900127200287436,0.0,-11.430536858912777,0.0,-7.6560414245210655,-5.37263589976813,-3.1625597398060035,-4.352396561468874,-7.001070734800486,-2.6183628527792324
2022-07-07,-4.217535436992026,-4.976244454483803,-5.16574805440394,-3.0481315337941184,-4.273909012898969,-2.6281540916982093,-5.217898539320808,-2.784557899969131,-10.433715223807493,-2.987416388651465,-1.1653170189370066,0.0,-10.637885154296455,0.0,-7.636326887993405,-4.703823594235434,-2.8035834426460515,-4.217535436992026,-6.272671891037184,-2.5944317400349193
2022-07-08,-3.946610764774794,-4.0479814503266764,-4.2039600921388365,-2.536568156969532,-3.2268121706321207,-2.077922779445207,-4.271236359980235,-2.661400590968699,-9.89538135458864,-2.4408156721528074,-1.1406151456184621,0.0,-10.15210842053752,0.0,-7.399504327683381,-3.7989505129784606,-2.323854003650805,-3.946610764774794,-5.3371387171284095,-2.445847076424501
2022-07-11,-4.351665403924865,-4.837704717787994,-5.105169419700683,-2.989925610698363,-4.110851985351105,-2.5332642865596555,-5.20989660837291,-2.666258988229697,-10.755801004446653,-3.512959759261136,-1.1159070985304775,0.0,-10.177586221259126,0.0,-8.193929044774073,-4.760288487999564,-2.8079038195639394,-4.351665403924865,-6.3447863571103325,-2.3770184991242505
2022-07-12,-5.115228410348848,-5.685816856624937,-5.9725126357204505,-3.4232001310934734,-4.9806004420591465,-2.9731942681781476,-6.0982065133524666,-2.8329017018963065,-11.092709210240715,-4.506444311258928,-1.0911928761299983,-1.1085661388383183,-11.051106953643664,0.0,-8.921350159628783,-5.655018904693431,-3.2618959166970107,-5.115228410348848,-7.176011099240565,-2.6086560853781915
2022-07-13,-5.138883757547341,-6.239258850804652,-6.559010092445994,-3.7152412960466896,-5.408487421791808,-3.186797504582539,-6.653260693484297,-2.8508558366381,-11.788444968199741,-4.832016956767504,-1.0664724768737144,-0.0909718134205928,-11.558764303945901,0.0,-9.369243295572293,-6.176319304828515,-3.5184541342513365,-5.138883757547341,-7.219127018082617,-2.6011390531374468
2022-07-14,-5.4498675248676465,-6.680740735034851,-7.014925056611543,-3.9390013268430613,-5.833549423829054,-3.3965631096778193,-7.113513660184778,-3.016973678031365,-12.355736398345762,-5.304717794790504,-1.055608613195702,-0.7632513667145457,-11.713859739676336,0.0,-9.652207225898547,-6.636794535497648,-3.7454324683734774,-5.4498675248676465,-7.5185168012556485,-2.893173746547373
2022-07-15,-4.8010652922202635,-5.845058445028273,-6.20066641136805,-3.508354377194367,-4.787952174128696,-2.845283733767856,-6.2816332732420594,-2.644702705080415,-11.45457078050105,-4.23718827425803,-0.9579449590066957,0.0,-11.101510806536242,0.0,-9.385291259057016,-5.761220699116965,-3.2802739739520526,-4.8010652922202635,-6.887985752463943,-2.477690422677059
2022-07-18,-4.163283248413441,-4.502368614896113,-4.770660335149568,-2.755975762022589,-3.5531810426325583,-2.1901144397154626,-4.875150217197676,-2.31722428058011,-10.609982084309777,-3.3772114710586165,-1.0347064293510067,0.0,-9.831391052217997,0.0,-8.810623203638857,-4.421616867626921,-2.575274558288765,-4.163283248413441,-6.159052528874698,-1.9706470588038094
2022-07-19,-3.854029357719213,-4.001744298214637,-4.2755508358579775,-2.4890620749085213,-3.043472166066863,-1.9132848321513185,-4.404510361154146,-1.9983086521010107,-10.290849336894514,-2.9798632615482767,-1.0088560363469279,0.0,-9.487689570253844,0.0,-8.612634088646853,-3.949998468894056,-2.320318325640469,-3.854029357719213,-5.869160927254391,-1.690157955321181
2022-07-20,-3.260788522677771,-2.6659850552427367,-2.9289509979456896,-1.7848876844833939,-1.79370056486714,-1.2495921334086502,-3.044426630715802,-1.4360118510082232,-9.448296038921878,-1.6073098063157154,-0.8844145341659004,0.0,-8.48898682846383,0.0,-8.03844456302728,-2.591396632704568,-1.6052560094635626,-3.260788522677771,-5.137603871742458,-1.1193716070332704
2022-07-21,-2.8346762261251324,-2.106013583533395,-2.327388834302402,-1.4594266913263154,-1.1693204208423902,-0.915293352429325,-2.4459101948013595,-0.9522091916378983,-8.974520052958013,-1.2737601448546965,-0.7976239413148956,0.0,-8.02148270847084,0.0,-7.526280694129294,-2.0206767014679827,-1.2986729071100322,-2.8346762261251324,-4.544751398479274,-0.5624334412337784
2022-07-22,-2.6034703312304397,-1.5592914908274191,-1.8269026623259133,-1.1901974492703915,-0.5707826487397205,-0.5944847952816912,-1.9502295384467017,-0.5309214735242151,-8.706192359936049,-0.5997556828724604,-0.5579719850365317,0.0,-7.388919223038459,0.0,-7.142817820060476,-1.5112710214259084,-1.0219331727386871,-2.6034703312304397,-4.082563468974532,-0.13922382384792265
2022-07-25,-2.481293669662732,-1.7659516475350356,-2.0013052856793445,-1.2642085584305907,-0.7111889683379835,-0.6567097682198764,-2.1181076120904585,-0.405882062487517,-8.974197640739067,-0.8644383568636504,-0.5217842975550169,-0.1382896277157819,-7.87885029882589,0.0,-7.514230716673298,-1.6999796577176984,-1.1065598855892755,-2.481293669662732,-4.380935839375266,-0.02289336996418312
2022-07-26,-3.354584841502617,-2.7028938730137453,-3.0002136197296303,-1.7643876900785838,-1.747755999762346,-1.1834388249452932,-3.1619596428649976,-1.3744742987756964,-8.50917624555122,-1.9474915996669617,-0.5113700487095807,-0.989353351079969,-8.693934368536194,0.0,-7.721724253505668,-2.7430245631467676,-1.6373420976012243,-3.354584841502617,-5.094065485986787,-0.9211569577574186
2022-07-27,-2.42766986768449,-1.672547249859968,-1.9269717706534628,-1.1967516943919954,-0.6989968546276648,-0.6272798273157743,-2.0678226551416934,-0.43200933616314163,-8.568487387182344,-1.0800503287773378,-0.3714674666374651,-0.13094429334301605,-7.819023446175988,0.0,-7.024313511825298,-1.6892543941761984,-1.079971811810898,-2.42766986768449,-5.070345529582488,0.0
2022-07-28,-1.742254212503891,-0.6847613130443797,-0.8923080331257993,-0.6540551613093415,0.0,-0.13879485237061617,-1.008278654932171,0.0,-8.843497981594094,-0.042623396697949456,-0.36127238905077075,0.0,-6.224870422934703,0.0,-6.566837347014321,-0.650141793420167,-0.5272422466375493,-1.742254212503891,-5.046619644820449,0.0
2022-07-29,-1.4056070679623334,0.0,-0.05818913765583966,-0.2821795215311895,0.0,0.0,-0.16681310504907954,0.0,-8.301549974311639,0.0,-0.1451577246383673,0.0,-4.958347852794764,0.0,-6.214092981096253,0.0,-0.14370361316415892,-1.4056070679623334,-5.02288783021897,0.0
2022-08-01,-1.2599899983602891,0.0,0.0,0.0,0.0,0.0,0.0,0.0,-6.837300004589519,0.0,-0.12020088165844989,0.0,-3.951331017648263,0.0,-6.204288515081691,0.0,0.0,-1.2599899983602891,-4.999150084296044,0.0
2022-08-02,-1.3031351988758488,0.0,-0.04301862941759049,-0.04424987862897689,0.0,0.0,-0.04288344839299407,-0.0008793208656876494,-6.548482891431107,0.0,-0.09523780118421143,0.0,-3.921428409922334,0.0,-6.199217849300565,-0.004247365567278116,-0.009948719752805868,-1.3031351988758488,-5.116777750305945,-0.01788823256768657
2022-08-03,-1.0052908540501337,0.0,0.0,0.0,0.0,0.0,0.0,0.0,-6.619060868642023,0.0,-0.07026848165666566,-0.07116075892893425,-3.684901379273997,0.0,-5.866532849182359,0.0,0.0,-1.0052908540501337,-4.883418604977363,0.0
2022-08-04,-0.9780894079362112,-0.10775092375230333,-0.07180729795894791,-0.06747029535898452,-0.09053964514377233,-0.09151471883369622,-0.04328360289846955,-0.04612606887481885,-6.451029653786044,0.0,-0.045292921516548734,-0.28496677841761686,-3.718969147627471,0.0,-5.959481186123483,-0.028199782133375706,-0.03241566275306029,-0.9780894079362112,-4.8596460013402005,-0.05795085128881272
2022-08-05,-0.5014728494526444,0.0,0.0,0.0,0.0,0.0,0.0,0.0,-5.840188414853753,0.0,-0.020311119204075023,0.0,-3.633112745705269,0.0,-5.707947325507234,0.0,0.0,-0.5014728494526444,-4.8358674561871045,0.0
2022-08-08,0.0,0.0,0.0,0.0,0.0,0.0,0.0,0.0,-5.2767888488389865,0.0,0.0,0.0,-2.926322852310681,0.0,-5.287912951055562,0.0,0.0,0.0,-4.812082968033127,0.0
2022-08-10,0.0,0.0,0.0,0.0,0.0,0.0,0.0,0.0,-5.222591713642288,0.0,0.0,0.0,-2.872868154490904,0.0,-5.1889833059270085,0.0,0.0,0.0,-4.78829253539288,0.0
2022-08-11,0.0,0.0,0.0,0.0,0.0,0.0,0.0,0.0,-6.21237596458114,0.0,0.0,0.0,-2.1846321584370942,0.0,-5.169767513323553,0.0,0.0,0.0,-4.764496156780684,0.0
2022-08-12,-0.17443899158097187,0.0,0.0,0.0,0.0,0.0,0.0,-0.2366380230720222,-5.582142980054028,0.0,0.0,0.0,-1.9677733408299147,0.0,-5.265292599550319,0.0,0.0,-0.17443899158097187,-4.74069383071043,-0.3485894598059591
2022-08-16,0.0,0.0,0.0,0.0,0.0,0.0,0.0,-0.056349601804628335,-5.195460556943643,0.0,0.0,0.0,-1.2637530087876159,0.0,-4.936104518063278,0.0,0.0,0.0,-4.844264123316078,-0.21440285715634833
2022-08-17,0.0,0.0,0.0,0.0,0.0,0.0,0.0,0.0,-4.200502645769988,0.0,0.0,0.0,-0.6045974069332827,0.0,-4.867132576338684,0.0,0.0,0.0,-4.244147334907855,0.0
2022-08-18,0.0,0.0,0.0,0.0,0.0,0.0,0.0,0.0,-3.3276973789424513,0.0,0.0,0.0,-0.5367431538011669,0.0,-4.765085945481151,0.0,0.0,0.0,-3.839398562075347,0.0
2022-08-19,-0.492998798015043,-0.7634595672891598,-0.6730859863439687,-0.6735216358447871,-0.7410328920228415,-0.7436986677427648,-0.6591224263469697,-0.3806553497980425,-4.346909619299943,-0.9804513221791544,0.0,-1.0177910512733424,-1.6337707328983764,0.0,-4.8381538971859595,-0.7104048495201298,-0.7083781200089012,-0.492998798015043,-4.502486435320985,-0.36028500210186776
2022-08-22,-0.8687275034595432,-1.8009119810883378,-1.7648905199249332,-1.7593410569440415,-1.7456164195045365,-1.7414816113303644,-1.7458863791154466,-1.0181985895499235,-4.220082844460693,-1.5488188488851806,0.0,-2.0978230852426116,-3.116870837070651,0.0,-5.378187928460765,-1.7184780928037435,-1.7105647427806292,-0.8687275034595432,-5.562146509678223,-1.012899695521885
2022-08-23,-1.0878625249913787,-1.65956015027231,-1.6707472981137728,-1.6667359070434928,-1.6276672287444227,-1.6132371304089954,-1.7169173003447558,-1.1138229498677599,-3.5300843795422754,-1.735498276210079,0.0,-1.9929722377078796,-2.636070658866685,0.0,-5.434006604571106,-1.6911498574534556,-1.676053625477214,-1.0878625249913787,-5.744241513052639,-1.3020517148319533
2022-08-24,-1.2325911657200206,-1.6577219220967665,-1.6702421490652375,-1.6693031108933498,-1.601247535026351,-1.5856871496770286,-1.7198382121008327,-1.2432785542950797,-3.7696133357152273,-1.8767565477121773,-0.09155565348225592,-1.8568399360996857,-2.4840260680634385,0.0,-5.60096380288212,-1.7136577180353108,-1.699939378752413,-1.2325911657200206,-5.720684055938785,-1.3943854212115525
2022-08-25,-1.3183344347467707,-2.0955520452879184,-2.1256660349451284,-2.1235022639461087,-2.0229494212278043,-2.002832838350943,-2.193808077459436,-1.5369231386269222,-4.084731354407934,-2.3614066689065183,-0.35024188297877457,-2.287129023067136,-2.941003691197752,0.0,-6.00534490884157,-2.1791887567324086,-2.162508214390757,-1.3183344347467707,-5.697120711080828,-1.4246950233294475
2022-08-26,-1.4894720231852565,-2.053403516794461,-2.0884846504143573,-2.0905992172614796,-2.009853919866811,-1.9957279570605002,-2.144850624423278,-1.6179255747356014,-4.295885924078013,-2.5387794767018357,-0.26298884810693757,-2.018229474512201,-2.739096177453526,0.0,-6.032057898020571,-2.1700892654464954,-2.157151822346237,-1.4894720231852565,-5.6735514770072655,-1.5805206687000917
2022-08-29,-1.6673471195114087,-3.3762720365056453,-3.5326122326190146,-3.537942249874293,-3.220058195255193,-3.201631096884261,-3.588242137164588,-2.7368491335387657,-4.622484114499392,-3.5899101746994067,-0.7812515466012138,-2.8453717330718553,-4.1017203627994885,0.0,-6.718316645249056,-3.549061021597566,-3.533139048738687,-1.6673471195114087,-5.649976352246144,-1.9235345875291299
2022-08-30,-1.1994618394614132,-0.9622567147356431,-1.1621731580263472,-1.2070177755262868,-0.8423009449871843,-0.8495842423844935,-1.1949856487983412,-1.3768748829074084,-2.7140902476311624,-1.1964203614602265,0.0,-0.036480382700743164,-1.6290538237201835,0.0,-5.723968959918791,-1.1693096525582702,-1.1998160269848346,-1.1994618394614132,-5.62639533532524,-1.4260475680163087
2022-09-01,-1.1590885849020127,-2.089588979475321,-2.298717910090131,-2.063746006545686,-1.9929650443871738,-1.7131934203860277,-2.3479546612265034,-1.9528001381777682,-3.509634350361701,-2.528503219738576,-0.6075042536657471,-0.8600515285604238,-2.828273889278732,0.0,-6.606328308361153,-2.330807057704265,-2.079469393161426,-1.1590885849020127,-5.718844749708496,-1.352583160825327
2022-09-02,-0.9501197722292631,-1.7939779018333768,-2.0528751352057895,-1.8743388876880873,-1.7008457622672668,-1.4880826475110354,-2.0838537219248,-1.9649471492346415,-2.324944829433162,-2.212215131984685,-0.6127272734948508,-0.20631294671802358,-2.8468386052185934,0.0,-6.632612029085738,-2.0701029255088432,-1.8803319066049373,-0.9501197722292631,-5.500116567231594,-1.329631473457471
2022-09-05,-0.6752186164896035,-0.9560754988456321,-1.242262544150241,-1.2591445855866912,-0.9596690429580002,-0.9231010983914212,-1.2849915970249093,-1.6193345694864414,-0.8016918405003626,-1.4890488689283221,-0.4619588363430016,0.0,-2.146961796605773,0.0,-6.063769071379821,-1.273962079521418,-1.273611705749489,-0.6752186164896035,-5.476498095671145,-1.1422682276222118
2022-09-06,-0.3557988816794144,-0.8947298830949246,-1.1434426085930594,-1.1820425565688408,-0.8921438788054403,-0.8660918090114378,-1.21764022436045,-1.4641226363153903,-0.8999609255363028,-1.4195311733499971,-0.457603901389092,-0.17854263564939243,-2.203467339352694,0.0,-6.188525286716762,-1.192088747198794,-1.206176850296159,-0.3557988816794144,-5.45287372111718,-0.9178965896868507
2022-09-07,-0.44979248976958486,-1.313729844030731,-1.533495131793916,-1.4689605796294192,-1.2392705905860057,-1.1239373947647624,-1.5910606176396502,-1.764494528653382,-1.3789614899920366,-1.7199117364299799,-0.5281495755221743,-0.7277384448081681,-2.3762836402984155,0.0,-6.580956003065397,-1.5708907965805818,-1.4844269799049958,-0.44979248976958486,-5.429243442094345,-1.1396163228969858
2022-09-08,-0.18952330405219708,-0.061717326106602854,-0.29181419771243666,-0.5252885239850902,-0.06631134301573471,-0.23259113757807537,-0.3649034204043611,-1.0476195523597687,0.0,-0.6458168313548396,-0.4428811230122842,0.0,-1.4105397604610381,0.0,-6.206951433321084,-0.3579681011580682,-0.5624482068669834,-0.18952330405219708,-5.405607257126999,-0.5959768955586364
2022-09-09,-0.2416553243694053,0.0,0.0,-0.2185788585073789,0.0,0.0,0.0,-0.7252374453402433,0.0,-0.3164072469054813,-0.43381726397465625,0.0,-1.2188882785996613,0.0,-6.245205818709342,0.0,-0.2636621246311255,-0.2416553243694053,-5.470710285647251,-0.46321796209667365
2022-09-12,-0.14274903857516286,0.0,0.0,0.0,0.0,0.0,0.0,-0.4971800886231059,0.0,-0.03148929237706266,-0.34352475412297023,0.0,-0.6483586400198638,0.0,-6.118932761314511,0.0,0.0,-0.14274903857516286,-5.274437427535361,-0.4065297135048218
2022-09-13,0.0,0.0,0.0,0.0,0.0,0.0,0.0,-0.016466315401997278,0.0,0.0,-0.24759795346100955,0.0,0.0,0.0,-5.625848031442448,0.0,0.0,0.0,-4.61416407442089,-0.029658989667225022
2022-09-14,0.0,-0.5044370170021684,-0.6746320087405278,-0.5131426892204027,-0.775642994837622,-0.5801783902745772,-0.6930436838107346,-0.4929002611969491,0.0,-0.6677466570817359,-1.1961039493134984,0.0,-0.3669097671756161,0.0,-6.371759057084891,-0.683428701156874,-0.5238868252543383,0.0,-4.7492703274701125,-0.09789554106084397
2022-09-15,-0.045152808762782826,-1.095149555519459,-1.1767267499106726,-0.8920960496957675,-1.2743876826275091,-0.9527466699034925,-1.1894356935973516,-0.9625144005104946,-0.2596156758448709,-1.0476851783032037,-1.3278267618493267,-0.12825280420357688,-1.0661308756525267,0.0,-6.679536557510357,-1.179463659122515,-0.8977060344758314,-0.045152808762782826,-5.2119014306058915,-0.5147252703323502
2022-09-19,-0.020170971431809903,-1.2175124440961138,-1.152027728240168,-0.867325889925874,-1.2497130694734682,-0.9279916686173784,-1.1647398482886762,-1.0557172951029314,-0.2346874394808296,-1.0229539051147096,-1.332602789469295,-0.10329173615618581,-0.5503204907883474,0.0,-6.739504629594761,-1.1547653214910802,-0.8729372768162991,-0.020170971431809903,-5.188210925083514,-0.48986079382158376
2022-09-20,-0.02507322577869342,-0.5908894266502762,-1.12732253351292,-0.8425495393196369,-1.2250322893631593,-0.903230480283479,-1.1400378307171666,-0.46278012928081536,-0.209752972772137,-0.998216450808842,-1.0965749985993756,-0.07832442955851837,0.0,0.0,-6.3594345875126805,-1.1300608109738652,-0.848162328670854,-0.02507322577869342,-5.1645144985640545,-0.46499010290171894
2022-09-21,0.0,-0.9194147779576167,-1.102611164186118,-0.8177669963297385,-1.2003453407552378,-0.8784631033554535,-1.1153296393401568,-0.7301699339402723,-0.1848122741616498,-0.9734728138407034,-1.2789420333560897,-0.053350882851321835,-0.549500543745185,0.0,-6.450541135258126,-1.105350126028093,-0.8233811884922893,0.0,-5.140812149567697,-0.5291438081218236
2022-09-22,0.0,-1.0473325419309343,-1.0778936187165078,-0.7929782594085499,-1.1756522221080368,-0.8536895362865837,-1.0906152726146257,-1.0668220692970354,-0.15986534209183612,-0.9487229926651075,-1.2687950467080156,-0.02837109447503261,-1.0465121377955744,0.0,-6.622444772844882,-1.0806332651105865,-0.7985938547330207,0.0,-5.1171038766142924,-0.7845168631252841
2022-09-23,-0.4097179750463642,-2.429370618708404,-1.0531698955605018,-0.7681833270079652,-1.1509529318794787,-0.8289097775297849,-1.0658947289971743,-2.303600407011974,-0.13491217500474217,-0.923966985736413,-1.4222227696057965,-0.0033850628696430185,-2.74412623658179,0.0,-7.338476466505073,-1.0559102266777587,-0.7738003258450643,-0.4097179750463642,-5.164306995741885,-1.6882393301647536
2022-09-26,-1.231499086386345,-3.7323788874136343,-1.028439993174124,-0.7433821975796007,-1.126247468527053,-0.8041238255375283,-1.04116800694396,-3.6637223903454585,-0.10995277134205894,-0.8992047915085899,-1.6083075583042894,0.0,-4.489997719778305,0.0,-7.827456160645929,-1.0311810091856777,-0.749000600280092,-1.231499086386345,-6.226814931123337,-2.6946591671670794
2022-09-27,-1.0218609777565946,-3.630282346770586,-1.0037039100129541,-0.718574869574562,-1.1015358305079492,-0.7793316787619409,-1.0164351049108622,-3.8204952662709513,-0.0849871295450555,-0.8744364084352418,-1.8933067122897884,0.0,-4.539954307865024,0.0,-7.716902473742526,-1.0064456110899789,-0.7241946764893648,-1.0218609777565946,-6.20337808417466,-2.6703395242039907
2022-09-28,-1.2100649269251584,-4.42936157035374,-0.9789616445322169,-0.6937613414437105,-1.076818016278902,-0.7545333356547612,-0.9916960213532722,-4.415596803589006,-0.06001524805463454,-0.8496618349695839,-2.1261418290121403,0.0,-5.375151283940227,0.0,-7.898278315806218,-0.9817040308459757,-0.6993825529236997,-1.2100649269251584,-6.179935379626144,-2.6460138030027447
2022-09-29,-0.9712212426407851,-4.544423875862824,-0.9542131951868038,-0.6689416116373526,-1.0520940242962684,-0.7297287946673503,-0.9669507547262257,-4.300071458215271,-0.0350371253112991,-0.8248810695644537,-2.150441919131185,0.0,-5.602471848031998,0.0,-7.919975842535088,-0.9569562669085152,-0.6745642280336472,-0.9712212426407851,-6.156486816013795,-2.6216820020442233
2022-09-30,-0.9642040700060694,-3.0388970652484915,-1.0767331601095442,-0.7173318702510034,-1.1749809822605428,-0.7784506847468564,-1.0895951672676762,-3.699231299229444,-0.1595938157659571,-0.9480629864069501,-1.7008280548950538,-0.1241309409625746,-4.051921086788768,0.0,-7.447326281969591,-1.0794759877690074,-0.723310999777016,-0.9642040700060694,-6.133032391873183,-2.5973441198089087
2022-10-03,-1.2310426868406443,-4.272378805634236,-2.3312114509347004,-1.3277297734676674,-2.4332972584376167,-1.394744825908456,-2.3537919146727093,-4.015002203424112,-2.335475274167309,-2.248805478334137,-1.8975234133133734,-1.6102710132854359,-5.213781747702251,0.0,-7.898064078284895,-2.357698357824034,-1.3493705390701272,-1.2310426868406443,-6.109572105739636,-2.573000154776861
2022-10-04,-0.9782446298050806,-2.059098072509624,-0.06467276040563741,-0.1887544911099992,-0.216438253281781,-0.2794990755739857,-0.07580208307136349,-3.413157866816796,0.0,-0.05846386993375585,-1.423326074042397,0.0,-3.0418815337121985,0.0,-7.189053022160319,-0.11178343856946826,-0.21574111374450533,-0.9782446298050806,-6.1136980080489955,-2.5486501054278743
2022-10-06,-1.399808047550799,-1.7716126372526841,0.0,-0.014511316764131976,-0.2654133723652863,-0.2928699425618464,0.0,-3.3390331622686564,0.0,-0.5049096968133937,-1.3035627290343021,0.0,-2.719142461236246,0.0,-7.0888442297918575,0.0,-0.10549889530806489,-1.399808047550799,-6.537616272977564,-2.5242939702412093
2022-10-07,-1.393578458948752,-2.0854969621364905,-0.32143579678376444,-0.16087396707528123,-0.6056487080066786,-0.4502773459185705,-0.33740555500306746,-3.337581415598656,-0.6675389694840828,-0.9643779889465853,-1.4206592931954587,-0.2135305026140233,-2.8154050901564753,0.0,-7.187216396132956,-0.3373473655213566,-0.26256684782113293,-1.393578458948752,-6.699484904660502,-2.543421710739424
2022-10-10,-1.3803043337259902,-2.286269527794471,-0.5398305565073924,-0.2611986393570298,-0.7938238999902425,-0.5327885757519413,-0.5414610771064976,-3.5711959565723927,-2.220480771072053,-1.1257935367697813,-1.4289425799995814,-0.6992119228208193,-3.2287939381183017,0.0,-7.29668755144518,-0.5597754141753231,-0.36114560445871247,-1.3803043337259902,-6.7174930184179305,-2.805974882754003
2022-10-11,-1.5025419711497845,-3.7395407082598364,-2.0061596987898334,-0.9781686418704916,-2.2725186379428552,-1.25644241412034,-2.0012109988520876,-4.119839694902638,-2.820963843833113,-2.5005760473333027,-1.5945735211018275,-1.9468768393899216,-4.673818669753748,0.0,-8.042815285371251,-2.0198028848151806,-1.0779025972218692,-1.5025419711497845,-7.39102079409496,-3.1160034120964464
2022-10-12,-1.537228431525528,-3.0194580785680603,-1.272749830732478,-0.6003356048308262,-1.5310059249964536,-0.8752412659718045,-1.2575379098206274,-3.733309792997741,-1.9354675856236958,-1.750779719530926,-1.3554961605071636,-1.247423043188467,-3.887745123833597,0.0,-7.707112146261375,-1.2755698522480485,-0.6938850372009031,-1.537228431525528,-7.173928189448597,-3.0917890762163225
2022-10-13,-1.5946943608022734,-3.923411284341771,-2.205123198845649,-1.053491437859344,-2.374377223140134,-1.2836929576866885,-2.180203862458896,-4.120349809994995,-2.561714708338325,-2.357102989795301,-1.6644928633927525,-2.582372196346594,-4.5009493615379315,0.0,-8.273886274897846,-2.164657884695287,-1.1251673058784495,-1.5946943608022734,-7.232532358123056,-3.067568688417577
2022-10-14,-1.6077835807214114,-2.741956086372288,-0.9934546016302837,-0.43538062993638826,-1.2702621926038105,-0.7194765634872091,-0.9889424711626904,-3.838312975714264,-1.4315955088682775,-1.7787744424688112,-1.4160098074174954,-1.4234465175636646,-3.5391891180804325,0.0,-8.000769294727883,-1.025999264635702,-0.5463693882032716,-1.6077835807214114,-7.209346871362188,-3.043342247187686
2022-10-17,-1.5997370047534765,-2.0062832706837286,-0.22562505876890793,-0.04057793018168443,-0.6705187787289124,-0.40668710148654696,-0.2502228495635528,-3.7607768694194466,-1.1360834923226149,-1.2944050485708347,-1.3912498771771253,-0.9032356562600152,-2.8313995299235617,0.0,-7.918727750031773,-0.30789251241167825,-0.17299696614172522,-1.5997370047534765,-7.227859842710204,-3.019109751013682
2022-10-18,-1.297836697513166,-0.5282404145146358,0.0,0.0,0.0,0.0,0.0,-3.247030964764752,0.0,0.0,-0.9282920055425303,0.0,-1.848317020978052,0.0,-7.181493013162566,0.0,0.0,-1.297836697513166,-6.897941819064757,-3.023037972245801
2022-10-19,-1.4711565804124582,-0.6336027783479414,-0.10011670432880093,-0.03484446964536758,-0.037044456910051426,-0.005861431391196437,-0.09814618432897326,-3.1217142575289625,0.0,0.0,-0.9902688113974212,-0.1944024660936461,-1.7063074440468728,0.0,-7.311083936175611,-0.05400005421898335,-0.013759424334358616,-1.4711565804124582,-7.277637676842275,-3.247757833415077
2022-10-20,-1.1249064127853758,-0.17045950303008484,0.0,0.0,0.0,0.0,0.0,-2.8191587093255754,0.0,0.0,-0.965523188066042,0.0,-1.416127306531989,0.0,-6.986486395116998,0.0,0.0,-1.1249064127853758,-6.925253540508159,-2.991683147758739
2022-10-21,-1.1335365097286498,-0.12644001605214283,0.0,0.0,0.0,0.0,0.0,-2.6656061159105904,-0.6572360630702545,0.0,-0.940771380030736,0.0,-1.3467997965340817,0.0,-7.188626890254335,0.0,0.0,-1.1335365097286498,-7.070621611114991,-2.9547845809450135
2022-10-24,-0.8255974318111203,0.0,0.0,0.0,0.0,0.0,0.0,-2.8338633604163666,0.0,0.0,-0.9160133857457509,0.0,-0.4798989686382149,0.0,-7.144259280422216,0.0,0.0,-0.8255974318111203,-6.112362082708811,-2.8368528308006735
2022-10-25,-0.8361136832499616,-0.12186799207730692,-0.10230493762736215,-0.037210920701380434,-0.30420725298617723,-0.1423388904931655,-0.12453800628234868,-3.1116550946074906,-0.35334654485783545,-0.7273891331881277,-0.8912492036649122,0.0,-0.897497456675822,0.0,-7.4483909953823035,-0.2022300947401745,-0.09224549848354524,-0.8361136832499616,-6.447937218832678,-3.1269786033786495
2022-10-27,-0.5652128173450843,0.0,0.0,0.0,0.0,0.0,0.0,-2.872044915942207,-0.45166433882836143,-0.34383562987906346,-0.8664788322417905,0.0,-0.44510366238691423,0.0,-7.322682247487855,0.0,0.0,-0.5652128173450843,-6.074243351607933,-2.9442064416404845
2022-10-28,-0.8549049926444452,0.0,0.0,0.0,0.0,0.0,-0.0056065814217243215,-2.8668181173012286,-0.7287339170258589,-0.2126154403674807,-0.8417022699293675,-0.4212124610514678,-0.16529414860033675,0.0,-7.6818852756670335,0.0,0.0,-0.8549049926444452,-6.075198235784008,-2.941910826566685
2022-10-31,0.0,0.0,0.0,0.0,0.0,0.0,0.0,-2.5243422045288066,-0.03844478093921744,0.0,-0.8169195151803699,0.0,0.0,0.0,-7.050069193116338,0.0,0.0,0.0,-4.956145475761097,-2.613810749102219
2022-11-01,0.0,0.0,0.0,0.0,0.0,0.0,0.0,-2.4176599076559557,0.0,0.0,-0.79213056644718,0.0,0.0,0.0,-6.883592167752395,0.0,0.0,0.0,-4.3827786184229005,-2.50993759312671
2022-11-02,-0.42474708879128853,-0.5641923039502839,-0.5510553961081244,-0.407316507938571,-0.5566734162077536,-0.40564740744019057,-0.5476623253788282,-2.8058875844543363,0.0,-0.5750629418109776,-0.7673354221816697,-0.8379418090560753,-0.3447197631545107,0.0,-7.390688607662598,-0.5593034280491072,-0.4120035665806987,-0.42474708879128853,-4.7935812635024995,-2.893694031659799
2022-11-03,-0.41542929574491794,-0.44840287280443203,-0.4154185676675026,-0.29791735233566374,-0.4796636419155065,-0.34133880497874136,-0.4241276769571867,-2.6725876158632644,-0.08562499353024222,-0.4498374666180194,-0.7425340808353997,-0.3604146609677561,-0.5108797264286147,0.0,-7.274439326599779,-0.4219639172407197,-0.30108375680167887,-0.41542929574491794,-4.767755683116914,-2.7612802655422874
2022-11-04,-0.3035638020312148,-0.43254249149382584,-0.38761938538885987,-0.27526094200801543,-0.5841156473621267,-0.41169283590559713,-0.41985874623174935,-2.6256784084952134,-0.14739451368616097,-0.6359016632949133,-0.7177265408595535,-0.3142547271627105,-0.1556868373904785,0.0,-7.2954331871096905,-0.44240668394817106,-0.3104092509609635,-0.3035638020312148,-4.7734678570308215,-2.7107876324096947
2022-11-07,0.0,0.0,0.0,0.0,-0.016911430264665572,0.0,0.0,-2.0673917799513775,-0.06715323788599736,-0.14766524541435233,-0.6929128007048257,0.0,0.0,0.0,-6.932952702138628,0.0,0.0,0.0,-4.7496677732685955,-2.1514576326745805
2022-11-09,-0.004137076088095437,-0.09066984266398181,-0.09461938456493124,-0.06405369937524386,-0.04587996137207506,-0.011835785881064709,-0.09027588735864844,-2.0421556907068705,0.0,-0.10104578930840713,-0.682951243145502,0.0,-0.2516139235956172,0.0,-6.965311480409331,-0.07074965784154008,-0.04496318895356177,-0.004137076088095437,-4.725861741122317,-2.1370785811533177
2022-11-10,-0.44432927720493565,-0.5262148957323354,-0.5336318639931892,-0.38127625958831457,-0.4001988755857333,-0.273737112479544,-0.5073960262663046,-2.4625721283009105,-1.0189494650555186,-0.3103501166970668,-0.736002619805376,-0.3814051307304389,-0.9592016338488274,0.0,-7.258100211781504,-0.4700345730803468,-0.3361349523838153,-0.44432927720493565,-4.702049759105275,-2.5526020448167763
2022-11-11,0.0,0.0,0.0,0.0,0.0,0.0,0.0,-1.6432641900598122,-0.9161138941015445,0.0,-0.7257964888702451,0.0,0.0,0.0,-7.415684896801544,0.0,0.0,0.0,-4.678231825730417,-1.7358184406636723
2022-11-14,-0.588339340738675,-0.662769325089263,-0.681494651533987,-0.5070831655899166,-0.7895658791269522,-0.5890552862019227,-0.700518880323242,-2.155897177720456,-3.194735202463328,-1.0413569050162996,-0.638133227352522,-1.1510261342826622,-0.11198455015548614,0.0,-7.672656663430589,-0.7389797562341038,-0.5498189354232186,-0.588339340738675,-4.783259501921178,-2.2295643457096004
2022-11-15,-0.24583255573167317,-0.231309550179426,-0.24755451943336837,-0.1738713640535683,-0.4919211162833892,-0.36340479434023853,-0.27273367028451956,-1.7243601071404768,-3.4447135187838596,-0.7951124025030287,-0.4539166931702754,-0.3436755916051748,0.0,0.0,-7.562614821944946,-0.33623407323987164,-0.24147464220424242,-0.24583255573167317,-4.390784919968816,-1.8314407882360717
2022-11-16,-0.05289012299218854,0.0,0.0,0.0,-0.12903226658801392,-0.08728652822252991,0.0,-1.492249723098149,-3.6235703677002684,-0.39987823075259277,-0.46322170545486374,-0.07871787502398142,0.0,0.0,-7.639255599670403,-0.013135292700550139,0.0,-0.05289012299218854,-4.168364417756775,-1.6005864854205187
2022-11-17,0.0,-0.027369318773484697,-0.025565345390921035,-0.017247812862442036,-0.1931349363582635,-0.1268261071709853,-0.02749917476246866,-1.4391410189555587,-3.63869442121888,-0.49397687868609763,-0.4530391830834146,0.0,-0.3571496394819462,0.0,-7.777744694269928,-0.06025382813928948,-0.028716128274908215,0.0,-4.221178669725701,-1.5397393314680152
2022-11-18,-0.044476757962663704,-0.08960020672110769,-0.08252189896361672,-0.05250504047672466,-0.318825667110445,-0.21600573462293715,-0.09636467289708683,-1.5942295308191246,-4.419612648107463,-0.7232889826111477,-0.5108833010291192,-0.43444553482510084,-0.5540572353940232,0.0,-7.838285482884777,-0.13640989755272503,-0.08046626759224962,-0.044476757962663704,-4.1972405516507605,-1.6084873448585335
2022-11-21,-0.5356254434883856,-0.7304474872485978,-0.7242729697295336,-0.5239034173654789,-0.8668637647886279,-0.6195414759016638,-0.7217887009599133,-2.2595830713973974,-5.1167807445946405,-1.0817635288279837,-0.6050041301162934,-0.4068231184496063,-1.3563602055265411,0.0,-8.36147133021422,-0.7285513683431666,-0.5141791323473033,-0.5356254434883856,-4.173296450692665,-2.183994497403219
2022-11-22,-0.215391271998977,-0.2549100208988797,-0.2530169898810608,-0.16573875758979506,-0.36900532957688803,-0.23969312201130855,-0.24820827634842724,-1.8447999571492901,-4.443320648385452,-0.5931423755010434,-0.520757056915444,-0.15051975612260238,-0.8987197929584467,0.0,-8.250617734570465,-0.2560505986431427,-0.1551675559880339,-0.215391271998977,-4.149346365356077,-1.8657425208298828
2022-11-23,-0.1744672521348134,-0.23129781596806787,-0.22058938935186623,-0.1346741544210106,-0.4535323380363332,-0.2974330374885703,-0.22575921584302439,-1.7924222359698483,-4.622470196040396,-0.7945157365442324,-0.5292130874946732,-0.12179257060495052,-0.7735094779285467,0.0,-8.327487047353587,-0.26092392688389365,-0.1529234607807295,-0.1744672521348134,-4.125390294145371,-1.7767012708689522
2022-11-24,0.0,0.0,0.0,0.0,0.0,0.0,0.0,-0.6795324058098684,-4.311013382603345,0.0,-0.42179268765373257,0.0,0.0,0.0,-7.709502949041481,0.0,0.0,0.0,-4.101428235564441,-0.6986884194113752
2022-11-25,-0.005802779994024121,0.0,0.0,0.0,-0.010202001532033655,-0.00018797107350643216,-0.00257049434108092,-0.6193104759806611,-4.443568987805158,-0.1171741408315885,-0.2814699349696137,-0.20357408260137655,0.0,0.0,-7.881513651129701,-0.0019254211250263609,0.0,-0.005802779994024121,-4.206466148373211,-0.7697480486577146
2022-11-28,-0.0681514295138963,0.0,0.0,0.0,-0.06539811843268017,-0.03511540360615628,0.0,-0.4872720924570362,-4.65805280213557,-0.250416585568658,-0.2820314634365717,-0.44238136053792454,0.0,0.0,-7.740964308378995,0.0,0.0,-0.0681514295138963,-4.0787326837457005,-0.6076116374088558
2022-11-29,-0.022834696003948274,0.0,0.0,0.0,0.0,0.0,0.0,-0.36603698647627025,-4.143162921580334,0.0,-0.25710882947774794,-0.32736314903825114,0.0,0.0,-7.710091594384327,0.0,0.0,-0.022834696003948274,-3.646263780232528,-0.5488000628614875
2022-11-30,0.0,0.0,0.0,0.0,0.0,0.0,0.0,-0.04163929449165771,-4.540953493518751,0.0,-0.24751734306744932,0.0,0.0,0.0,-7.512342896475344,0.0,0.0,0.0,-3.228719351519005,-0.16137476654410898
2022-12-01,0.0,0.0,0.0,0.0,0.0,0.0,0.0,0.0,-4.888063042730694,0.0,-0.25399244320177816,0.0,0.0,0.0,-7.335207474488891,0.0,0.0,0.0,-3.2045331868716165,0.0
2022-12-02,-0.592465983595547,-0.7473605601890143,-0.7480927513537128,-0.7445797246273256,-0.8032505885236851,-0.7931715986313814,-0.7597448456283185,-0.5715876901784211,-5.619067653088217,-0.8286029589609112,-0.22906280141629098,-0.637757460292343,-0.6187396179401783,0.0,-7.909446069205384,-0.7665873061071138,-0.7550220356866033,-0.592465983595547,-3.1803409773464963,-0.4994761714602225
2022-12-05,-0.6087990631198137,-0.7440532261461241,-0.7378123625853661,-0.7334553897918483,-0.8810794408596223,-0.8722473149921472,-0.7559974031573824,-0.5824982731526096,-5.651306915376509,-1.0335961176592634,-0.20412692893492235,-0.5907321890708639,-0.5924210963455079,0.0,-8.008629228598519,-0.788166845140903,-0.7758932423198694,-0.6087990631198137,-3.1561427214328086,-0.49858353788583276
2022-12-06,-1.0791068386348468,-1.221570859675658,-1.203817025977716,-1.1908995681740087,-1.198557148579238,-1.1884051928561234,-1.2095894677638608,-1.1825247112982495,-5.7313607389216426,-1.3248615941465758,-0.17918482420042903,-1.354144696708337,-0.9023255813953246,0.0,-8.125189647651865,-1.2044817762882354,-1.192515522669535,-1.0791068386348468,-3.1319384176194176,-1.1074401197629813
2022-12-07,-1.0015395130101523,-1.0516466709850625,-1.0231676497180486,-1.0044446232162052,-0.8330191160251577,-0.8264609639285658,-0.9978246825287806,-1.1817919594018567,-5.1019559782702455,-0.8447548539989636,-0.1845510332678879,-1.3594035352163636,-1.3395348837209053,0.0,-7.98400303763005,-0.9681636107456093,-0.9595722186825806,-1.0015395130101523,-3.1077280643947214,-1.2264353283876206
2022-12-08,-0.7142090476151775,-0.681690823342318,-0.6551635410566026,-0.6389398248941247,-0.6509007436295899,-0.6491339087880355,-0.6626556232827929,-0.8131169814845851,-5.298656162529403,-1.1171138225710697,-0.08000357235934397,-0.9553398090877185,-1.0798691860464893,0.0,-8.031838120112711,-0.6834140062077831,-0.6839651494257692,-0.7142090476151775,-3.083511660246818,-0.8834404555615682
2022-12-09,-1.2955774502564466,-1.1073414552878247,-1.0443354281352124,-1.0150444058312558,-0.8957848773096466,-0.8821079019128764,-1.0147330259587695,-1.271068952506571,-4.658998137984494,-1.1182552416222125,-0.09640244527922004,-1.477003397931942,-1.6792047342192307,0.0,-8.466245263730787,-1.0092577613786458,-0.9961351053244138,-1.2955774502564466,-3.0592892036634067,-1.4665312272857278
2022-12-12,-1.462714915551122,-1.2297138336489155,-1.1543251609121619,-1.1217471819747193,-0.9467529275556164,-0.9292164978196404,-1.1104139901172982,-1.40287169012977,-4.247981907904775,-1.1370054957212883,-0.1936361701762923,-1.7541313249110568,-1.6762769933554522,0.0,-8.496058263359107,-1.1069688154829116,-1.0921914451870518,-1.462714915551122,-3.0350606931317303,-1.5573240383135345
2022-12-13,-1.366013737840921,-0.5712969024601056,-0.5052622085912395,-0.4789431261095545,-0.29673152251450396,-0.28133622252214385,-0.46390437960753816,-0.8089842293187544,-3.6580218255923946,-0.4445750427407136,0.0,-0.9765781657927408,-1.0870431893687083,0.0,-8.17421789026438,-0.4632211177401091,-0.4501603500006057,-1.366013737840921,-3.097218712648242,-1.4115320669106923
2022-12-14,-1.2027242802646332,-0.4380412129638467,-0.3773346055525928,-0.3552712718388418,-0.260460167186094,-0.2468880428679321,-0.3600036546883678,-0.676800554768453,-3.92179043928923,-0.6645273263691243,-0.12169481424726403,-0.8328633115295192,-0.8090323920265319,0.0,-8.482226316569808,-0.3988481535447841,-0.3885747533912798,-1.2027242802646332,-2.9725392935397887,-1.2676603529268582
2022-12-15,-1.6787246802935418,-1.8573552379982816,-1.7979696636454046,-1.7658591776759325,-1.6484422552047628,-1.627383533163318,-1.7743488284167497,-1.8905929138612332,-5.6455922520702195,-2.0050105815037966,-0.7396837404520129,-2.2457907645960007,-2.1134862956810108,0.0,-9.299901564088985,-1.8059330466092538,-1.7866365629463754,-1.6787246802935418,-3.7851192362535313,-1.9098549282823618
2022-12-16,-1.9497496842308837,-2.571675718319033,-2.512901881409535,-2.4727150394578734,-2.3048290136194804,-2.28112357810476,-2.493102390322488,-2.502485546962363,-6.617414882345384,-2.7865071503356376,-1.0508510347835842,-3.064852303861476,-2.889036544850443,0.0,-9.639436297700232,-2.5081728818088678,-2.4885007251989166,-1.9497496842308837,-4.286476512773385,-2.2564837624219347
2022-12-19,-1.5933217610541561,-2.004363958374289,-1.9228980268943374,-1.8763459737014765,-1.5488762140668078,-1.5199914332350573,-1.8802965917151915,-2.0705199518816997,-5.308446287940061,-1.8089644948286798,-0.8265390588711008,-2.554240433397048,-2.083990863787333,0.0,-9.33244563944161,-1.838651452462614,-1.8153201363504734,-1.5933217610541561,-4.26255471466831,-2.0007344199309496
2022-12-20,-1.8244451708099962,-2.230058483690367,-2.1545558899155326,-2.113662986751119,-1.8805757934287626,-1.8503610406744975,-2.114038702367005,-2.290612187614849,-5.333704442140707,-2.0725623282010663,-0.8825298590352859,-2.773853675395732,-2.270826411960092,0.0,-9.545456653346696,-2.099128490249824,-2.0731231700527264,-1.8244451708099962,-4.2386269377589265,-2.3177808718239046
2022-12-21,-1.9165070279138274,-3.150752608320706,-3.097925636816945,-3.056334946996764,-2.7597851822851904,-2.733906069405956,-3.0566304767195906,-3.075362019454586,-6.793624747822546,-2.9311657815882963,-1.1922556716687738,-3.7753410431007883,-3.260600083056442,0.0,-9.671651951193628,-3.0366312612152724,-3.0120831044413543,-1.9165070279138274,-4.214693180550977,-2.700365687635886
2022-12-22,-2.146431754474043,-3.4606657970788657,-3.419724205398811,-3.379521073339775,-3.1540441228742777,-3.12635551447904,-3.392580005448087,-3.309199052745415,-7.434603718976584,-3.3195098688668434,-1.2269240105610146,-3.9119696202390752,-3.641995431893663,0.0,-9.875205895574435,-3.3713325149070217,-3.3416003221575563,-2.146431754474043,-4.190753441549777,-2.977001200433582
2022-12-23,-2.4697940192771606,-5.076576684149514,-5.047642003023833,-4.997943882944844,-4.627798196693444,-4.593752316800293,-4.991509465292232,-4.752620820047615,-8.95658122835049,-4.548671724118092,-2.1032300932368186,-5.554670557510233,-5.3459094684385144,0.0,-10.809415702945946,-4.947753035427005,-4.906588197354433,-2.4697940192771606,-4.166807719260279,-3.296932625690707
2022-12-26,-2.445418175492353,-3.8113289425125707,-3.7554306583880703,-3.710998802387122,-3.4613925156855796,-3.425290140866788,-3.7054777316504417,-3.709469186123726,-6.907686127190848,-3.4974553459439117,-1.3638135961994036,-4.256093272220207,-4.241330980066438,0.0,-10.100487786032097,-3.701080362716558,-3.6595148671752287,-2.445418175492353,-4.142856012187124,-3.272763509670451
2022-12-27,-2.4210362394230356,-3.3934700712272114,-3.343925372455092,-3.305147164059563,-3.22438772390482,-3.190709671481329,-3.3217161249619376,-3.2506359928297313,-7.0954360710428706,-3.5554084070226533,-1.2979170114583494,-3.7302981879378083,-3.6156769102989705,0.0,-9.9401649024359,-3.3646184119004663,-3.329440303728637,-2.4210362394230356,-4.118898318834486,-3.2627053707875553
2022-12-28,-2.396648209546659,-3.6144826582646283,-3.5619257719734065,-3.522422287757232,-3.443687096411463,-3.4083041677429815,-3.53783617012402,-3.5103391190721256,-6.849358415334528,-3.7818822021597143,-1.343198825358105,-4.047006779758355,-3.6677740863787167,0.0,-10.05100301541264,-3.585469134874586,-3.5476045022004854,-2.396648209546659,-4.094934637706227,-3.2483802561928177
2022-12-29,-2.372254084340053,-3.0789129770047885,-3.021935443938928,-2.9855374600255336,-2.9827671678964385,-2.944105714599843,-3.0010704768811514,-3.0024179837079945,-6.46327913010013,-3.2691891124084216,-1.2814812216246585,-3.261654526581881,-3.3036544850498117,0.0,-9.952369730383836,-3.0624254255247507,-3.0204914257654925,-2.372254084340053,-4.070964967305802,-3.1601955138438997
2022-12-30,-2.3478538622798806,-3.8082782650729508,-3.7595440677955394,-3.7885683356070343,-3.7874379536590896,-3.812917416363537,-3.7610289654280704,-3.4826605293880153,-7.703191190424318,-4.182401168400052,-1.3655237491554284,-4.137727239886912,-3.759198504983341,0.0,-10.304837192565186,-3.820779147146036,-3.8418149484773623,-2.3478538622798806,-4.0759921684265565,-3.2291502356964097
2023-01-02,-2.3234475418423384,-3.3569284794720433,-3.3021411265863776,-3.542838187265396,-3.3648368322174105,-3.5861188237425123,-3.3049077927793546,-3.370911855412495,-7.374080858513111,-3.7408528705240585,-1.340963391574701,-3.875458014620503,-3.2693729235879987,0.0,-10.083125033229711,-3.367361395633983,-3.5987346462947767,-2.3234475418423384,-4.091658833676837,-3.245026934753381
2023-01-03,-2.29903512150329,-3.288043927310691,-3.245498929520463,-3.5038681745945155,-3.3074968438873253,-3.546152759387977,-3.239623931045066,-3.3123769963512406,-7.722662929905533,-3.6480292522689584,-1.2586657904200882,-3.687447292050272,-3.0827865448504466,0.0,-10.117485289324657,-3.325782748370565,-3.5645138360369977,-2.29903512150329,-4.066953014573349,-3.220084668670986
2023-01-04,-2.274616599738033,-4.208772110456305,-4.161751493102184,-3.9563758116731296,-4.174280695943611,-3.9740149521296897,-4.130287574567182,-3.669410004474427,-8.817594697254671,-4.318725305827453,-1.5195172751017894,-4.82372848602709,-4.090635382059727,0.0,-10.553995044380793,-4.216063082537625,-4.004963514992877,-2.274616599738033,-4.1868910671882364,-3.3290952550760533
2023-01-05,-2.250191975021798,-4.262238127178453,-4.202729458862098,-3.966523976057945,-3.913618938446295,-3.8305937056318795,-4.139056134950037,-3.6323265206672173,-7.429763611337325,-3.793013881085827,-1.4614066061980124,-5.066288804865648,-4.360662375415214,0.0,-10.54383421840691,-4.150855508233375,-3.9601709153459175,-2.250191975021798,-4.27263411245743,-3.400218363489327
2023-01-06,-2.2257612458292164,-4.966499883700026,-4.893359944519437,-4.305874632763307,-4.565906815809495,-4.1473191648056185,-4.8379432702103875,-3.721911155597968,-7.255812034989706,-4.5212321093612395,-1.571937080420116,-5.747463163294064,-5.066050664451749,0.0,-10.561093928113962,-4.818728799904437,-4.290290481008919,-2.2257612458292164,-4.547848511869779,-3.3760750617999546
2023-01-09,-2.2013244106345753,-3.3255095282569314,-3.2541979647706,-3.4597164079054665,-2.8689039739652644,-3.276133892583011,-3.2011446352266604,-3.402979139828688,-6.249917123465987,-2.6985641981267072,-1.130431180843594,-4.33257266952376,-3.781000830564696,0.0,-9.27232631124304,-3.1622700386031877,-3.4320716962074282,-2.2013244106345753,-4.523992038788416,-3.351925725945637
2023-01-10,-2.1768814679118065,-4.605383224876625,-4.53401792355087,-4.095642619948492,-4.119282461771833,-3.898660442618296,-4.486191518348292,-3.8299201186753673,-7.751938884074116,-4.0091098472736615,-1.2081359840303008,-5.708840931721271,-4.775280315614516,0.0,-9.633488500771236,-4.437212887462072,-4.069817639957751,-2.1768814679118065,-4.50012960322953,-3.3563942786564716
2023-01-11,-2.1524324161343977,-4.825401310043153,-4.777651141522188,-4.213989716415034,-4.559342610764361,-4.111913732920048,-4.7397229871474655,-3.5678103398026684,-8.324001340759413,-4.814632945603936,-1.2927723841766436,-5.171618761946806,-4.873359634551388,0.0,-9.656179693960832,-4.798937858827101,-4.242323986248097,-2.1524324161343977,-4.476261203702903,-3.504821731717489
2023-01-12,-2.1279772537755925,-4.980694440090083,-4.95317723305877,-4.293829772287139,-4.764096765832271,-4.205851653950498,-4.927623016554272,-3.379395857905032,-8.868451668368616,-5.309837118698391,-1.1374163497037015,-4.973856688537859,-5.072695182724141,0.0,-9.872772544126052,-5.033054066627052,-4.349121923585986,-2.1279772537755925,-4.452386838717959,-3.5225150182445097
2023-01-13,-2.118537285360833,-4.354119229694753,-4.325298624166152,-3.9606601108172934,-4.20298267906456,-3.9104305321960853,-4.304457148977637,-3.383705652788449,-8.950434686107778,-4.728499508925155,-1.0044421047391783,-4.48110000216948,-4.549636627906873,0.0,-9.395744258633021,-4.415079105415609,-4.022766645598308,-2.118537285360833,-4.428506506783769,-3.529294201198241
2023-01-16,-1.991868806217456,-4.512879767325806,-4.499197635559094,-4.03694147073157,-4.369456821193419,-3.98395826481025,-4.475716300954646,-3.530919783363895,-8.622208952304245,-4.834830963002334,-0.9940621000191441,-4.558979963204912,-4.877875830564681,0.0,-9.553716510519338,-4.591330783831127,-4.100174658634515,-1.991868806217456,-4.404620206408971,-3.5939754843876126
2023-01-17,-1.8502387279756172,-3.428660648227655,-3.4124538659698556,-3.4734259804526824,-3.1288505165276037,-3.344268888666879,-3.391710708965645,-3.0090133744927083,-8.291069942240203,-3.7187673454764036,-0.7119841790599768,-3.661452244510899,-4.035610465116135,0.0,-9.025186082054315,-3.496390902716884,-3.528342908413129,-1.8502387279756172,-4.4378431634418565,-2.999795115227377
2023-01-18,-1.7724775110603996,-2.660139676812223,-2.64646456630514,-3.075123257462853,-2.290061171113378,-2.9079972886704386,-2.6208965600644674,-2.5989633368949883,-7.687132570026634,-3.003133827586768,-0.6357244534565654,-2.8280805143814147,-3.440002076411819,0.0,-8.742094110867093,-2.7408956579464516,-3.130833565999125,-1.7724775110603996,-4.169053448108007,-2.752451964447611
2023-01-19,-1.8331515499319995,-3.002110097423194,-2.999826812694839,-3.244633629468563,-2.7349211916822824,-3.121331445564679,-2.9903890701474034,-2.574619776555853,-8.313139584708518,-3.6448918214814774,-0.6108902184197462,-2.872876597189289,-3.745649916943372,0.0,-9.049116630631083,-3.1457728398985196,-3.324875303817887,-1.8331515499319995,-4.36503927798605,-2.828632610327808
2023-01-20,-2.399935191031344,-3.5348884892727472,-3.543983232656267,-3.5146836077787236,-3.350469005450929,-3.4210932440904895,-3.5124723844720207,-2.550270132000898,-7.793111658221974,-4.2487089565372615,-0.5860497765321826,-2.9884424700612255,-4.1719580564782754,0.0,-9.663441340567758,-3.72457194810083,-3.608642146771057,-2.399935191031344,-4.767893087152919,-3.2731060340775775
2023-01-23,-1.9287178357543788,-2.7786315835896747,-2.7868275899897377,-3.1168534153494853,-2.502839115464084,-2.9808298281467693,-2.7439041780969564,-2.5259144017094726,-6.868221947379249,-3.211313132482785,-0.5612031262425599,-2.3864786690735995,-3.6887666112955353,0.0,-9.264976289930814,-2.9191144630356436,-3.1876097801599057,-1.9287178357543788,-4.340907838255892,-3.325206718092133
2023-01-24,-1.7920576945714473,-2.7522040959573557,-2.7616070517557767,-3.0916168087610107,-2.356018007691696,-2.894605315317733,-2.700265870488572,-2.5166812706454267,-6.686347470221232,-2.885051023451446,-0.5363502659991859,-2.559182839532903,-3.6900955149500425,0.0,-9.268084412238442,-2.84864690713722,-3.1403230793831227,-1.7920576945714473,-4.213749085904528,-3.434870763308173
2023-01-25,-2.324035179370809,-3.8686300679864782,-3.8639131840760177,-3.632961012990077,-3.077345134631271,-3.24784549509467,-3.7512503352199245,-2.528137778961115,-7.081379134920263,-3.0454338459647734,-0.5114911942500355,-4.71122621440867,-4.893293189368664,0.0,-9.557248249603123,-3.8004525149915147,-3.6108597610784776,-2.324035179370809,-4.614656579218002,-3.595512157506253
2023-01-27,-2.618866839643552,-5.24288684406674,-5.231974075407919,-4.313919107996811,-3.82826288822532,-3.6161209762937574,-5.04348430288376,-2.750491137263311,-6.126996602082202,-3.1345743465499343,-0.501964136839339,-6.955263928420907,-6.422061877076302,0.0,-9.640077177079254,-4.9653775144588135,-4.18956442722942,-2.618866839643552,-4.9180080202791405,-3.885205218315002
2023-01-30,-2.677942517223264,-5.399529759409538,-5.39517106098627,-4.382885981328755,-4.114772484482998,-3.7485601396696877,-5.216028416633078,-2.674042533934884,-6.463649597759624,-3.3748852883462632,-0.7019317415129955,-7.145851357386357,-6.18498754152813,0.0,-9.836036198823505,-5.152562583309816,-4.273267373198819,-2.677942517223264,-5.208339763688874,-4.066219537746019
2023-01-31,-2.7850150469052704,-5.1259135356234165,-5.106258430858068,-4.225645540969214,-3.8271476548212613,-3.590203554520066,-4.915626271813434,-2.948822195702272,-4.555766383072724,-3.074072544031947,-0.6402555828931122,-6.906951070063084,-6.114815199335444,0.0,-9.817714693409274,-4.835219700491478,-4.103297811854345,-2.7850150469052704,-5.184648367994704,-4.042242690545528
2023-02-01,-2.0986005060157686,-4.691050974603872,-4.713263387915701,-4.015720416788071,-3.0893431736940924,-3.209400701937204,-4.443396260920451,-2.781304083781322,-2.105165704743639,-1.9120761015607557,-0.6299452999340649,-5.798582303430965,-6.358534053156051,0.0,-9.529290000739877,-4.337450335172743,-3.8394430938490487,-2.0986005060157686,-5.160951051081031,-4.018259850782235
2023-02-02,-1.3983773831732327,-3.612015941072666,-3.640274417834233,-3.456279212622737,-1.5609651724785012,-2.428779180094298,-3.2814241119279663,-2.6067364607704313,0.0,0.0,-0.4893470038283221,-5.4943781256761355,-6.389898255813831,0.0,-9.187748156374509,-3.0624833052698697,-3.1832420222217883,-1.3983773831732327,-5.137247811467905,-3.9942710169584283
2023-02-03,-0.82620481346799,-2.390112591910709,-2.4164849027807023,-2.8244283368612066,-0.4365239021221323,-1.8520277945675123,-2.077099621195233,-2.535804859439239,0.0,0.0,-0.366515059446737,-3.9884316159244815,-5.094746677740758,0.0,-8.778748331163111,-1.8902365961348422,-2.5735410485739907,-0.82620481346799,-5.113538647675064,-3.9702761875760384
2023-02-06,-1.0656579866052063,-2.9018191445547625,-2.92841228050289,-3.0728799411502195,-0.812788826743216,-2.029743966681674,-2.5614948471485377,-2.5091442112199713,0.0,-0.1806510060282096,-0.39261017396514664,-4.54735723863241,-5.570234634551385,0.0,-8.96234150584041,-2.339005604764721,-2.7911129627985587,-1.0656579866052063,-5.187013070696644,-3.975392261173527
2023-02-07,-1.0560501372748887,-3.302187060908568,-3.336814449384562,-3.2689431778192835,-1.510193198941423,-2.369341352693166,-3.0154158769368666,-2.735900903973165,-2.645126668592246,-1.269271888549084,-0.32753022070557414,-4.458004048898346,-5.799335548172646,0.0,-9.310895737459635,-2.8793269007903244,-3.0498849626606983,-1.0560501372748887,-5.600536418595137,-4.185664954515945
2023-02-08,-0.7103707983739493,-2.9896272781940514,-3.021235778873921,-3.1000315818338287,-1.3132335386169647,-2.2555079864916117,-2.7135173472304652,-2.519390277328859,-2.0451885580574647,-0.9767420947203287,-0.4649641300562557,-4.397883388348422,-5.000934385381961,0.0,-9.29304563158546,-2.5835003921358846,-2.8853432218874153,-0.7103707983739493,-5.446138541954715,-3.976782577514737
2023-02-09,-0.45637604575534674,-2.763609982546822,-2.812742143838487,-2.9808698204662254,-1.2234360905787334,-2.1986182727483095,-2.532457855123016,-2.4949664584739795,-2.383834308488053,-1.1198808331971621,-0.38071956110898864,-4.013854710554976,-4.885319767441743,0.0,-9.299596217342298,-2.4360864842964847,-2.7970557104582405,-0.45637604575534674,-5.385936757729793,-3.9518753196160716
2023-02-10,-0.5014798151071198,-2.8660423806668778,-2.9271823132568597,-3.026643020854247,-1.3658667186628226,-2.259631810694396,-2.6565287268065396,-2.5428375405587844,-3.140145869949207,-1.4263349826226346,-0.38557940191943363,-3.8134568313990647,-5.081727574750716,0.0,-9.383063831502502,-2.5806680857034747,-2.858020068368372,-0.5014798151071198,-5.49316217637319,-3.994929620435128
2023-02-13,-0.9151785508999422,-3.3898564630244765,-3.456689135377755,-3.2820175933202744,-1.6405051911235646,-2.3881661648045616,-3.1399011403033805,-2.8511929083058885,-2.3977192321705143,-1.5818979669814937,-0.18992516272212656,-3.9615459711155543,-5.536742109634407,0.0,-9.29541665701288,-3.033357093723865,-3.078942994849909,-0.9151785508999422,-5.850956676030639,-4.313053468218797
2023-02-14,-0.6749551902530126,-2.3161157525201426,-2.3622894607235434,-2.7173788277812694,-0.412996469009419,-1.7567089967438831,-2.0074819335444194,-2.222067351120438,0.0,0.0,-0.25140178086858755,-3.5759719638275067,-4.691829318936747,0.0,-8.627147411243396,-1.8556554596608876,-2.468008721121573,-0.6749551902530126,-5.27276624886639,-3.7152430047967644
2023-02-15,-0.5684079255320329,-1.98892453919024,-2.0130359956672006,-2.5315410244370673,-0.0884059463083453,-1.5793207112656416,-1.6497578863709284,-2.0898621069268652,0.0,0.0,-0.2203405554557003,-3.7372647044326968,-4.234686461793902,0.0,-8.598737765346787,-1.4921031862846768,-2.269111867556295,-0.5684079255320329,-5.2700117987266815,-3.662824562277045
2023-02-16,-0.4045711744645297,-1.9956338600649381,-2.038389592745704,-2.533296784013861,-0.0997443801869724,-1.5735921996073654,-1.6653703019845811,-1.9611520871621546,0.0,0.0,-0.21056236731998856,-3.5665765455722753,-4.128374169435089,0.0,-8.649645386877902,-1.5192865159431967,-2.269295437083596,-0.4045711744645297,-5.297309593589638,-3.5393713728843923
2023-02-17,-0.6741119814960062,-2.395415846138238,-2.4476653663974224,-2.727100530468518,-0.4335709893749873,-1.731157613477896,-2.0697279351778453,-2.2432452651860557,0.0,-0.49576489963050197,0.0,-3.7847344377291536,-4.615552325581252,0.0,-8.817333783479352,-1.9254469372911975,-2.4644750436506158,-0.6741119814960062,-5.387391653536233,-3.837441061155966
2023-02-20,-0.6405769428714625,-2.7433908067563295,-2.8179314901168095,-2.9019432646466115,-0.6775576655199567,-1.8425048385321108,-2.4304092150474466,-2.286034806977977,0.0,-0.687728166890389,-0.02654796119540004,-4.170310328363625,-5.144985465116136,0.0,-8.959419703146509,-2.2594424905796773,-2.624372283372467,-0.6405769428714625,-5.639000673425532,-3.8853142196571877
2023-02-21,-0.8149169707274195,-2.852957549107893,-2.9074513648434275,-2.9355760950955267,-0.8134628251071696,-1.8981672746056777,-2.5314676805926473,-2.469382110508056,-0.46809776494332045,-0.9141325374808384,-0.06421588152156765,-4.341978393457124,-5.240137043189231,0.0,-8.897177807192314,-2.363564441631616,-2.665994336743749,-0.8149169707274195,-5.812395781499047,-4.06473446893626
2023-02-22,-1.075378403615579,-4.067235752786735,-4.1367200084334925,-3.5469584787456876,-1.842418151545533,-2.404220882059893,-3.7262455126965466,-2.83943668201464,-0.053116982925771605,-1.6594779385843528,-0.26461808102844486,-5.824426609923661,-6.688102159468324,0.0,-9.429169203670574,-3.5053360382119925,-3.2379788464529713,-1.075378403615579,-5.788855358264932,-4.4238526252456385
2023-02-23,-1.1400416540514935,-4.317620091109065,-4.379755994797607,-3.6594436919845985,-2.024525173356828,-2.4829640061828195,-3.9436158165345403,-2.8137457279248768,0.0,-1.5404049400612685,-0.37625901554350083,-6.341798242843765,-6.916943521594554,0.0,-9.622483682016437,-3.6933212870654986,-3.321995731544447,-1.1400416540514935,-5.76530905154401,-4.576402048555172
2023-02-24,-1.1153334636300416,-4.668196307114769,-4.715199646704827,-3.818349547916222,-2.4539046009481424,-2.6851230398976744,-4.296435658640519,-2.984710289548498,-0.6444565108374767,-1.9685791252615714,-0.5157428026234201,-6.990707424656306,-7.158534053156018,0.0,-9.867758644174906,-4.0466370940123175,-3.4897480421144045,-1.1153334636300416,-5.741756859865832,-4.567210813092415
2023-02-27,-1.0906190978603347,-5.19467687112013,-5.18993676351911,-4.047715964888699,-3.0956073836563625,-2.995833876141585,-4.766575312795163,-3.4863992499006735,-1.3906020013190412,-2.6177852722768957,-1.0598351854130827,-7.887507779285874,-7.547113787375281,0.0,-10.243382925656885,-4.5542445871154635,-3.734747956325646,-1.0906190978603347,-5.718198781759565,-4.619390106453192
2023-02-28,-1.0658985551989297,-5.94174323838661,-5.952181129029521,-4.422108944904146,-3.9281476430532924,-3.403672628031551,-5.536199245159123,-3.6367256135595993,-2.8085190938968885,-3.5940425293635836,-1.256055545335777,-8.323105203771942,-8.018874584717473,0.0,-10.560374401976524,-5.356978290490488,-4.131013960106234,-1.0658985551989297,-5.694634815753963,-4.737539637699384
2023-03-01,-1.0411718341020282,-5.157177523952972,-5.151738782821857,-4.0035840029828185,-3.1758526634340867,-3.0148588419149136,-4.7372651129729775,-3.3605796676448585,-2.2928435742203823,-2.7916655727123096,-1.2313763504082198,-7.853535111971411,-7.2377387873752586,0.0,-10.379848282966487,-4.567796887481013,-3.72010083784593,-1.0411718341020282,-5.684625625251838,-4.665370044230666
2023-03-02,-1.0164389330254098,-5.946272596637181,-5.932465969860335,-4.387261098839323,-4.003810453159384,-3.4169668850416945,-5.522947449883386,-3.6920730115857836,-3.1050330129120063,-3.7420239799729527,-1.2208386074146094,-8.538867606504052,-7.92345307308956,0.0,-10.771800114404895,-5.363992828584962,-4.110547473689897,-1.0164389330254098,-5.766495952843953,-4.723876058750365
2023-03-03,-0.9916998504245766,-4.091163927136776,-4.017193328368974,-3.400283940312132,-2.139422988018169,-2.4701402068985745,-3.6027812732104425,-3.1877159313199788,-0.6806604652127679,-1.8546486114481175,-1.15396189120881,-6.326607252034721,-6.475218023255669,0.0,-9.981265809353035,-3.435233798056214,-3.1203926156170625,-0.9916998504245766,-4.9237815147688435,-4.478569273715227
2023-03-06,-0.9813207514461464,-3.5469837311524643,-3.484997485049568,-3.1190328316105576,-1.5822400816587145,-2.1791305915159986,-3.0806367866385687,-2.934546771305102,0.0,-1.2633124082398695,-1.1444573196894514,-5.645655990696574,-5.852761627906822,0.0,-9.637953371885477,-2.8927744387946097,-2.8339944768217773,-0.9813207514461464,-4.957909086685863,-4.469275918804438
2023-03-08,-0.921968399929729,-3.1812978976610617,-3.1265845065547526,-2.924095476610522,-1.1604517891114274,-1.9547889210419056,-2.699015661262061,-2.730643759932494,0.0,-0.7663415204703039,-1.0118111906735283,-4.59153702845726,-5.6244497508303954,0.0,-9.471825441901483,-2.51059362660212,-2.6282820462101175,-0.921968399929729,-4.705301644202153,-4.341397910821499
2023-03-09,-1.1489622411892109,-3.9298582434358797,-3.896469322705587,-3.3021443439827047,-1.8612308512867104,-2.2964718307971643,-3.471931413706286,-3.0022257063129776,-1.248998311778049,-1.6792052797472756,-1.1711437904504796,-5.614870856208853,-6.50046719269085,0.0,-10.179070800536373,-3.292718635593739,-3.0138916556998407,-1.1489622411892109,-5.344056403148145,-4.456462847232623
2023-03-10,-1.4609740505274305,-4.853662087055488,-4.842638274693012,-3.772015718164079,-2.5798429705643833,-2.64372395654503,-4.386525408663111,-3.220448931974629,-1.122780933572054,-2.043092184222095,-1.610122551895432,-5.622622336041861,-7.43973214285697,0.0,-10.45821921720701,-4.140179065698435,-3.4335878876829318,-1.4609740505274305,-6.0298424694452795,-4.586802224467668
2023-03-13,-2.0129754830526703,-6.302456120216194,-6.310785384726502,-4.5074508316166,-3.9000556094177963,-3.2914735023379826,-5.835846111171339,-3.5754556668201154,-2.231593763683404,-3.1985333235416635,-1.7343857167331778,-6.680013608246238,-8.814348006644357,0.0,-10.840775864942165,-5.554330997558732,-4.139145715972258,-2.0129754830526703,-6.82080372642675,-4.921527237989521
2023-03-14,-2.1861694541796317,-6.748349752971395,-6.733747393904266,-4.708717647620397,-4.343025127281253,-3.5019119407151633,-6.260465314796393,-3.911896438476248,-3.237187454019963,-3.7551652709896466,-1.6792130109844705,-7.5310980178549425,-9.404381229235714,0.0,-11.133463130605946,-5.98986378689551,-4.346829796718588,-2.1861694541796317,-6.797515335824866,-5.013346566950028
2023-03-15,-2.1723630113115178,-7.408804757268617,-7.449227374074585,-5.058323123156672,-5.043489374401233,-3.842757779336281,-6.968157374414108,-3.8985331352731856,-3.313947310583343,-4.620164434809693,-1.6701430203982959,-7.488301395555286,-9.782589285714117,0.0,-11.657943115168766,-6.729582607809492,-4.70856885396167,-2.1723630113115178,-6.774221124727042,-4.989606436367488
2023-03-16,-2.110649917608909,-7.475070921579608,-7.364320542964342,-5.00426622868183,-4.937769163408801,-3.7749221790452925,-6.887405726110918,-3.837210047909545,-2.7921314184705004,-4.491910952618728,-1.638135078493741,-7.038717915885872,-9.711098421926756,0.0,-11.640429430815812,-6.619960244755562,-4.643069325293214,-2.110649917608909,-6.750921091678497,-4.965860372385034
2023-03-20,-2.086184312499084,-7.589870638943886,-7.341167994185859,-4.980523828639216,-4.914010143673265,-3.750872527539284,-6.864133981428388,-3.827579107698098,-2.767836136866497,-4.4680404989946965,-1.6282838955089751,-7.015483988844173,-10.30061662039593,0.0,-11.671053647088915,-6.596621657096435,-4.619236650866332,-2.086184312499084,-6.727615235224205,-4.9421083735197495
2023-03-21,-2.061712592670595,-7.237544599842238,-7.318009658862524,-4.956775494629484,-4.890245185816844,-3.7268168652744627,-6.840856420410201,-3.852838532768743,-2.743534783113011,-4.444164079398972,-1.6541209594921558,-6.992244254918633,-9.671766270978432,0.0,-11.560717219219164,-6.5732772363955245,-4.595398019909947,-2.061712592670595,-6.70430355390863,-4.918350438288277
2023-03-22,-2.0372347565951854,-6.997489076625685,-7.2948455355480775,-4.933021225169565,-4.866474288355382,-3.702755190748497,-6.817573041602698,-3.810916526010555,-2.719227355692444,-4.420281692340467,-1.611240269694758,-6.968998712657948,-9.437330563713498,0.0,-11.495144610108222,-6.549926981194975,-4.571553430935338,-2.0372347565951854,-6.7086699237094205,-4.89458656520696
2023-03-23,-2.012750802744334,-7.359771996046771,-7.271675622795904,-4.909261018775979,-4.842697449804422,-3.678687502458755,-6.794283843551819,-3.7157569488647457,-2.6949138530867667,-4.396393336327731,-1.5139045593033695,-6.94574736061041,-9.833333342008189,0.0,-11.838564584297517,-6.526570890036531,-4.547702882453408,-2.012750802744334,-6.785221143613951,-4.870816752791818
2023-03-24,-1.988260729588831,-7.9431926353118465,-7.248499919159091,-4.885494873964924,-4.818914668679097,-3.6546137989022065,-6.770988824803171,-3.743535143341359,-2.670594273777638,-4.372499009868902,-1.5423179925474928,-6.9224901973240165,-10.529504163735815,0.0,-12.080262181579082,-6.50320896146167,-4.523846372974716,-1.988260729588831,-6.998780160821772,-4.847040999558272
2023-03-27,-1.9637645355994104,-7.612490447629739,-7.225318423190307,-4.861722789252221,-4.795125943494161,-3.6305340785754647,-6.747687983901973,-3.6838519301953587,-2.64626861624625,-4.34859871147183,-1.4812699286084974,-6.899227221346338,-10.314878907957937,0.0,-11.87324623434245,-6.479841194011371,-4.499983901009397,-1.9637645355994104,-7.016669182151558,-4.8232593040216765
2023-03-28,-1.9392622192462183,-7.8741150890333405,-7.202131133441847,-4.8379447631532795,-4.771331272764012,-3.606448339974744,-6.724381319393058,-3.673595274343311,-2.6219368789735187,-4.324692439643929,-1.4707787209597978,-6.875958431224549,-10.494400167451555,0.0,-12.143288482655468,-6.456467586226344,-4.476115465067254,-1.9392622192462183,-7.270148955052303,-4.799471664696753
2023-03-29,-1.9147537789991564,-7.423082377668022,-7.178938048465677,-4.814160794183153,-4.747530655002707,-3.582356581595869,-6.701068829820955,-3.5758799726085977,-2.5975990604398813,-4.300780192892217,-1.3708288410240854,-6.85268382550559,-9.813275388784648,0.0,-11.882332147553376,-6.433088136646914,-4.452241063657658,-1.9147537789991564,-7.161946572298373,-4.7756780800980785
2023-03-31,-1.9046812967007054,-5.726352687325386,-7.293915748268276,-4.860907714995067,-4.865480069295202,-3.6294781341644433,-6.816192124438903,-3.5351952933817543,-2.718790872119259,-4.419526226148851,-1.3441290883330015,-6.968597367211338,-8.339876926647216,0.0,-11.342526254421426,-6.549030591033844,-4.498818657665793,-1.9046812967007054,-7.19452638472452,-4.7661056800879065
2023-04-03,-1.9884520716617504,-5.757256660708121,-7.322134781608569,-4.8630342786109,-4.772393094265881,-3.570410691286674,-6.83245319415361,-3.6301196754220055,-3.4551909615126886,-4.518647337479198,-1.3194719057338822,-7.8515799581644785,-8.137647382835777,0.0,-11.161503570488463,-6.6021900426944,-4.5126873372366205,-1.9884520716617504,-7.334844193702461,-4.858442060128443
2023-04-05,-1.7844974430485383,-4.628453700461288,-6.2008295776437965,-4.279160574879837,-3.6530213810711754,-2.9982145695337303,-5.692663419295673,-3.418317888658562,-1.7298961111158473,-3.2920319384353136,-1.3096452236180944,-5.724596348473787,-7.298121492851017,0.0,-10.908261992822943,-5.4402426492066835,-3.9163250086349577,-1.7844974430485383,-6.707687210602808,-4.665848404276107
2023-04-06,-1.9660673575088383,-4.519548049139144,-6.088195477992553,-4.209277648048493,-3.519643160392316,-2.9193346502116135,-5.6032245851047495,-3.3867565632668017,-1.808104312611425,-3.3905226340341876,-1.2780075926256962,-5.443929684052485,-7.075833995816049,0.0,-10.814057202408268,-5.348775265116235,-3.857374320206153,-1.9660673575088383,-6.674967411168908,-4.670387853026547
2023-04-10,-2.0441015650227046,-4.465720586065314,-6.023649241404216,-4.162688133643266,-3.5182817813896095,-2.9093894788908337,-5.535469714114694,-3.1893499190009833,-1.8363538981544858,-3.361326539981646,-1.2533338842002029,-4.9998907092878575,-6.944359010907741,0.0,-10.90981698906759,-5.309073635520145,-3.8265330634506545,-2.0441015650227046,-6.614828363713787,-4.47577563458842
2023-04-11,-1.8280227738854515,-4.165545077996013,-5.732724568767955,-4.00281989863831,-2.972645984446165,-2.619170389170744,-5.197153233277274,-3.0153274550991815,-0.37064263307455825,-2.7002542448651967,-1.2286540090445386,-3.586467893354983,-6.425595371341652,0.0,-10.728652045554576,-4.918567614749703,-3.6139209242016634,-1.8280227738854515,-6.322374680331777,-4.306766291645426
2023-04-12,-1.7508935091444133,-3.966470575001424,-5.546349154918994,-3.8946296102098543,-2.8950143012986818,-2.5688748436045516,-5.026678800123429,-3.1122474251643273,-0.7639758834795729,-2.6764387637328024,-1.203967965617414,-4.176250702938922,-5.949866096198086,0.0,-10.783828150711072,-4.799610964985279,-3.541485944444378,-1.7508935091444133,-6.144304052678706,-4.40157017641285
2023-04-13,-1.7127782500542255,-4.2112823206817644,-5.796844894461772,-4.011616011171027,-2.918552108217487,-2.56553741999328,-5.241230233660509,-3.1792870753479363,-0.3331492557394067,-2.6739909787444893,-1.1792757523773179,-3.9758174357886644,-5.86749958082724,0.0,-10.852305290456554,-4.976970273894665,-3.617099097727672,-1.7127782500542255,-6.252704105872542,-4.468639557560838
2023-04-17,-1.9073916194650042,-5.204808118517434,-6.785085200349849,-4.506617153547621,-3.3799071202082365,-2.7828282848377794,-6.120798409137196,-3.20880915940851,0.0,-2.7647105298546637,-1.1545773677820836,-3.3830190537914695,-6.507178131213765,0.0,-10.749146167765232,-5.73464747024749,-3.9882607814459847,-1.9073916194650042,-6.229273729437013,-4.499628948963885
2023-04-18,-2.141010183200187,-5.4614158257163865,-7.030597452318455,-4.619973963093981,-3.6468209621593695,-2.904823979948301,-6.371810415965085,-3.2704675975467112,-0.3916549236019917,-3.12138514418947,-1.14466853183125,-3.698829524744207,-6.753751736136304,0.0,-10.921344973243595,-6.000760899624435,-4.110501582919324,-2.141010183200187,-6.205837497018796,-4.559904314780416
2023-04-19,-2.1612199951916433,-5.784402999677085,-7.346673547800531,-4.76975880766235,-3.8237835879536886,-2.9807185008166592,-6.666779567475533,-3.287640776849199,-0.48755398359539015,-3.2497989288095774,-1.1090769354860863,-3.639770067602721,-6.972347332269468,0.0,-11.039736831640534,-6.26396354530282,-4.231150112272508,-2.1612199951916433,-6.182395407154351,-4.576974466079243
2023-04-20,-1.9908806650048128,-5.633936022271913,-7.193736784063908,-4.678317029266388,-3.591284477695067,-2.852358137658728,-6.496800795414459,-3.164031621425667,-0.40657467132734215,-3.078005530636374,-1.042785282147185,-3.289806465331524,-6.942255246148033,0.0,-11.092399429440992,-6.120575692555752,-4.145439783179605,-1.9908806650048128,-6.15894745837966,-4.455433184411916
2023-04-21,-2.0452589661453913,-5.488307156604256,-7.0541204304816585,-4.594646572388483,-3.544937967891204,-2.8184013986458423,-6.344052324220472,-3.1087858925722855,0.0,-2.5780516137129283,-1.0948402039413274,-1.855747131750063,-6.94435901090772,0.0,-11.162819455186634,-5.918934204861282,-4.032682880506922,-2.0452589661453913,-6.135493649230406,-4.418018705825688
2023-04-24,-1.4973695249905439,-4.908127421749652,-6.490413613734325,-4.2942887027127234,-2.914701860005331,-2.4895098719239006,-5.777376970913006,-2.7392702655296586,0.0,-2.21376529305064,-1.0116196496000263,-1.670267642965273,-6.314188652229246,0.0,-10.95249607856682,-5.397198638050749,-3.756027637293402,-1.4973695249905439,-6.1120339782419375,-4.071182446819521
2023-04-25,-1.0205768742143184,-4.490458962409227,-6.075016451837678,-4.069242791999949,-2.3794258925448952,-2.207523104574649,-5.34609929664226,-2.6552472991606457,0.0,-1.7322215447367784,-0.904585494908261,-0.9919562202520993,-6.177701757158161,0.0,-10.848547320347446,-4.966342164413495,-3.52441666545259,-1.0205768742143184,-6.186770182409895,-4.0421797995344955
2023-04-26,-0.7798614858642527,-4.103994500842401,-5.689525396454497,-3.8609124802571726,-1.9988777770561517,-2.005079644974894,-4.959725109539259,-2.3709112292300216,0.0,-1.4144815837054292,-0.7720235670806708,-0.6355088244638263,-5.943534176774379,0.0,-10.819728455528555,-4.586604835133546,-3.321484127293095,-0.7798614858642527,-5.920524243103687,-3.835256686998656
2023-04-27,-0.26383831756947584,-3.66381457920143,-5.249554087324093,-3.622202216982251,-1.514250653900051,-1.7490026573311335,-4.517047731404656,-2.210214256940468,0.0,-1.0252842701767628,-0.7618997694383678,0.0,-5.407868231124335,0.0,-10.521777544355137,-4.167420892431073,-3.095077766187526,-0.26383831756947584,-5.467329425332446,-3.5191225767210788
2023-04-28,0.0,-2.483532266992061,-4.084999939347556,-3.0820803241169425,-0.2727486475145202,-1.175178176138858,-3.3582221217620223,-1.7554030110852548,0.0,0.0,-0.8003184897849347,0.0,-4.616130801416018,0.0,-10.190581488359584,-2.9939178065007566,-2.5557451165481693,0.0,-4.338530840546451,-3.0115896203441017
2023-05-02,0.0,-2.316107719757199,-3.8969175063262917,-2.8917559140062554,-0.19061174621711752,-1.0936779694127208,-3.207217779553706,-1.7139936315350601,-0.031833422419824675,-0.20330570794763192,-0.7755253919371707,0.0,-4.179733677220787,0.0,-10.26540842014495,-2.8805600281918142,-2.440235094613885,0.0,-4.312277348457361,-2.9771927850156032
2023-05-03,-0.31095929647857457,-2.6754169592463906,-4.25039098802702,-3.2445834930951434,-0.4819700751710898,-1.3781498006781079,-3.5260995600286837,-1.947623093172346,0.0,-0.20602420924842324,-0.7507260975200714,-0.09414273953909369,-4.484923943388852,0.0,-10.319565034713074,-3.149460005765714,-2.7022640677768273,-0.31095929647857457,-4.832090376645882,-3.2701456094815007
2023-05-04,0.0,-1.9144095426237295,-3.5022082363192375,-2.489187111692892,0.0,-0.6183684221069741,-2.7821090243342117,-1.2843915242367832,-0.11638127154974809,0.0,-0.7407072729517128,0.0,-3.6086956084053767,0.0,-10.31125478482896,-2.414252090385649,-1.9655507664638305,0.0,-4.808304944481767,-2.7555139108436433
2023-05-05,-0.44691945513705145,-2.470657945398791,-4.057578242732429,-3.049466681817825,-0.6904819879638313,-1.3159969072591093,-3.377312736716187,-1.848343168687916,-0.14867396828576185,-0.7693966714955702,-0.7701222188974066,0.0,-4.595010653240306,0.0,-10.765933007565065,-2.9644549583443314,-2.5260817964933957,-0.44691945513705145,-4.784513567595461,-3.188452395782715
2023-05-08,0.0,-1.7356349880676136,-3.3431270246309763,-2.3280803226592095,0.0,-0.569880686696933,-2.65136057731985,-1.2913126595681779,0.0,0.0,-0.6875520416001257,0.0,-3.563289352342025,0.0,-10.42075664160157,-2.236770103893815,-1.796768244340341,0.0,-4.760716244501239,-2.643883475369746
2023-05-09,-0.3295732437804455,-1.945533287437129,-3.5227623573151456,-2.506896039781048,-0.2847014368104861,-0.8499511639099233,-2.8475624383605735,-1.4258804123375546,-1.1562345932470741,-0.30925884204150433,-0.6819159951192089,-0.8727086957081021,-3.5551114824673213,0.0,-10.564757412325399,-2.4628519998309284,-2.0236467865873187,-0.3295732437804455,-4.736912973712915,-2.976013418285006
2023-05-10,-0.24203621197613767,-1.8216060298836378,-3.4113543345685615,-2.3945615718120816,-0.14871365824630223,-0.714290606407364,-2.7158630669011474,-1.2968366126068442,-0.9179131971068677,0.0,-0.5896407314732621,-0.7027951229198193,-3.295595599243717,0.0,-10.58838805801151,-2.3129316055314875,-1.8740847992562926,-0.24203621197613767,-4.713103753743974,-2.8537298700959446
2023-05-11,-0.9856065105388279,-2.356172728313688,-3.91956183672183,-2.889306841357664,-0.6888655954819245,-1.2343079517608713,-3.20694059558716,-1.6290262257747434,-2.5927035165869583,-0.04519103877678177,-0.29331870617258504,-1.8875586475610828,-3.391162207224374,0.0,-10.770939255961576,-2.7302571512136886,-2.2820057507763725,-0.9856065105388279,-4.689288583107521,-3.3106638317624393
2023-05-12,-0.9220010507026144,-2.1450882567040197,-3.7239146691565805,-2.690986891257874,-0.41868754368128425,-0.9628645933461799,-2.987195331691006,-1.3223396446256586,-2.6171600449287125,0.0,-0.09607859818906439,-1.7430351686734902,-3.297173422813504,0.0,-10.656009108543962,-2.482665202496326,-2.0315122307994815,-0.9220010507026144,-4.665467460316297,-3.103189988966093
2023-05-15,-0.48099969893302674,-1.4694206193118453,-3.0539195822443244,-2.016242324729345,0.0,-0.2315637604735188,-2.3120684017775117,-0.85050739948338,-1.1886967854999875,0.0,0.0,-0.7456965630023626,-2.853392496814655,0.0,-10.494692470763523,-1.7591322127591735,-1.3019997061708533,-0.48099969893302674,-4.64164038388275,-2.605141951652312
2023-05-16,-0.6930911998311418,-1.7854530446343442,-3.347913780538525,-2.307211461565528,-0.33154201019688356,-0.5575474632321553,-2.627659892190437,-1.1060812638615025,-2.0266610923517003,-0.47378355293730134,-0.050360608418720254,-1.2923574434072105,-3.446602596185677,0.0,-10.467149592577629,-2.0871629505677114,-1.626277900528661,-0.6930911998311418,-4.617807352318781,-2.829315468813709
2023-05-17,-0.8626991169435105,-2.1689436251165595,-3.7484573158046652,-2.7149031367755927,-0.6405733476391062,-0.8707994493733939,-3.0078205192086815,-1.3070002272149384,-1.5740112617477764,-0.6427983998396503,-0.14848677436778424,-1.1917743531092984,-3.9996864765372897,0.0,-10.946326989631306,-2.4289597524397855,-1.9705785511578866,-0.8626991169435105,-4.593968364136048,-2.9200965187318073
2023-05-18,-1.2652336150236865,-2.681839991911439,-4.242122566011986,-3.212302219595786,-1.1311832342800532,-1.3592057964629811,-3.4822556725657816,-1.5811184408831114,-3.009599007142061,-1.0992176793211517,-0.01560764117447544,-2.114911816701004,-4.273196520441758,0.0,-11.193974796615692,-2.9554367309343466,-2.4993708755609356,-1.2652336150236865,-4.570123417845839,-3.2921592975308944
2023-05-19,-0.9682852346748483,-2.1770899302055113,-3.72247820310162,-2.684961452669299,-0.6481799312171521,-0.8741746767177205,-2.977292450099045,-1.3078213156774154,-2.9554732149652763,-0.6827065827396228,0.0,-1.85072579635287,-3.8853716120217263,0.0,-11.106971378975627,-2.460973334707417,-2.0018961391983447,-0.9682852346748483,-4.616604457196982,-3.036425385389907
2023-05-22,-1.022055580552128,-1.6162048000934348,-3.1521867898933076,-2.1057388829058166,-0.19570038527956246,-0.4202211848445714,-2.434604387355077,-1.019887854889201,-2.028244178317784,-0.23967502033538368,0.0,-1.3093813374681962,-3.2992875001455646,0.0,-10.714288568738638,-1.9274932371249442,-1.4687477231798196,-1.022055580552128,-4.629424468230237,-3.0419766285666228
2023-05-23,-0.9820876622541053,-1.5163287990375474,-3.059526458712547,-2.010266978187847,-0.09886131342241589,-0.32330178725570313,-2.342257111158985,-1.0758026082925198,-1.4959358047952898,-0.12177403463278225,-0.022581427696510836,-0.9149074872463747,-3.121880317984005,0.0,-10.626195534802264,-1.8298794049707467,-1.3708143049251609,-0.9820876622541053,-4.548664455615603,-3.0149780054922193
2023-05-24,-1.1134233674262473,-1.7925023114282457,-3.333565005255601,-2.2837545787372515,-0.4015722860927995,-0.625621070892679,-2.625232673147815,-1.435171627930365,-1.072942186227177,-0.24934403763567925,-0.12997039054107873,-0.9484562921469597,-3.4524085744195188,0.0,-10.828389473980604,-2.074535093412966,-1.6181541669858635,-1.1134233674262473,-4.630091308245198,-3.0901632622912456
2023-05-25,-0.9342960852330995,-1.3928885933401025,-2.947576894744064,-1.8987675130275772,0.0,-0.15641873311951215,-2.2186678592288733,-1.2542562673140578,0.0,0.0,-0.1746219035588914,-0.08304080033055827,-3.2636472500990332,0.0,-10.526374666947591,-1.6388636259219491,-1.1853399058491365,-0.9342960852330995,-4.3029165002455905,-2.7840686428847405
2023-05-26,-0.33165636536709453,-0.4252659951114124,-1.9892000597049542,-0.9293691492213374,0.0,0.0,-1.2834661084364596,-0.44361326370956355,0.0,0.0,0.0,0.0,-2.3227487738997743,0.0,-10.523748809376887,-0.6791145104845797,-0.22178854507624024,-0.33165636536709453,-3.819904582542366,-2.273656652873457
2023-05-29,-0.09167662607967308,0.0,-1.5638763723800353,-0.5037333063904748,0.0,0.0,-0.8457021013091981,-0.11276094607450826,0.0,0.0,0.0,0.0,-1.798436970408679,0.0,-10.278798740294926,-0.22537337285822856,0.0,-0.09167662607967308,-3.7958661735435717,-2.016654512446636
2023-05-30,0.0,0.0,-1.3385064124699975,-0.27345048530664773,0.0,0.0,-0.5899896994161824,-0.20031067698512706,0.0,0.0,0.0,0.0,-1.6125837914912844,0.0,-10.202939678158096,0.0,0.0,0.0,-3.8860177115859096,-1.7895090502865085
2023-05-31,-0.021248526203809792,-0.22324519507794793,-1.5471684428175259,-0.4853954392672666,-0.14169067849953976,-0.14293531020918016,-0.7919388653090276,-0.25322284271681594,-1.000695455761158,-0.07165816398675418,-0.13074583744756563,-0.5875407070223382,-2.1376793504811253,0.0,-9.967928130707316,-0.1740246245487187,-0.17479716731755301,-0.021248526203809792,-3.9255133162198863,-1.7694738560572798
2023-06-01,-0.33119723414040125,-0.5662355345943504,-1.8514777784158332,-0.7940191196051161,-0.5440053990151017,-0.544736509480237,-1.137763389382307,-0.4464890695443313,-2.1413785140091735,-0.5502501590077924,-0.16296114961249497,-1.3980586911291337,-2.383995141094919,0.0,-9.875514273903974,-0.5130662694094901,-0.5159290187586985,-0.33119723414040125,-4.196009254955479,-2.0726491806386083
2023-06-02,-0.08431664164809671,-0.17911236333661984,-1.4800724409880561,-0.42048842692229416,-0.13309602546577315,-0.13418366800445058,-0.7548706056505261,-0.12790162727061016,-1.3409679596992574,-0.09673841521420368,-0.16810358419910854,-0.7337170822363737,-2.1392674866233086,0.0,-9.925983267395411,-0.10115118368897447,-0.10430343486801386,-0.08431664164809671,-3.9811589682328674,-1.815587331531654
2023-06-05,-0.16073950014968696,-0.045425805145782316,-1.3377189545422663,-0.2775049944440333,-0.13533960543878898,-0.13617673922662332,-0.6343139617798976,0.0,-1.364375782803895,-0.210741322559993,0.0,-0.7347500474853108,-1.8237852732485127,0.0,-10.039969130869963,-0.019890272934974806,-0.022576179921929285,-0.16073950014968696,-4.135929739521316,-2.020725521603073
2023-06-06,-0.5761143278551595,-0.4696408782015937,-1.784542384665666,-0.7325086965926153,-0.5025192223318209,-0.5031910043678423,-1.0569770380885912,-0.3405264146730369,-1.0936864477277375,-0.4719466452964616,-0.06521551309373042,-0.8260929618469026,-1.7965910199578161,0.0,-10.223893688274943,-0.4125654682968327,-0.4135118262564297,-0.5761143278551595,-4.566831916635394,-2.2542691659302894
2023-06-07,-0.060616819480685535,0.0,-0.959620407655426,0.0,0.0,0.0,-0.24468221966150727,0.0,-0.5989018340396002,0.0,0.0,-0.10802808544755349,-1.1239122380467426,0.0,-10.045927162745173,0.0,0.0,-0.060616819480685535,-3.849446233179221,-1.739951112425142
2023-06-08,-0.311717748193574,-0.33209714652162603,-1.2883271356492254,-0.33370249986219847,-0.41371223520996203,-0.4137750277403818,-0.5839173033678313,-0.3712965418493641,-0.6537725405037276,-0.5098391046330919,-0.10789765279536345,-0.4591648092066247,-1.608881578017174,0.0,-10.409055873275008,-0.3722494603473292,-0.37112034198359956,-0.311717748193574,-4.034745191541944,-1.9953233345143206
2023-06-09,-0.852572599280188,-0.963455986604711,-1.909574909604339,-0.9619924077092445,-1.0451071280199065,-1.0454697763603304,-1.18760374679594,-0.8709966161133287,-1.1315515821616495,-1.1428052226311047,-0.16789799376585313,-1.196795763743752,-1.9845582762072378,0.0,-10.686814982086478,-1.0149112316561015,-1.0129838259315904,-0.852572599280188,-4.6681861575274315,-2.516911744446404
2023-06-12,-0.9155382825268843,-0.8276146099340798,-1.7495588980961596,-0.7974490140178703,-0.9365757357464033,-0.9371025918993747,-1.0640237969849475,-0.7028637403777793,-1.5260086567378317,-1.1203599039016021,-0.08678672729433012,-1.2961095673338585,-1.7833909273480053,0.0,-10.758901219036032,-0.8960339560566744,-0.8946917701182611,-0.9155382825268843,-4.644359760581185,-2.487773784909908
2023-06-13,-0.5966054133362153,-0.17831022336024516,-1.110580279017892,-0.15340330319645323,-0.19822618499903966,-0.19804139214785188,-0.40760396442959257,-0.4172843874037935,-0.12075123685842959,-0.2969004793958008,0.0,-0.5201590392781341,-1.1780326177470157,0.0,-10.520870494252188,-0.20468168797148634,-0.20326543893847138,-0.5966054133362153,-4.620527408674368,-2.1915835479975887
2023-06-14,-0.5345069842635719,-0.12128245520414138,-1.0530581129097105,-0.0958462595980425,-0.12354599521879894,-0.12312987659663932,-0.358757328057846,-0.3076860320385455,-0.34043978263158525,-0.18293018232672376,0.0,-0.5716408757218239,-0.9681511452508285,0.0,-10.553261057913165,-0.12806003759323614,-0.1265788724223782,-0.5345069842635719,-4.68179125920406,-2.2025189816564095
2023-06-15,-0.46743785754838063,-0.5786901578166193,-1.5187333607160514,-0.5659275950570919,-0.398530485436166,-0.39955276044825183,-0.8073169126676993,-0.7545864842354866,0.0,-0.3346312728814693,-0.19945977892973366,-0.838449121640239,-1.326141781858181,0.0,-10.80009197692079,-0.5269415081870399,-0.5248785881263873,-0.46743785754838063,-4.67124753197986,-2.211392813646207
2023-06-16,-0.22842140454094606,0.0,-0.895081405075604,0.0,0.0,0.0,-0.16752830069962643,-0.37781919079629134,0.0,0.0,-0.15989237030727965,0.0,-0.5980226109858378,0.0,-10.544376171542636,0.0,0.0,-0.22842140454094606,-4.236287834037289,-1.77043043394014
2023-06-19,-0.45074763595787104,-0.28653337264333834,-1.1626539943804803,-0.2687972649989878,-0.23596405145301924,-0.23667479411997316,-0.43782025975082073,-0.6638227012521258,-0.16117714350979417,-0.2816723131829457,-0.1922006162081158,-0.5164542737266298,-0.9705333494639978,0.0,-10.661226753710674,-0.28261255134433005,-0.28434198611955175,-0.45074763595787104,-4.466555177240639,-2.0078690480243133
2023-06-20,-0.3318352167397287,-0.0744291694193655,-0.9382995324544452,-0.041348138523633615,-0.04581428665811904,-0.04693492315201997,-0.222251367972226,-0.517661992967644,-0.0986946697436153,-0.1468372441735255,-0.13156884782308254,-0.46671389365210425,-0.6471310805233221,0.0,-10.624563971195899,-0.08670145772519122,-0.08901675570908152,-0.3318352167397287,-4.327764997410588,-1.9438052135095307
2023-06-21,-0.27662065478636366,0.0,-0.6879624487592384,0.0,0.0,0.0,0.0,-0.30432838367167037,-0.7869356955414242,0.0,-0.11470563478758189,-0.5842337121156449,-0.4351355306950966,0.0,-10.554688101305576,0.0,0.0,-0.27662065478636366,-4.408825266393157,-2.042311928251883
2023-06-22,-0.2267787537883703,-0.22557507964250378,-0.9241123628434766,-0.23905027981773186,-0.17703904332277975,-0.17756527695015345,-0.20061470584108454,-0.6009328320815355,-0.5073472471912921,-0.1252264165883754,-0.22556593569368344,-0.6563996477695122,-0.8871046391409676,0.0,-10.66965188099821,-0.2137014986015262,-0.2137354965917604,-0.2267787537883703,-4.643672152771017,-2.2228674178807695
2023-06-23,-0.33220957564348286,-0.7440393199867557,-1.4520235242211799,-0.7699940753343237,-0.5839704660175027,-0.5848303988308379,-0.6968994702759357,-1.0397862378636602,-1.0672983205811004,-0.3980250288398324,-0.5738950180228519,-1.0221162404728035,-1.4454685565365,0.0,-10.91206559562945,-0.6939617505825946,-0.6922584178468583,-0.33220957564348286,-4.619839629009559,-2.6000688480492418
2023-06-26,-0.5033833965913281,-0.8483499943808814,-1.5567142976540826,-0.8771648994836734,-0.7289356166261363,-0.7287031869268934,-0.8052274935346326,-1.1079987494643229,-0.9768599525116994,-0.5454196003711442,-0.5826740359010985,-0.9650173691909902,-1.3097757295364332,0.0,-11.071375717132092,-0.7975617304967098,-0.7953345037970516,-0.5033833965913281,-4.596001148756201,-2.7299982156660962
2023-06-27,-0.16294752563036363,-0.18737642044922564,-0.9005526449573198,-0.2156397321814385,-0.1657384403497164,-0.1656727899514432,-0.15312362874652097,-0.5684154230836347,-0.7737020051743038,-0.06562218492116578,-0.5706832748884394,-0.29570988313463165,-0.643428867049145,0.0,-10.649986228539376,-0.17704262416098349,-0.17503738635148425,-0.16294752563036363,-4.572156710522357,-2.5455138615611106
2023-06-28,0.0,0.0,-0.06359211631781214,0.0,0.0,0.0,0.0,0.0,0.0,0.0,-0.2858426843385997,0.0,0.0,0.0,-10.360364273069322,0.0,0.0,0.0,-4.606158787457259,-2.2405949722122176
2023-06-30,0.0,0.0,0.0,0.0,0.0,0.0,0.0,0.0,0.0,0.0,0.0,0.0,0.0,0.0,-9.619209641356274,0.0,0.0,0.0,-4.2219310914570425,-2.0118935346508215
2023-07-03,0.0,0.0,0.0,0.0,0.0,0.0,0.0,0.0,0.0,0.0,0.0,0.0,0.0,0.0,-9.38673692633758,0.0,0.0,0.0,-3.654785655063897,-1.5171279579147434
2023-07-04,0.0,0.0,0.0,0.0,0.0,0.0,0.0,0.0,0.0,0.0,0.0,-0.027939044191849227,0.0,0.0,-9.47361028735113,0.0,0.0,0.0,-3.567644780730961,-1.4975654947165795
2023-07-05,0.0,0.0,0.0,0.0,0.0,0.0,0.0,0.0,0.0,0.0,0.0,0.0,0.0,0.0,-9.324751768351813,0.0,0.0,0.0,-3.4229070109405346,-0.8812447426951975
2023-07-06,0.0,0.0,0.0,0.0,0.0,0.0,0.0,0.0,0.0,0.0,0.0,0.0,0.0,0.0,-9.323607310977511,0.0,0.0,0.0,-3.398769379852584,-0.6038979708672731
2023-07-07,-0.7768874327215847,-0.7777983018863566,-0.7870180603660848,-0.7861664784383438,-0.8829910337566194,-0.8846221598775905,-0.8062832062646796,-0.5345406204229741,-1.1817989433434817,-0.9091274229096391,0.0,-0.7384763201403466,-0.848835445771845,0.0,-9.628544997597988,-0.8321218068005565,-0.831999014153384,-0.7768874327215847,-3.374625716016977,-1.2620769239665597
2023-07-10,-0.8067059449360037,-0.6352972432419723,-0.6737692561951669,-0.6684769350864816,-0.7868272168430002,-0.7886065830908118,-0.7185380798548913,-0.2154355413403808,-1.3903022793278152,-0.9520735577218109,0.0,-0.4081554315044311,-0.7252305958216909,0.0,-9.514428697411725,-0.7470315904178793,-0.7472859943844834,-0.8067059449360037,-3.3504760179258963,-1.0229167570404263
2023-07-11,-0.2990113038768061,-0.05294239763596886,-0.09019701242113376,-0.08259738259945859,-0.1683319240324943,-0.1716182572938929,-0.14573557925731118,0.0,-0.16039859194008077,-0.25797913213626567,-0.05330537121510659,0.0,-0.2969661866256357,0.0,-9.270613688797624,-0.12411348790776211,-0.12090023579469644,-0.2990113038768061,-3.3263202840711936,-0.41008241749795893
2023-07-12,-0.6427129457065139,-0.4151021845682834,-0.4700881265717105,-0.4629338145642481,-0.505110836021172,-0.5075776221690753,-0.5173088713755658,-0.3244244597373602,-0.507808091481099,-0.5720000393938385,-0.20240169400229657,-0.2717231618392102,-0.5795674040617427,0.0,-9.444754565674785,-0.4863320126515247,-0.48435981529408867,-0.6427129457065139,-3.4459030516695632,-0.7431482431712322
2023-07-13,-0.28865038470878845,-0.13079837732785649,-0.13902204013666042,-0.13515418475288365,-0.36887060623136403,-0.37413199261197017,-0.19753528077730564,0.0,-0.5235515340226926,-0.3570074517742272,0.0,-0.4161802884477206,-0.42852486191499173,0.0,-9.327362315907738,-0.23756155777667765,-0.23364321840275704,-0.28865038470878845,-3.1523187679020515,-0.5743566816111656
2023-07-14,0.0,0.0,0.0,0.0,0.0,0.0,0.0,0.0,-0.10456454355051159,0.0,0.0,0.0,0.0,0.0,-8.78825090152835,0.0,0.0,0.0,-2.100366885049343,0.0
2023-07-17,0.0,0.0,0.0,0.0,0.0,0.0,0.0,0.0,-0.19941636952076625,0.0,0.0,0.0,0.0,0.0,-8.361950476761226,0.0,0.0,0.0,-1.7464379550319764,0.0
2023-07-18,0.0,0.0,0.0,0.0,0.0,0.0,0.0,0.0,-0.06815440067164946,0.0,0.0,-0.05101030902004977,0.0,0.0,-8.425644008108325,0.0,0.0,0.0,-1.3935494203315524,0.0
2023-07-19,0.0,0.0,0.0,0.0,0.0,0.0,0.0,0.0,0.0,0.0,-0.02040986711553394,0.0,0.0,0.0,-8.271728958165415,0.0,0.0,0.0,-1.2373834220197,0.0
2023-07-20,0.0,0.0,0.0,0.0,0.0,0.0,0.0,0.0,0.0,0.0,0.0,0.0,0.0,0.0,-8.133773271877631,0.0,0.0,0.0,-1.212699560345476,0.0
2023-07-21,-0.6361845120773757,-1.2900954846582713,-1.4205991327807643,-1.412881481570305,-0.9434419884013057,-0.9379204416523179,-1.287785298106836,-0.22595408889004576,0.0,-1.0681034344544815,-0.3716692053943649,-0.064227879986134,-1.1719737128305208,0.0,-8.205034549331447,-1.3137766294725517,-1.3135603459116685,-0.6361845120773757,-1.188009529403533,-1.0518219867075573
2023-07-24,-0.8817877192795698,-1.8201570763224928,-1.899712242825058,-1.8901745215316956,-1.6846233082788542,-1.6801639574694383,-1.8158393745226653,-0.14943231975385052,-1.783679208881228,-1.9666375104378298,-0.3770693968023431,-0.9734029811079625,-1.5356047442035448,0.0,-8.390304501718472,-1.9164507459468627,-1.9137467936068964,-0.8817877192795698,-1.1633133276519048,-1.608499707253408
2023-07-25,-1.3531264446643099,-2.3081228063686843,-2.365069542751863,-2.3567480614687386,-2.2230501539070913,-2.21901906294405,-2.274079789895189,-0.344748670771311,-3.2354888100685986,-2.4610875696953527,-0.3899274348999171,-1.8217985919546154,-1.4943116970083548,0.0,-8.65726505458878,-2.4127463355134604,-2.413114785605497,-1.3531264446643099,-1.1386109535483024,-2.0382693814688158
2023-07-26,-0.6302425036181281,-1.3230220081347888,-1.398550606081217,-1.3858793645864287,-1.2123092244547773,-1.2083014635020373,-1.3211989844999716,0.0,-1.1664364603317656,-1.5426847305977764,-0.10906073126681903,-0.4880154244042423,-1.0052960483707074,0.0,-8.592073448539717,-1.4314947799992317,-1.4265398110559158,-0.6302425036181281,-1.2165026421870007,-1.2241125162557043
2023-07-27,-0.5660678754097925,-1.6017025696797083,-1.659493969131809,-1.6451118649146723,-1.584446495212144,-1.5813975124897905,-1.6154820323725505,-0.09304004155819001,-1.756139662595857,-1.9693839540871783,-0.3235930233435713,-0.8177372722746323,-1.5979157960080204,0.0,-8.768132370103876,-1.738386007072601,-1.7309595784052667,-0.5660678754097925,-1.3179649627450774,-1.313905930976489
2023-07-28,-0.6984907241069593,-1.7133053221773054,-1.8002685005716668,-1.78600349807716,-1.5901038889786223,-1.5847961728598703,-1.7423886942509292,-0.2920067561744233,-1.4624788277632361,-1.9297398035527769,-0.35752994070100685,-0.727538444945619,-1.6672361079543063,0.0,-8.782506253348233,-1.8175495563806932,-1.8119705600662117,-0.6984907241069593,-1.4728963639421444,-1.4365734695566679
2023-07-31,-0.3226334499077388,-1.2946497838996818,-1.3625439003875361,-1.3478362550007783,-1.3890240126562703,-1.3864658534396002,-1.3352759231372247,0.0,-1.4381522025771476,-1.7712332645991369,-0.1843691055922969,-0.5943468065016999,-1.1279238854958518,0.0,-8.51615943286207,-1.4730496599841714,-1.4626536176202354,-0.3226334499077388,-1.1421664809044607,-1.1360484901279277
2023-08-01,-0.41787423685165637,-1.5118205017571662,-1.5432981410201774,-1.5290453684242533,-1.575843286288392,-1.5735760906118057,-1.5118751494730076,-0.0631828040090543,-1.6887027846429148,-1.8211068135285502,0.0,-0.9064358092933822,-1.2292795467931383,0.0,-8.651807153442803,-1.6522026870104067,-1.6394464824582289,-0.41787423685165637,-1.48799213663805,-1.4255157650476469
2023-08-02,-0.7615000011392703,-2.3896755884005305,-2.3935646310642267,-2.379699336326613,-2.343031293232578,-2.341230403411565,-2.348326687922553,-0.48686385798866194,-2.603752389978775,-2.4491350003359336,-0.2844243514003697,-1.8826791185498015,-2.2653596400544207,0.0,-9.424506954347688,-2.456506067825548,-2.4442416716410564,-0.7615000011392703,-2.1099017369665685,-2.012789384596314
2023-08-03,-1.0641162463086884,-3.2441049587093373,-3.223888705268352,-3.2098823720931313,-3.1763531471010853,-3.1731327565758582,-3.221558382809153,-0.9960098229586323,-3.5513052178363425,-3.4269422021862006,-0.4531264577113503,-2.6908971609192145,-2.9906176605005497,0.0,-9.794490332625227,-3.3126253561248653,-3.3014047292800552,-1.0641162463086884,-2.7864462561272063,-2.567762456437628
2023-08-04,-0.9053512949093734,-2.7264752015153437,-2.68506259319482,-2.6711696155477416,-2.4908925966264372,-2.4886883226966416,-2.64712221034189,-0.9559526862746859,-2.9667650527926526,-2.651021880979021,-0.33932459631889067,-2.096178362285206,-2.3131633807704444,0.0,-9.389077588993677,-2.755216765794277,-2.7402390386503606,-0.9053512949093734,-2.7621495536236162,-2.3850131187206913
2023-08-07,-0.7810407131795372,-2.375434274819932,-2.3080483604310476,-2.295537064677944,-2.1061513084204675,-2.1050196772941066,-2.2695582960388427,-0.8670157727299399,-2.7974408624364067,-2.1801415647708766,-0.13265167319165272,-1.7615441498423423,-1.9112404777441028,0.0,-9.146210638021056,-2.375753745146414,-2.3591123261952895,-0.7810407131795372,-2.737846778615438,-2.2783319042289696
2023-08-08,-0.778149968653008,-2.5225552630572246,-2.455670489497097,-2.4421462373975467,-2.3526159646617084,-2.3503653617738984,-2.424463107542263,-0.7704394179603558,-3.1568526967383215,-2.434106897031618,-0.15913568441818793,-1.9641913621995188,-2.0436343551504588,0.0,-9.327602089597342,-2.5450564768690676,-2.5297157071245135,-0.778149968653008,-2.7135379295849416,-2.384739835369676
2023-08-09,-0.7265426645020834,-2.2705126815527943,-2.226574151777183,-2.211565053213893,-2.1161615261486855,-2.1123728906514927,-2.2000319897780174,-0.7562043205316837,-2.3557087965887957,-2.2889876440086443,-0.15836540080494954,-1.6130942825109962,-1.7348065488191788,0.0,-9.203561422994477,-2.3280794759895196,-2.3123723729811196,-0.7265426645020834,-2.6892230050140298,-2.382004820256778
2023-08-10,-0.7410357741022389,-2.82894979233268,-2.7858785271019815,-2.771025529506821,-2.760225446418796,-2.7555459633545776,-2.7854998251671925,-0.9637559096668857,-3.334364364209208,-3.044928008239378,-0.41275105639189125,-2.129414024790477,-2.1825291502615918,0.0,-9.335296629564127,-2.9276914198726245,-2.91350850959613,-0.7410357741022389,-2.664902003384262,-2.5716860616865067
2023-08-11,-0.838676080567824,-3.285400625458279,-3.27143889942062,-3.25760212990005,-3.25394004036349,-3.2499696402713663,-3.275167565579584,-1.1243577241684233,-3.7718997416021804,-3.5793485282799575,-0.6000420054873001,-2.459802581012427,-2.7571222930154016,0.0,-9.512085144714755,-3.425168877119533,-3.4104192498701225,-0.838676080567824,-2.640574923176797,-2.6599220063847406
2023-08-14,-0.6652811084506993,-3.0606053700744873,-3.0169712117117498,-3.002548238081304,-2.9328056034854333,-2.9278499434383543,-3.021258797552928,-1.2958895056049968,-3.4937277500133535,-3.2466758124249595,-0.5673674489360847,-2.202088250467671,-2.725839681503872,0.0,-9.244412615225306,-3.1617028852308326,-3.1469343717652642,-0.6652811084506993,-2.6162417628724066,-2.4000527438329478
2023-08-16,-0.46926539908878073,-2.774402478549165,-2.7046652643559543,-2.688849279475203,-2.763496966247614,-2.757538201405718,-2.764335289131825,-1.238303933994367,-3.241002534406179,-3.1665281732582096,-0.5249031411032168,-1.9099484382261722,-2.5734347085462295,0.0,-9.0316056631094,-2.9021267843500786,-2.8851922745146585,-0.46926539908878073,-2.591902520951439,-2.393185719853552
2023-08-17,-0.4952173505984314,-3.420219629041632,-3.3353332012499792,-3.3200212077515,-3.5162255832377975,-3.510194370524944,-3.4177851103086576,-1.2727805616037258,-4.609822990660151,-3.9146439423507373,-0.5721104393384135,-2.632571481642898,-3.0727051882699863,0.0,-9.203315717664196,-3.556638950049129,-3.5420893765311656,-0.4952173505984314,-2.5675571958939436,-2.368790729262671
2023-08-18,-0.6311060315536299,-3.6955917317708087,-3.6457905314605688,-3.6299216369647946,-3.6669204727555083,-3.6606021983504933,-3.701603919812846,-1.482978572015048,-4.683969657476084,-4.164203407117628,-0.5908059956556633,-2.881160382731185,-3.3484907361922556,0.0,-9.37273400181995,-3.813018857992845,-3.803055506143449,-0.6311060315536299,-2.5432057861795587,-2.3443896416019405
2023-08-21,-0.49317711822685073,-3.1680124410746635,-3.1079231810714147,-3.0910636228396515,-3.0634764494350653,-3.0582351915438455,-3.1591731491468322,-1.3636026247053956,-3.547968447181682,-3.4035123664785005,-0.5851236135233862,-2.285381965303801,-2.9308092176169587,0.0,-8.94936550121388,-3.2397353657186434,-3.225760345870554,-0.49317711822685073,-2.5188482902875453,-2.3199824553474913
2023-08-22,-0.4822326497192275,-3.0690393674734806,-3.028228817261991,-3.009962102504349,-2.8326621692789877,-2.827476754244518,-3.0671344221238184,-1.4849390444252042,-2.665084994814304,-3.175215116517127,-0.6968622915479283,-2.081266601336118,-2.9165463019309223,0.0,-8.809415603728187,-3.1113859281756473,-3.096628119134337,-0.4822326497192275,-2.4944847066967424,-2.295569168975131
2023-08-23,-0.43057681933657,-2.6862635126285728,-2.644497879604135,-2.6241009883312905,-2.637912601820802,-2.6316050795634482,-2.69323396859521,-1.137151610736875,-2.6375501101971843,-2.9707999726296452,-0.5765208702177782,-1.7530121958910239,-2.678544283224893,0.0,-8.633496056131317,-2.77811625657971,-2.762426077371727,-0.43057681933657,-2.470115033885667,-2.27114978096018
2023-08-24,-0.2992404783466074,-2.8805232004611603,-2.8080993123765996,-2.78732875968849,-2.8567805177476258,-2.849319430043884,-2.875826189893016,-1.1273559431696833,-2.891180414804362,-3.120764277928967,-0.732491880045516,-2.0140207932682674,-2.9653471758889105,0.0,-8.604578313487288,-2.94308028945226,-2.9286452247434425,-0.2992404783466074,-2.5034867163090335,-2.2467242897776907
2023-08-25,-0.3011525103477797,-3.55427440610131,-3.4670790768044912,-3.4479335182939663,-3.533863143410787,-3.5258888622335727,-3.527690323354715,-1.2402542795791116,-4.09900210025077,-3.7148260390787113,-0.7242743272846797,-2.6893254973419656,-3.570470192314701,0.0,-9.106794113686123,-3.602608590349521,-3.591264014400608,-0.3011525103477797,-2.831913323015922,-2.2222926939022725
2023-08-28,-0.30966925390856215,-3.4440268629037263,-3.3614592246906105,-3.33809749957914,-3.4664995125381792,-3.4580606522189195,-3.4190642449127617,-1.2351314830748805,-3.6899549083233563,-3.63566242611173,-0.907235081124047,-2.5986012503118383,-3.3690101741805423,0.0,-9.204869073829848,-3.504982569097159,-3.4897779590666533,-0.30966925390856215,-2.678218722649084,-2.1978549918082235
2023-08-29,-0.2732992975133075,-3.6642213831961645,-3.5779266911710628,-3.5517269500092596,-3.851356482969681,-3.8405574701703804,-3.6554545120651594,-1.2416961061790133,-3.8363721003410234,-4.072183133516161,-0.9840080962402298,-2.8788903498924157,-3.1858211563323247,0.0,-9.207725466200312,-3.782770031644378,-3.7655683841250065,-0.2732992975133075,-2.820741046165931,-2.1734111819693314
2023-08-30,-0.1440134299673157,-3.734117454056729,-3.62340347980461,-3.5983750808591175,-3.8518306606462605,-3.841362570081719,-3.7228241284815278,-1.2689083366036802,-3.7159012946246683,-4.059724651141005,-0.9207591804446413,-2.8907351203240506,-3.1618019761811333,0.0,-9.236749916442466,-3.8230494826301475,-3.804550262747386,-0.1440134299673157,-2.7964529150011908,-2.148961262859117
2023-08-31,-0.14512587255557374,-4.219517000000151,-4.1128078249316635,-4.152904711635285,-4.357355988344058,-4.411240669702443,-4.213271104330563,-1.3470089721613343,-4.1585589023753755,-4.604374381367482,-1.0044369507208328,-3.4432303520230856,-3.6305328064167752,0.0,-9.565561200104334,-4.325777865153368,-4.375728604793016,-0.14512587255557374,-2.7721587134741266,-2.124505232950702
2023-09-01,-0.06890922066009608,-3.6868824866577055,-3.5796133796371477,-3.8714322087145425,-3.903270423981986,-4.168782541042848,-3.6881632060902114,-1.163911979106147,-3.9534441222815464,-4.1460261544374655,-0.8302340563400734,-3.0866976731957263,-2.722085768122473,0.0,-9.491794671780463,-3.815291325403891,-4.1042764444790825,-0.06890922066009608,-2.7780103578387005,-2.1000430907168077
2023-09-04,0.0,-3.379999704380443,-3.2485839013395412,-3.6925544868939064,-3.7606221369715476,-4.083456828200783,-3.403102146399517,-1.0465736590217545,-4.1874481742681375,-4.029752527493324,-0.8371857154136575,-2.5131225714229877,-2.2540978999102457,0.0,-9.441081725066592,-3.554560982081034,-3.958075679063078,0.0,-2.5915222701305973,-2.119023496677497
2023-09-05,0.0,-3.054774325985443,-2.9366351047060757,-3.5230421648441035,-3.4227074578716543,-3.9018031410909093,-3.101806750324876,-0.9854868309762788,-3.2472901681480537,-3.7271563910385885,-0.774233465641494,-1.8662634079604223,-2.023359312564532,0.0,-9.371344519821534,-3.2440011701554083,-3.788706003281217,0.0,-2.415760687408375,-1.939025101606806
2023-09-06,0.0,-2.7699509491161844,-2.6423022525115525,-3.363039062660933,-2.940507941455406,-3.647342222333716,-2.7942653442048937,-1.0735209964327308,-2.7206257300664505,-3.2846506536623243,-0.8807356568561131,-1.8359085207427905,-1.842418732418749,0.0,-9.441196204092128,-2.9000942804070617,-3.603866687645585,0.0,-2.5689806531197568,-2.051728407790021
2023-09-07,0.0,-2.134332237621417,-2.050088565151975,-3.050338423418675,-2.4367251636488785,-3.381829131192393,-2.1961723417598944,-0.900151906078539,-1.074447284499247,-2.7465357677750712,-0.7892442188421334,-0.25864617532784795,-1.2618134627650823,0.0,-8.96563161031697,-2.3275188251172696,-3.299774558720636,0.0,-1.983981015832026,-1.5365088640643898
2023-09-08,0.0,-1.6039526571381968,-1.5335139923596475,-2.7771469950871874,-1.8998889075509062,-3.0984535482164732,-1.6801167381696347,-0.8833653126407381,-0.4554226495929403,-2.2503178174981264,-0.7644483531882407,0.0,-0.7968365459108284,0.0,-9.053802439361347,-1.8093445533626018,-3.025172493270256,0.0,-1.7050468474647862,-1.330482682758738
2023-09-11,0.0,-0.8702438557319891,-0.7920034393331776,-2.3899397380968135,-1.1935698378051751,-2.7273568771431167,-0.9418795173345651,-0.7515614648179958,-0.05808335782477858,-1.54905218609811,-0.7396462902733214,0.0,0.0,0.0,-8.92708590011524,-1.0780948575340843,-2.6400868147276713,0.0,-1.1665263721605146,-1.1898401823674964
2023-09-12,0.0,-0.3398135265533564,-0.26652382585482526,-2.112724317336523,-0.8576114292655368,-2.546777464158456,-0.4248664194462459,-0.44630856928926654,0.0,-1.0408064545783136,-0.7148380285484146,0.0,-0.015754828688963052,0.0,-8.348528410379952,-0.6125382914979882,-2.3893067952686198,0.0,-0.5357117338337547,-0.5543146762648665
2023-09-13,0.0,0.0,0.0,-1.9054869379245276,-0.3726919585354205,-2.289699049718985,-0.03308589883835866,-0.460534559983905,-0.15734359868164738,-0.6254969770418062,-0.6900235664642596,-0.3483463416945609,0.0,0.0,-7.973951287840375,-0.19686223873837116,-2.169030303544772,0.0,-0.5108525024954846,-0.7290614035444953
2023-09-14,0.0,-0.029087418459183834,-0.0265414157478161,-1.9072909854885634,-0.46110635834355485,-2.3225556497908917,-0.08226994393359943,-0.4748234600514656,-0.340411913275096,-0.7641079896555492,-0.6652029024712514,-0.06450794611519983,0.0,0.0,-8.161231717318984,-0.25213779591174434,-2.185474542466903,0.0,-0.4859870580591008,-0.681596716080346
2023-09-15,0.0,0.0,0.0,-1.6971208292436035,-0.09217498317414252,-2.1239810125104785,0.0,-0.29999224317261985,-0.5043406018062968,-0.385773940777423,-0.6403760350192744,0.0,0.0,0.0,-7.943425017356742,0.0,-1.9868932448169452,0.0,-0.46111539897174536,-0.7168413847698729
2023-09-18,-0.3162701672503987,-0.44315017829991143,-0.31365684842904473,-1.8431232378119833,-0.4086576090038818,-2.2734443357300127,-0.30977370750174815,-0.34113889466846903,-0.06317910816694416,-0.5793485434209766,-0.6155429625579245,-0.3827466208948582,-0.2924316846098396,0.0,-8.143404914967666,-0.27325806752140913,-2.112370000524577,-0.3162701672503987,-0.4362375236801608,-0.8724663756880524
2023-09-21,-0.291356090612771,-0.5663443737634055,-0.2887421186414163,-1.8185907694315495,-0.38376662287264995,-2.2490194180284084,-0.2848580071959428,-0.3902137691939589,-0.03820177617103182,-0.5545002182839487,-0.5907036835364199,-0.3578491587986399,-1.0892885050259093,0.0,-8.161619322938407,-0.24833324081700026,-2.087904825317166,-0.291356090612771,-0.5150714620063446,-0.921279609360226
2023-09-22,-0.26643578716940564,-0.7369364051018512,-0.2638211618848585,-1.794052169621252,-0.358869415706764,-2.2245883957772272,-0.2599360796786576,-0.4629041775189746,-0.013218201559939136,-0.5296456827746154,-0.5658581964034237,-0.3329454740492399,-1.430472859932297,0.0,-8.22724770579315,-0.22340218462015837,-2.063433535498571,-0.26643578716940564,-0.5363092901356503,-1.0081798425530697
2023-09-25,-0.24150925536410295,-1.1155522167441867,-0.23889397660307177,-1.7695074368486496,-0.33396598595142324,-2.200151267450723,-0.2350079233935265,-0.6709781229581768,0.0,-0.5047849353407852,-0.5410064996074437,-0.3080355650914357,-1.4289659224081097,0.0,-8.315852540872214,-0.1984648973738845,-2.038956129540559,-0.24150925536410295,-0.9040144086396862,-1.2746707015345193
2023-09-26,-0.21657649364023035,-1.135325994824976,-0.21396056123934581,-1.7449565695809466,-0.30905633205140504,-2.175708031522827,-0.2100735367837836,-0.7443069527148349,0.0,-0.4799179744299109,-0.5161485915965214,-0.28311943036957166,-1.4783230189793106,0.0,-8.327622189568618,-0.17352137752091323,-2.0144726059144857,-0.21657649364023035,-0.8927625911190562,-1.2668401183069111
2023-09-27,-0.19163750044063343,-0.6797790870579634,-0.18902091423661505,-1.7203995662849358,-0.2841404524510871,-2.1512586864670724,-0.1851329182922523,-0.4779284286728913,0.0,-0.455044798489046,-0.5060076614520237,-0.2581970683276591,-1.2190514823515408,0.0,-8.056303371538087,-0.14857162350346842,-1.9899829630914079,-0.19163750044063343,-0.7216927926826044,-0.9565908759537778
2023-09-28,-0.18158956915452773,-1.3117434799440275,-0.16407503403735868,-1.6958364254269997,-0.25921834559446966,-2.1268032307565465,-0.16018606636140076,-0.5997842163269151,0.0,-0.4301654059648663,-0.6679249701718182,-0.23326847740927636,-2.1854877007808526,0.0,-8.142334219654968,-0.12361563376346307,-1.9654871995419043,-0.18158956915452773,-0.6968800438180933,-0.8719879014584819
2023-09-29,-0.11441509946388262,-0.9013543006211377,-0.28733045533629875,-1.8172007649766564,-0.38312046248427656,-2.2483853565965384,-0.283757180018529,-0.5942824180859341,-0.12403891789278809,-0.5532377098740215,-0.7020051728673149,-0.35703928597387025,-1.6105812499975891,0.0,-8.067284872837455,-0.24734031278621504,-2.086930208380844,-0.11441509946388262,-0.6720610934728422,-0.8674727587914433
2023-10-03,0.0,-1.1583055359819405,-0.5620870271849543,-2.0877418051022945,-0.6597857010023689,-2.5198702084248903,-0.5906037107647921,-0.401548010633912,0.0,-0.8126275842101682,-0.677758450616528,0.0,-2.159439209291447,0.0,-8.316078101332936,-0.5105082707303921,-2.3452449512047724,0.0,-0.6472359400969796,-0.9018421121396281
2023-10-04,-0.12755858604608372,-1.3842078168328165,-0.7693597029242993,-2.291834340202936,-0.6670382407073405,-2.526986948777732,-0.7704407667093238,-0.6986227664406042,-0.8845540652501205,-0.7803843092466511,-0.5214333407001392,-0.6784430925589113,-2.623624893281873,0.0,-8.297792095298306,-0.6661062685550778,-2.4979734866464987,-0.12755858604608372,-0.6224045821401458,-1.315646589306363
2023-10-05,0.0,-0.5409204126755163,0.0,-1.4641485747265648,0.0,-1.7718497037972791,0.0,-0.039566147242009464,0.0,0.0,-0.22876909509966792,0.0,-2.07426788324947,0.0,-7.90395086777349,0.0,-1.6791669720325642,0.0,-0.5975670180515924,-1.3205684446061294
2023-10-06,0.0,-0.2491926653828025,0.0,-1.1679149379406395,0.0,-1.6260917048321,0.0,0.0,0.0,0.0,-0.04694856573034256,0.0,-1.5344319784834748,0.0,-7.837642213021645,0.0,-1.435612646356088,0.0,-0.6319818659201615,-1.3522876689652907
2023-10-09,-0.05496090152828925,-0.7142936089481577,-0.4604741447126637,-1.6230111363318422,-0.37265913495705405,-1.9926910605083337,-0.44387594657698815,-0.19515470008942826,-0.3613504484341057,-0.22533586093188562,-0.21678308686163827,-0.355364579557782,-2.241606445593647,0.0,-8.23831435759448,-0.41081778511379285,-1.840532679393303,-0.05496090152828925,-0.6299711177608303,-1.3957381797147672
2023-10-10,-0.05641031237084704,0.0,0.0,-0.8211942911555803,0.0,-1.1895114924461492,0.0,0.0,0.0,0.0,-0.08455282161936584,0.0,-1.3523176001554726,0.0,-7.8082554669056226,0.0,-1.0547685701282505,-0.05641031237084704,-0.1582820787859096,-0.9446541448865253
2023-10-11,-0.061156971145126526,0.0,0.0,-0.3083608628403067,0.0,-0.48578455159511424,0.0,0.0,0.0,0.0,-0.11734846617763584,0.0,-0.7435931228555348,0.0,-7.588042915749938,0.0,-0.4934594046515306,-0.061156971145126526,0.0,-0.8741397855264177
2023-10-12,-0.31894426669467624,-0.33877960084313097,-0.3466929853515932,-0.653984782710848,-0.19613579150198346,-0.6809675457218334,-0.3074568883918549,-0.4783876786588648,-0.30721852706412367,-0.26261882501915634,-0.1333820289855625,-0.7582837075562288,-0.8305160191366512,0.0,-8.054658135921555,-0.30798821762830775,-0.7999278254547271,-0.31894426669467624,-0.5087288167196391,-1.3011641582828415
2023-10-13,-0.11319283054005425,-0.7092683416438317,-0.7231240595907407,-1.0292550908414855,-0.33755442184955076,-0.8216991862100897,-0.6133652815339619,-0.7112929422552927,-0.1426785539271891,-0.15337374289287053,-0.30673091136139696,-0.8311882278942306,-1.045694955219234,0.0,-8.107476695417315,-0.575088862096873,-1.0657104366732728,-0.11319283054005425,-0.5438512923376715,-1.3971453797687161
2023-10-16,-0.30721004615144043,-0.9551036071823837,-0.9733049011800277,-1.2786644726289986,-0.6311671558263732,-1.1138855948837456,-0.8792920775620883,-0.8547069417336961,-0.1717135286274929,-0.5301513807071112,-0.4375823216083652,-0.9112447910270216,-1.142393374790307,0.0,-8.2379475918129,-0.8490704874905775,-1.3383400739694462,-0.30721004615144043,-0.602112222793727,-1.41956575609411
2023-10-17,-0.39030244158121397,-0.740380682965669,-0.7503258134294977,-1.0563729651173914,-0.40851437866261664,-0.8923144305151065,-0.6628262772849225,-0.8646030906581115,-0.5209683515294716,-0.44488573376136875,-0.46291191890208694,-1.3675664052514525,-0.7428396540934412,0.0,-8.199574863757586,-0.6494359229977986,-1.1396906250100813,-0.39030244158121397,-0.5354633703258727,-1.4378774352356127
2023-10-18,-0.565148477180244,-1.388870214386706,-1.3975857234198141,-1.7016369788644403,-1.0402198232379534,-1.5209511476291238,-1.3247076681395353,-1.0596948244829485,-1.0436534061166514,-1.055771911178871,-0.49609917651126656,-1.844605293615842,-1.4462565627017643,0.0,-8.493291256899127,-1.2849157474770556,-1.7720346145307708,-0.565148477180244,-0.7102994464631363,-1.4926340320750242
2023-10-19,-0.6519839882931922,-1.810506680563151,-1.823626748168794,-2.1263642598334576,-1.4496569628796308,-1.928399304897943,-1.7595216536557823,-1.2545030554111936,-1.1613855357941683,-1.4715436798849901,-0.551902926136516,-2.030118497071842,-1.678726139078024,0.0,-8.74379753032728,-1.7033453137646482,-2.188399400771679,-0.6519839882931922,-1.1026151016346186,-1.550080575196
2023-10-20,-1.2227414271394177,-2.4856211535135397,-2.485418097884795,-2.7861149040332767,-2.190677953145048,-2.6658205296685833,-2.410635642011305,-1.4442564958122794,-2.3085307312631587,-2.150876445266381,-0.5270477414827446,-2.643424733662081,-2.089797167995411,0.0,-8.789514637866425,-2.4071879736336177,-2.8887688828415747,-1.2227414271394177,-1.07789755714911,-1.640426360750269
2023-10-23,-1.588052088779357,-3.635067736766062,-3.631987963071437,-3.9291491964905334,-3.2261795159879036,-3.6962917858876176,-3.52948610781183,-2.041336022659812,-3.7254782619431714,-3.1752002568227966,-0.5311857566192457,-4.206366641548753,-3.396928475901173,0.0,-9.14565565860146,-3.5165585015927037,-3.9926651175980044,-1.588052088779357,-1.0531738349774389,-1.869666000652559
2023-10-25,-1.7390171838771007,-4.411823826030437,-4.406541287351972,-4.701314101457166,-4.0620639522404245,-4.5281156246796295,-4.322220330588866,-2.4004217103658188,-4.869725221736132,-4.037282361159544,-0.7207494024086714,-5.464525503002116,-4.19653496803345,0.0,-9.761686784308676,-4.304510822601726,-4.776729213774833,-1.7390171838771007,-1.028443933575618,-2.0249881839364936
2023-10-26,-1.908204418709325,-5.521848633696679,-5.509748064218744,-5.80111902038788,-5.142038168869078,-5.602843493402688,-5.421607579356557,-2.8993876674279107,-6.05411384968324,-5.056181899183687,-0.8826043530148819,-6.973715181430817,-5.523706587949084,0.0,-10.334764086098636,-5.380414221911689,-5.847323466575949,-1.908204418709325,-1.0037078513992936,-2.1989776070699407
2023-10-27,-1.883688216148094,-4.632935043110975,-4.627428137730694,-4.9215198232381745,-4.411712235015386,-4.876065370111959,-4.586233920651073,-2.656317653617246,-5.296732423049077,-4.469162365234647,-0.6547447204620416,-5.867513121893031,-4.571791767480038,0.0,-9.759702436106954,-4.561416006198627,-5.032366674582256,-1.883688216148094,-0.9789655869036573,-2.174534077807666
2023-10-30,-1.8591658862223248,-3.970606393210896,-3.9692702039648697,-4.265391390955752,-3.7571748195616705,-4.224707596306931,-3.9025444409350407,-2.4293265207121384,-4.811578700788699,-3.808753427107958,-0.5194277613340348,-5.162027504596011,-4.102596005487147,0.0,-9.593280971518059,-3.9123020960132537,-4.3864558780335905,-1.8591658862223248,-0.9542171385435116,-2.150084439344213
2023-10-31,-1.834637427400676,-4.446055505146973,-4.449066339852747,-4.812170280367079,-4.257149007655469,-4.773556651146027,-4.394071583629611,-2.5278414791427117,-5.091215715538944,-4.26134643557694,-0.6202342721819964,-5.498637274907859,-4.409717701161919,0.0,-9.920912932274007,-4.38160142830607,-4.919731887439294,-1.834637427400676,-0.9294625047734151,-2.125628690152659
2023-11-01,-1.8101028381512396,-4.793034674597951,-4.795094312936643,-4.980910273737038,-4.628599128861232,-4.951671143190062,-4.7346868758802,-2.647601207008654,-5.796401266811002,-4.668662306361981,-0.7217199568693267,-6.327485213001838,-4.862875342361761,0.0,-10.103750333973437,-4.734400583290577,-5.085880677588339,-1.8101028381512396,-0.904701684047371,-2.1011668287057916
2023-11-02,-1.7855621169418745,-3.9573340546938507,-3.959024811664913,-4.544967458967875,-3.7968616562702118,-4.518728732600308,-3.902799138396551,-2.309966940485253,-5.051373077330068,-3.8293528147428035,-0.5274268731368936,-5.464707862751328,-4.140925059267775,0.0,-9.866426329786549,-3.8911118496182784,-4.649619519910342,-1.7855621169418745,-0.8799346748191272,-2.0766988534759334
2023-11-03,-1.76101526224004,-3.385023393678932,-3.380511351503479,-4.242803026727882,-3.279555940920875,-4.245823442707241,-3.324572578993401,-2.151060742370159,-4.995696462794874,-3.2770478141047388,-0.4439847515933515,-5.2739788892465445,-3.6531959227891764,0.0,-9.527875497916938,-3.3186683885637835,-4.348918040423111,-1.76101526224004,-0.8551614755419323,-2.052224762935073
2023-11-06,-1.7364622725127066,-2.700240552554134,-2.701645807169073,-3.879981539429045,-2.580210401289096,-3.879627760324833,-2.6284193993658556,-1.874603842818301,-3.5276262728049845,-2.5889922035777557,-0.13510339789883918,-3.6302527046421895,-2.7456183355802355,0.0,-9.049349044379252,-2.6497185792141997,-3.9975254794451076,-1.7364622725127066,-0.8752096629435324,-2.0425850737765816
2023-11-07,-1.7119031462266232,-2.8434144709779896,-2.8430710169137563,-3.9409270733465895,-2.7940060681246104,-3.9754776627672683,-2.782914579824314,-1.9313046698741565,-4.002619330397927,-2.76654890561685,-0.17999541965276755,-3.963841232045151,-2.770923143616144,0.0,-9.224704097905168,-2.803022357228069,-4.063182264599263,-1.7119031462266232,-0.8757843226299133,-2.0535589414068967
2023-11-08,-1.687337881848061,-2.6424638653754218,-2.652492705080456,-3.8302036578219623,-2.4738754873426694,-3.802431703638298,-2.590010026544076,-1.7068898201656912,-3.030113470078255,-2.468301370497661,0.0,-3.364038051268825,-2.58654835900185,0.0,-9.096335154568958,-2.568129511780093,-3.9338786695690575,-1.687337881848061,-0.9457022784362223,-2.0355703116987867
2023-11-09,-1.6627664778428586,-3.1780438059991534,-3.200133460839727,-4.090981822527717,-3.0336893955808297,-4.074045079312738,-3.129152896657894,-1.8142142266857064,-2.706944387998844,-2.995459258109112,-0.08557661783838988,-3.0284994018372036,-2.828030204597376,0.0,-9.26795710083833,-3.119567947046631,-4.197469194674863,-1.6627664778428586,-1.2603418665926513,-2.0876777622726106
2023-11-10,-1.6381889326765986,-3.0197277953593282,-3.0457896994425693,-4.001778998779648,-2.8370182437353897,-3.9641218389326216,-2.9618904759971643,-1.6950957316166804,-2.3837286840790672,-2.7834484197576725,-0.07594641948319714,-2.824004432310767,-2.6774832318083863,0.0,-9.201876061479119,-2.9435812813044526,-4.096776871827712,-1.6381889326765986,-1.1284686202849503,-2.0015790949426404
2023-11-13,-1.6136052448143645,-3.0224868637839353,-3.0514544056861825,-3.9905276557597458,-2.8822696439240514,-3.974386602318858,-2.9912697800808297,-1.6660304996783393,-2.130404579646461,-2.8901705003120948,-0.05899448420703113,-2.4874568422483034,-2.5862939409782904,0.0,-9.216318054389793,-2.971704207511483,-4.098795538309696,-1.6136052448143645,-1.0898756952861244,-1.9452884869458509
2023-11-15,-1.6039713680790824,-1.8019768165684291,-1.8190597181747648,-3.3536095367132868,-1.7377216195060274,-3.382455611609003,-1.7852032297618559,-1.3991154992098576,-1.2503460360523078,-1.8686967888708272,0.0,-1.4663878312901502,-1.4244646804527195,0.0,-8.424768693246742,-1.7934734691122944,-3.493418751164734,-1.6039713680790824,-0.6346491319675462,-1.719704560773383
2023-11-16,-1.5976893250237323,-1.4345109293872338,-1.4339860408291716,-3.1449617766069693,-1.4524443862798053,-3.2221533208442343,-1.4480783711745437,-1.4141155816104423,-1.6856550300663242,-1.6592260807948844,0.0,-1.4814078249782092,-0.9748101797311559,0.0,-8.084886023729364,-1.470235475012427,-3.321129594069039,-1.5976893250237323,-0.60981462817431,-1.7485640645847234
2023-11-17,-1.9832058289456556,-1.6868641761049297,-1.7026889795339728,-3.2622184706786683,-1.3823658279223272,-3.174470284667641,-1.6678609198465866,-1.0885275869341293,-0.5383288511737638,-1.5174858096072996,0.0,-0.4176007718560748,-1.142138956766725,0.0,-7.9604660921370085,-1.6319275390421328,-3.391711693280197,-1.9832058289456556,-0.5849739174631385,-1.5676623287056768
2023-11-20,-2.0296833241445156,-1.7237167799358244,-1.7378610172564368,-3.269643778421827,-1.487365635474458,-3.21583348701181,-1.7050059622779723,-0.9860415683230483,-0.9782810076085391,-1.5994230843836221,0.0,-0.4746673127566048,-1.3315238193834733,0.0,-8.071504834992115,-1.6848584654699628,-3.4072848286884727,-2.0296833241445156,-0.5601269982827173,-1.4975025825764932
2023-11-21,-1.955397255693614,-1.4823856900459065,-1.4932888688703683,-3.1374926247493495,-1.252199768120421,-3.0865532125170514,-1.4452753902752802,-0.927880201244613,-1.2203250208631666,-1.4206861268625581,0.0,-0.4967426302832534,-0.8836208889010488,0.0,-8.00657060996034,-1.4546283648384617,-3.2794334794583935,-1.955397255693614,-0.5352738690813874,-1.4728837328025435
2023-11-22,-1.7076416411009543,-1.2202231785581885,-1.2270775002599876,-2.989861535831162,-0.971004139280851,-2.9313915824804027,-1.1977030917933784,-0.9175161112062846,-0.8383283858748203,-1.198851701205128,0.0,-0.22082487838180898,-0.7410880838542577,0.0,-7.85056381440884,-1.1942842694741995,-3.1370235730900364,-1.7076416411009543,-0.510414528307046,-1.4482587300093774
2023-11-23,-1.8283765470162083,-1.2744661037874194,-1.277782180796505,-3.0097682792522895,-1.0353870295246703,-2.954426043224234,-1.2371952408818943,-0.8213596751018848,-1.4660565296279349,-1.2746334915354263,0.0,-0.8606492685458433,-0.7904353951168508,0.0,-7.799381891597291,-1.2439663339372298,-3.150936607721977,-1.8283765470162083,-0.4855489744072017,-1.4236275726590475
2023-11-24,-2.062358785915719,-1.441224946497044,-1.450478272643252,-3.0859466425487647,-1.190937646336998,-3.0229522999710157,-1.3891513034494984,-0.8520338010378881,-1.5303886512936127,-1.4194424921012305,0.0,-0.8710232596578216,-0.8270128786583175,0.0,-7.77739933407603,-1.4100324350897808,-3.221198573139117,-2.062358785915719,-0.46067720582908533,-1.428734243997476
2023-11-28,-1.9008037070860295,-1.324608998179111,-1.3347742157975184,-3.015537070687324,-1.1482302354302476,-2.9887353643341608,-1.2953358861207742,-0.7407449787741438,-1.6883905036609526,-1.396534734005117,0.0,-0.6123610360927678,-0.35105546842381097,0.0,-7.836656438246603,-1.315112585796696,-3.162482327004168,-1.9008037070860295,-0.5683336413508933,-1.3229297727064604
2023-11-29,-1.226208068591117,-0.33362719102870697,-0.3404305539851493,-2.4974918587463035,-0.15995341640895333,-2.476987202147518,-0.2868382365675215,-0.45318828880202,-0.7960129403208005,-0.3663404553799543,0.0,0.0,0.0,0.0,-7.396457872477324,-0.3246047745896874,-2.650623111819539,-1.226208068591117,0.0,-1.0791835882126066
2023-11-30,-1.1508902215919936,-0.3025372939305493,-0.32660855593593663,-2.5084531606119898,-0.04820477828072489,-2.4362220167632453,-0.25295807704599493,-0.15930970287463264,-0.2972468422926866,-0.14620193698059447,0.0,0.0,0.0,0.0,-7.51430990555736,-0.2480276423906136,-2.6329246901754977,-1.1508902215919936,0.0,-1.0544601874602821
2023-12-01,-0.8104998297203903,0.0,0.0,-1.7775899003839468,0.0,-1.7085588229981408,0.0,0.0,0.0,0.0,0.0,0.0,0.0,0.0,-6.95438559663184,0.0,-1.8659389582459718,-0.8104998297203903,0.0,-1.0297306075581214
2023-12-04,0.0,0.0,0.0,-0.14707157759074052,0.0,-0.1136003822091447,0.0,0.0,0.0,0.0,0.0,0.0,0.0,0.0,-5.536979154740507,0.0,-0.21337964333864035,0.0,0.0,-1.0049948469617709
2023-12-05,-0.08677561881321738,0.0,0.0,0.0,0.0,0.0,0.0,-0.07473681593979098,-0.15684166670247857,0.0,0.0,-0.09539070777093706,0.0,0.0,-5.155988491093167,0.0,0.0,-0.08677561881321738,0.0,-0.9802529041264996
2023-12-06,0.0,0.0,0.0,0.0,0.0,0.0,0.0,0.0,0.0,0.0,0.0,0.0,0.0,0.0,-5.216642897965107,0.0,0.0,0.0,0.0,-0.9555047775071546
2023-12-07,-0.659872570794473,-0.6816942581319929,-0.6578613733434269,-0.48463770151160324,-0.8170332574681249,-0.6084684221756342,-0.6881590492770373,-0.41882735805206517,-1.257258066066247,-0.9017943884276125,0.0,-1.4778967396665177,-0.17455990623972406,0.0,-5.596019617281334,-0.730147601113762,-0.5458735524137004,-0.659872570794473,0.0,-0.9307504655582721
2023-12-08,-0.26007083415235943,-0.2978747880241661,-0.2711278866271538,-0.19005257920822194,-0.48988922230204235,-0.3563314134083839,-0.3193110863211279,-0.10715510458124688,-1.5244148777141198,-0.6025712081986656,0.0,-1.0720263697112653,0.0,0.0,-5.331782002265351,-0.39153996873362296,-0.2850945538780625,-0.26007083415235943,0.0,-0.9059899667338556
2023-12-11,-0.14458095121869796,-0.17938060220789032,-0.1495848271005351,-0.08970492105470074,-0.3822176210040551,-0.26744528944571133,-0.18663299026963065,-0.06129849724346714,-1.1655444982023089,-0.4926331272291695,-0.06605782379727199,-0.9759934480276788,0.0,0.0,-5.354347600736842,-0.2761737518457097,-0.19217160142753764,-0.14458095121869796,-0.12384664989999461,-0.8812232794876418
2023-12-12,-0.6403625063677643,-0.6548749983021573,-0.6159247889325759,-0.4326592428983256,-0.837928421327716,-0.6043858966862659,-0.6324899157293395,-0.48280390410234686,-1.8758354895423213,-0.777470236812583,-0.0650643116043792,-1.6532880171075903,-0.43196070141754417,0.0,-5.45098707318491,-0.7057690723643373,-0.510730049603858,-0.6403625063677643,-0.6026697279319371,-0.8564504022730124
2023-12-13,-0.63839151219236,-0.5905060210751878,-0.5731297284235493,-0.3945130273546593,-0.7526388767015058,-0.5374768084619341,-0.5787383851783123,-0.45152969613344585,-0.7337728482193606,-0.6618966368667545,-0.04008745077966891,-1.1232351988528344,-0.33695129954237624,0.0,-5.733545898979708,-0.6184407499423061,-0.42994247362306837,-0.63839151219236,-0.5806110941309672,-0.8316713335427828
2023-12-14,0.0,0.0,0.0,0.0,0.0,0.0,0.0,0.0,0.0,0.0,-0.044608526071565624,-0.12756995469833665,0.0,0.0,-5.002247359707446,0.0,0.0,0.0,0.0,-0.806886071749624
2023-12-15,0.0,0.0,0.0,0.0,0.0,0.0,0.0,0.0,0.0,0.0,0.0,0.0,0.0,0.0,-4.535647965941713,0.0,0.0,0.0,0.0,-0.7820946153456187
2023-12-18,-0.31105811237825964,-0.2479944133445433,-0.25857185361117807,-0.19133138191509413,-0.21621313796134078,-0.15942255068152056,-0.2723153375266407,-0.22342636672684213,-0.432563220393678,-0.28801184700464333,0.0,-0.08975625058942338,-0.17710126840955187,0.0,-4.5607976040755505,-0.2537665478146489,-0.1874070732676536,-0.31105811237825964,-0.3050848433725273,-0.7572969627825499
2023-12-19,-0.17750746971184617,-0.02507061393184351,-0.03491748647720394,-0.016187351412488837,-0.02556189224930394,-0.012664953504171184,-0.06423885314901234,0.0,-0.031127379107287467,-0.16924547806456136,0.0,-0.14958985573237937,-0.016548627979451336,0.0,-4.557661639607646,-0.026560223516614023,-0.005606045332284815,-0.17750746971184617,-0.2645030062976561,-0.7324931125118672
2023-12-20,-0.9857322146149206,-1.274727818995891,-1.2806272956039977,-0.9569436915948248,-1.1431243548432501,-0.8503992922901271,-1.2547549175338402,-0.7976342044145657,-1.8706261830057191,-1.1774122370037943,-0.3110344665162357,-1.9143217740906548,-1.4284615465138706,0.0,-5.106945703090437,-1.222298141776923,-0.9080483230705871,-0.9857322146149206,-0.23957599143007435,-0.7076830629844877
2023-12-21,-0.5280336967333543,-0.7746992491260984,-0.7797306296528306,-0.5702493810411324,-0.6564992462645969,-0.47220364014510796,-0.7644288826741841,-0.38080470788264265,-1.6689901970491139,-0.8459097238569191,-0.23715494705698337,-1.576012062887855,-0.939567013978515,0.0,-4.837910968727299,-0.7564168079674194,-0.5485486774039372,-0.5280336967333543,-0.21464274652315263,-0.6828668126510506
2023-12-22,-0.471970283162626,-0.35723512272958224,-0.38000666737709743,-0.2649345430667749,-0.17360141267637186,-0.10383696796819608,-0.39747024887354376,-0.23475348114072592,-0.40952588123350786,-0.4319916616424724,-0.014667891564601465,-0.30392200788978974,-0.49984502728747104,0.0,-4.767739441747986,-0.34389792633322536,-0.2341972349532151,-0.471970283162626,-0.18970327001983645,-0.6580443599617736
2023-12-26,-0.4928398499573272,-0.19835773778382748,-0.23521281224659907,-0.1497831720325027,0.0,0.0,-0.21816769652878154,-0.20623190311331863,-0.003227112030290691,-0.1700335364201222,0.0,0.0,-0.07131020439555824,0.0,-4.796088788417863,-0.15976807072314303,-0.0854220905196379,-0.4928398499573272,-0.16475756036259392,-0.6332157033665076
2023-12-27,0.0,0.0,0.0,0.0,0.0,0.0,0.0,0.0,0.0,0.0,0.0,0.0,0.0,0.0,-4.132877775251509,0.0,0.0,0.0,-0.2588395780478647,-0.6083808413147374
2023-12-28,0.0,0.0,0.0,0.0,0.0,0.0,0.0,0.0,0.0,0.0,0.0,0.0,0.0,0.0,-4.008620688137954,0.0,0.0,0.0,-0.12579671247678892,-0.5835397722554703
2023-12-29,-0.28805055891854003,-0.3774532797911734,-0.3934215258524443,-0.29664105170911226,-0.23010031877074288,-0.17180759965644832,-0.35374917250940996,-0.33679821015571987,-0.10497336742159025,-0.07562934550007228,0.0,-0.2911016421625612,-0.21717930740454694,0.0,-4.3575853295038325,-0.3114316608506029,-0.22877176262701138,-0.28805055891854003,-0.10083503057536358,-0.5586924946373917
2024-01-01,-0.3252126158143853,-0.4137152010587619,-0.4107540087684991,-0.30407560826742897,-0.35558417447927315,-0.2595514656255071,-0.3921321176980519,-0.17632974549727232,0.0,-0.22800942637338784,0.0,-0.46554755416695626,-0.16896706160172137,0.0,-4.397482089892213,-0.359054267036063,-0.2594626696355684,-0.3252126158143853,-0.07586710997026236,-0.5338390069088095
2024-01-02,-0.45209277822279015,-0.9819239868739782,-0.9683244316057715,-0.72637907722779,-0.8866513281238886,-0.6507687611033597,-0.9537465293388836,-0.5487509847989402,-0.8666354262005793,-0.9909284651436923,-0.14887147275750579,-1.1170171337474777,-0.5183892590003847,0.0,-5.003812546244579,-0.9482282554254873,-0.7012555863270431,-0.45209277822279015,-0.18514438773855613,-0.5089793075176208
2024-01-03,-0.9610071130765618,-1.4143078624487826,-1.4150856730292816,-1.0594287365687127,-1.2531409466573384,-0.9229824875503945,-1.359935034754034,-1.1111973875050585,-0.38509880087528314,-1.2230311861371246,-0.10838277029907584,-1.6505147063188952,-1.200023962634078,0.0,-5.360250394011723,-1.312315350659432,-0.9652189526097699,-0.9610071130765618,-0.6376618234777309,-0.4841133949113119
2024-01-04,-0.8255994584616233,-1.0468199317084315,-1.0540304499783049,-0.7822518661847022,-0.9261754111929199,-0.6716432015073548,-1.0259434822014746,-0.9226775255371633,-0.08944168100368799,-1.0722071975826308,-0.0846514485136507,-1.1781977544391475,-0.5514544655247478,0.0,-5.483750642396334,-1.0056508599966318,-0.7275020509044383,-0.8255994584616233,-0.3901947983410481,-0.459241267537025
2024-01-05,-0.8037247231565847,-0.4689724829598285,-0.48341257384407754,-0.3381127051838795,-0.32711660587969593,-0.21454719056031024,-0.4645437267157493,-0.5254984915307181,0.0,-0.4356159977816354,0.0,-0.5002004231181578,-0.3117653484168925,0.0,-5.465888393097307,-0.43012312895462923,-0.28693430578583534,-0.8037247231565847,-0.37669072525694514,-0.43436292384151365
2024-01-08,-1.5229183335205176,-1.577471560841548,-1.6066518525413298,-1.182195002675901,-1.3726749645022962,-0.995285536419821,-1.5881138391855676,-1.5790904880311318,-0.9384404780228284,-1.5885745741621382,-0.3192709640557956,-1.4716686556144665,-1.2199958137134814,0.0,-6.440756361147082,-1.564806611271774,-1.1350474345092842,-1.5229183335205176,-1.1906850934786162,-0.5281946019319639
2024-01-09,-1.5526206593856173,-1.3462047770257835,-1.3968210671798986,-1.0126505719767032,-1.0866462513086983,-0.775024258447643,-1.3930215918248723,-1.666935915779788,-0.075079982013182,-1.3538133065431723,-0.2937597476131648,-1.096134771302426,-1.0737537950552989,0.0,-6.466398124507434,-1.3449259304392447,-0.9604902892953571,-1.5526206593856173,-1.025600527135595,-0.4440526468582062
2024-01-10,-1.3190236312970782,-1.061193230318469,-1.1017359671706473,-0.785937432112016,-0.7395737693538629,-0.5058492773620582,-1.050937888144321,-1.3184253354986297,-0.26059309058411584,-1.0826987400915367,-0.18772738194442473,-0.8368909387732937,-0.7346627931858141,0.0,-6.131798202308114,-1.058183661605705,-0.7409006315151623,-1.3190236312970782,-0.8285098570162464,-0.4944045013563714
2024-01-11,-1.4703394483498888,-1.2673850864341363,-1.2994313195691554,-0.9334089625411157,-0.9101254832605599,-0.6251220403260427,-1.2296407126539122,-1.4084630172915613,-0.7508867993021529,-1.5007096350089566,-0.5500034213914984,-1.09013885314998,-0.6038009831495494,0.0,-6.363630224837502,-1.3000340585755499,-0.9200396847191206,-1.4703394483498888,-0.8467698000867108,-0.5196401720290011
2024-01-12,-1.2453129555026865,0.0,0.0,0.0,0.0,0.0,0.0,0.0,0.0,-0.3065162833966073,0.0,0.0,0.0,0.0,-5.772879237772976,0.0,0.0,-1.2453129555026865,-0.3491961374485264,-0.026379772771967236
2024-01-15,-1.0008163471571296,0.0,0.0,0.0,0.0,0.0,0.0,0.0,0.0,0.0,0.0,0.0,0.0,0.0,-5.492913002581146,0.0,0.0,-1.0008163471571296,0.0,0.0
2024-01-16,-1.17105195156606,-0.28665165136433357,-0.2968033064772224,-0.21728712085224977,-0.26190433579875716,-0.19462334818960425,-0.2714735331107776,-0.026490010257673724,0.0,-0.092716549439531,0.0,-0.27365871218664184,-0.2948233384544974,0.0,-5.704502501433096,-0.24218939159605934,-0.17160839233992808,-1.17105195156606,-0.34653946390389434,-0.34723464433648044
2024-01-17,-1.2620300587391386,-1.763201256778324,-1.7798345283447259,-1.328657898358765,-1.694007128576036,-1.2678498551166428,-1.8443820658393562,-1.3327432667289973,-0.5119587263471503,-1.7355181389846375,0.0,-1.7999845213531152,-2.3781025348125318,0.0,-6.373180891581221,-1.7349605726068695,-1.2975721971527743,-1.2620300587391386,-0.32163295250862145,-0.322328306688513
2024-01-18,-1.1951307471932737,-1.8559944806236905,-1.8752738210576658,-1.3930030699078944,-1.8381356676158478,-1.3695773220013918,-1.9738218884524539,-1.5939853064727116,-0.21388627384386627,-2.0045267923382237,-0.07543363127556768,-1.9346353487954215,-2.874536388620963,0.0,-6.746874629514177,-1.8651524357327198,-1.390558162100386,-1.1951307471932737,-0.2967202161984539,-0.2974157441690495
2024-01-19,-0.450805202560256,-0.863118749878411,-0.8911433256135304,-0.6349586239488558,-0.7142989654147058,-0.5133896837435148,-0.9707910120770102,-1.115903346680236,0.0,-0.814319349512771,0.0,-0.9243092348711568,-2.149790337438229,0.0,-6.115515802608518,-0.8295954521817195,-0.6025746109399321,-0.450805202560256,-0.27180125341760286,-0.2724969552223122
2024-01-23,-0.7144693912663369,-2.6890229705351154,-2.7080496313610314,-2.0191874691869116,-2.6748999507708815,-1.9817676507300153,-2.7727001408148877,-2.341173756267889,-1.6760042054813407,-2.9180251095357934,-0.31363022968402543,-2.856240040462099,-3.885735538975388,0.0,-7.221467084265054,-2.7731072235004817,-2.069813541019694,-0.7144693912663369,-0.24687606260985762,-0.24757193829221258
2024-01-24,-0.4856812904218355,-1.570643028557317,-1.6185429755432024,-1.1837725877210548,-1.4610049019483928,-1.0626374192093113,-1.7497465094299725,-2.1106362672980827,-0.5221196786876603,-1.9784090252643383,-0.20531553992177987,-1.499545848219963,-2.9121008204602616,0.0,-6.647151853680966,-1.6765250423368405,-1.2331436766425452,-0.4856812904218355,-0.22194464221867438,-0.22264069182209578
2024-01-25,-0.47965043867645996,-2.2047709047438024,-2.24689679906539,-1.6558940402499611,-2.1834413481534476,-1.6023317838521844,-2.3744681679026103,-2.370661500638349,-1.4843934763967725,-2.7118696144379784,-0.3262890035775179,-2.146113674038408,-3.3707492751832935,0.0,-6.877051272008805,-2.3435107698858704,-1.7308414573938613,-0.47965043867645996,-0.19700699068704308,-0.19770321425500725
2024-01-29,-0.4954743540948825,-0.9471685302996913,-1.0239600905644575,-0.7212777045635277,-0.88783876175208,-0.6214756883043626,-1.1535103059450824,-2.2330532211216836,-0.49966850519822525,-1.967644387155043,-0.23842978083509214,-0.5486061220791982,-1.628466733027556,0.0,-6.601932051078441,-1.2028633193066685,-0.8573957129628496,-0.4954743540948825,-0.17206310645767608,-0.2616128958357833
2024-01-30,-0.5038631860715514,-1.730779483367828,-1.7996588481440479,-1.3052470138242622,-1.7233490579642519,-1.243749047100151,-1.9203668541991292,-2.3505794707713634,-2.2220002078732315,-2.47817580174583,-0.5016330588505258,-1.422918219067848,-2.603692415714709,0.0,-6.915337003134415,-1.9466457201005927,-1.4170444254495096,-0.5038631860715514,-0.23643706526352837,-0.88535524029425
2024-01-31,-0.2997562262576636,-1.2721942782638052,-1.2994846724611597,-0.931847157941379,-1.3340757369394218,-0.9380373550505139,-1.3951343410719241,-1.8521257448897543,-3.707549485983419,-2.0712126663427477,-0.23205848813949714,-1.409844982835129,-1.6823208702503423,0.0,-7.093069827156961,-1.463078157565012,-1.0574962959617351,-0.2997562262576636,-0.3027026790681564,-0.860583395785619
2024-02-01,-0.3306803939900127,-1.5393114202198244,-1.5125337341139855,-1.0902594956791245,-1.6358262795216794,-1.1546460993227647,-1.62568163721033,-1.6411452850678243,-4.857132673315401,-2.519503069762896,-0.03212219604242783,-1.9240323246621727,-1.8101636801617582,0.0,-7.4149985401885,-1.7316173646440336,-1.2609124610503786,-0.3306803939900127,-0.27778521149157687,-0.8358053600195481
2024-02-02,-0.12639026210657933,-1.105306596194977,-1.1174401292606273,-0.782833924839299,-1.4117351822523272,-0.9725304893637654,-1.2869236886904556,-1.394301656126773,-4.973636521804304,-2.4546743098351476,0.0,-1.0021307009623892,-1.102608880726652,0.0,-7.445702475212546,-1.4402530419052817,-1.0389467035238353,-0.12639026210657933,-0.2528615162617931,-0.8110211314486859
2024-02-05,-0.2619094165365543,-2.0094123488914595,-1.9697496072370702,-1.4198573166817496,-2.3195403204608334,-1.6500425306321675,-2.1571595312079084,-1.5057420734327809,-6.51938378032767,-3.434787675073081,0.0,-2.150747325700575,-1.4741520470317404,0.0,-7.75255862080908,-2.3413277462715265,-1.7185390813072021,-0.2619094165365543,-0.3175443055293492,-0.786230708525204
2024-02-06,0.0,-0.955305384218541,-0.9629596406487528,-0.6410124136230211,-1.38995587908326,-0.9366764226213298,-1.2028899017116679,-1.117543921915698,-5.398216014360857,-2.403107449835251,0.0,-0.652682334022292,-0.7604897129140586,0.0,-7.411421053750655,-1.3663699595475753,-0.9731825753493517,0.0,0.0,-0.7614340897010297
2024-02-07,0.0,-1.01674704329634,-1.0357578664591194,-0.6946199842264189,-1.6002159179174913,-1.0906699461649572,-1.2839595269630966,-0.7705082990358769,-5.640108211294703,-2.7590992892551736,0.0,-0.7614778225590313,-0.7555135305315597,0.0,-7.848280004547092,-1.4704048408417547,-1.0478666354166832,0.0,0.0,-0.7366312734274794
2024-02-08,0.0,-1.2853964712702504,-1.3571708346667877,-0.9333346262430542,-2.140050344881139,-1.4880043230456996,-1.6954512107428155,-0.9606523912315867,-6.450858540576309,-3.6196832361464426,0.0,-0.6422320249554359,-1.7173927915534848,0.0,-7.684292018281003,-1.9042449548814067,-1.3785626952940389,0.0,0.0,-0.7118222581557365
2024-02-09,0.0,-0.950761197223926,-0.9815285017575004,-0.6443518243149704,-1.9560349344364347,-1.3421404773330425,-1.3230143721778442,-0.7404314408019141,-7.026728037119534,-3.478645049053408,0.0,-0.5930316996496265,-1.425274092191442,0.0,-7.328169852214971,-1.5813533064859553,-1.1276604026685733,0.0,0.0,-0.6870070423364294
2024-02-12,-0.20442832748004403,-1.8679552089206242,-1.936682366490583,-1.3601413340574964,-2.9204683267132325,-2.0643936263915252,-2.2996131183263935,-0.8528735002144128,-7.779262960571909,-4.4600391781935755,-0.005417469700708111,-1.1825368392756275,-2.178524918122804,0.0,-7.69960576623353,-2.561930707861826,-1.8681955807963946,-0.20442832748004403,0.0,-0.662185624419831
2024-02-13,-0.014544567961449761,-1.254449773946964,-1.3198221638981877,-0.8859827364248396,-2.367157945139897,-1.6396251854814858,-1.6638617274138512,-0.6113878420471064,-7.455913825981797,-3.7754138805828785,0.0,-0.5532119688573145,-1.6028964033073079,0.0,-7.4221127221193335,-1.9475420087524453,-1.3948203652778823,-0.014544567961449761,0.0,-0.6373580028558923
2024-02-14,0.0,-0.9225227099377897,-0.9901018963459296,-0.6345657328114207,-2.2569342064644338,-1.5514783564811618,-1.3691058504478382,-0.5621042256659936,-7.384822799066337,-3.8933747571056165,-0.011311036839645183,-0.2816952276206597,-1.164833257232234,0.0,-6.796675543644981,-1.6871415215650387,-1.1919511412912698,0.0,-0.049530861949542704,-0.6125241760940647
2024-02-15,0.0,-0.807266460554934,-0.8747171358594708,-0.5408539925938372,-2.405513708475493,-1.6567356958238855,-1.337826119685992,-0.5955203880021798,-7.715484470237676,-4.304820831594802,-0.006507117728093981,-0.10002626931472358,-0.844890362239592,0.0,-6.79979317030125,-1.6978824148133564,-1.1966662179243692,0.0,0.0,-0.5876841425835222
2024-02-16,0.0,-0.318102678636889,-0.38809049389046946,-0.16058436417316635,-1.8414954803346872,-1.22685377495948,-0.8625015930946223,-0.5120348084918458,-6.995573951555578,-3.6588034665043123,0.0,0.0,-0.25681697212299737,0.0,-6.5700104465862275,-1.1908811057444235,-0.7998366865978435,0.0,-0.05649980753508199,-0.5628379007729944
2024-02-19,-0.046153117220071316,0.0,0.0,0.0,-1.3730393799509244,-0.866192716247316,-0.3257310787754375,-0.3000975188786392,-6.357432878349623,-2.967188710434654,0.0,0.0,0.0,0.0,-6.201599436571426,-0.6567551334789812,-0.3912561823129712,-0.046153117220071316,0.0,-0.5379854491108449
2024-02-20,-0.28851862289571706,0.0,0.0,0.0,-1.2604400420896722,-0.7800443219460718,-0.23610176665849192,-0.23138669128234257,-6.376620833240121,-2.8556586241540893,0.0,-0.22959127429542647,0.0,0.0,-6.268718192076483,-0.5683432225754959,-0.3138514851934282,-0.28851862289571706,-0.21714635548790717,-0.513126786045015
2024-02-21,-0.5128381906671531,-0.45516054960855756,-0.4477770184025287,-0.33742717510665265,-1.7651415928358394,-1.1549973410873826,-0.656466855436455,-0.1793038415978443,-7.134491083514183,-3.273226898295001,0.0,-0.7935898671904806,-0.6392700010330432,0.0,-6.3243320575447015,-0.9991394377905083,-0.6380608877508243,-0.5128381906671531,-0.33136971566620765,-0.48826191002311337
2024-02-22,-0.26315585295570987,0.0,0.0,0.0,-1.0525229790009472,-0.6068362237080849,0.0,-0.0574454939448632,-6.034492003996606,-2.559367834160553,-0.006936411386992969,0.0,0.0,0.0,-6.295445241758369,-0.29977434498807964,-0.10009739355414382,-0.26315585295570987,-0.1264321529118706,-0.4633908194922931
2024-02-23,-0.2533035875323719,-0.19678286954633029,-0.20460162449777997,-0.1480950610269871,-1.2213014509368736,-0.7314013327402891,-0.2053909803407139,-0.047857193531908315,-6.295845956864355,-2.7775412250813813,-0.13666346244919358,-0.1848360601214627,-0.021379592019032945,0.0,-6.375490457398891,-0.5124192049866583,-0.2518424912476003,-0.2533035875323719,-0.10147062982688304,-0.5112796573405798
2024-02-26,-0.29504164921083653,-0.4388268485609692,-0.4498197519728464,-0.3228242002050741,-1.4131586435779941,-0.876166118469246,-0.46874096780710195,-0.09093863353226705,-6.337829083684843,-3.059227557194144,-0.14359734535581703,-0.5500103349299956,-0.4293851943160787,0.0,-6.624479321663223,-0.7588720771929958,-0.4253991096019538,-0.29504164921083653,-0.13807417987159454,-0.8347161720065333
2024-02-27,-0.21819793870001547,0.0,0.0,0.0,-0.8027450689970461,-0.40476243501264,0.0,-0.01295762800842537,-5.298147913649176,-2.193477766506502,0.0,0.0,-0.08596670656000338,0.0,-6.4419996931142975,-0.2092169870233085,-0.0034738083356300464,-0.21819793870001547,-0.001958420477765621,-0.7064718151115756
2024-02-28,-0.3223780356693351,-0.5450734167421367,-0.5355530624769678,-0.39974577998014293,-1.2416823229041807,-0.7286808740422202,-0.5352819079437521,-0.11978765742892694,-5.812409525864792,-2.5302124116206026,0.0,-0.5953246180956051,-1.1986021685165604,0.0,-6.882531636991729,-0.7041688332106721,-0.37552047685289747,-0.3223780356693351,-0.5536554609253064,-0.6816552620494742
2024-02-29,-0.24552305957969978,-0.5464660181895176,-0.553483070700933,-0.43858962359479836,-1.3936221579785912,-0.8603857884736166,-0.5742020730460373,-0.04179538576650765,-6.064121504724385,-2.7111842396825625,-0.02821171912122944,-0.5942440877301003,-1.0561448129786433,0.0,-6.854431627313584,-0.7622988686175836,-0.44331106213100213,-0.24552305957969978,-0.478174100803308,-0.6568325065558933
2024-03-01,0.0,0.0,0.0,0.0,0.0,0.0,0.0,0.0,-3.7713117004916197,-1.378224740158407,0.0,0.0,0.0,0.0,-6.685147002101443,0.0,0.0,0.0,-0.4533004890139747,-0.6320035470806284
2024-03-04,0.0,0.0,0.0,0.0,0.0,0.0,0.0,0.0,-3.393924475662502,-1.0960915003179195,-0.04939662535651257,0.0,0.0,0.0,-6.521529402017967,0.0,0.0,0.0,-0.42842066053236927,-0.6814747854529624
2024-03-05,-0.14221496441025883,-0.11320242713795947,-0.1625941941541864,-0.1579263986429602,0.0,0.0,-0.13259624076177312,-0.017105667775374478,-2.58158818717098,-1.1217560661644588,0.0,-0.04410271518958675,-0.22002905070380718,0.0,-6.751971152308467,-0.10061860039938253,-0.09228939281782367,-0.14221496441025883,-0.5091309485241835,-0.4551316149263629
2024-03-06,0.0,0.0,0.0,0.0,0.0,0.0,0.0,0.0,-1.5617514877325767,-0.31446347621320037,0.0,0.0,0.0,0.0,-6.6766697846871725,0.0,0.0,0.0,-0.09735517592979193,-0.11168954728933977
2024-03-07,-0.03380329838531537,0.0,0.0,0.0,0.0,0.0,0.0,-0.06169203025846448,-1.1558919471131746,0.0,0.0,0.0,0.0,0.0,-6.647533655607618,0.0,0.0,-0.03380329838531537,-0.1187952502924472,-0.22961282613921385
2024-03-11,-0.5215516915672125,-0.8773229557030637,-0.885288163262643,-0.8852509626249394,-0.8935116982245028,-0.8902364175868316,-0.8768843415128402,-0.12429941250637899,-1.9783987884225973,-0.7513747642131419,0.0,-0.8712011738203129,-0.7153178801771021,0.0,-7.270914681592721,-0.8692701155069371,-0.8681479838204997,-0.5215516915672125,-0.8730244756793293,-0.6016933929370527
2024-03-12,-0.6453773009509445,-0.7395125441923889,-0.7172671992572544,-0.7215304878948281,-0.87168062450802,-0.8720417241471101,-0.7256047909821262,-0.1188328402512262,-2.162677057051743,-0.5971128058048891,0.0,-0.8030616455072859,-0.7017636478789391,0.0,-7.534264781618882,-0.7336493306584146,-0.7345291158036615,-0.6453773009509445,-0.8274480119723537,-0.5086748105575523
2024-03-13,-1.6194227735464861,-1.7467971592687537,-1.58159860882513,-1.5745126190896408,-1.8206494010419738,-1.8128643899975594,-1.5610820527602653,-0.031038417750328673,-4.243492433012886,-1.5095569466992642,-0.26650475300964427,-2.386479837671618,-2.2044165784324776,0.0,-7.522440862898227,-1.5941091510862315,-1.5797140253871245,-1.6194227735464861,-1.1794144003015261,-1.0260646832316644
2024-03-14,-1.2221583565847793,-1.0097218890664283,-0.8852040068928813,-0.8824710318595663,-1.173912495488827,-1.1726578816019684,-0.9029399863472842,-0.011764342764852831,-3.095310967627074,-0.7490226462479987,-0.26318617708049885,-1.6967010300969476,-1.5422215638545067,0.0,-7.316137307344183,-0.9024975229250276,-0.8976758039815791,-1.2221583565847793,-0.6569138519248674,-0.6399679818962944
2024-03-15,-1.3776291101972205,-1.3814141609013841,-1.24367866610815,-1.2410480784369349,-1.364610630413099,-1.355545958742721,-1.2030470910392999,-0.03557689999721392,-3.2933692386934887,-0.6949021526795107,-0.466982623041734,-2.2365528787870126,-2.0903821564132508,0.0,-7.647110097687094,-1.167659619415451,-1.1561528562960333,-1.3776291101972205,-0.6430251969593681,-0.4193821067305481
2024-03-18,-1.4749955526460634,-1.623278348310131,-1.532571184732412,-1.5263620874113037,-1.546614910566002,-1.536971664100617,-1.465090240386402,0.0,-2.9492136258806534,-1.0273570038102586,-0.5647172133486089,-2.4358770211211134,-1.9465648921244694,0.0,-7.7363707763434375,-1.4415562929597114,-1.4281662113640792,-1.4749955526460634,-0.9397885874826373,-0.6223643030292769
2024-03-19,-2.119604688015464,-2.882063221455422,-2.792733396851854,-2.77405175438723,-2.607771710337514,-2.5874577628044015,-2.664882715396477,-0.13896442389378372,-3.7455347681614293,-2.1269978996647176,-0.810205401113484,-4.0121117057383415,-3.0057573794155523,0.0,-8.541989410784623,-2.6367490169729946,-2.604240525707091,-2.119604688015464,-1.619815738065944,-1.1188482267540212
2024-03-20,-2.0856720490137537,-2.620622479664103,-2.5809996853496164,-2.563472686852375,-2.398100743892906,-2.375254733962562,-2.46467732320117,-0.08940609400535093,-3.215834473642609,-2.121366320237772,-0.4992855757480541,-3.3709819354757475,-2.9095058323140854,0.0,-8.543935522776625,-2.4514894148904287,-2.42139449683505,-2.0856720490137537,-1.5813598103565418,-1.0877301283465424
2024-03-21,-1.9613945867346994,-2.2273188185003234,-2.1712841067074606,-2.151602087881377,-2.04781731465844,-2.030362622408577,-2.0773720448525435,0.0,-2.8913611162010966,-1.9525584895206505,-0.2548181467299848,-3.0170904582263125,-2.141065086537841,0.0,-8.46221378021369,-2.080961353253996,-2.054371753925943,-1.9613945867346994,-1.6227156830654232,-1.1943419716624049
2024-03-22,-1.6548719031905024,-2.153646274526655,-1.9488765218317106,-1.9226052247817593,-1.472255531773936,-1.4561731422356616,-1.754967637758631,0.0,-1.9502821329285491,-1.3558114185099557,-0.06912931100411246,-3.275329575845143,-1.7640646650628922,0.0,-8.414558915180503,-1.7269008733569624,-1.6976444969214244,-1.6548719031905024,-1.31837695056638,-1.0178570329125058
2024-03-27,-1.6302923849235373,-2.2744156726444142,-1.9243704844990273,-1.8980926214316352,-1.447630371973685,-1.431543962944093,-1.7304131365411424,-0.06391246476402657,-1.92577644690195,-1.3311571556899215,-0.07385412078119158,-3.251155060548183,-1.233029020714227,0.0,-8.473363203251205,-1.7023393573786905,-1.673075668861157,-1.6302923849235373,-1.3522093701315296,-1.0370065994359412
2024-03-28,-1.6203013309846859,-1.4588215927446746,-2.0461524012651666,-2.0199071677974634,-1.5695279739081691,-1.5534614618601839,-1.8522495144641105,0.0,-2.0475002527671093,-1.453578851608095,0.0,-3.371298333348227,-0.32565675180301623,0.0,-7.929236755708691,-1.8237281207431844,-1.7945005702470262,-1.6203013309846859,-1.0931280638891705,-0.7679093271585558
2024-04-01,-1.4065950874013189,-0.9362203358101229,-1.5247185665280827,-1.4983336228492572,-1.0944874527522463,-1.078343401258408,-1.340150888511793,0.0,-1.6682398906715634,-1.006471260265207,0.0,-3.1408214753015584,0.0,0.0,-7.857736862632336,-1.3423249587119046,-1.312954092168439,-1.4065950874013189,-0.8146083943821103,-0.5998232241347212
2024-04-02,-1.4928683353707006,-1.2472642614290153,-1.8356626767848105,-1.8093610458187581,-1.5328130039373722,-1.516740499014435,-1.6691149530738136,-0.2710912388514064,-2.1822243924556006,-1.466435412853373,0.0,-3.380806782276835,-0.03872860275130341,0.0,-8.154817654459057,-1.6781851359069289,-1.6489142565609738,-1.4928683353707006,-1.151102653335323,-0.9046935558739255
2024-04-03,-1.561813911121357,-1.1935689427637564,-1.7841746577990536,-1.7578592314067443,-1.4781618187794665,-1.462080393306786,-1.6304505185191998,-0.11334044169085677,-1.8711701307767115,-1.2873506794176537,0.0,-3.124085064364601,-0.12175945763955864,0.0,-8.020894523418942,-1.605267593169013,-1.575975005918262,-1.561813911121357,-1.2146067481625722,-0.9254662338618269
2024-04-04,-1.2036986745307066,-1.0702184775424284,-1.6589608211121432,-1.6326118455897154,-1.4041904895101376,-1.3880969899182194,-1.5214282630452658,0.0,-2.4404372068349445,-1.246949975053302,0.0,-3.89748599608406,0.0,0.0,-7.982239402430647,-1.5317912476263684,-1.502476786112561,-1.2036986745307066,-1.2702975021948504,-0.9318105135923793
2024-04-05,-1.179801163839178,-1.08625745885651,-1.676699430564943,-1.6503552078312778,-1.4337832712454368,-1.4176946019949455,-1.507775308589665,-0.08172038737631615,-3.1262780435474924,-1.2368402006600276,0.0,-4.204574656489024,-0.004224679746278603,0.0,-8.122544596852887,-1.5306870439481979,-1.5013722537076113,-1.179801163839178,-1.232262426500419,-1.0060680927981291
2024-04-08,-1.0122966298951708,-0.5716483087187529,-1.1597622209294278,-1.1332794927864653,-0.8930731262733915,-0.8768961985204271,-0.9935269060663332,0.0,-2.0582946010808123,-0.7874552945611901,0.0,-3.249804439867321,0.0,0.0,-7.888173112573305,-1.0209737381541628,-0.9915072037996686,-1.0122966298951708,-0.8344083565939964,-0.6542914047653059
2024-04-09,-1.052801675888393,-0.6683916090594488,-1.2614103512142427,-1.2349548581312098,-0.886296586816393,-0.8701185529491062,-1.0782720303148419,-0.12422698627800877,-2.304291778371381,-0.7981712674511421,0.0,-3.530593572969354,-0.10390218270412976,0.0,-7.978163933161698,-1.1016336065848953,-1.072191085062968,-1.052801675888393,-1.0097501751501259,-0.8304458423004757
2024-04-10,-0.9696682298693249,0.0,-0.5079000458069416,-0.48124266117631764,-0.14331703179895072,-0.12701772359735575,-0.3247876737561217,0.0,-1.3813044570135768,0.0,0.0,-2.3313611341675866,0.0,0.0,-7.566091085967919,-0.31082624953799876,-0.2811483008449356,-0.9696682298693249,-0.6950855920478394,-0.43819117523136164
2024-04-12,-1.478144275878046,-1.0124659632097521,-1.5186722360926108,-1.492285672392113,-1.1036332268149596,-1.0874906681584973,-1.3067485404310575,-0.6974254918375555,-2.2986514357927312,-0.7964636691947691,-0.02473860960168217,-3.207214326473995,-1.0301592814249916,0.0,-8.220697683336397,-1.2801004050261744,-1.2507110139324262,-1.478144275878046,-0.6702661932130538,-1.1132707049120727
2024-04-15,-2.282009143145358,-2.269772409793447,-2.7735958924521076,-2.747545566328302,-2.406554878464151,-2.390624991818524,-2.5785337472482683,-1.505056865215404,-3.33236093502034,-2.1174565882846275,-0.01433194852950015,-4.101041704317055,-2.115254439805969,0.0,-9.033828266669042,-2.531854105395226,-2.5028373674261584,-2.282009143145358,-0.6454405912355687,-1.9140850137043364
2024-04-16,-2.3442175282471167,-2.9657424089886586,-3.464107338653677,-3.438242024497873,-2.967229122442172,-2.951390752979288,-3.166510330310446,-1.7904590286005884,-4.207722947606429,-2.4677970934663063,-0.20658480420422398,-4.785026584068463,-2.6628535445571866,0.0,-9.539332128553312,-3.1157022445644222,-3.0868593210073736,-2.3442175282471167,-0.6206087845649688,-2.2213413190013465
2024-04-18,-2.807025127397089,-3.0407167320146145,-3.5369568671388407,-3.5111110718986094,-2.9209077069305867,-2.9050617765613573,-3.250810256625114,-1.8225940034977017,-3.114971903473729,-2.387420810918628,-0.6653447317101158,-4.107507113475828,-3.331096985342241,0.0,-9.719433772402464,-3.140766638389525,-3.111931176623617,-2.807025127397089,-0.59577077165055,-2.1983657035125725
2024-04-19,-2.437941021084067,-2.4126379402767517,-2.908562238775403,-2.8825480748172816,-2.127649266176135,-2.111673854600171,-2.552960512434055,-1.1548300357384855,-2.4956647310110935,-1.4999899890193236,-0.29036325869499224,-3.3305262653912093,-2.666810644444184,0.0,-9.895117751445282,-2.419278278714654,-2.3902280263780495,-2.437941021084067,-0.5709265509411088,-1.8295027703447708
2024-04-22,-2.480641289686336,-1.4944497725535077,-1.9950009064570229,-1.968741967729526,-1.2427707528911869,-1.2266509052376584,-1.6717639343580837,-0.5781479893120611,-1.092676535843251,-0.7097111813452517,-0.20047717508895335,-2.023429671111332,-1.8344205200607755,0.0,-9.731054064697986,-1.547579498370777,-1.5182697370955012,-2.480641289686336,-0.5460761208851861,-1.8863250161264
2024-04-23,-2.152772601796016,-0.9184606810201723,-1.4225531971317706,-1.39614087980664,-0.48517716356240026,-0.4689336561693458,-1.0713892247536494,-0.17169315000039598,0.0,0.0,-0.13487665254781067,-1.0935128101443259,-1.6955443398622094,0.0,-9.38929417906359,-0.8738058610224586,-0.8442955140798736,-2.152772601796016,-0.5212194799308678,-1.7234309444045137
2024-04-24,-2.151162194515699,-1.0779923548494552,-1.5831696227321612,-1.5568003401187136,-0.5642599895719025,-0.5480293906324096,-1.2098747674549437,-0.12713943704977249,-0.0715462657400967,-0.1266261628225518,-0.1034700536815425,-1.2460378549626228,-1.5443590897331272,0.0,-9.653635770343595,-1.017150399354494,-0.9876827267735755,-2.151162194515699,-0.5851909357929452,-1.7622182768007089
2024-04-25,-2.1206446018424585,-0.10648707312163053,-0.6213193039994236,-0.5946923083221423,0.0,0.0,-0.2850510163959985,0.0,0.0,0.0,0.0,0.0,-0.8062440804446513,0.0,-8.78215872022471,-0.09534100669735812,-0.06559890700633675,-2.1206446018424585,0.0,-0.9059967938378377
2024-04-26,-2.246435540093905,-0.6963745384221731,-1.2093192664296648,-1.182849816338094,-0.5461836571089118,-0.5461836571089007,-0.8505939860285028,-0.4141216096834932,-0.9663424141562849,-0.5196070626588445,-0.08078677713896365,-0.9394369085907739,-1.4672342687253592,0.0,-9.098219806342044,-0.6593457337566777,-0.6297715409980031,-2.246435540093905,-0.2758329028268336,-1.1321070938905886
2024-04-29,-1.3592890978393557,0.0,0.0,0.0,0.0,0.0,0.0,0.0,0.0,0.0,0.0,0.0,-0.48519538202149715,0.0,-8.382520656820569,0.0,0.0,-1.3592890978393557,0.0,-0.22133632738460252
2024-04-30,-1.6269270559829185,-0.5781630441202168,-0.585206234543667,-0.585206234543667,-0.6330501885716044,-0.6330501885715933,-0.5741372641900333,-0.3629567929025357,-0.6989108918444287,-0.6034522026128197,-0.16168146807032935,-0.5520950002440239,-0.6546210600461122,0.0,-8.608175654681993,-0.5787182192750429,-0.578718219275054,-1.6269270559829185,-0.34632159093805903,-0.49339328863777787
2024-05-02,-1.6435229837963528,-0.5518513890645949,-0.5576032814958665,-0.5576032814958554,-0.7192106118481312,-0.7192106118481312,-0.5626541870319302,-0.4278677598946845,-1.0956105620066103,-0.6662770343739854,-0.1251412121233031,-0.7216793782261144,-0.464105155508876,0.0,-8.646347384544628,-0.5843139787991891,-0.5843139787992002,-1.6435229837963528,-0.3214150250895109,-0.5099738705111934
2024-05-03,-1.9351430202502407,-1.4032388428050324,-1.4218775022307173,-1.4218775022307062,-1.642554746655489,-1.642554746655478,-1.4183890093221074,-1.2183939135690602,-2.642755938042951,-1.517409903313216,-0.3711719125578772,-1.2189263935817984,-1.2215593102319677,0.0,-8.949140927946997,-1.4612867671982555,-1.4612867671982777,-1.9351430202502407,-0.2965022343124568,-0.8029900689475733
2024-05-06,-2.141520172318867,-1.4099956605206354,-1.4034251992975144,-1.4034251992975033,-1.5895752036728439,-1.5895752036728328,-1.33815437686432,-1.2458526004171744,-3.098500613218469,-1.03450411927819,-0.47632306311318207,-2.3741291459759006,-1.3672509726654347,0.0,-8.561935893760086,-1.3583548863530748,-1.3583548863530859,-2.141520172318867,-0.2715832170511412,-1.0348135695009697
2024-05-07,-2.283812627623949,-1.0171942608984241,-0.9840506237410729,-0.9840506237410618,-1.1852594853985265,-1.1852594853985265,-0.830342260749628,-1.318046162269515,-3.439771695654703,-0.08551963234058046,-0.43204091063003824,-3.0054524269819027,-1.9834083351115916,0.0,-8.245251421481603,-0.8285588620354889,-0.8285588620355222,-2.283812627623949,-0.24665797174932003,-1.1270646523557692
2024-05-08,-2.3920601955390586,-1.0990460575626138,-1.0708360008655937,-1.0708360008655826,-1.2688062381006726,-1.2688062381006837,-0.9634086701003963,-1.5007313693217283,-2.782640038029749,-0.4271298940312529,-0.420009020109835,-2.667904831552803,-1.9834083351115916,0.0,-8.231624660658355,-0.9675983118134446,-0.9675983118134446,-2.3920601955390586,-0.22172649685040513,-1.102353218576424
2024-05-09,-2.850506109402551,-2.4684814458343696,-2.4705379541736794,-2.4705379541736794,-2.7189794711560356,-2.7189794711560467,-2.370236532446768,-2.2394426104591636,-4.475728749589969,-1.8895364636842826,-0.6253612070633574,-2.8199621611611048,-3.499638539097094,0.0,-8.73760626910971,-2.4035763170187074,-2.4035763170187296,-2.850506109402551,-0.19678879079745304,-1.07763560863815
2024-05-10,-2.3523915375064375,-2.062186435204638,-2.069715555081686,-2.069715555081675,-2.1788196112231373,-2.1788196112231484,-1.9014934346521906,-1.7609042181579215,-3.858443361905406,-1.1533287308141738,-0.5978212448020437,-2.428284152725557,-3.070263158301323,0.0,-8.531496515100745,-1.8910339531165166,-1.8910339531165277,-2.3523915375064375,-0.1718448520331095,-1.052911820997382
2024-05-13,-2.3540482116786388,-1.9683703237971084,-1.9649708831269486,-1.9649708831269486,-2.0935342956664105,-2.0935342956664216,-1.7856002282105377,-1.6878231537320487,-4.194011669255127,-0.975559918636959,-0.6491499519842625,-2.8742355151160193,-2.855566884172678,0.0,-8.680803634894996,-1.7926646390535872,-1.7926646390535872,-2.3540482116786388,-0.1468946789995873,-1.0281818541101106
2024-05-14,-2.3333414383828077,-1.7585588872759406,-1.7521422679098286,-1.7521422679098508,-1.9077478642472778,-1.9077478642473,-1.6284386355374547,-1.762880855269211,-3.554369462070861,-1.1464465257434164,-0.7783850408874748,-2.427396903954959,-2.3554358106037454,0.0,-8.702933420960967,-1.6545249839600373,-1.6545249839600595,-2.3333414383828077,-0.12193827013877723,-1.003445706431938
2024-05-15,-2.3702684955426823,-1.8293368176384939,-1.8345140058174558,-1.8345140058174558,-1.8992240590106513,-1.8992240590106846,-1.7319433726696865,-1.7046184909434992,-2.6250891127518994,-1.2343345130343297,-0.6298235772351779,-1.998269051493451,-2.4314619140723637,0.0,-8.623831492816192,-1.7235988323806573,-1.7235988323806684,-2.3702684955426823,-0.0969756238921815,-0.9787033764180664
2024-05-16,-2.3133013648162337,-0.7628200119739192,-0.7483382883151424,-0.7483382883151646,-0.8158227165499077,-0.8158227165499077,-0.6582464745881089,-1.1300516906110891,-1.311827749620631,-0.08118255220904702,-0.09490217927354827,-1.6400828549644197,-1.5379899614985093,0.0,-7.684429412305871,-0.6109660582848564,-0.6109660582848453,-2.3133013648162337,-0.07200673870083607,-0.9539548625234207
2024-05-17,-2.3559716578366308,-0.8424701088613928,-0.8404278068766868,-0.8404278068766979,-0.8920871987542434,-0.8920871987542656,-0.7560268469225084,-0.9907498288123318,-1.3376270583345007,-0.29659737847758105,0.0,-1.2794088577900875,-1.2644092942576624,0.0,-8.004591775670178,-0.7097550928075624,-0.7097550928075513,-2.3559716578366308,-0.04703161300541048,-0.9292001632023483
2024-05-21,-2.3813318847066833,-0.9945891403662532,-1.0108408089643306,-1.0108408089643528,-1.089661134244857,-1.0896611342448792,-0.9489854535946862,-1.130334581339254,-1.2159860642976472,-0.5926628742585205,-0.026256848254424536,-0.771959086177687,-0.9877470676687872,0.0,-8.074775336113904,-0.9048124574467464,-0.9048124574467575,-2.3813318847066833,-0.11100635660239444,-0.9044392769089638
2024-05-22,-2.0256579360170557,-0.2989263652142138,-0.29095443169467883,-0.29095443169467883,-0.40525515085075847,-0.4052551508507696,-0.21468859231006387,-1.0571735510043423,-0.8493147106446997,0.0,0.0,-0.6532370465841986,-0.685599744410792,0.0,-7.7330418349505265,-0.18229717076250207,-0.18229717076251317,-2.0256579360170557,0.0,-0.8796722020969483
2024-05-23,-1.2928369003543438,0.0,0.0,0.0,0.0,0.0,0.0,-0.4090649498297294,0.0,0.0,0.0,0.0,0.0,0.0,-7.2938916615180815,0.0,0.0,-1.2928369003543438,0.0,-0.854898937219617
2024-05-24,-1.3494232256606842,-0.05406669190598512,-0.06074819862037506,-0.06074819862038616,-0.02921761427905345,-0.029217614279064552,-0.08312200319989804,-0.42531868203578016,0.0,-0.10868129462401344,-0.017143979943545773,0.0,-0.045937573371934715,0.0,-7.599749402202782,-0.05766388678775103,-0.05766388678776213,-1.3494232256606842,-0.28681654736263384,-0.8301194807298851
2024-05-27,-1.4117035541754919,0.0,-0.004813905471368063,-0.004813905471379165,-0.019532254255827386,-0.019532254255827386,-0.049863696612595376,-0.4035153029642524,0.0,-0.15077780099073124,-0.007314839007421803,0.0,-0.15326414011145317,0.0,-7.568597664123244,-0.02953638622142929,-0.029536386221418187,-1.4117035541754919,-0.39567991958283644,-0.8053338310802349
2024-05-28,-1.617851383709712,-0.2442013819001665,-0.24445341394028208,-0.2444534139403043,-0.2762632602523518,-0.2762632602523629,-0.28390828564798243,-0.40520128049527093,-0.47374727693034746,-0.37826388281924084,-0.04340252731456218,-0.42124246931614096,-0.34613902009082986,0.0,-7.781605833213412,-0.27440767321178505,-0.27440767321178505,-1.617851383709712,-0.6436759349736643,-0.7805419867228269
2024-05-29,-2.089471031384804,-1.0790762339006998,-1.0798214787627547,-1.0798214787627658,-1.119254661712532,-1.1192546617125099,-1.128744505418089,-0.8044529362054798,-0.9187368100437743,-1.1547671474349541,0.0,-1.3618456859459949,-1.1448762385478206,0.0,-8.346041094239421,-1.0821421269855636,-1.0821421269855636,-2.089471031384804,-1.3197708067790082,-0.755743946109444
2024-05-30,-2.5174123341537125,-1.5614511645818951,-1.5880535439625754,-1.5880535439625865,-1.529860153721907,-1.529860153721907,-1.6302496421399915,-0.8917372740316343,-0.9980497384785236,-1.6278820248405435,-0.051229072229819206,-1.0743372184176758,-2.0855420204215602,0.0,-8.507003907973033,-1.5763781329751425,-1.5763781329751425,-2.5174123341537125,-1.2951075362847453,-0.7309397076913471
2024-05-31,-2.255932775203573,-1.3859889716949625,-1.4173905779266138,-1.417390577926636,-1.3943642572054715,-1.3943642572054715,-1.4929844212248522,-0.7338265418513457,-0.9219869422575688,-1.7384622265359528,-0.013343482208028057,-0.7951526414679111,-1.9024635278032553,0.0,-8.453781574873053,-1.4519080635279957,-1.4519080635280068,-2.255932775203573,-1.2704381016691024,-0.7061292699195976
2024-06-03,0.0,0.0,0.0,0.0,0.0,0.0,0.0,0.0,0.0,0.0,0.0,0.0,0.0,0.0,-7.954355716535089,0.0,0.0,0.0,-1.3048250732060396,-0.6813126312448126
2024-06-04,-2.775317377107911,-5.304103090568657,-5.162485118617499,-5.162485118617521,-4.792468798062977,-4.792468798062977,-4.946949326900018,-0.9535132647668587,-10.139244683596083,-3.9068787103024416,-0.24898769125432096,-8.53932962766546,-5.929359941641055,0.0,-9.378614338741754,-4.943290072206407,-4.943290072206407,-2.775317377107911,-5.264963052990035,-0.6564897901170874
2024-06-05,-0.8737300400605053,-2.751527450890834,-2.6167020142266573,-2.6167020142266573,-2.215311093740724,-2.215311093740746,-2.321184434764967,0.0,-8.27709384403198,-0.9938676398124069,0.0,-5.77690398126146,-2.766306468150681,0.0,-8.704117041420911,-2.297719958862654,-2.297719958862676,-0.8737300400605053,-3.9346027359049907,-0.6316607449862621
2024-06-06,-1.026635282168853,-1.5084485863220864,-1.3863303794758197,-1.3863303794758197,-1.0663757527907936,-1.0663757527908158,-1.2021799188591586,-0.015774566134407753,-6.135091912553248,-0.216397995803419,0.0,-4.104703598259773,-1.9020886118404912,0.0,-7.947499543196523,-1.1675002199277529,-1.167500219927775,-1.026635282168853,-4.176170546426272,-0.6665215035546401
2024-06-07,-0.8298257235541007,0.0,0.0,0.0,0.0,0.0,0.0,0.0,-3.6388424864788105,0.0,0.0,-2.032195300892048,0.0,0.0,-7.428955862101205,0.0,0.0,-0.8298257235541007,-3.144327200219399,0.0
2024-06-10,-1.2259629802659933,-0.39932123867966185,-0.4181190811095914,-0.4181190811095803,-0.392285804086312,-0.392285804086312,-0.39356385392701476,-0.14597785859367107,-3.4934665954253097,-0.27946701671338614,0.0,-2.077645976876219,-0.13289382574127595,0.0,-7.770948296825431,-0.383381428242735,-0.383381428242735,-1.2259629802659933,-3.671895544382775,-0.18704738132606646
2024-06-11,-1.329719572894894,-0.4881956623626338,-0.5183694316839738,-0.5183694316839738,-0.5402342897808943,-0.5402342897808943,-0.5287400145737475,-0.29619414775966524,-2.9571578065535564,-0.502638186644977,0.0,-1.9092507297947092,-0.10863296640706288,0.0,-7.7564689801653985,-0.5070022930588558,-0.5070022930588447,-1.329719572894894,-3.7885766719664815,-0.2893379044972111
2024-06-12,-1.379799484455524,-0.412179102853083,-0.45864599381310045,-0.45864599381312265,-0.5003227133473231,-0.5003227133473231,-0.4820134734375259,-0.4051103775062237,-2.277353920038938,-0.5017044492380163,0.0,-1.3808257062874696,0.0,0.0,-7.810150360455436,-0.44874421014317045,-0.44874421014317045,-1.379799484455524,-3.7474542531288124,-0.2948613603882433
2024-06-13,-1.5717343512804738,-0.35895605796304464,-0.3941142335936454,-0.3941142335936454,-0.5221661319396387,-0.5221661319396498,-0.4939265731271014,-0.611468535707993,-1.9709082462333716,-0.819215701734477,-0.06069130491336283,-1.4797826901174926,0.0,0.0,-7.765269326979296,-0.4772042509998853,-0.4772042509998964,-1.5717343512804738,-3.580499531851755,-0.42305089687690867
2024-06-14,-1.38943919744704,-0.3363865954670864,-0.3709451491143878,-0.3709451491143767,-0.4930772872709488,-0.493077287270971,-0.4449090850828785,-0.4692515578280765,-2.171360620889773,-0.7499374310868889,-0.0646598057246206,-1.4352486619328308,0.0,0.0,-7.8301439671636714,-0.4311911189755713,-0.4311911189755824,-1.38943919744704,-3.531800441299504,-0.31714081482275835
2024-06-18,-1.264163553480191,-0.018665663353323314,-0.06258742059416234,-0.06258742059415123,-0.21144509312975845,-0.21144509312978066,-0.13017705138099744,-0.19825243976314688,-1.9848490629817195,-0.4758611308023908,-0.09292848856837788,-1.0247614222842483,0.0,0.0,-7.743269896654814,-0.1299131749239124,-0.1299131749239235,-1.264163553480191,-3.3752465961365496,-0.12406802809392659
2024-06-19,-1.3257927167382944,-0.24501214335904686,-0.3179892153639563,-0.3179892153639452,-0.611305196154821,-0.6113051961548432,-0.3802948707276377,-0.21977294870013653,-3.6883838411692405,-0.8132337620855301,-0.20472248087460843,-1.2923326394353452,-0.17786131162044194,0.0,-8.353913118634237,-0.42476844667477254,-0.42476844667478364,-1.3257927167382944,-3.7750782515486803,-0.514138596783642
2024-06-20,-1.206872443472995,-0.0005622016318596046,-0.04798746760599215,-0.04798746760598105,-0.3476541258215726,-0.34765412582160593,-0.08314730168772488,0.0,-4.017308986757751,-0.5666583925347357,-0.16158894978683946,-1.4792370604049587,0.0,0.0,-8.174995806747255,-0.15769637056854968,-0.15769637056854968,-1.206872443472995,-3.5379527464972638,-0.24823424307814923
2024-06-21,-0.9557136693053581,-0.1919387232567904,-0.25925174613413704,-0.25925174613414814,-0.5109176742513322,-0.5109176742513433,-0.31340222322427946,-0.3762814138607351,-3.5801763814417353,-0.6840948498346489,-0.14178348093979443,-1.0431138244345162,-0.2796299513090461,0.0,-8.6443714083412,-0.34303445758154805,-0.34303445758154805,-0.9557136693053581,-3.5979861908801314,-0.290244572331555
2024-06-24,-0.9058328878212341,-0.09028805836730491,-0.1629217208935163,-0.1629217208935052,-0.40721063006086133,-0.40721063006089464,-0.18766592277148497,-0.299843726235105,-3.5922483800998384,-0.4057361004060289,-0.2464625694533651,-0.8123004466585537,-0.12369156288454253,0.0,-8.629604183035111,-0.2039727920659984,-0.2039727920660095,-0.9058328878212341,-3.7143258205755925,-0.3682985872116018
2024-06-25,-0.590775508531638,0.0,0.0,0.0,0.0,0.0,0.0,0.0,-3.0433575750067665,0.0,-0.08865532105111207,0.0,0.0,0.0,-8.209773220482974,0.0,0.0,-0.590775508531638,-3.690261024147523,0.0
2024-06-26,-0.17844680010257186,0.0,0.0,0.0,0.0,0.0,0.0,0.0,-1.3873160616021396,0.0,0.0,0.0,0.0,0.0,-7.499059471285674,0.0,0.0,-0.17844680010257186,-3.6661902131754354,0.0
2024-06-27,0.0,0.0,0.0,0.0,0.0,0.0,0.0,0.0,-1.1576159094356275,0.0,0.0,0.0,0.0,0.0,-7.262994205664519,0.0,0.0,0.0,-3.6421133861560984,0.0
2024-06-28,-0.2908860370354205,-0.33322569323976925,-0.3150763522237865,-0.34659866864588107,-0.34331014068451626,-0.3617275773916573,-0.3294745828252399,0.0,-2.1966561145909114,-0.581392188229235,-0.0020171040996941336,-1.0897892833601541,-0.14099020825968367,0.0,-7.179860971093744,-0.3880864155072383,-0.40742210278039703,-0.2908860370354205,-3.6180305415859038,-0.2883276096570242
2024-07-01,0.0,0.0,0.0,0.0,0.0,0.0,0.0,0.0,-1.6867437038884048,0.0,0.0,-0.4157582331737242,0.0,0.0,-7.110343337260138,0.0,0.0,0.0,-3.593941677960888,0.0
2024-07-02,0.0,-0.075419094143514,-0.020423771573718774,0.0,-0.26271257995708064,-0.19269422611949416,-0.08327084246366745,0.0,-2.5448204450508993,-0.46946203149743626,0.0,-1.046145972540613,-0.07497161563467802,0.0,-6.8288252287069025,-0.1072312011052734,-0.0718856756595998,0.0,-3.700405303970633,-0.3022281279697614
2024-07-03,-0.062485745490004074,0.0,0.0,0.0,0.0,0.0,0.0,0.0,-2.5291352040879067,-0.03950847074947195,0.0,-0.08891397174678461,0.0,0.0,-6.62596545058366,0.0,0.0,-0.062485745490004074,-3.2699181656250853,0.0
2024-07-04,0.0,0.0,0.0,0.0,0.0,0.0,0.0,0.0,-2.1950403515109906,0.0,-0.08109858908086354,-0.19344546990317513,0.0,0.0,-6.215237762328929,0.0,0.0,0.0,-3.077821905879441,0.0
2024-07-05,0.0,0.0,0.0,0.0,0.0,0.0,0.0,0.0,-1.4656919361410115,0.0,0.0,-0.2865727683435515,0.0,0.0,-5.426398428023671,0.0,0.0,0.0,-2.8709406039633234,0.0
2024-07-08,0.0,0.0,0.0,0.0,0.0,0.0,0.0,0.0,-1.3497920830302323,0.0,0.0,-0.09304012148606544,-0.013562113637355377,0.0,-5.384244007543659,0.0,0.0,0.0,-2.5142519044799916,0.0
2024-07-09,0.0,0.0,0.0,0.0,0.0,0.0,0.0,0.0,-1.1373462563188275,0.0,0.0,0.0,0.0,0.0,-5.008361687280427,0.0,0.0,0.0,-2.1565799953731757,0.0
2024-07-10,-0.3518384486971726,-0.4403689608697081,-0.4437672451777175,-0.3393650392026437,-0.3721566168272905,-0.2767856886525366,-0.40803200664738526,-0.24650322562721483,-1.4248893458190137,-0.2863215136818864,-0.09089929844863232,-0.29712372223489325,-0.4450911197766749,0.0,-5.232308126490892,-0.3829996618946341,-0.28905751475000185,-0.3518384486971726,-2.5276028657539196,-0.37907647713282255
2024-07-11,-0.15941011836099195,-0.3438274019870069,-0.34572884688734984,-0.26072090248806523,-0.2366703130473824,-0.1670081031814763,-0.2966445151081465,-0.11192467126022176,-1.6040568906121933,-0.13155704405584112,-0.12213180360246545,-0.31212649378763446,-0.47987985097758257,0.0,-5.289136025179319,-0.2645279889772145,-0.19043563290781496,-0.15941011836099195,-2.5328421816391167,-0.250132527952307
2024-07-12,0.0,0.0,0.0,0.0,0.0,0.0,0.0,0.0,-0.468601249409073,0.0,0.0,0.0,0.0,0.0,-5.3001394857775885,0.0,0.0,0.0,-2.5084820955587173,0.0
2024-07-15,0.0,0.0,0.0,0.0,0.0,0.0,0.0,0.0,-0.0788845100872071,0.0,-0.0596323134134602,0.0,0.0,0.0,-5.143896307312323,0.0,0.0,0.0,-2.4841159211322017,0.0
2024-07-16,0.0,0.0,0.0,0.0,0.0,0.0,0.0,0.0,0.0,0.0,0.0,0.0,0.0,0.0,-5.129302204512154,0.0,0.0,0.0,-2.459743656837865,0.0
2024-07-18,0.0,0.0,0.0,0.0,0.0,0.0,0.0,0.0,0.0,0.0,-0.018445619069995534,0.0,0.0,0.0,-4.360651057548104,0.0,0.0,0.0,-2.565190819714336,0.0
2024-07-19,-0.35839450240924275,-0.2859759830292852,-0.27828198288036843,-0.2140919157823329,-0.28849696241121103,-0.21494791074524455,-0.2671616734990945,-0.1852040915823583,-0.8923484433901341,-0.31079028040957857,-0.14425707899758944,-0.48904404932680334,-1.0884676251089243,0.0,-4.651802245170122,-0.2568849050924582,-0.18820115567032003,-0.35839450240924275,-2.9150452337177835,-0.42834799745844476
2024-07-22,-1.017381075755519,-0.5544943762302301,-0.5698929814975329,-0.43278165365481236,-0.6703648184973487,-0.5023225789619779,-0.5751747666966178,-0.44311048012019016,-0.988598642741112,-0.6206946966452187,0.0,-0.4432686491733451,-1.17576459664821,0.0,-4.814815660974747,-0.5255267398806995,-0.38737943282893816,-1.017381075755519,-2.8907806721140905,-1.0195320992241408
2024-07-23,-0.7239410978128635,-0.46525573160495215,-0.44968613543397984,-0.3456316347878019,-0.24605113306469528,-0.16867128497435324,-0.2935033964129974,-0.7257686930447038,-1.5520195230658507,0.0,-0.46883423095662735,-0.8229524718045167,-1.297531468451607,0.0,-4.9757492267582855,-0.17802417988322938,-0.10201942477215953,-0.7239410978128635,-2.866510046038817,-0.9421220526386831
2024-07-24,-1.1185387895503718,-0.9578843381091273,-0.9205750671069546,-0.7019546237295282,-0.7049158091267271,-0.5182446150666875,-0.7525402958928118,-0.6961183927084891,-2.1105272330890545,-0.536011845393225,-0.5713241819439441,-1.6187678496364488,-1.5618400799808807,0.0,-5.1844094652555235,-0.6779387013636451,-0.48414386431084866,-1.1185387895503718,-2.928082345697769,-1.4005057077853489
2024-07-25,-1.2650080937833041,-1.095156670399411,-1.0338987938033006,-0.7706579807224001,-0.9797787246109801,-0.7236829411841006,-0.9315143058616471,-0.4287927786480461,-2.0489420501811573,-0.9110282227385857,-0.5378207757763431,-1.9607939002116326,-1.591679342512431,0.0,-5.451311125209535,-0.8530393424140748,-0.6134523325022179,-1.2650080937833041,-3.1441120462666117,-1.476132349470316
2024-07-26,-0.27880335141512447,0.0,0.0,0.0,0.0,0.0,0.0,-0.019993284521491184,0.0,0.0,-0.29475187441085904,-0.27135660048206445,0.0,0.0,-4.402883980863437,0.0,0.0,-0.27880335141512447,-2.04168842342094,-0.871754187576046
2024-07-29,-0.6056239477565617,-0.06191877739931684,-0.03058693321477124,-0.00617543932436293,-0.2156428374867958,-0.1545692173238855,-0.1123430270300041,0.0,-0.5504688187075946,-0.41383295206585125,-0.2669125998120858,-0.6689587878526138,0.0,0.0,-4.938084565645107,-0.1382705751997726,-0.10332248204180106,-0.6056239477565617,-2.2117471250115095,-0.8949240218464216
2024-07-30,-0.8358956772076209,-0.3075250064068613,-0.28580288744216586,-0.19797026634746917,-0.5777996069844193,-0.42855248957167635,-0.4153995521054443,-0.03688417849697645,-0.9141122817277969,-0.912886368575172,-0.2616343426896095,-0.8162433371529554,0.0,0.0,-5.192198404429959,-0.46076756029094224,-0.34915455466887346,-0.8358956772076209,-2.4353905625189243,-1.0298549689913172
2024-07-31,-0.45556622277669323,0.0,0.0,0.0,-0.1376350833784512,-0.10922128128868502,-0.01585348632858752,0.0,-0.10920700592482735,-0.35922830779708814,-0.24463989290254284,-0.590964539483918,0.0,0.0,-4.951635616040296,-0.04090886931278348,-0.046782902495523526,-0.45556622277669323,-2.078297945048313,-0.7162736575287987
2024-08-01,-0.4201108997480052,-0.004729342688047922,0.0,0.0,-0.05085375367310796,-0.018228227626360116,0.0,0.0,0.0,-0.11395444466625326,-0.07651181686924025,-0.666453740481765,0.0,0.0,-5.23512475714355,0.0,0.0,-0.4201108997480052,-2.3304110074218287,-0.7322560468422834
2024-08-02,-0.9090743598574091,-1.225811780667574,-1.244002402140465,-1.2283168625447427,-1.1994648566313715,-1.143189778475362,-1.1970160227415039,-0.6034318029364605,-1.6327285551834492,-1.1425768519467971,-0.1650125381333356,-1.9785403573208349,-1.1722935491954578,0.0,-6.148025603997098,-1.1884228040014322,-1.1609419537148336,-0.9090743598574091,-2.3060003274702034,-1.5864879894549877
2024-08-05,-1.362842776965001,-3.595894656953269,-3.636097733645982,-3.622007326142762,-3.338633486034126,-3.271578213279891,-3.46839648252516,-1.503705299719038,-4.355052865296683,-2.7678286488109105,-1.3993647477024362,-4.134921456358476,-3.8195377468620784,0.0,-7.4118948946579,-3.3355015893438145,-3.2985520912318433,-1.362842776965001,-2.2815835465274437,-2.5631435629785537
2024-08-06,-1.3532184436963801,-3.721681302011315,-3.7271337563890117,-3.718881096928306,-3.4356862869108773,-3.3792305663375544,-3.5335392521169795,-1.2863228115440384,-4.9258294899391375,-2.7124936826598445,-1.5779643829733403,-4.112427957559916,-4.071623146189129,0.0,-7.487274821513368,-3.364732720256447,-3.3367147628444616,-1.3532184436963801,-2.257160663068758,-2.5983007681864345
2024-08-07,-1.2123604296689905,-2.7606459675007744,-2.7716282041069573,-2.7634656005847913,-2.585552903428845,-2.535206891361974,-2.6191559785026075,-1.0060465400258511,-4.03552097187887,-2.046106039358264,-1.220790582734721,-3.0760717607959287,-2.852357889891899,0.0,-7.372012453423949,-2.482275291344971,-2.45884052439983,-1.2123604296689905,-2.2327316755688997,-2.604424020465257
2024-08-08,-1.1950237354262705,-3.2768933734908745,-3.303811419412861,-3.2898390507448694,-2.9918479262450393,-2.9278717324608627,-3.1052635759159064,-1.3392540383159846,-4.437426619903173,-2.2675411495431286,-1.4870533352785986,-3.8644967615218184,-3.574043223809953,0.0,-7.886130151525905,-2.947992993906279,-2.910854359619519,-1.1950237354262705,-2.2082965825023004,-2.5954198426713537
2024-08-09,-1.0992714669860848,-2.294582380953658,-2.3170076570028564,-2.306630184436531,-2.069084916476094,-2.0109745953884706,-2.1553506507072107,-0.95492601870375,-3.3519741334992137,-1.495596661609655,-1.1765185552329194,-2.898309565599988,-2.5724799210593785,0.0,-7.537144359318015,-2.02212174255082,-1.9920916081952011,-1.0992714669860848,-2.1838553823429696,-2.351157056919362
2024-08-12,-1.0983285531624531,-2.3848843639602713,-2.42834564519967,-2.4183991097759705,-2.1558935566624915,-2.0975622766892577,-2.2370007618561227,-1.1399664718380276,-3.7588163677177877,-1.5376505038194765,-1.138174940163561,-2.7511363822677604,-2.654444183360316,0.0,-7.555755289076805,-2.100171679660945,-2.0659883550303793,-1.0983285531624531,-2.218523361356317,-2.368508065546193
2024-08-13,-1.2099120609574188,-3.0847665714349937,-3.1216298034250745,-3.1188198621907026,-2.7938120428654734,-2.7393940303532593,-2.912624802743402,-1.147817352249303,-4.008972328208571,-2.1861783838160287,-1.1237160721331851,-3.2057055417585856,-3.486081576462585,0.0,-7.959143786261813,-2.768262181565484,-2.744324752030791,-1.2099120609574188,-2.6774409157562906,-2.4827524852577665
2024-08-14,-1.1957031612036984,-2.6400831110403034,-2.693643479284369,-2.703751656467346,-2.400832487271265,-2.3584933264054864,-2.497703973229648,-0.9372782670848512,-3.149380348411901,-1.85116997156618,-0.7791617126956529,-2.6076402405240118,-3.467089857148964,0.0,-7.934428990280562,-2.362322265333816,-2.3520814771579412,-1.1957031612036984,-2.671948244730271,-2.485992404579951
2024-08-16,-0.7177836616949596,-1.1497892157793843,-1.202533264293526,-1.2280534002994226,-0.8721781987962252,-0.8455611359402093,-0.9667278286213943,-0.5803994950081437,-1.9389042452993666,-0.2459310503615475,-0.4152181264695298,-1.0693799716707697,-1.878181083700925,0.0,-7.095116762515696,-0.8412654401053876,-0.8446540206353714,-0.7177836616949596,-2.3990481073754566,-2.210825037910724
2024-08-19,-0.7650395265174748,-1.1105346331390709,-1.1495663994893879,-1.1825579924058083,-0.8553993912765789,-0.8353084017841295,-0.916521287518457,-0.43309683041030667,-2.1214504994696126,-0.2254994477211003,-0.40438532514978087,-1.0152801511102871,-1.7522359977262925,0.0,-7.120135299858388,-0.7976670263890817,-0.8071296568530673,-0.7650395265174748,-2.3367557409787243,-2.12484441711962
2024-08-20,-0.6484559521926836,-0.9292012587281184,-0.9541233031054364,-0.9896130684621252,-0.7272758995311102,-0.7116275429739471,-0.7408529898704774,-0.36964804610827295,-2.421466725211119,-0.10865404709909932,-0.38474019622600775,-0.8916787925784764,-1.2476591261263326,0.0,-6.889653618281654,-0.6292207654277959,-0.6401165971525513,-0.6484559521926836,-2.3430921428076457,-2.1516055331141204
2024-08-21,-0.3662502136042578,-0.5687436686974912,-0.5909772682839431,-0.6362170706589843,-0.2914822465481026,-0.2860082730087421,-0.34168409803929656,-0.2930784625102434,-1.8350149901391277,0.0,-0.25022047811850134,-0.35482916035530776,-0.9623850725711147,0.0,-6.71064930868347,-0.17885680685816308,-0.20314016616223007,-0.3662502136042578,-1.9761636829823126,-1.7117933883354364
2024-08-22,-0.4416662603915822,-0.2445424616780656,-0.2812631388592779,-0.3188607267508581,0.0,0.0,-0.04396149094766377,-0.2461842982952489,-1.1611542219854387,0.0,-0.048054565528565796,-0.07582277236832802,-0.7972539473218965,0.0,-6.551576862133723,0.0,0.0,-0.4416662603915822,-2.008959274789046,-1.7772191507196
2024-08-23,-0.462481140099158,-0.18682251061964417,-0.22211430713210412,-0.25642780464772974,0.0,0.0,0.0,-0.24161750126153736,-0.8341288930773572,0.0,0.0,-0.08466902865530423,-0.7506726949757514,0.0,-6.773809181243829,0.0,0.0,-0.462481140099158,-2.1290987741451883,-1.8612946588894785
2024-08-26,-0.17502922343084482,0.0,0.0,0.0,0.0,0.0,0.0,-0.11901547228048148,-0.21764452021907355,0.0,0.0,0.0,-0.001202600647354224,0.0,-6.609727146393651,0.0,0.0,-0.17502922343084482,-1.6659824422456282,-1.6202351034849682
2024-08-27,-0.3182992044517885,0.0,0.0,0.0,-0.07948352287856508,-0.08061393271669992,-0.015648359032305326,0.0,0.0,-0.3533612710641565,0.0,0.0,0.0,0.0,-6.325144591024734,-0.08279575611190859,-0.08360096414635754,-0.3182992044517885,-1.7661783919898144,-1.7372269918297656
2024-08-28,0.0,0.0,0.0,0.0,0.0,0.0,0.0,-0.00852627647907056,0.0,-0.193587314279986,-0.0233991910143172,0.0,0.0,0.0,-6.120959830192718,0.0,0.0,0.0,-1.609909146483346,-1.3777648675713072
2024-08-29,0.0,0.0,0.0,0.0,0.0,0.0,0.0,0.0,0.0,0.0,0.0,0.0,0.0,0.0,-5.97437953998231,0.0,0.0,0.0,-1.58531839061955,-1.1004766481016115
2024-08-30,0.0,0.0,0.0,0.0,0.0,0.0,0.0,0.0,0.0,0.0,0.0,0.0,0.0,0.0,-5.87984366150115,0.0,0.0,0.0,-1.5607214887580212,-0.852780635275252
2024-09-02,0.0,0.0,0.0,0.0,0.0,0.0,0.0,0.0,-0.42752523790529073,0.0,0.0,0.0,0.0,0.0,-5.976415533250146,0.0,0.0,0.0,-1.5361184393627103,-0.6895274040231825
2024-09-03,-0.02803316063407779,-0.014658172745496412,0.0,0.0,0.0,0.0,0.0,0.0,-0.7641620046273112,0.0,0.0,-0.23108928268147366,0.0,0.0,-6.00632641286899,0.0,0.0,-0.02803316063407779,-1.5115092408971242,-0.8956781043631734
2024-09-04,-0.05944215010191822,-0.29202322964460015,-0.28477288861232797,-0.13478604613296197,-0.12321764653361322,-0.04933512004491325,-0.23254518049221629,0.0,-1.0261464757115868,0.0,0.0,-0.6367954007171384,-0.32100820170587463,0.0,-6.393793323646713,-0.16127408057261539,-0.06966800515165739,-0.05944215010191822,-1.4868938918244368,-0.9574289731163588
2024-09-05,-0.1807018226654633,-0.38838167699578596,-0.4079906985582693,-0.18694090280099163,-0.11024371458688842,-0.03262482065873318,-0.3375279242998741,0.0,-1.4118685895787908,-0.06473608640892303,0.0,-0.6232011848763874,-0.5330332343038702,0.0,-6.369796514633452,-0.25156065692480967,-0.10503375862449538,-0.1807018226654633,-1.462272390607422,-0.8884463753923932
2024-09-06,-1.3652989509631785,-1.8254586618966173,-1.8742279931435846,-0.9264296638923808,-1.3091582016154346,-0.6314467830713211,-1.7274491615214105,0.0,-2.429225126238488,-1.0518005254414486,0.0,-1.9041048595637378,-1.6918582402934645,0.0,-6.955112339342739,-1.5594359879053887,-0.7621901562956057,-1.3652989509631785,-1.437644735708432,-1.353370340554516
2024-09-09,-0.8292585982879297,-1.0610173092459818,-1.1152314295891252,-0.5289771945553801,-0.19535841341390414,-0.046818854291552636,-0.8762545988720616,0.0,-2.000846605711437,0.0,0.0,-1.271430395442108,-1.3585888526118528,0.0,-6.803378940889592,-0.6263449817425104,-0.2763217270805862,-0.8292585982879297,-1.413010925589575,-0.9464742674478166
2024-09-10,-0.4490521333014863,-0.5768579165881138,-0.6560034189298625,-0.284704238706035,0.0,0.0,-0.42811868561435373,0.0,-0.7059091612983459,0.0,0.0,-0.5536113289008271,-0.9444280867535904,0.0,-6.477374033902706,-0.20466187799708102,-0.05011944675503699,-0.4490521333014863,-1.3883709587123705,-0.9993996645241143
2024-09-11,-0.4970683556194899,-1.0182112089351159,-1.1310546928324894,-0.5186117989334438,-0.2561994848764626,-0.12210641973572356,-0.8320427054923751,0.0,-1.0141774569182194,-0.1503008787759219,0.0,-0.8422726620964549,-1.429598657465847,0.0,-6.485770230522647,-0.5771001432083089,-0.22917905103909675,-0.4970683556194899,-1.3637248335380825,-0.9867388794735255
2024-09-12,0.0,0.0,0.0,0.0,0.0,0.0,0.0,0.0,0.0,0.0,0.0,0.0,0.0,0.0,-5.469165516627328,0.0,0.0,0.0,-1.4307163830785674,0.0
2024-09-13,-0.11688372251457135,-0.35330957228607573,-0.34621380785463396,-0.16309495128367102,-0.47232296321698675,-0.23169892054714092,-0.37858737691217614,-0.007686827003283714,-0.44059371036679895,-0.49002677260596705,0.0,-0.4066055660600698,-0.1276163604035374,0.0,-5.73340902131616,-0.4000932220401432,-0.19228477522715837,-0.11688372251457135,-1.7502760590157207,-0.3477047266873923
2024-09-16,0.0,-0.4637091312919117,-0.4340061767627357,-0.1931937281237972,-0.762716390652407,-0.3690999310993037,-0.5132404335067675,0.0,-0.4992878587970151,-0.9193853630455773,0.0,-0.43188799683824275,-0.020285993271718095,0.0,-5.771337498284634,-0.6244339998049631,-0.29500125131741717,0.0,-1.8590022980054188,-0.48217177773650644
2024-09-17,0.0,-0.25287499533015456,-0.22850170878520037,-0.07565013671352316,-0.6163446807273099,-0.2797275318901282,-0.32257854027820665,0.0,0.0,-0.7482846509474173,0.0,-0.19423219021421634,0.0,0.0,-5.602187709637851,-0.4330317226870939,-0.18513012054117706,0.0,-1.7324199364914472,-0.34967238380284593
2024-09-18,-0.04321391367547722,-0.5445162251544344,-0.4641837890456135,-0.17932632753480116,-0.9163947165757969,-0.4175931039632985,-0.5837936996079485,0.0,-0.8347551465929248,-0.9987865201041446,0.0,-1.1340006369042865,-0.16129951842197565,0.0,-6.196005325243825,-0.710994147909938,-0.31427051801447003,-0.04321391367547722,-2.0396687380107026,-0.6939639144605825
2024-09-19,0.0,-0.41480472216522957,-0.3575777573437744,-0.11501440123888873,-0.6619485420900073,-0.2763082508294601,-0.42394090225102987,0.0,-0.7031044426293098,-0.6204911496840992,0.0,-1.0402882939621105,-0.010818870138051828,0.0,-6.250466549507793,-0.5141042945799978,-0.20098820472262968,0.0,-1.976958618912239,-0.6108323850962605
2024-09-20,0.0,0.0,0.0,0.0,0.0,0.0,0.0,0.0,0.0,0.0,0.0,0.0,0.0,0.0,-5.390983499064605,0.0,0.0,0.0,-0.6383544362750238,0.0
2024-09-23,-0.0007616608333149699,0.0,0.0,0.0,0.0,0.0,0.0,-0.01755642546913405,0.0,0.0,-0.020617646124010403,0.0,0.0,0.0,-4.6851808049761186,0.0,0.0,-0.0007616608333149699,-0.3340077765394356,0.0
2024-09-24,0.0,-0.2914151529207376,-0.28880171250117437,-0.1365538710514036,-0.4744955165614573,-0.23838296676993442,-0.3303225632424134,0.0,-0.034238185991430914,-0.6115053740527121,0.0,-0.17750365426958403,0.0,0.0,-4.8329979483265895,-0.4128233770991141,-0.20074930171780636,0.0,-0.30909813308415135,-0.22946921221137506
2024-09-25,0.0,-0.162219804602326,-0.15451167998954407,-0.05592901076185708,-0.28816065712269356,-0.13011959531614714,-0.17250087604729902,0.0,0.0,-0.38251776795270587,0.0,-0.0465595502042615,0.0,0.0,-4.872651610255307,-0.26026003200572134,-0.11005433634500017,0.0,-0.2841822639311986,-0.04054303752170085
2024-09-26,-0.024038205601928375,0.0,0.0,0.0,0.0,0.0,0.0,-0.030676142763064185,0.0,0.0,0.0,0.0,0.0,0.0,-4.859107582628774,0.0,0.0,-0.024038205601928375,-0.2592601675245887,0.0
2024-09-30,-0.013979613110881584,-0.12369063663139057,-0.12369063663137947,-0.08570442671469447,-0.12340580759235831,-0.08649134129448122,-0.1231624440273249,-0.12449713177252741,-0.12373956997031588,-0.12333895741080125,-0.004422089901345849,-0.12379957166404054,-1.4060900852023384,0.0,-4.920404240413312,-0.12352764192467003,-0.08619489105031741,-0.013979613110881584,-0.3530262727445499,-0.06416897714652814
2024-10-01,-0.07067436066772181,-0.18953701852755245,-0.18953701852754135,-0.12868343555538786,-0.30471249371621933,-0.21494928583991602,-0.22616164977400377,-0.22028219313011688,-0.503616648537264,-0.46684440335602595,0.0,-0.3533415211569024,-1.4593741900509993,0.0,-4.894156916502568,-0.2677377518963242,-0.18865585695632126,-0.07067436066772181,-0.6688927202425754,-0.38093126122008547
2024-10-03,-0.4380841359158616,-1.9231152228437853,-1.9231152228437631,-1.4137918860465004,-1.8043747055909387,-1.330987342672374,-1.917122444119812,-1.522516371857452,-1.7525822867945684,-1.9692886455794811,-0.6066246886143656,-1.4691299124812374,-3.548078273171218,0.0,-5.90340178796227,-1.904180040649328,-1.4081480336253671,-0.4380841359158616,-1.2351141174267277,-0.9335909574749501
2024-10-04,-0.5674249510046359,-2.64768907097942,-2.6476890709793865,-1.9498609240204967,-2.717167321131486,-2.0073150176178944,-2.7046972074185938,-2.151028628830731,-3.0812464212544244,-3.0855191358479694,-0.7930433836358053,-2.4873073115443844,-4.447656014172885,0.0,-6.334282217207809,-2.7251799598303483,-2.017451385864788,-0.5674249510046359,-1.9158033886259362,-1.6164057489312267
2024-10-07,-0.5425736457895236,-3.092363802790832,-3.0923638027908207,-2.2785714572727267,-2.8188940573640964,-2.0781205396469993,-3.0514238180710196,-2.2154746196765385,-2.5695616947278177,-3.1864419196782623,-0.9603664554074576,-1.8815117493415578,-5.283631543772249,0.0,-6.476133744202417,-3.056474777492324,-2.2605638838529285,-0.5425736457895236,-1.8912890852845532,-1.5011079387895254
2024-10-08,-0.5177161294573351,-2.4847058306197933,-2.4847058306198155,-1.8155481680124153,-2.5054165414713503,-1.83902378140679,-2.5165099176613914,-2.0587270422381287,-2.7337070073499725,-3.0292996606291367,-1.0136184975379159,-1.9953006843582366,-4.45319183128261,0.0,-6.175673779183155,-2.589246640838594,-1.902947941737776,-0.5177161294573351,-1.8667686550533413,-1.4214487296706046
2024-10-09,-0.4928524004556345,-2.939874151036581,-2.939874151036592,-2.148630612716307,-3.348007295411126,-2.4670182422533604,-3.0758258308794084,-2.4626030646994312,-2.3617476056916664,-3.935745782757416,-1.3211804031508234,-2.78923158118336,-4.572376033880965,0.0,-6.094188338069994,-3.2039342156271244,-2.3568335456886635,-0.4928524004556345,-1.8422420964009811,-1.3968108716641114
2024-10-10,-0.4828604297788752,-3.154041893301829,-3.154041893301829,-2.299372385946985,-3.5537831526647357,-2.6169368349947875,-3.277123779387525,-2.697127549735445,-2.5860745908158345,-4.0116018161990175,-1.3316242993949512,-3.21799925181806,-4.509348294065585,0.0,-6.241473968665579,-3.4054606463757464,-2.5007113599754494,-0.4828604297788752,-1.81770940779582,-1.387048405692315
2024-10-11,-0.37725180896237553,-3.3019754026186177,-3.3019754026186288,-2.3995088998938208,-3.7615691925631856,-2.767992187404833,-3.464972818344181,-2.722396032402108,-2.3950407764319226,-4.392962810987333,-1.4976879624611583,-3.118004526329732,-4.63998462505133,0.0,-6.585925177958208,-3.566599144740834,-2.6116044982086417,-0.37725180896237553,-1.7931705877057058,-1.281646357488253
2024-10-14,-0.23183862786294585,-2.4258125634966654,-2.4258125634966765,-1.7372637869610519,-2.8630514014198027,-2.087219791026773,-2.6049450302516486,-2.1084578580110036,-1.9147776566692754,-3.6817352429369454,-1.1145121504493316,-2.2845028368366993,-4.014676033090147,0.0,-5.986751695987802,-2.7280460363925507,-1.976360585717496,-0.23183862786294585,-1.7985813924663585,-1.136430236373931
2024-10-15,-0.22235556242173882,-2.382943283761052,-2.382943283761063,-1.6983781966425249,-2.7267975465538052,-1.978438551100048,-2.5541402808152536,-1.7604101848887832,-1.1464451009013388,-3.5739897693810585,-1.1046177124710232,-1.9125260864044535,-4.284356870105698,0.0,-5.9497956332319575,-2.678600649930629,-1.933886784574279,-0.22235556242173882,-1.797336823886042,-1.1265635204385394
2024-10-16,-0.39512388941105314,-2.6272527165982495,-2.6272527165982718,-1.872592362904757,-3.0887180039270046,-2.2475812156373953,-2.812238648142684,-2.1088418584186974,-0.9075886291364244,-3.757844032516089,-1.0046825460324205,-2.349069862180553,-4.613051606498598,0.0,-6.014461289707407,-2.9281751984764015,-2.112485630386274,-0.39512388941105314,-1.8772483164220755,-1.2162127850584126
2024-10-17,-0.05756829116145834,-2.8169094044769527,-2.816909404476964,-2.008708885436694,-3.5125579456437794,-2.557934008603635,-3.0753462967674228,-2.1096410488933293,-2.094530110259718,-4.533399027199669,-1.24873104668628,-2.8953902310488666,-5.458964748483663,0.0,-6.274986063086773,-3.2618124737643472,-2.3566541259238294,-0.05756829116145834,-1.72653290508622,-1.1313748418707137
2024-10-18,-0.37895527220507264,-2.835019945285744,-2.8350199452857328,-2.0180893788198873,-3.6985479503025998,-2.6934975033287123,-3.116626385851806,-2.3145355471621,-1.9364616829318004,-4.383696464842057,-1.418219770298268,-3.61843824890693,-5.060930545489861,0.0,-5.813704084351845,-3.333635992626738,-2.4066615334786268,-0.37895527220507264,-2.0179890780158694,-1.5460159616061842
2024-10-21,-0.5922770133931277,-3.0714825201651252,-3.0714825201651363,-2.183632896600518,-4.0166643911797255,-2.9286519484354456,-3.353815988132469,-2.569919590251901,-2.784803494846444,-4.622457402556702,-1.135798292643786,-4.437481963839818,-5.339594029136297,0.0,-6.12664843229026,-3.596294570967995,-2.5957660679789663,-0.5922770133931277,-2.244221751011377,-1.6914385185234582
2024-10-22,-0.8624300356357972,-3.985773615309396,-3.985773615309407,-2.856211203506398,-4.635257408641258,-3.3869457718678553,-4.178957022537366,-2.4944779008628903,-3.0458233499474408,-5.163281910518558,-1.1637167493694922,-4.763937910260674,-6.519931702042925,0.0,-6.20294130212079,-4.39458072586445,-3.187969502092358,-0.8624300356357972,-2.2197895296733883,-1.6996235728966025
2024-10-23,-0.894750757745788,-4.133861437493847,-4.133861437493858,-2.9612176523999056,-4.750416687730974,-3.466187310627422,-4.301148988560877,-2.5246198128142883,-3.374772798516501,-5.23307927826292,-1.3047693890513745,-4.918277175805297,-6.659737196408533,0.0,-6.322348737502059,-4.51700260549599,-3.273418612758572,-0.894750757745788,-2.195351201960438,-1.5742649460824376
2024-10-24,-0.7810379212978669,-4.785908620984037,-4.785908620984025,-3.4376856779305465,-5.93373363468409,-4.3552068621648505,-5.059696414994286,-2.593939871848294,-4.572144089077446,-6.638962054602415,-1.3192528147968785,-6.631017802455197,-6.7976327592645935,0.0,-6.853627770265913,-5.472317241099067,-3.9826763512337604,-0.7810379212978669,-2.170906766346292,-1.5496652816199608
2024-10-25,-0.756240004633979,-5.135428294430189,-5.135428294430189,-3.6920781214858867,-5.790243912327631,-4.238034455375916,-5.26446766119526,-2.634521380897148,-4.777667330261548,-6.288053152119222,-1.3516851616549252,-6.242389978188045,-7.632653323109206,0.0,-7.227986771974115,-5.603385869232436,-4.076271513500518,-0.756240004633979,-2.1464562213044602,-1.539527448706246
2024-10-28,-0.7314358901964413,-4.396935707454341,-4.396935707454341,-3.1370967526761273,-5.017614927873348,-3.6481804566808385,-4.523684052830013,-2.3223338378179803,-4.165007634362206,-5.426758341671844,-1.058243066603315,-5.622769697866148,-7.027779506166265,0.0,-6.86749033416757,-4.839085192763437,-3.5002842657806066,-0.7314358901964413,-2.1219995653079415,-1.5826206185517
2024-10-29,-0.7066255764361706,-3.569185727598345,-3.5691857275983674,-2.510213861130861,-4.552271302888455,-3.291137001298472,-3.815179037146854,-2.1928573731236023,-4.657250767969701,-5.1890654680934345,-0.9064232935482974,-5.89843802226987,-6.53998598289326,0.0,-6.475075184503265,-4.22524528370003,-3.035748759891377,-0.7066255764361706,-2.0975367968294356,-1.5871746766917272
2024-10-30,-0.7265948123996724,-3.956455481925636,-3.956455481925636,-2.795584463530354,-4.834656500492917,-3.497580660482813,-4.174290541374514,-2.3494380943106408,-4.9868390589535405,-5.368677903560859,-0.9204588768343736,-6.0793486562224945,-7.021288723301799,0.0,-6.794965593895441,-4.553873380798212,-3.2753650045836857,-0.7265948123996724,-2.0730679143412534,-1.8366056506591621
2024-10-31,-0.8817749669189467,-4.419429552943854,-4.424140751002947,-3.1638083187942256,-5.586701381929893,-4.088418858899578,-4.773418486864034,-2.605783163012676,-6.354262302086977,-6.486298639654098,-0.8956958058206066,-7.306129361770852,-7.5388801623919255,0.0,-7.098168710531894,-5.200878650581952,-3.778986660024264,-0.8817749669189467,-2.0485929163153282,-1.8120715533301635
2024-11-01,-0.8616227481401117,-4.207688391080655,-4.207656330130105,-3.03850422312959,-5.359744716560389,-3.957693589972189,-4.550266101148348,-2.5826470794166223,-6.190690489431406,-6.240989339597958,-0.87092654574219,-7.203642120504316,-7.160713723499523,0.0,-7.145360100928222,-4.9733600424939794,-3.647865054772015,-0.8616227481401117,-2.024111801223205,-1.7875313241642155
2024-11-04,-1.131531581898726,-5.059138456895463,-5.07454644837585,-3.4764792287744095,-6.244013872512122,-4.404982158772775,-5.453630572134227,-2.7336995380866758,-7.018512893993711,-7.202011268467934,-0.84615109505225,-8.232744059621677,-8.34105139640614,0.0,-7.6534589553451156,-5.844975563588317,-4.08868611162474,-1.131531581898726,-1.999624567536007,-1.7629849616287219
2024-11-05,-0.4983620872955674,-4.593420421152905,-4.645223495865414,-3.246359836449053,-6.028130190716885,-4.284689068959279,-5.076935471589605,-2.3250338022275607,-6.9341253958970945,-6.932090942983182,-0.851881838456936,-7.4132353957928725,-7.508507774987994,0.0,-7.546578461753373,-5.495035965201955,-3.900046356944853,-0.4983620872955674,-1.9751312137244903,-1.7384324641907867
2024-11-06,-0.19209644950604066,-3.2453673069123057,-3.2865244598920818,-2.518249390135374,-4.8047663487763685,-3.6274472665724034,-3.7414718029229466,-2.193012318228904,-5.647312925557801,-5.781570932108893,-0.8328047894694546,-6.691441351791405,-6.474279862562526,0.0,-7.233203470833526,-4.189545791396543,-3.202121015825121,-0.19209644950604066,-1.950631738259101,-1.7138738303171253
2024-11-07,-0.3477996778982084,-3.9137552005877208,-3.9662773189599543,-2.8549764779557396,-5.5669751298832,-4.01252933388302,-4.459807315148224,-2.3003945409192594,-6.707690216858753,-6.581200625489025,-0.8080198109623016,-7.7358741224366145,-7.561799340506625,0.0,-7.645147930315554,-4.903101630301032,-3.5614317916295213,-0.3477996778982084,-1.9261261396098295,-1.68930905847402
2024-11-08,-0.5975596909020608,-4.130201671136991,-4.157232512510712,-2.9400681011182095,-5.526169030974959,-3.9786799967165387,-4.614681668900545,-2.6377884292190346,-7.2120574590051945,-6.556199111864192,-0.7985795341313384,-8.247877131185533,-7.757186826068374,0.0,-7.873306862357376,-4.979929412695839,-3.5859840730246617,-0.5975596909020608,-1.9755482859599494,-1.6647381471274314
2024-11-11,-0.4670897864880619,-3.9322409714779183,-3.9761102919977476,-2.8333956089751644,-5.350776518837963,-3.874200401796646,-4.431658792393078,-2.4815809069896,-7.061461246231692,-6.389949991083366,-0.7068668321971394,-7.986809801861416,-7.783537912364292,0.0,-7.764563232049937,-4.80965734292087,-3.4842391751906288,-0.4670897864880619,-1.7356635694757205,-1.6401610947428868
2024-11-12,-1.0877470492818175,-4.7149989713496705,-4.7407963507689495,-3.2136356731445326,-6.039548225175473,-4.215389022506955,-5.152952125557775,-2.708229229637227,-7.478637241376274,-7.0796927803539855,-0.6975445581060113,-8.800872454893993,-8.76849556037913,0.0,-8.343472397921204,-5.553172508983096,-3.853301729957681,-1.0877470492818175,-2.349575408308524,-1.6447575396048797
2024-11-13,-1.8613715093076966,-5.693166103479664,-5.695782082855805,-3.695955065341616,-6.761810050245454,-4.577385616410634,-6.0596412826429695,-3.042049784218548,-8.153860963234028,-7.8144985886803076,-0.8427918734202455,-9.875833904365305,-10.007653155244167,0.0,-8.738224148209994,-6.408448449084714,-4.282600392593416,-1.8613715093076966,-2.997703202817037,-2.074673016641304
2024-11-14,-1.9242296205189025,-6.0190084292574,-6.0408087358054585,-3.8643483526917377,-7.341424069842972,-4.8669799898987565,-6.4299934877603215,-3.051067262224494,-8.256935640560991,-8.407560198650588,-0.8162406861936033,-9.752174689210902,-10.108312514333829,0.0,-9.016200323972456,-6.8843931130490805,-4.51887281494725,-1.9242296205189025,-3.1378233591116356,-2.0501984197806133
2024-11-18,-2.1697010708503273,-6.381616155580194,-6.411561783239195,-4.0548359323981265,-7.715793912497482,-5.058886461080969,-6.8334391974432585,-2.9363161103860946,-8.941800390785026,-8.782336274200775,-0.6692203845450773,-9.945625604713982,-10.409693738006043,0.0,-9.640894352274387,-7.246035660416339,-4.70362522797002,-2.1697010708503273,-3.693166695233918,-2.025717705953889
2024-11-19,-2.100917169419958,-6.546380594081713,-6.58101329545805,-4.130593365238056,-7.71528474848645,-5.048342394941763,-6.954392815979215,-3.089242805428527,-9.395799226353596,-8.707258166034325,-0.7871589339788598,-9.915801595327721,-10.162551584937262,0.0,-9.691653322793382,-7.344310603509796,-4.741761775209996,-2.100917169419958,-3.6690966104797162,-2.001230873632409
2024-11-21,-2.0012849375270814,-7.171732582762768,-7.202906241200546,-4.435100289137051,-8.299021220743597,-5.335935339570863,-7.549165012304027,-3.330583262529252,-9.732944274948462,-9.195889750489528,-1.0705920462136032,-10.111591689977917,-10.806578997826088,0.0,-10.04606206660512,-7.936522303285609,-5.033643033320756,-2.0012849375270814,-3.6450205098598087,-1.9767379212869751
2024-11-22,-1.579368709234219,-4.314131209746231,-4.341385652193475,-2.9345695207313893,-5.5521923368267,-3.8915275378820557,-4.7250731692207175,-2.664165921272177,-6.890439638128399,-6.605093802220063,-1.0229902028718207,-8.074614254138158,-8.677579836256177,0.0,-8.247952700970595,-5.138861421359064,-3.5666413770513605,-1.579368709234219,-3.6209383918705873,-1.9522388473879437
2024-11-25,-1.407411272887038,-2.7229446787556566,-2.7773039332104843,-2.111195773629826,-4.3260822855679,-3.2470888011483012,-3.2634158462900964,-2.118152871087897,-5.9188620920127,-5.434367522759487,-0.8152205847870797,-6.6002987342147375,-7.4756584451575625,0.0,-7.7443586127149855,-3.717529584311363,-2.8242913210433263,-1.407411272887038,-3.5968502550081327,-1.9277336504054166
2024-11-26,-1.1553154621715689,-2.537750205355327,-2.581287890880757,-1.995253546597131,-4.036342647767144,-3.079619555876789,-3.02232115629566,-2.1292094217903124,-5.739287124878867,-5.084592601556414,-0.8516256089916241,-6.555011310622727,-7.580324184015296,0.0,-7.648556406501406,-3.467300571433518,-2.6762412044008532,-1.1553154621715689,-3.5727560977681705,-1.9032223288089622
2024-11-27,-1.0500786563049203,-2.5292477407052094,-2.570143079391962,-1.979812968280792,-3.9629666973395983,-3.031594239804958,-2.9953862916107243,-2.207974742831176,-5.871400747465316,-4.96648455984654,-0.8268453343948989,-6.376801287556432,-7.273205705144436,0.0,-7.8152587556854165,-3.4220373465870035,-2.6415024765794604,-1.0500786563049203,-3.663471173262134,-1.8787048810678941
2024-11-28,-1.7682610495478035,-3.7172933028598476,-3.775448282912286,-2.5966294090272513,-5.1953640045871445,-3.6662853375450832,-4.2259057224406815,-2.2430198237093357,-6.989532024709721,-6.187671424969121,-0.8163431307874225,-7.361407507784412,-8.651221289290255,0.0,-8.323035792417855,-4.6445530994633,-3.271040310179063,-1.7682610495478035,-4.691191097762227,-1.8974226182823517
2024-11-29,-1.5212410489297445,-2.6878872030866363,-2.7307160274831044,-2.0421497192410376,-4.2080157116454515,-3.1370156372142133,-3.186085775953429,-2.1289347878025056,-4.878511793450668,-5.140746326877199,-0.8223578026166467,-5.821352791466317,-7.822504991561175,0.0,-8.145791585728812,-3.605210199206388,-2.7198316575281267,-1.5212410489297445,-3.6988600768699698,-1.802382216034093
2024-12-02,-1.388111259635938,-2.399106855314148,-2.4384797188824803,-1.8816507208921474,-3.955936593152254,-2.9951985030412964,-2.8826216404982508,-2.1603934632041133,-4.2543147914720585,-4.879530054379034,-0.7798063545276346,-5.39397987933774,-7.2688113705384305,0.0,-8.073742250050909,-3.3370166039664917,-2.5719459969826053,-1.388111259635938,-3.634153635237225,-1.8357303781030176
2024-12-03,-0.9363471625623787,-1.793062763680886,-1.8533481775539151,-1.5711547661472869,-3.6743165502016617,-2.838641845525447,-2.3975457177881077,-1.6877877254861673,-4.389389229390006,-4.725326339092195,-0.7693030595108175,-4.838297379082457,-6.5770356699106465,0.0,-7.722169817261715,-2.8832813717932004,-2.3286009920977957,-0.9363471625623787,-3.0759835747089292,-1.2581231936502624
2024-12-04,-0.8661978921623348,-1.8289274501476438,-1.931341075123838,-1.6000945568875546,-3.847759531763606,-2.912826907810251,-2.509089721685309,-1.5478774721011668,-5.036041412134217,-4.832292938577975,-0.6971063597149718,-4.284999065110096,-6.5376955572157165,0.0,-7.713773875082985,-2.9934864057599486,-2.373978435337609,-0.8661978921623348,-3.1923269739849713,-0.953353438340232
2024-12-05,0.0,-0.5761281577444155,-0.6710846261873238,-0.94328832661007,-2.6081679059974827,-2.267164928766774,-1.2623329704221975,-0.9515232450283739,-3.3680978808403927,-3.6269279851535385,-0.6722874659331635,-3.3759861581193373,-5.61729508635792,0.0,-7.319406635514214,-1.744091163261463,-1.720881209864067,0.0,-1.9686334907808134,-0.3354476262328876
2024-12-06,-0.24612577799658641,-0.8708055023041839,-0.96743220598412,-1.0821123532453902,-2.8976216228497664,-2.4039746484864843,-1.5653576936081492,-0.9863172133328324,-4.087753597054444,-3.9884830046907016,-0.6474623691348214,-3.9177669100588175,-5.734181402608874,0.0,-7.620868933132508,-2.0518291678545575,-1.867926853379931,-0.24612577799658641,-2.33270295150253,-0.41572943260292927
2024-12-09,-0.014118572566135246,-1.160473766041492,-1.2999239878495272,-1.2382239053244093,-3.488383591251343,-2.6918568108449725,-1.981425414675697,-0.8664105191307003,-4.093518625471637,-4.771112342885553,-0.6226310677696301,-3.5776910035412834,-5.958792332400831,0.0,-7.905749111326532,-2.5493691085013537,-2.1193972254872517,-0.014118572566135246,-2.565275513945464,-0.2127906200137697
2024-12-10,0.0,-1.1745902395938868,-1.335331413429497,-1.2486174919784876,-3.5548258815100375,-2.713031779468511,-2.0359601723162313,-0.652504822989397,-4.339930194483587,-4.9082859582271325,-0.5977935602869078,-3.7283006748904057,-5.992977122153931,0.0,-7.930269130002465,-2.603994179168845,-2.1358068853728374,0.0,-2.633600175664541,-0.023178533594270245
2024-12-11,0.0,-1.1857342747561561,-1.340126730033997,-1.2399384798826962,-3.49340636105282,-2.668549285048649,-2.031293051729932,-0.6319958402097425,-4.123533079478959,-4.884218309936861,-0.5729498451355175,-3.866510035429871,-5.871696471297028,0.0,-8.08655149203238,-2.5822567602253432,-2.11268752173992,0.0,-2.6577175308227785,-0.028971364855845394
2024-12-12,0.0,-1.554407882624731,-1.7332248607542566,-1.4290703857362974,-3.892431707121069,-2.8573046240726763,-2.4169933491764772,-0.720351367122718,-3.451429468566103,-5.276927415585808,-0.5480999207640003,-3.7752082453114455,-6.22733168691264,0.0,-8.473977289678203,-3.0007646122882647,-2.3184881847417516,0.0,-2.7558923037529715,-0.14178415833708824
2024-12-13,0.0,-0.2642591833048935,-0.42265181876937064,-0.7459004890558507,-2.4623722932452963,-2.11901315223173,-1.0793390431665828,-0.3129872086381713,-1.1164736097899586,-3.8528076233114383,-0.5232437856204863,-2.289427506679098,-5.388483799378974,0.0,-7.608025972280186,-1.6489341049837458,-1.6138111807569189,0.0,-1.8780072305209172,0.0
2024-12-16,-0.3988848686538038,-0.7864356529810101,-0.9567574636940468,-1.007809688132033,-3.0322003850458135,-2.3993019714326214,-1.6166150488564734,-0.5541578339753883,-1.845809860448333,-4.451030258790256,-0.4983814381526508,-2.6755044650362048,-5.770664078709453,0.0,-7.890577764142426,-2.212745087552248,-1.892563219850396,-0.3988848686538038,-2.277468619201728,-0.27484024563732
2024-12-17,-1.4487905212464458,-2.0531653800201277,-2.219262303336267,-1.6442820703423289,-4.127932065281592,-2.946004760120058,-2.838237345245087,-1.1576005953816582,-3.6235418399240493,-5.5371615939878716,-0.4735128768079022,-4.369043954362672,-7.039813566810493,0.0,-8.444294756224757,-3.3927017347956445,-2.4830455219746916,-1.4487905212464458,-3.331779396569712,-1.0378125162490814
2024-12-18,-2.0006227893203277,-2.5828113069151226,-2.7201396103966657,-1.8873452930102674,-4.525156585656953,-3.133951928305967,-3.289609988113662,-1.5194583817852436,-4.418372126950487,-5.851732317373748,-0.4782019338207322,-5.531691360396229,-7.563709272016162,0.0,-8.818274893231436,-3.827505197223957,-2.6909295310810766,-2.0006227893203277,-3.9811184602602023,-1.5218336882902972
2024-12-19,-2.7750468877942858,-3.662049044005733,-3.7951417042066504,-2.4238649193430217,-5.515710616089075,-3.6272325743565204,-4.3596213807775674,-2.231730125086673,-5.278808949064739,-6.820308664292385,-0.7412157611764725,-6.462885159694897,-8.507789909324481,0.0,-9.359484911080184,-4.850043255596104,-3.2011169554029273,-2.7750468877942858,-3.9571203436431945,-2.182524342859571
2024-12-20,-3.261735977345781,-5.054925689058331,-5.191039379439499,-3.1269463044176216,-6.685832236407263,-4.213789657111344,-5.680821343178144,-3.0332012409067577,-6.505539589590015,-7.89935635739295,-1.5387371733027178,-7.525516807332333,-9.89898103661828,0.0,-10.44814727015575,-6.155049409054881,-3.8582661285396003,-3.261735977345781,-3.9331162291475374,-2.2869817897466005
2024-12-23,-3.206854552378924,-4.32544389709022,-4.461825372907113,-2.7434862797514503,-5.966749596020893,-3.836734534457764,-4.935929522527271,-2.8320000371057863,-5.977740128846632,-7.157269073426198,-1.2428165186869844,-6.48502456014003,-9.265077752864082,0.0,-10.24251757640794,-5.436654059208868,-3.479807011897895,-3.206854552378924,-3.9091061152741413,-2.2686721361312
2024-12-24,-3.1826629230355064,-4.43175474230827,-4.55680063064997,-2.7781375606506176,-5.949302135843226,-3.8166020628180752,-4.984957063839557,-2.9604109496562336,-6.25626485150057,-7.061881925910384,-1.3310614767536144,-6.669492671043176,-9.363625742355286,0.0,-10.247690873278327,-5.483931870361925,-3.4918211293844426,-3.1826629230355064,-3.8850900005235944,-2.2442460257079078
2024-12-26,-3.173473438789254,-4.518045724700503,-4.6459425147241,-2.811405193964156,-6.031524462803173,-3.846750377422925,-5.078731286445981,-3.0004549310867934,-5.879377673565522,-7.166320897504463,-1.4064087619334642,-6.667272653709211,-9.277492307676216,0.0,-10.286244950287859,-5.575963610333623,-3.5272856469954816,-3.173473438789254,-3.8753172519789714,-2.2198138104369214
2024-12-27,-3.1171608117795957,-4.48016378944549,-4.59475289280078,-2.773502872170719,-5.831986993155825,-3.733346265236215,-4.969749367465647,-3.080960728851778,-5.852805532905658,-6.869104585613462,-1.2172369554685702,-6.472647003250831,-9.03607248846614,0.0,-10.465834581443023,-5.455827968696347,-3.453243041396059,-3.1171608117795957,-3.820803671882589,-2.1953754887924726
2024-12-30,-3.1290206017215216,-5.157127442390596,-5.257688551984952,-3.099207645292712,-6.373024248380843,-3.996446842201151,-5.599904824960012,-3.4517212231094385,-6.652453629714373,-7.355381183589705,-1.4750544570976354,-7.446950045835443,-9.67971940718706,0.0,-10.622576547424456,-6.052452106091922,-3.744730653142647,-3.1290206017215216,-3.831015410290184,-2.170931059248349
2024-12-31,-2.967806144095575,-5.306916102469216,-5.408457189395788,-3.1633294277719326,-6.602593864722339,-4.103486565485404,-5.767399270406348,-3.691129657402592,-7.0362071716679075,-7.687446153051713,-1.7235982796198424,-7.739747147523013,-9.680099901354989,0.0,-10.605146722392622,-6.2550766529741,-3.838362557424313,-2.967806144095575,-3.6769033722725775,-2.146480520278027
2025-01-01,-2.9397976352056543,-4.96881171241842,-5.0711959769049635,-2.9763038082452065,-6.33409111541543,-3.954782399152812,-5.4525614070772725,-3.486654757633467,-6.733631933250028,-7.4761194503686905,-1.6514388684340853,-7.03147910080636,-9.305372831313774,0.0,-10.36897341571298,-5.961407176053246,-3.6770640425586976,-2.9397976352056543,-3.6492620517641017,-2.1220238703545946
2025-01-02,-2.8110880093812796,-3.5992135916842916,-3.686958485937697,-2.2457815916612445,-4.95476836137172,-3.2363899815054387,-4.072749712915302,-2.8298795546583766,-5.4521729267925085,-6.168560964079861,-1.2718546912572348,-6.186846709881655,-7.602668890543129,0.0,-9.472538628200466,-4.561685223455935,-2.947681285664616,-2.8110880093812796,-3.54062172795927,-2.0975611079507073
2025-01-03,-2.9456485132257404,-4.592941665181593,-4.6161470999130145,-2.713540911424095,-5.847922044233089,-3.6815828652548177,-4.99560344572616,-3.410765731964316,-6.387733530590434,-7.049007721152966,-1.7681911736456946,-8.077438854137075,-8.305143191892416,0.0,-9.944775119867167,-5.435678138319355,-3.381188822122494,-2.9456485132257404,-3.516513517454656,-2.1019392727061215
2025-01-06,-3.3833820376837687,-6.0103085427617,-6.060788796366257,-3.4455222208838565,-7.27842046843441,-4.402966933434637,-6.457633689487463,-3.8232364929056573,-6.883212481215207,-8.498264799703236,-2.2038474563681243,-9.497547696652175,-9.789920963154552,0.0,-10.766032640840685,-6.878922169420331,-4.107505602595751,-3.3833820376837687,-3.5350822997870512,-2.178408706949453
2025-01-07,-3.409827339100735,-5.744842880418477,-5.773840405127628,-3.2868185185565224,-7.107862944269905,-4.303010898668102,-6.199671730813517,-3.5977355600180894,-6.64101193931047,-8.389788004164167,-2.1374448814087565,-8.948243098260523,-9.439068036982812,0.0,-10.944293669162775,-6.6540791453697175,-3.982962650501576,-3.409827339100735,-3.360001281282554,-2.153960036876801
2025-01-08,-3.3856864389943953,-5.578906674599926,-5.557392096481484,-3.161622769388539,-6.755052669973227,-4.110805476752166,-5.907800675166264,-3.7644155574118376,-6.606768321501432,-7.9395686156539025,-2.1036642471999767,-9.975939353389352,-9.511458917597015,0.0,-10.756502768801369,-6.35496582947066,-3.813788602782331,-3.3856864389943953,-3.33584792808862,-2.129505256318076
2025-01-09,-3.361539505323341,-6.202773875489398,-6.14636174151777,-3.456166448458009,-7.09874121413937,-4.272148640563667,-6.430471926347526,-3.9710637735265175,-6.579056115091841,-8.19623268396732,-2.177355690616456,-11.19611949425886,-10.131992680784318,0.0,-11.251713527686958,-6.821190022013668,-4.037091857122421,-3.361539505323341,-3.3116885382175054,-2.1050443637461447
2025-01-10,-3.3521757827029153,-5.883849191937274,-5.827844576438801,-3.272943381306681,-6.613821038918033,-4.017212856387353,-6.072361241186486,-3.727948428711514,-6.145335198620961,-7.643814654285041,-1.8502908283117403,-11.511443274280698,-10.494879667600266,0.0,-11.548512208116756,-6.406731975071511,-3.8080787115966297,-3.3521757827029153,-3.2875231101605285,-2.0947752554273835
2025-01-13,-3.294350383555833,-6.7278095923152925,-6.642553214155855,-3.6798411800972652,-7.298417412855384,-4.357567843925891,-6.842032132859921,-4.214315826857029,-7.187651736028322,-8.213461172715409,-1.9817629707647666,-12.96984915780397,-11.814836318123545,0.0,-11.748319029027233,-7.127682017621173,-4.162989717209243,-3.294350383555833,-3.2633516424085407,-2.19671273319898
2025-01-14,-3.6079597857068935,-6.899232618725781,-6.882495287111423,-3.793468508017639,-7.877333161870648,-4.638784238409022,-7.165918781048541,-4.292122972557366,-7.004540611956667,-8.932084351675362,-1.9423387299545625,-12.463196007126998,-11.470660691565282,0.0,-11.753098373797044,-7.565788266725637,-4.379154414222219,-3.6079597857068935,-3.2391741334520163,-2.2975867534955396
2025-01-15,-3.565867390746036,-6.507669259926341,-6.47994185243066,-3.5726287151451652,-7.583841387761958,-4.476930142107327,-6.795278851761188,-4.181275355082392,-6.661560176014502,-8.721459093498806,-1.8913476797752349,-12.278221151345026,-11.328758748941127,0.0,-11.528968870882172,-7.21453081271447,-4.187503807741011,-3.565867390746036,-3.214990581781063,-2.2731678697379465
2025-01-16,-3.657207431136378,-6.366127612218397,-6.353038152419376,-3.4966868123235906,-7.708240247259024,-4.526136932437696,-6.734118167744974,-4.139532318291373,-5.8456526309597745,-8.941616321637868,-1.8446701329586257,-11.885173015744632,-10.952114286720393,0.0,-11.668706191625411,-7.22235556928148,-4.180318481728385,-3.657207431136378,-3.190800985885456,-2.248742882938848
2025-01-17,-3.642057873806337,-6.717539630546043,-6.615603483338428,-3.6251263345663753,-8.063594651242012,-4.70085720263711,-7.0056232280165,-4.715927315733115,-7.26135402720669,-9.239269765941094,-2.4492589385150754,-12.353983070046059,-11.366957379132291,0.0,-12.081318662585605,-7.523333987229853,-4.321901487187885,-3.642057873806337,-3.166605344254514,-2.224311791572886
2025-01-20,-3.518586311076466,-6.421764216874837,-6.341574920989723,-3.4726320131759025,-7.9888281104445795,-4.648508292036158,-6.799200050635434,-4.628974317070888,-6.610330902229933,-9.269706880622298,-2.424877962372396,-11.700282161410913,-10.826252784508517,0.0,-11.883171189749042,-7.351537218290538,-4.223214566529121,-3.518586311076466,-3.1424036553772683,-2.1998745941143483
2025-01-21,-3.8166103784099015,-7.639322959327554,-7.554662725379247,-4.085526460924083,-8.959069592143365,-5.132105971361689,-7.950812966649634,-4.775010085469001,-7.871093650315797,-10.13666337734157,-2.400490892662488,-12.824252162391437,-12.048989444793323,0.0,-12.669292977462554,-8.430233298349743,-4.761567179446658,-3.8166103784099015,-3.1181959177422613,-2.175431289037144
2025-01-22,-3.739324178984671,-6.965559259991849,-6.898697359149708,-3.7302031340885167,-8.208745048478239,-4.73684041319583,-7.254395435524952,-4.721208815461941,-7.178475682107976,-9.296255167954303,-2.376097727862403,-12.238497052473452,-11.549736332462945,0.0,-12.54382518901772,-7.712598594592457,-4.3804295339259225,-3.739324178984671,-3.093982129837769,-2.1509818748147946
2025-01-23,-3.790748447373926,-7.149538200642747,-7.102426496857895,-3.8230192462707535,-8.31165462592508,-4.775287471272893,-7.422778328836655,-4.675200437979443,-6.99467310356262,-9.397580134530726,-2.3516984664487706,-12.35004418760759,-11.358743181507192,0.0,-12.639908794840139,-7.8878854751803225,-4.4578947017216874,-3.790748447373926,-3.069762290151623,-2.126526349920388
2025-01-24,-3.84275888685226,-7.12950286293339,-7.068164252879905,-3.7947871960087864,-8.039319265637445,-4.6232066602156285,-7.3386573985310015,-4.602904039969779,-6.5238378525451,-9.045176585776836,-2.327293106897854,-12.941516675697695,-11.79096217425406,0.0,-12.421499612797415,-7.731968631883291,-4.362194872020098,-3.84275888685226,-3.045536397171278,-2.1020647128267234
2025-01-27,-4.198174199224047,-7.829855117579266,-7.7623486185449675,-4.147691555912603,-8.67442701692318,-4.93964555617008,-8.040448965402014,-4.8252086657121,-8.113074296120004,-9.626754412429882,-2.3028816476855507,-13.297120681288177,-12.795772665030336,0.0,-12.584126456032351,-8.407723879518226,-4.699341347776742,-4.198174199224047,-3.0213044493838326,-2.0775969620061674
2025-01-28,-4.061356653640546,-7.523355129973652,-7.481938880348327,-3.991282132967011,-8.421658147107758,-4.795227699637561,-7.758116432763185,-4.7127539575858135,-7.2371125398773,-9.291626074807125,-2.293190639478182,-12.315945889431257,-12.306449704415668,0.0,-12.48584548685142,-8.13439525189612,-4.5475108860485,-4.061356653640546,-2.997066445276031,-2.0531230959306757
2025-01-29,-4.147302640196071,-7.014682706623098,-7.0017150645313215,-3.727724212672323,-8.040750418633792,-4.590311189224638,-7.311740244943632,-4.7946763983173994,-7.277565758254612,-8.984506840843098,-2.379814791527657,-11.722390395823668,-11.520132394064797,0.0,-12.516604234385198,-7.697084338980387,-4.314076301021075,-4.147302640196071,-2.972822383334184,-2.028643113071893
2025-01-30,-3.8985140415626507,-6.546266118999977,-6.502512632515966,-3.459907143638963,-7.511114628611859,-4.304497904055271,-6.793772049885771,-4.540395194715274,-6.029666824786228,-8.38381337312557,-2.1282934874271797,-11.550422364521584,-11.190094737079237,0.0,-12.475408466889581,-7.173421987936434,-4.029752472309555,-3.8985140415626507,-2.9485722620442356,-2.0041570119009977
2025-01-31,-3.874495279522172,-5.445601656154775,-5.370021982558992,-2.86338289968161,-6.43836911231479,-3.7462099592304288,-5.6998236261289525,-4.602377466259078,-6.370416980528137,-7.421603748741267,-2.1038322919963326,-10.563499759721518,-10.201130709296303,0.0,-12.072861320638651,-6.0536874721474625,-3.4468425297211613,-3.874495279522172,-2.9243160798917867,-1.9796647908888465
2025-02-01,-3.864924641875811,-5.710987386312749,-5.593782606395036,-2.9675773955011087,-6.396270158138872,-3.7095562661527026,-5.777218684678043,-4.59850084395611,-6.673319242003373,-7.018427775757841,-2.094136124689294,-11.506355660774481,-10.301402113548075,0.0,-11.947874235072176,-6.068669577341268,-3.442355659149432,-3.864924641875811,-3.0304241470232585,-1.9551664485059406
2025-02-03,-4.10419140651066,-6.575056726209938,-6.502900305383729,-3.4279156245587306,-7.18922400400126,-4.104575809515554,-6.654150784111268,-4.408902180378882,-6.209720451493784,-7.905518647295706,-1.8955931517518287,-10.973081099733973,-10.763986033028939,0.0,-12.508478385395705,-6.986938429355593,-3.8954447722001517,-4.10419140651066,-4.050513535972344,-1.9306619832223149
2025-02-04,-4.097775447953811,-4.9822541979291035,-4.918696359430297,-2.5940269348599276,-5.807876139395962,-3.3852763400288532,-5.177828866075629,-4.334829805943807,-5.014378458115321,-6.862408263376619,-1.8334930363357649,-9.819450466237933,-9.319316823467538,0.0,-11.494378296034913,-5.59728603563231,-3.1718553576204456,-4.097775447953811,-3.1093188963893126,-1.9202629058798992
2025-02-05,-4.444305633299084,-5.603310007756979,-5.5701915876245955,-2.921399100313371,-6.405093214705538,-3.680778267093643,-5.799550531886144,-4.333035479040392,-5.141922479392158,-7.434754119115238,-1.80895816106732,-9.987299795432047,-9.483376955870536,0.0,-11.97342803082977,-6.250507281420936,-3.492256598004806,-4.444305633299084,-3.5346608735820184,-1.9183582482002914
2025-02-06,-4.823869852698282,-6.123180698650343,-6.106627237523177,-3.1872587681185283,-6.924136173525575,-3.9331251812631307,-6.305166562789388,-4.63551721653872,-6.019014850524251,-7.840688190827338,-1.7844171537673814,-10.07702803750108,-9.838437699899282,0.0,-12.654037150769382,-6.754627087371301,-3.7392778810257488,-4.823869852698282,-3.9885378982149833,-2.233437260262916
2025-02-07,-4.902309045717335,-6.736158735807097,-6.716318149822298,-3.4931364642588614,-7.464375419900748,-4.20276244310982,-6.920043548137434,-4.455526580461655,-5.331990794895159,-8.531143391718299,-1.7748818934615995,-10.133803454153224,-10.004221247062873,0.0,-13.398487769261191,-7.3760054174682566,-4.046757841181758,-4.902309045717335,-4.451230315507459,-2.022723906506696
2025-02-10,-4.961099897266397,-6.996903549146882,-6.98025723833835,-3.618826285884613,-7.732575779262518,-4.329185681760805,-7.195025732311677,-4.445893553763581,-5.139438666991946,-8.846504688826574,-1.6859759370980831,-10.41077785201856,-10.685492324388079,0.0,-13.413519412084018,-7.653509074685871,-4.175716424006282,-4.961099897266397,-4.7136104721203775,-2.118047428928471
2025-02-11,-5.075800277295118,-8.103129881699578,-8.117500835466751,-4.197871393256247,-8.836209126602911,-4.885395616674948,-8.330142998121193,-4.554633870571124,-5.483380915539938,-10.019307467281436,-1.8316904728353012,-11.022240025031849,-11.868881411308008,0.0,-13.844497297933401,-8.808370233702334,-4.757212961018908,-5.075800277295118,-5.02017060362594,-2.241108322333818
2025-02-12,-4.948498401114065,-8.037237150567499,-8.056688739179164,-4.154038231546064,-8.843956962158028,-4.878721849146917,-8.296281405132921,-4.595284349015005,-5.158839702399243,-9.973952847075395,-1.8071551470499103,-11.236875983924733,-11.970301758733493,0.0,-13.731403266869279,-8.748968029645066,-4.71578750273316,-4.948498401114065,-5.017348537673627,-2.1366775903187363
2025-02-13,-5.000183379420253,-8.477835133570533,-8.490347109141549,-4.368408355179221,-9.222504173615176,-5.062397386232831,-8.711749351780973,-4.576143953400347,-5.408355872291304,-10.389009273030059,-1.7826136891205047,-11.935505650561629,-12.023205369414248,0.0,-13.989290431709012,-9.175986166122897,-4.924205380424096,-5.000183379420253,-4.993609407308552,-2.0976262057511352
2025-02-14,-4.982883650355873,-8.393476754280705,-8.410305077432001,-4.314259711402824,-9.08665928757767,-4.978936680301194,-8.597163244311922,-4.5487704161868425,-5.178766882486363,-10.232851806178033,-1.7580660975144768,-11.439318038603874,-12.413405868950878,0.0,-13.998104824766811,-9.069632773014213,-4.855421628735757,-4.982883650355873,-4.969864343793495,-2.0619089103452115
2025-02-17,-5.0829000391216965,-8.637632441152743,-8.650668497320002,-4.427392244534212,-9.361547377279688,-5.107082052372613,-8.84156062544703,-4.667161927346419,-6.109870602852352,-10.290623732649529,-1.7335123706988198,-12.41113919784559,-12.297855012622627,0.0,-14.313037645075521,-9.275536622287216,-4.951152903405697,-5.0829000391216965,-4.946113345645697,-2.27075355000953
2025-02-18,-5.071344741784167,-8.936352456625752,-8.968644430571116,-4.5809246000623745,-9.712731791101902,-5.276933013408957,-9.18046651959692,-4.818013166315415,-6.358120616147788,-10.74817595576224,-1.7241390516744226,-12.506666320658999,-12.352094083226095,0.0,-14.606956473475874,-9.64644643219923,-5.130675222964253,-5.071344741784167,-4.9223564113818234,-2.2995941842233747
2025-02-19,-5.169227333981841,-9.285201937406406,-9.337372220445072,-4.763160402724131,-10.176086399885875,-5.506429528473433,-9.579785138183983,-5.118266192556254,-6.8655305881390465,-11.403854746265573,-1.8458832255774604,-14.316741960744473,-12.399461876797114,0.0,-14.811844646988959,-10.12974997740399,-5.372210663070575,-5.169227333981841,-4.898593539518281,-2.275175802185403
2025-02-20,-5.385606817016386,-9.579883056334227,-9.621537963131278,-4.898135381748315,-10.496539517832593,-5.659269826789237,-9.911079048343508,-5.118350545430205,-7.275534210227197,-11.955026363922528,-1.8341587198294262,-14.05872678703679,-12.474904171424638,0.0,-15.047359802564253,-10.468395609947834,-5.536432037908867,-5.385606817016386,-4.874824728571115,-2.2507513172313365
2025-02-21,-5.375797564943174,-9.815838724163795,-9.853370128476357,-5.007095938360651,-10.748888941564893,-5.7786490369934445,-10.153258973949042,-5.1492952755796795,-7.759629724594652,-12.187085623794003,-1.8378983030628904,-14.274064256556617,-12.922783110415903,0.0,-15.315591995874344,-10.699320613151553,-5.642774533489403,-5.375797564943174,-4.851049977055899,-2.22632072783584
2025-02-24,-5.5929856290237945,-11.065097752528509,-11.088610235643381,-5.6376766817945345,-11.925408047539587,-6.371597309695565,-11.34882416426477,-5.363601604103563,-9.3622037096054,-13.157420059446745,-2.046073166585549,-16.60580898355115,-13.849293869970303,0.0,-15.627887480426782,-11.8502742027089,-6.2269740499336095,-5.5929856290237945,-4.827269283487945,-2.2018840324732114
2025-02-25,-5.569390368341631,-10.951778186460292,-10.97068768221332,-5.564006239837759,-11.698433279840437,-6.243404133883845,-11.178021707910323,-5.11062013032535,-8.361715357148803,-12.862337486429908,-1.795689993394367,-16.448506622306724,-13.871444599079187,0.0,-15.701322214113933,-11.666304086745349,-6.121163844540389,-5.569390368341631,-4.803482646382118,-2.177441229617405
2025-02-27,-5.545789210467101,-11.091930746161848,-11.116723903731064,-5.6288177049997,-11.8039181418774,-6.286654103526801,-11.308598156395956,-5.03728476317622,-8.173840674299848,-12.956823006059292,-1.786163868931634,-16.55421146968775,-13.880994256626987,0.0,-15.723741620008747,-11.812272722531835,-6.183162465135894,-5.545789210467101,-4.77969006425295,-2.152992317741975
2025-02-28,-5.522182153926303,-12.910665725200287,-12.956078857770603,-6.576064214249023,-13.665024706593165,-7.234234692185703,-13.115940390751613,-5.479216342327309,-10.8952135424773,-14.503622955733054,-2.250652278951737,-20.19638759210971,-15.486679645248048,0.0,-16.210213569857025,-13.614235259131613,-7.1009780957916995,-5.522182153926303,-4.75589153561462,-2.12853729532001
2025-03-03,-5.498569197244951,-12.807942168973618,-12.862153343313542,-6.508644289429699,-13.691679205759044,-7.236419182641574,-13.075743461184874,-5.3242180906993175,-10.736745717594776,-14.739251369327311,-2.0878206264406507,-20.099396318842157,-15.507300937015312,0.0,-16.039561474924668,-13.588239302597671,-7.076917147818385,-5.498569197244951,-4.745924040583849,-2.1179049125128024
2025-03-04,-5.474950338948414,-12.739048898880945,-12.811160946937017,-6.467610275238567,-13.869150704249178,-7.32081792389534,-13.089399199918583,-5.376219486674982,-11.207812171330945,-14.927156712792577,-2.0633493155781224,-20.050301229102597,-15.647300408799868,0.0,-15.933626704147375,-13.631271085230011,-7.0884498181030935,-5.474950338948414,-4.692518759159592,-2.0638604114382897
2025-03-05,-5.45132557756175,-11.809717998040037,-11.853463686454212,-5.939934308394001,-12.989200380642064,-6.833002253112852,-12.16419695631058,-5.220999620510691,-10.252765119259221,-14.286780673137844,-2.0536210319625603,-19.168812738535447,-14.674570798848174,0.0,-15.865874545303072,-12.739968448820626,-6.602758887890536,-5.45132557756175,-4.668698443690234,-2.039383112169879
2025-03-06,-5.427694911609516,-11.099228705330466,-11.097918123135365,-5.525756115946157,-12.186488876406742,-6.384798426893257,-11.402656011359403,-5.145341949882809,-9.941496425390584,-13.477835335321265,-2.0393768146400704,-18.47392530819526,-13.88233717721965,0.0,-15.309809075720715,-11.95369018242708,-6.176433486081557,-5.427694911609516,-4.6590046050131395,-2.0148996952601417
2025-03-07,-5.404058339616014,-11.09781375694615,-11.073318318250713,-5.5037120435974085,-12.230859077885325,-6.396150469169648,-11.386183207098643,-5.115271156932422,-9.86040718835508,-13.59929800036548,-2.0148933961563698,-18.458965778286938,-13.852539261402598,0.0,-15.55929375577838,-11.994493952060125,-6.187514883910694,-5.404058339616014,-4.6426666492943465,-1.9904101591800227
2025-03-10,-5.380415860105137,-11.206293886517571,-11.169532045228737,-5.54830442215728,-12.067243022420925,-6.297852098699042,-11.420823697329574,-5.104585374655257,-9.892713551948818,-13.276118076226673,-2.004766318439233,-18.54702442590508,-14.204727647497052,0.0,-15.576472972749333,-11.944977194238282,-6.143856815991288,-5.380415860105137,-4.647233472627343,-1.965914502400179
2025-03-11,-5.35676747160041,-11.000721327919372,-10.988747072615034,-5.437295262611053,-11.964363952190594,-6.233838092587929,-11.241596744740134,-4.911882871610873,-8.90015879009487,-13.323487140050583,-1.809445808937249,-18.387502593818105,-14.061102290112315,0.0,-15.72094718005619,-11.863407316183206,-6.088975718352529,-5.35676747160041,-4.5472605365052825,-1.9414127233908118
2025-03-12,-5.333113172625015,-11.502332885338685,-11.491501132334136,-5.696019586197565,-12.403058683590151,-6.4644395841438,-11.689685174029997,-4.865869647803455,-8.999421583210355,-13.61404750750822,-1.7849049235157843,-18.865783668251446,-14.16576802897007,0.0,-16.08111856303196,-12.344029300800097,-6.328902608322173,-5.333113172625015,-4.568971460983606,-1.930858353889342
2025-03-13,-5.336471906795969,-11.673885965379593,-11.674323124523456,-5.781775457368433,-12.63962437542262,-6.58134569007236,-11.883856740318699,-4.932024599481122,-9.431284841448829,-13.875230764290214,-1.7897435153752195,-19.033536921050665,-14.445766972539186,0.0,-16.182912513900316,-12.560773860974727,-6.432098575249324,-5.336471906795969,-4.545120267186764,-1.9950131384123493
2025-03-17,-5.4724457931827,-11.694665974524165,-11.726706823588007,-5.798437020897351,-12.643673094328001,-6.5733283578897295,-11.91803496654813,-4.853384028587615,-9.133530425159131,-13.865710067132053,-1.7231516370654565,-19.08224004386113,-14.01965826848891,0.0,-16.28799475551742,-12.60499380431932,-6.443289588853984,-5.4724457931827,-4.592510204290989,-1.9522399643189248
2025-03-18,-5.441764646812364,-11.671107895060107,-11.701366993923001,-5.773109555591072,-12.607867404382711,-6.542530714311045,-11.888846177173784,-4.834355492321663,-9.133486575305284,-13.830134964370833,-1.7157308857781883,-19.05922596819636,-12.77609887834793,0.0,-16.318906429621716,-12.576059785125882,-6.415946180623555,-5.441764646812364,-4.570108629527436,-1.9439730175657144
2025-03-19,-5.178547165038605,-10.468863277268248,-10.540133579367017,-5.133112860519729,-11.803513262607613,-6.097715557682104,-10.815407571895296,-4.653039888054478,-8.458959987441217,-13.066113286814307,-1.528234448999255,-17.997880887898987,-12.496107395448753,0.0,-15.92720483635568,-11.554959230147299,-5.867959334926132,-5.178547165038605,-3.8238338945888684,-1.7667424480966032
2025-03-20,-4.9648410268796965,-9.105312974407964,-9.176416003739119,-4.388172703991677,-10.425386261033221,-5.340047547920812,-9.463645884103755,-4.494112813567941,-5.714466774845439,-11.72316961942068,-1.3792232877324118,-16.73859881541514,-11.414892183620184,0.0,-15.311849306660175,-10.18866351389035,-5.130649467281911,-4.9648410268796965,-2.970799339411989,-1.6109971881937635
2025-03-21,-4.483897281085247,-8.584496772233742,-8.65938666082906,-4.095810441473224,-10.008394807241904,-5.103978576390189,-8.967539879660901,-4.463781737085726,-5.011575058853079,-11.40129413552703,-1.3545748762694876,-16.264564458381404,-10.804669066316542,0.0,-15.24640806019355,-9.736626127561088,-4.882019018357431,-4.483897281085247,-2.3870261103439927,-1.5801322059234235
2025-03-24,-3.407428416330116,-7.376272437457098,-7.448125952239093,-3.4322697184695494,-9.040368231667506,-4.56868827493161,-7.812758790737096,-4.291498159150208,-4.584151672957493,-10.476609473069987,-1.329920304398935,-15.156394555684315,-9.628345233847968,0.0,-14.579513633832752,-8.63315592125221,-4.285808581895223,-3.407428416330116,-1.3782452443982685,-1.4119956539401346
2025-03-25,-3.60449668344629,-7.256533277561061,-7.344304428497228,-3.3640838289232033,-8.808633807859179,-4.430841059321821,-7.687249229873794,-4.256048852864369,-3.7390786056813674,-10.101313056363248,-1.3052595705810521,-15.052110552021025,-9.5889976604831,0.0,-14.67506389612916,-8.437786207947106,-4.1688564994403325,-3.60449668344629,-1.5452732978076589,-1.3803705274074596
2025-03-26,-4.029160691106071,-7.959690391776608,-8.053630994623695,-3.732391657596812,-9.494109928750783,-4.790876284302136,-8.391719430706157,-4.375901886970645,-3.806519351894988,-10.811083523099295,-1.2805926732757378,-15.702611376219478,-10.283451741626259,0.0,-14.988569124699247,-9.150608821136963,-4.534688343982984,-4.029160691106071,-2.25923763748076,-1.4976670678537585
2025-03-27,-3.7597911825156816,-7.677029686086878,-7.638345128148449,-3.4953348541454154,-9.213966375825988,-4.6272511024653795,-8.006733980629155,-4.30462479771877,-3.8430295268299663,-10.523034337630888,-1.2559196109426018,-15.322401502151594,-9.88198563045125,0.0,-14.976668978378072,-8.782152471754312,-4.3296506662963585,-3.7597911825156816,-2.2348091690816863,-1.4277246066578764
2025-04-01,-3.750104745167715,-7.790931568128023,-9.065928712659055,-4.602465134059141,-10.700591672526583,-5.787197159119306,-9.462232099684032,-4.3235672525663515,-5.576618567661851,-12.122825182300511,-1.2312403820408324,-16.586023296146113,-11.23705162987141,0.0,-15.00584143917475,-10.236987559496857,-5.457386525363894,-3.7357377493011934,-2.210374595245601,-1.447236530530016
2025-04-02,-3.5710536416350025,-7.1980777620832,-8.486619353033365,-4.139131303772503,-10.092390616411462,-5.300819211234509,-8.867379012964838,-3.9180503370945696,-4.088616645925303,-11.463491135540238,-1.2359779697654782,-15.553614726040287,-10.598504963128208,0.0,-14.826043415671242,-9.642408842186045,-4.983441173896019,-3.7403552051539,-2.30201179596633,-1.0295285171171509
2025-04-03,-3.5748105302278788,-7.887761125154935,-9.16637643364362,-4.658737929219758,-10.848466352146346,-5.892127731334429,-9.559598768789158,-3.9556633356926163,-4.3661742464052296,-12.144751268424193,-1.2612917895924003,-15.810919452618776,-10.91365851988051,0.0,-15.256360526890056,-10.331325764303656,-5.513985096655071,-3.765027137856214,-2.3089953160665533,-1.06827227927222
2025-04-04,-3.4478355302586916,-9.151258430845498,-10.421275418461073,-5.6211470588900525,-11.744690566537185,-6.582550240104512,-10.671714256948073,-4.273273623718465,-3.938881512756731,-12.58369994273325,-1.58366245599606,-16.11940751669675,-12.238071285817176,0.0,-15.85437250187991,-11.370803114927352,-6.308813549984249,-4.079223392751485,-3.195967489576468,-1.4095589116569607
2025-04-07,-4.061970990324992,-11.585252748897545,-12.817900644329516,-7.480760960049859,-13.676618292932597,-8.084948679145898,-12.936058838717601,-5.816439417394637,-7.070141125058981,-14.267872738934717,-1.8805618881028163,-18.91517005135427,-15.084414100730115,0.0,-17.391417866370496,-13.517878874891132,-7.974245266520164,-4.368594292061745,-3.1717731392161275,-2.6634928333738483
2025-04-08,-3.824621110889259,-10.089483389317556,-11.336488971557312,-6.3188647499915485,-12.399182380007767,-7.081105746644822,-11.532992099402573,-4.914266252109057,-5.822713170351578,-13.150432176564431,-1.914898754809713,-17.719127020281135,-13.650417521829839,0.0,-16.791546591955388,-12.120552955230812,-6.880599590789749,-4.4020604726063395,-3.1475727419321697,-2.085692340580636
2025-04-09,-3.829166893394975,-10.640094196906702,-11.883985413960296,-6.72944757334778,-12.390472595165324,-7.063090138884343,-11.906774686760924,-5.600032318199089,-5.989952626026895,-12.851570753822871,-2.311805341651063,-17.800846022653815,-14.174201655499418,0.0,-17.277241602381764,-12.387700994652374,-7.079336640168177,-4.788902627074165,-3.1233662962132924,-2.061220497793015
2025-04-11,-3.6238308550435194,-9.401088785135991,-10.663948509726595,-5.767829494552689,-11.283329710201507,-6.189534689550791,-10.717861806250683,-4.723688939097038,-3.99847653304094,-11.818749601028722,-1.9948545010155527,-16.126057788296112,-12.52888785153229,0.0,-16.647443817251396,-11.239810689565566,-6.1765568733819105,-4.479988766441156,-3.099153800547849,-2.036742538727787
2025-04-15,-3.6637694228081275,-7.866785152740974,-9.154691714111696,-4.58928175283212,-10.094568026986783,-5.257297381945691,-9.293148057013711,-3.3298128597810783,-1.3727656516852482,-10.68667098779079,-1.1783520683579907,-14.007181723000938,-10.61306075881313,0.0,-15.81841698607036,-9.890589560108065,-5.120438122440429,-3.684190534189291,-3.0749352534236607,-2.0122584618562533
2025-04-16,-3.4238450859506386,-7.514130137669173,-8.805338126161399,-4.309183796223692,-9.694099284877588,-4.934565845615468,-8.917124489875206,-3.06255387299208,-0.43439171768291374,-10.234571651277047,-1.0380316308479354,-13.311016511028473,-10.196757518524912,0.0,-15.768677137504582,-9.523665307294127,-4.823777107803973,-3.547428227485727,-3.0507106533283923,-2.0460061179243483
2025-04-17,-2.820058773120826,-5.845078139051473,-7.161622246840926,-3.016852070158349,-8.24978920447571,-3.7938880748203174,-7.309647602101387,-1.7896176341533954,0.0,-8.957896974114654,-0.45429505767701217,-10.458755164064115,-8.608723951150255,0.0,-15.353012488612727,-8.020770238698748,-3.638456442182647,-2.97849356856722,-3.1137632699725915,-0.8472965980246605
2025-04-21,-2.9579799596016643,-5.228249944516083,-6.5560044083937346,-2.539652907640755,-7.923735134883014,-3.531992557991892,-6.792610272812494,-1.3381921401051877,0.0,-8.79880898297969,-0.2918330308225858,-10.20419440949427,-7.559232373018787,0.0,-15.190178877332961,-7.567119632572606,-3.2788850567163075,-2.8201511208196917,-2.986483185810218,-0.5071317067138481
2025-04-22,-2.3814508840788173,-4.941725124103414,-6.26970466764295,-2.309578587537797,-7.390581769707827,-3.1091591875862745,-6.4106347829749115,-1.2929548159582804,-0.04854143545758305,-7.919863437482322,-0.28158978640772103,-10.652285451312704,-7.3994553869658475,0.0,-15.293729459460426,-7.118958240677298,-2.9221392919410283,-2.810167616212911,-2.4346119470040395,-0.4210179064915831
2025-04-23,-2.4259489700835024,-4.254398239297141,-5.588735296227199,-1.775020376813996,-6.693186496884307,-2.555780948221864,-5.7562181510452115,-1.2082555095842995,0.0,-7.464311421770087,-0.14423552395181893,-9.968977221157505,-6.779879898660301,0.0,-14.909450541298163,-6.450956460599356,-2.3990982275282846,-2.676296270724232,-2.423982381146228,-0.4079674996692928
2025-04-24,-3.201339763789912,-5.08986481417123,-6.41685701248308,-2.4198319272418445,-7.729107028507798,-3.3608065787508745,-6.62779473785009,-1.999327319992128,-1.3144077123253717,-8.661546538415632,-0.13414821171743307,-11.157092557747205,-7.095033455412625,0.0,-15.037961804691669,-7.4357532244945235,-3.160739361596232,-2.6664647442973255,-3.1953580109364,-1.2899181057376752
2025-04-25,-3.550811860398384,-5.36774636515055,-6.693055533944625,-2.6314615779412964,-7.803904691898989,-3.411768975002427,-6.841772500945586,-2.4559552498601533,-2.1107434929165003,-8.634573701323255,-0.21203743456186253,-11.79859476567774,-7.889525454023327,0.0,-15.082271998781094,-7.617843867799056,-3.2981635179041513,-2.7423789159787493,-3.656580686821176,-1.2652473741213255
2025-04-28,-3.1201720675199662,-4.292810303969041,-5.635602113098981,-1.799339496191421,-7.0108639952382585,-2.784613687353943,-5.848790728585818,-1.832539167764291,-1.5801697544150506,-8.164753352542142,-0.0986478285095127,-10.521802207278707,-6.781601149563921,0.0,-15.066829048871423,-6.763957791637276,-2.6251807419056306,-2.631864550750851,-3.632501458081139,-1.2405704765188097
2025-04-29,-3.2883255956175916,-4.063592394592597,-5.4121974616509245,-1.6172990773500873,-6.752458778477077,-2.5733798704642874,-5.622894825263591,-1.9924539989511825,-1.73077964425834,-8.061596942909844,-0.07800471727310576,-10.193023447903371,-6.753058319362227,0.0,-15.102019737517436,-6.56474878183052,-2.4640361455717907,-2.6117448906334495,-3.608416211189991,-1.2158874113890383
2025-04-30,-3.253638231312661,-3.9327012777788384,-5.291924051218233,-1.5148329061467125,-6.465828245437233,-2.341811331540855,-5.455376464168394,-1.8528718491106044,-0.4625431341282904,-7.702729671620245,0.0,-9.253448504292805,-6.759763714186717,0.0,-14.936762638234224,-6.359749021030203,-2.2991514695869797,-2.4535168833901944,-3.584324944643591,-1.1911981771905777
2025-05-02,-3.041423243065866,-3.853876028448555,-5.22116023862128,-1.4552312158986447,-6.414919102252192,-2.2940350834941836,-5.396284800319195,-1.8606772469067057,-0.8549085882574081,-7.823631003667709,-0.12699327513223668,-9.186239240696548,-6.711868036868751,0.0,-14.932037305539392,-6.355773194192038,-2.2914127948113427,-2.5773943570762903,-3.5602276569374647,-1.1665027723816168
2025-05-05,-2.6963300369048593,-3.3349052560338266,-4.71593349414241,-1.0540760539924365,-5.794629722012723,-1.8018497051631943,-4.819405222636963,-1.5106366899794388,-0.18167915125736345,-7.000569838319914,-0.23401975574190992,-8.691452597056449,-6.273330725125548,0.0,-14.62644529075222,-5.745974494419714,-1.8057547043410116,-2.6817949249145157,-3.5361243465667047,-1.1418011954198781
2025-05-06,-2.8071031554737447,-3.280601476405509,-4.659467332506839,-1.0036108599966065,-5.680578085343335,-1.7095027723934342,-4.726150916333927,-1.414996908184507,0.0,-6.758226275518142,-0.2896818044068272,-8.528815122422252,-6.58580511742789,0.0,-14.542132113563467,-5.598457348163,-1.6822164406807283,-2.7360912958177774,-3.5120150120260596,-1.1170934447627845
2025-05-07,-2.9166457189816697,-3.5234594910952155,-4.899779216016597,-1.1868555057898966,-5.959875511073454,-1.9231400729815662,-4.978357552862467,-1.4416158510519472,0.0,-6.959378945461703,-0.24227751825027788,-8.570571084289313,-6.452460558294826,0.0,-14.695766129886623,-5.849393420601556,-1.8735315580888479,-2.689850081825529,-3.4878996518099448,-1.0923795188672702
2025-05-08,-3.110370835340226,-3.8474470206817712,-5.21509687147228,-1.425457954825593,-6.284113225513865,-2.173064740573527,-5.2890513182179415,-1.805632485699793,-0.7576280421488724,-7.315978265772438,-0.30812328679642453,-9.074135633742031,-6.99118964002754,0.0,-14.988851197429664,-6.1732979000368555,-2.1227410803374203,-2.754080313323415,-3.4637782644123205,-1.0676594161900366
2025-05-09,-4.116605538670903,-4.588605916553434,-5.900718918080861,-1.9442926676672911,-7.183659970652057,-2.871718495735931,-6.158369135337793,-2.603479778218154,-2.747573799770242,-8.600667611367285,-0.1727952244375497,-10.84695234378289,-8.009646315996866,0.0,-15.153405225276595,-7.013432819926835,-2.7766391701424697,-2.622072547822485,-3.439650848326825,-1.042933135187285
2025-05-12,-2.616644271541191,-0.9852646009686161,-2.317221691514937,0.0,-3.7348980446683333,-0.14108193034488847,-2.6094071011096287,-0.9444114939611392,-0.08473006128592031,-5.323501828955701,0.0,-7.977444652285904,-4.497171917685405,0.0,-13.243913213519843,-3.5415105380577794,-0.0326954851920247,-2.1709045204842847,-3.4155174020466528,-1.0182006743148286
2025-05-13,-3.099729703467824,-2.6400704211797965,-3.958490052344099,-1.2702720490390451,-5.445107339712518,-1.4814659751677062,-4.292549034983373,-1.7970922207763973,-2.008747296321467,-7.041300999968991,-0.635312075685257,-9.545642053728221,-5.824263848072054,0.0,-13.84740319079616,-5.204740074778935,-1.3393745294204007,-2.792424577599284,-3.391377924064698,-0.9934620320281806
2025-05-14,-2.7498623396171817,-2.3766377151390405,-3.6902375355423733,-1.0540724988015615,-5.1700897145196105,-1.2593983899152783,-4.038455802981655,-1.8174117541810642,-2.029048421127766,-6.9583790328401225,-0.6546804071084433,-9.45150218436127,-5.484967876471658,0.0,-13.706205515188719,-4.975294246435791,-1.151538654899631,-2.811372441040083,-3.48239228781716,-0.9687172067823324
2025-05-15,-2.0328379046171574,-1.1862727854921484,-2.524136041443037,-0.14454820792617618,-4.054370024995757,-0.37238707098963264,-2.887845336972561,-1.0151285132971921,-0.572055042913755,-6.0511613847949,-0.3743791860962076,-7.955508754740192,-3.9707011358662725,0.0,-13.054358079873985,-3.902022993551202,-0.2980550143984684,-2.5371562919057844,-2.6068719108091054,-0.9439661970320423
2025-05-16,-2.2117725005679767,-1.4694456357263408,-2.8088363032714225,-0.3583463762291905,-4.30082144765419,-0.5595519198665522,-3.1224225712779607,-1.1394526188001075,-1.4999187398738068,-5.957683156505233,-0.507258924052878,-8.547831044900322,-4.1327756176905766,0.0,-13.240318784018012,-4.077362574675192,-0.4339797601122797,-2.6671513376243294,-2.7465895422245645,-1.0225374728651482
2025-05-19,-2.653934744609443,-1.8413666743911095,-3.1826935374244636,-0.6455198887505009,-4.666397900709152,-0.8414461779319371,-3.4982845898727133,-1.1020322566294039,-1.427915312679695,-6.238821782561077,-0.5091797817274757,-8.717756971028246,-4.417665093337564,0.0,-13.494135618963487,-4.435540811605721,-0.7106418118527857,-2.669030495312852,-3.1494009090903607,-1.1177788428923474
2025-05-20,-2.9642046316365023,-2.633008875818721,-3.960299712823545,-1.2434819975269074,-5.406332889447074,-1.4207606856479815,-4.264177584619821,-1.7335257175334462,-2.2934283643347264,-7.051898956261904,-0.5374831592217411,-9.549112070614685,-5.419829755319228,0.0,-14.014616338590013,-5.222488896321864,-1.3244113262094959,-2.6967194335056344,-3.8742242725297693,-1.8990725272783227
2025-05-21,-2.6959283207633855,-2.18010553821939,-3.510025421556995,-0.886520491499232,-4.984532921128471,-1.081884003744682,-3.8249301722256934,-1.4150271440814155,-1.6585410657999344,-6.5990871475802955,-0.48647536029235994,-9.076717470584384,-4.923443445815434,0.0,-13.848879788402545,-4.767498666832404,-0.9590019652688353,-2.646818965189013,-3.5220411000350116,-1.8745540423722895
2025-05-22,-3.199417947263994,-2.9921918403118752,-4.320255599483902,-1.514152234883892,-5.820353146508284,-1.7353759565167604,-4.6551355091991375,-1.8395263718705257,-1.7249395285723668,-7.512540750514507,-0.6667135781636357,-9.36723611877791,-5.704142986098503,0.0,-14.250819591933539,-5.624367627467497,-1.6270567224205168,-2.823144383440901,-4.298641921733504,-1.850029429531297
2025-05-23,-2.6774853781684427,-2.0021143327908053,-3.3374533296636977,-0.7421560368940816,-4.804440249725062,-0.9274182557346689,-3.6498435510152083,-1.0628369017303352,-1.2922067837407236,-6.438934269803642,-0.46690993362545896,-8.820530461090016,-4.771322284433777,0.0,-13.878708060618328,-4.611351126947849,-0.8238744419244881,-2.6276782852540648,-4.274723164144023,-1.883759492198045
2025-05-26,-2.248631124116085,-1.1327186015495094,-2.4721247476888197,-0.06235358170374461,-3.9270548636214153,-0.22877869297084352,-2.7790830467441463,-0.34226226985476504,-0.5972499638478346,-5.551323895625815,0.0,-8.252667697854088,-4.2042374649889025,0.0,-13.77741773981116,-3.7231864185642505,-0.11827493415067503,-2.1615504887613324,-4.250798428510083,-1.6353302639869782
2025-05-27,-2.6428755212015154,-1.867210817382292,-3.1948835485023475,-0.6176853485476808,-4.728319623021848,-0.8542403077937744,-3.5580732692933603,-0.9914868211907124,-1.1670472461249304,-6.474518739574398,-0.2658364897868304,-8.836845933024339,-4.8745898549510835,0.0,-14.254343313364082,-4.49430060507815,-0.7192160429610017,-2.4216407886038738,-4.2268677133377235,-2.4684765127494623
2025-05-28,-2.8329704215073193,-1.9813894474528748,-3.304418890369676,-0.6974225057724603,-4.911087170077655,-0.9911715557317735,-3.7132519152892285,-1.0240794942804055,-0.8928684296097944,-6.812302916481061,-0.2267470194546095,-8.713315873476713,-5.157174351127159,0.0,-14.514750195772086,-4.683256359795774,-0.8600617288812562,-2.3833962569086653,-4.20293101713245,-2.4441003396786454
2025-05-29,-2.6796338473018655,-1.7634052448455395,-3.0880279486939277,-0.5231535064740833,-4.72916550428576,-0.8415850894170518,-3.5139786009065754,-0.8327356005232378,-0.6202363139192646,-6.699428372744054,-0.1308870320657407,-8.46035487272978,-4.846234117238901,0.0,-14.566485666668715,-4.489096703760865,-0.7007082643224694,-2.289608331545745,-4.178988338399304,-2.5074510283218165
2025-05-30,-2.875330664057507,-1.7143459995191623,-3.042974074961835,-0.48364508020367625,-4.781628118337977,-0.8744871579738023,-3.53556241634595,-0.7996363541859952,-0.7332065380845298,-6.929578040301476,-0.23912698304833224,-8.454880177784075,-5.1638797459516494,0.0,-14.478908745703812,-4.541814542058031,-0.7362039171005197,-2.3955086213388266,-4.239970085321676,-2.445801204843445
2025-06-02,-2.8608712351584797,-1.74910407654697,-3.075452472198781,-0.501262012030812,-4.779804548667843,-0.8672848354954299,-3.552606881314113,-0.7872259145799809,-0.9398260069542475,-6.832216875652963,-0.23075259566754935,-8.48159354901622,-5.294537656935184,0.0,-14.535709343131241,-4.521729857556522,-0.7159772865500513,-2.3873152505694106,-4.171295866579705,-2.3795650880078956
2025-06-03,-3.1823609237268013,-2.363583841630934,-3.6876134123010162,-0.9665667334128769,-5.41556264255404,-1.358230904122537,-4.183238675086132,-1.3536284989461023,-1.555304078972719,-7.511255283522322,-0.39241749149613314,-8.968544160376357,-5.961627153880067,0.0,-14.95947178265309,-5.1533613427138025,-1.2043332669504303,-2.545485678052062,-4.476076455853628,-2.6935164631327946
2025-06-04,-3.112734056584987,-1.9853803597945863,-3.326074723286454,-0.6817860156945965,-5.0189757693408605,-1.0407553969142946,-3.807098622650984,-1.101132298353369,-0.6399296881231864,-7.139353701165896,-0.031160217895986886,-8.644248497596251,-5.663910617151369,0.0,-14.918076351503906,-4.771922319559718,-0.9018789954615025,-2.192037162815108,-4.319359067981054,-2.5309905842640923
2025-06-05,-2.9945719921223746,-1.4924900318275536,-2.8521813883534364,-0.3109494182320871,-4.564143964566625,-0.6784481846976109,-3.3153393877704107,-0.7374528571292616,-0.022348092884050264,-6.757614816118773,0.0,-8.012681000176991,-5.163108924894832,0.0,-14.823005263782917,-4.31152974933503,-0.5345151114957147,-1.7629771221075674,-4.336494886665543,-2.5472835680193873
2025-06-06,-2.7664752987882957,-1.0325857308863484,-2.3961093595974092,0.0,-4.130727186637695,-0.33470307197882576,-2.8552374831668725,-0.27248885823794033,0.0,-6.171559330144694,0.0,-7.5863217574288155,-4.196955825296644,0.0,-14.798503527842112,-3.8390583671744083,-0.15762828691130437,-1.5702659513905148,-4.00303424685946,-2.209850280224679
2025-06-09,-2.5859985908083583,-0.8365834738037758,-2.1862992975591022,0.0,-3.935991425206975,-0.17566112011736523,-2.681149009282291,-0.10709136006868958,-0.5083309527277868,-6.0057688564655765,0.0,-7.594744835048162,-3.8132216455846635,0.0,-14.792850709379756,-3.648367588362933,-0.0021106215853050614,-1.465617934560226,-3.9447367180490467,-2.142476012094252
2025-06-10,-2.56528402924433,-0.7980444270288323,-2.1224398494075536,0.0,-3.841401417090662,-0.09624096318537889,-2.609069228019456,0.0,-1.122784142105715,-5.870750466350438,0.0,-7.973428076381905,-3.809195415210087,0.0,-14.786206775676458,-3.550756249655729,0.0,-1.3815278725417213,-4.107387717165267,-2.3050912573380877
2025-06-11,-2.4795629404985142,-0.5972439676362518,-1.9170519861603896,0.0,-3.7127568876493267,0.0,-2.445356462526027,0.0,-1.203302803938644,-6.1084573833899425,0.0,-7.910770687598401,-3.666847965481135,0.0,-14.567632367673633,-3.440960431885043,0.0,-1.3315723545987646,-4.003782516646382,-2.1949166612391324
2025-06-12,-3.2162048235423457,-1.66569176449336,-2.992793990160303,-0.8179238943011868,-4.737725669121906,-0.7974985037701221,-3.487130759344248,-1.036801213890548,-1.7633189981555386,-7.12111614313331,-0.23168304748008017,-8.770783702205254,-4.637027295453855,0.0,-15.28753154567739,-4.509274420656939,-0.8283258605704336,-1.5601703746683127,-5.002838663221365,-3.2164206290762
2025-06-13,-3.6756638621344373,-2.422088896535479,-3.7300004006564302,-1.3777610808618723,-5.483181207437104,-1.3740088677287043,-4.231027670830234,-1.6980816174771318,-2.4712704617319337,-7.8513840418274805,-0.37372667116466474,-9.627860060612182,-5.286874348564274,0.0,-15.428940536170765,-5.239005110187289,-1.3913831227101325,-1.700322584728442,-5.732647161347759,-3.9590842266367665
2025-06-16,-3.3699235135658534,-1.5641650901517035,-2.8717182892003312,-0.7149834365951957,-4.64601825578389,-0.7118015968256897,-3.372229340612376,-0.885000972129435,-1.5260328557150205,-7.041109497199216,0.0,-8.955568174994022,-4.413638862962999,0.0,-14.89101901035177,-4.404021807823688,-0.7311869376905533,-1.2232924166543868,-5.488392292896038,-3.713589843879328
2025-06-17,-3.2482114838290332,-1.589734665421827,-2.8842390324440914,-0.7181067565418475,-4.671267675680568,-0.7259760321209896,-3.3946380385584507,-0.8587081942540875,-1.8304057797539741,-7.064578729924165,-0.13897649803469303,-9.176539601084299,-4.7703643708873695,0.0,-14.88378260727401,-4.411986537865276,-0.7313647231825038,-1.3605688257276816,-5.350068570772049,-3.58546242120259
2025-06-18,-3.2839195001102772,-2.0168821363099276,-3.326094040844174,-1.051514798814257,-5.122513333023903,-1.071690278871118,-3.857966685499703,-1.2864649005252748,-1.6901377685043184,-7.694820885412945,-0.13619286714091627,-9.35959580855592,-4.928801774715341,0.0,-15.025642593796873,-4.906802322173132,-1.113722937638295,-1.3578192467795347,-5.326412597532149,-3.7953488968284432
2025-06-19,-3.427900633754699,-2.134617387887383,-3.4523869053468936,-1.1428771295061813,-5.246659363804329,-1.1611999028027897,-3.978066281291348,-1.4282982350271922,-1.4525112636131432,-7.828499971017012,-0.18736369412878373,-9.330191572118041,-5.000839866881401,0.0,-15.091974446729584,-5.035247271765753,-1.2078649690948962,-1.4083641049213225,-5.3027507119258965,-3.8322356401598645
2025-06-20,-3.3493442441857257,-0.9049717193519213,-2.2575409589284945,-0.22353675124139327,-4.084594192544988,-0.24209107032302501,-2.814579424685837,-0.42230938920307937,0.0,-6.928208342902797,0.0,-7.862658765090091,-3.7779659368588514,0.0,-14.753793780735569,-3.9319225304653926,-0.3405168929905278,-0.7942115502637903,-5.321253177969609,-3.251840830736419
2025-06-23,-3.7130830607536747,-1.8685941874431733,-3.2312199241030237,-0.9619481357443282,-4.948437058400524,-0.9131604560188133,-3.738691040639186,-1.3670336295553587,-0.423111716939617,-7.646798755263362,-0.2273126951441884,-8.592255525203408,-4.316313349912926,0.0,-15.224310763671378,-4.828075276659682,-1.037153121019474,-1.0197189017279396,-5.628594252702324,-3.5658042310577787
2025-06-24,-3.7889071535448626,-1.7760678352452541,-3.139399789847941,-0.8864112360746024,-4.893947373557306,-0.8642335849702754,-3.6661413552333433,-1.1600438318031814,-0.18332190826636507,-7.596024476393848,-0.19988334348187697,-8.394943634532803,-4.0387129976577345,0.0,-15.261033148946346,-4.776454154208776,-0.9892620530810636,-0.992507397144704,-5.593553633657667,-3.53188643187039
2025-06-25,-3.31311284073017,-0.8251818578518422,-2.1916168019123994,-0.15452611162970475,-3.967521517935091,-0.13206739254635336,-2.7363598154752866,-0.5788753644766165,0.0,-6.769143935199207,0.0,-7.696435220885133,-3.2708480021559794,0.0,-15.017970646983414,-3.856194870541718,-0.2646253614232652,-0.5895070851983042,-5.225818082738343,-3.1473810888486997
2025-06-26,-2.8826857586159327,0.0,-1.284287897015568,0.0,-3.070125707146487,0.0,-1.8150337223079127,-0.1917577441012619,0.0,-5.956612691524965,0.0,-6.56226141191687,-2.1050672162363226,0.0,-14.56732400547206,-2.9904474839800854,0.0,-0.5251910895195167,-4.623522404640401,-2.5206820758023163
2025-06-27,-2.59537997235606,0.0,-0.6804873685576363,0.0,-2.504899399940086,0.0,-1.2192288761011305,0.0,0.0,-5.42254457978647,0.0,-5.670477705686849,-1.7648133310895875,0.0,-14.685501930191746,-2.4090991104685933,0.0,-0.3984633587245878,-4.439001000520914,-2.3314595532113125
2025-06-30,-2.8429993168221035,-0.31194314747935437,-0.9783879679147289,-0.2198970800704636,-2.850286758780163,-0.2634334384000514,-1.5724106798226778,0.0,-0.9058588606369877,-5.788216819365843,0.0,-6.05245253705009,-2.227485573981247,0.0,-15.135359269087656,-2.753876883060513,-0.2606012382023404,-0.33582183025138157,-4.862411078957473,-2.7701418039342673
2025-07-01,-2.6502510666589263,-0.18597688484132124,-0.8811381794521678,-0.1388873121390244,-2.8021515566478694,-0.22030124425812536,-1.501133584263481,0.0,-0.6405887728872184,-5.889757075277268,0.0,-5.613342506486118,-2.132652132891677,0.0,-15.131767915575233,-2.6901129114259015,-0.20364850440629523,-0.32589529072326595,-4.736851954868526,-2.4581071256638554
2025-07-02,-2.8699056888964236,-0.6165916853988151,-1.3112362730283378,-0.45569831558294194,-3.1440242684830477,-0.4761270018650343,-1.9072013569358504,-0.25029617877175836,-0.5835880449166386,-6.2255438889144195,0.0,-6.07428985688343,-2.4713718596243495,0.0,-15.40143201501557,-3.0766432359085716,-0.4957342963803901,-0.2804795828522999,-5.149886576368323,-2.821221817849051
2025-07-03,-3.003588015881986,-0.7849952638884994,-1.4774868463982127,-0.5748761674132741,-3.2300636849998843,-0.5351077872439935,-2.0617123553893446,-0.2941122624978476,-1.0061664681380256,-6.338036250065315,0.0,-6.255814177366236,-2.6556729292040115,0.0,-15.485749800334702,-3.2183689488625933,-0.5998665442715878,-0.2370329353418632,-5.299154501090686,-2.95786627815241
2025-07-04,-2.761282606605109,-0.24339144340382868,-0.931256886031262,-0.15272141839126618,-2.690177557596418,-0.10883005911789256,-1.5263818057477896,-0.04871683935531168,-0.8578100435540748,-5.89281798147856,0.0,-5.81270487480211,-2.4422527845549102,0.0,-15.2922403111718,-2.6915256915342467,-0.18791550454557715,-0.19731598257932692,-5.0551873807393015,-2.693413064502881
2025-07-07,-2.699062740409419,0.0,-0.6342598172418445,0.0,-2.1807440492654595,0.0,-1.1650232550324713,-0.21556846639371186,-0.462937442843947,-5.23418228669934,-0.09363100624223408,-5.525829797874171,-2.441100294819476,0.0,-15.37298223304574,-2.278945074649874,0.0,-0.29076223988159233,-4.832816810989648,-2.658737864541938
2025-07-08,-2.502901925459866,0.0,-0.4197605842868213,0.0,-2.035525626963486,0.0,-0.9765147591967449,0.0,-0.3439239182167819,-5.131779256089231,-0.016915167780096052,-5.316633805491455,-2.206606052150495,0.0,-15.44108949796723,-2.1032780207825286,0.0,-0.2141977740299228,-4.8090315603841916,-2.479163854955835
2025-07-09,-2.6211551522803966,-0.20954964905131046,-0.6187990912082997,-0.14235065410321823,-2.067774533918454,-0.01638153222005556,-1.1270900535067074,-0.11032488289025588,-0.6433685267778211,-4.880828619579303,-0.1067803517494803,-5.673825869865478,-2.384396303094727,0.0,-15.64875782707288,-2.1926567477802528,-0.06443779594355048,-0.30388563962853166,-4.785240365101906,-2.6412549346919056
2025-07-10,-3.173348649064145,-0.8740144039443121,-1.2730197415407707,-0.6329423670146439,-2.692945774327804,-0.49350769447940035,-1.765685898324687,-0.2542177069751239,-2.423497561257637,-5.437419190601423,-0.09813890910227441,-6.419103212951882,-2.847450214665015,0.0,-16.188545336702486,-2.833479330420363,-0.55225826699703,-0.2952612479287797,-4.7614432236570465,-3.0989597050209094
2025-07-11,-3.364561190134996,-1.443464416075646,-1.8287877065196856,-1.0382506772881994,-2.873334352081214,-0.6188772998495295,-2.2254946754694416,-0.45421478135045934,-3.9763278088688403,-5.301011433903602,-0.21538874799020835,-7.223553634641378,-3.6344734810939805,0.0,-16.28119378577002,-3.1738255126810833,-0.8126499319112912,-0.41227973414504904,-4.823574994317692,-3.695841292694957
2025-07-14,-3.636458420411537,-1.852814383845891,-2.2499538278898723,-1.3497484907581625,-3.14022901522919,-0.8165688288206185,-2.586732264317837,-0.7126766639334314,-4.0022260603330695,-5.413019224415116,-0.5115729494049592,-7.559178029915148,-3.8932972311005787,0.0,-16.41291644856051,-3.5153809199757746,-1.0688836608252483,-0.7078795167925311,-4.862940271923987,-3.77597733112478
2025-07-15,-3.4944658364365777,-1.294828990586805,-1.6879019628049385,-0.9176507574611192,-2.5805988549580383,-0.37807646191526656,-2.0234268299842983,-0.5116158283076211,-3.374901459288693,-4.811208393000566,-0.2399629496572797,-7.09424650641316,-3.4584044810533343,0.0,-16.142208068845576,-2.9517045601878955,-0.6288862156623165,-0.43680544698463386,-4.663080797878139,-3.60628558313979
2025-07-16,-3.3601662944561683,-0.9652279502515126,-1.3541460725437937,-0.6598365021982189,-2.3678033270530086,-0.2102595911094296,-1.7365502133716126,-0.15231717282490065,-3.34233814448629,-4.685233394698917,-0.051116489214819705,-6.810420576117693,-3.3961401005399683,0.0,-16.078152248004418,-2.669272311964721,-0.40446099698058235,-0.24833161079117483,-4.639253124943055,-3.4091869668882335
2025-07-17,-3.417988631425406,-1.5330864060405625,-1.9276158655090248,-1.0874129631998741,-2.875434360197693,-0.5954845301933576,-2.2785058423334115,-0.43346860798129105,-3.7362504946668262,-5.077869098406962,-0.28083632346553866,-7.327097880566358,-3.7816104985547327,0.0,-16.34169279863762,-3.1978975378945784,-0.804715232380071,-0.4775981710937405,-4.615419496728546,-3.5007910172768497
2025-07-18,-3.568805915467821,-1.9436045987518913,-2.3365161025371894,-1.3910600887288793,-3.2943719414938344,-0.9127491769673313,-2.6987071132908436,-0.5854721533564144,-4.393515464694097,-5.73192572612109,-0.3333492099324431,-7.728153237349167,-4.329724139561919,0.0,-16.552982693306582,-3.646659815019271,-1.143796911962247,-0.5300074412427414,-4.591579911746146,-3.7741865546699116
2025-07-21,-3.700322371930287,-1.8851770385038158,-2.270585169106454,-1.3417021013890307,-3.2122590096424486,-0.8413298886826404,-2.620736997317985,-0.6563169246200817,-3.201363247116451,-5.419458750474282,-0.5931279265612988,-7.682522051468443,-3.861117322902563,0.0,-16.687795098289847,-3.564387616708675,-1.0748008408524856,-0.7892735729443379,-4.5677343685070815,-3.6336924206320287
2025-07-22,-3.8365039598006967,-2.2456474902102674,-2.6303592609012383,-1.6069299660092962,-3.4370628132969983,-1.0047556699987137,-2.9290122934267693,-0.7832640001038449,-3.1097416323980553,-5.427052590648962,-0.6866562322805914,-8.070082823018755,-3.975296127408867,0.0,-16.75910788197843,-3.8474281476645666,-1.2872892777030298,-0.8826173323681963,-4.543882865522242,-3.689605645702232
2025-07-23,-3.8143663305184594,-1.7199000701141665,-2.12604391342891,-1.2218802992930655,-3.0779334771031897,-0.7229111721508752,-2.4582827170834154,-0.7773623559830134,-1.6366675640560713,-5.192397098263402,-0.48233097543468606,-7.306703266487546,-3.366063111924178,0.0,-16.628130941001817,-3.424724201664564,-0.9531611581926502,-0.6786952419105319,-4.520025401302041,-3.6217515427398594
2025-07-24,-3.9488474543126206,-2.46131551844031,-2.8662484229957763,-1.7776018167552143,-3.8274750805349256,-1.2954914256659844,-3.194811327721747,-1.0175022979786896,-2.0431196164547805,-5.825918601987179,-0.5802647843944464,-8.006408717404344,-3.9707011358661837,0.0,-16.965221780867513,-4.145965572999721,-1.501922901311148,-0.7764358118128256,-4.496161974356594,-3.7756632466142914
2025-07-25,-4.184304723347376,-3.1555484212767215,-3.571496909950078,-2.3059348328373197,-4.440933816104287,-1.7623125121193128,-3.85029133225524,-1.46727888973327,-2.1127107463403294,-6.2788112606006035,-0.5782803931657865,-8.586025151587396,-4.833204996268425,0.0,-17.3297773137747,-4.796862053032602,-1.9958763321466955,-0.7744553361052287,-4.529438533715913,-4.0165541545657995
2025-07-28,-4.104288639169629,-3.532428475017746,-3.9434006502946928,-2.5791335866419574,-4.566931102694727,-1.8484473963068293,-4.163496520644216,-1.395076876632273,-3.3653672460530304,-6.38084198954415,-0.8256687671477358,-9.033775386446418,-5.431324717875419,0.0,-17.39197034586516,-5.083020964713159,-2.2126064049243443,-1.0213555732862645,-4.487691101409663,-3.961194245250399
2025-07-29,-4.0364424991899845,-2.9565117673968633,-3.3932646273777123,-2.156779426694566,-4.158986792291874,-1.5296412882089383,-3.6657115810273977,-1.341329469401542,-2.3971870061360145,-6.1667877736790055,-0.6148838491682684,-8.134312270976551,-4.8941297945568,0.0,-17.197550034148634,-4.6051396082585345,-1.8374787237233625,-0.8109865676388273,-4.463819593113083,-3.9029537667980008
2025-07-30,-4.022106829647942,-2.5200111514206536,-2.9382801250100066,-1.8127252417505901,-4.034858632905614,-1.4359870949171682,-3.329874540544464,-1.347394851294148,-1.9615030266985078,-6.22394384513163,-0.6885957631092232,-7.706821840367084,-4.764040644741419,0.0,-16.893666005974616,-4.2899075499106765,-1.5894414509376231,-0.8845530361925036,-4.439942118581131,-3.946651077208174
2025-07-31,-4.06084772722094,-2.609267003202098,-3.0065743952658597,-1.8843147187511344,-3.78184613186342,-1.2533936165944004,-3.3027316573688292,-1.1800558888856005,-2.6696266940206215,-5.619276423064134,-0.7771995210418714,-8.278457124638694,-5.0962495528386835,0.0,-16.836913896063677,-4.171580739991631,-1.5287710779947283,-0.9729819647495641,-4.416058676322788,-3.687632642024208
2025-08-01,-4.269018252425527,-3.0895790307889026,-3.5113262719986493,-2.3929170602757455,-3.953138063592898,-1.4275040974553788,-3.711435276677233,-1.1473883424512277,-3.4891246843602675,-5.618137182472093,-0.7999744640917572,-8.695718137402775,-5.8740753524826435,0.0,-17.384107498317604,-4.53683390954478,-1.9061236457663888,-0.9957119691967997,-4.392169264846501,-3.773379729530968
2025-08-04,-4.302403363540542,-2.611596153963247,-2.9941502501481088,-1.8636955462983384,-3.6340628367372396,-1.0979757133608103,-3.256265886193521,-1.2032907675827431,-3.432379925107931,-5.445447742451992,-0.6345104760516529,-8.499869583650154,-5.270971486954734,0.0,-17.435944922942483,-4.1171655287326026,-1.4651713590627002,-0.8305744680505045,-4.368273882660345,-3.9456904471364296
2025-08-05,-4.485883356623188,-2.9983334879080226,-3.3773092690038142,-2.2526529510853432,-4.090707023173579,-1.5643970735331303,-3.671994625267838,-1.2886079989582244,-3.622399716697766,-5.825537740181241,-0.6546337676657354,-8.519964089742905,-5.551445579848979,0.0,-17.662746680201213,-4.508289493393125,-1.8668226167713464,-0.8506580531940311,-4.344372528272045,-4.165329986044453
2025-08-06,-4.528047602545859,-3.2427192506801927,-3.651624096809669,-2.5305691945718634,-4.290042333061894,-1.7680259961881162,-3.9199758617629477,-1.2168938244337069,-3.5075206422000016,-5.966772106402274,-0.613720605993795,-8.605285265530615,-5.840166709681438,0.0,-17.754581652417155,-4.749195228461145,-2.1170932116183483,-0.8098256197290432,-4.320465200188961,-4.176207023922274
2025-08-07,-4.540443380365932,-3.2383582149351664,-3.634916504664787,-2.5133534820564907,-4.300234403752745,-1.7806313353589065,-3.8983659839154083,-1.2870867023905164,-3.4667627418078273,-5.912940523187116,-0.6030930528161838,-8.625721415066867,-5.756057410091319,0.0,-17.78449560700288,-4.742082853970519,-2.108388269482475,-0.799219036412413,-4.296551896918144,-4.256673688335411
2025-08-08,-4.681743608190791,-4.142856638463533,-4.513502763131205,-3.397746304776661,-5.137858114125871,-2.650377355113964,-4.733600156188322,-1.3784284926056656,-5.216297918803581,-6.5541175957911975,-1.0705493478865402,-9.472934660027853,-6.648256590430712,0.0,-18.18172019436308,-5.568085127864397,-2.9562310689042137,-1.2657529655010435,-4.27263261696611,-4.633492750078938
2025-08-11,-4.4273816517055975,-3.3323387548964467,-3.7070233676282816,-2.5917597593394515,-4.466892055793026,-1.9690299333367522,-3.958245768559887,-1.046868881042784,-4.767427433670324,-5.896714408636717,-0.9590743414617964,-8.401583669628398,-5.798587274809774,0.0,-17.897407857632764,-4.803843383859041,-2.1749948669648522,-1.1544979170805436,-4.24870735883921,-4.565786071355338
2025-08-12,-4.488581886862741,-3.7482882073568313,-4.105363385072847,-2.9946197817605436,-4.959884611740684,-2.475092919095223,-4.382125893994471,-1.2136401281443776,-5.4960192431842465,-6.522793544100336,-1.069766697383434,-8.842473368724168,-6.172749802757727,0.0,-17.970724341915435,-5.254126178103458,-2.6366512667253206,-1.264971859292452,-4.224776121043217,-4.679383751457921
2025-08-13,-4.407517139174411,-3.548889711845582,-3.916451703965229,-2.8051073648739044,-4.803447672855199,-2.3133581722710073,-4.2111882433873316,-1.1488718038274448,-4.956261814589091,-6.36148619150565,-1.0244191406285408,-8.54063846724783,-5.6671660264689505,0.0,-17.98011102165542,-5.0736780379760145,-2.452150481217241,-1.2197137805147307,-4.200838902083682,-4.618938142836604
2025-08-14,-4.486410633879689,-3.4524595277802717,-3.827894764035178,-2.713616375407679,-4.817571679844912,-2.326403388225251,-4.147741076477951,-1.0786065245926402,-4.526344513010361,-6.427020970262321,-1.07657639331169,-8.507188449228986,-5.6213732687331985,0.0,-18.03672693703885,-5.022532643836952,-2.399549070220075,-1.2717681186022678,-4.176895700465688,-4.554538713170409
2025-08-18,-4.270716892075576,-3.1407559286178666,-3.5610825713741634,-2.445228939109001,-4.368815363746825,-1.8657489331184607,-3.8528654443489296,-0.6842869727264222,-3.8165150131646453,-5.81296837765165,-0.6365288657277479,-7.9155114715319215,-4.6801334050399435,0.0,-18.08509544421676,-4.649780214130084,-2.021148968080022,-0.8325888751211985,-4.152946514694033,-4.230650865089103
2025-08-19,-4.335180984170062,-2.596652415010414,-3.0340888966878476,-1.9068633841026972,-3.7556112217553395,-1.2284902885495441,-3.3189030006089415,-0.4898653756278737,-3.727224071830615,-5.4136025444083025,-0.5621005130728829,-7.741614096200111,-4.282786375790238,0.0,-17.955064886360127,-4.1213357355224245,-1.4746774205811497,-0.7583073815016772,-4.128991343273036,-4.204960559020698
2025-08-20,-4.155012784155643,-1.9356892315015028,-2.328391339551894,-1.1814316086824483,-3.1879612022965853,-0.6481742638359989,-2.6698787161310467,-0.29925975430272755,-3.492813042736087,-4.654085486470072,-0.5961358542514672,-7.26643816786865,-4.0149522514881575,0.0,-17.7203845679649,-3.4071991229142617,-0.7307871951495848,-0.7922755655124125,-4.105030184706749,-4.008332647706636
2025-08-21,-4.210397474344063,-1.7929045211781847,-2.1892688388854054,-1.0442193018065815,-3.0922067751287363,-0.5516972226253913,-2.535633578027563,-0.30609070795551974,-3.2219307638147954,-4.719956618666021,-0.4848204310101578,-7.242662407607591,-3.887744326011433,0.0,-17.690895697365917,-3.3188252354778736,-0.6419806955454077,-0.6811797853922164,-4.166744132988187,-4.103824884236129
2025-08-22,-4.369252144420077,-2.6668933984081766,-3.076296323213379,-1.941732449122191,-4.034093294645579,-1.5142212674194577,-3.4587101043913493,-0.5872326476101586,-3.835643245738962,-5.786295221303739,-0.646093316384555,-7.914116254188174,-4.706378739470251,0.0,-18.348307430041466,-4.226958089586031,-1.5777314590059488,-0.8421344535882058,-4.64873935300486,-4.28806531995487
2025-08-25,-4.320040315997076,-2.1406170059125484,-2.4918616274852257,-1.3397932578672611,-3.6485963840068525,-1.1234317846146147,-2.91746321919395,-0.5663104612666059,-3.9335653323148034,-5.332075563608507,-0.6541121130772098,-7.786431281797379,-4.332216211522299,0.0,-18.38589889294027,-3.6983119760369165,-1.0231806726810233,-0.8501374279133445,-4.104524052981096,-4.293944567232488
2025-08-26,-4.398274027040294,-2.5866078390827107,-2.9149667952192093,-1.7586230373326628,-3.794940354354992,-1.273685101843236,-3.2723931509759385,-0.7278803849335214,-4.998492244128149,-5.079260735539726,-1.0214588841469863,-8.2007078409849,-5.311967193259037,0.0,-18.893591698474545,-3.9500122394802273,-1.2775470710348458,-1.2167593650923125,-4.2511898667837,-4.1645574556998906
2025-08-28,-4.963972684701313,-3.559214894662188,-3.8984125942198355,-2.7589329886505976,-4.823560650868686,-2.32856545862149,-4.276212924229372,-0.9945646499980643,-6.3245844766545485,-6.329994644111392,-1.1896560259767486,-8.94329332417284,-6.121022471254278,0.0,-19.13563634100849,-4.973845463489257,-2.3343329040309557,-1.384624627079012,-5.023182623029632,-4.363094573802407
2025-08-29,-5.352808418247735,-3.6683422001196675,-4.000944996514278,-2.939488721655048,-4.723033495273132,-2.274078061676499,-4.328582685614513,-0.8505925898304567,-6.4748110310366425,-6.073475135154494,-1.1649602357360234,-8.929793000744334,-6.4047594571658095,0.0,-19.053472824613337,-4.993907227944073,-2.426388493835274,-1.3599775655794621,-4.999444950784615,-4.322682622256735
2025-09-01,-5.142820609809218,-3.393274008896918,-3.7033070274584245,-2.7702042334165067,-4.528632224957818,-2.15528811975928,-4.076988294193107,-0.7569033853488949,-6.10151519436144,-6.019392837267679,-1.1546911108599511,-9.188104835459276,-5.645321107392176,0.0,-18.974587304576584,-4.757172097585338,-2.287716933073025,-1.3497287033280347,-4.975701345754113,-4.33698703796982
2025-09-02,-5.035043139793183,-3.5159128443311927,-3.8333878934263654,-2.8258150349039557,-4.619854091349174,-2.1927730216703467,-4.208777865422942,-0.7326952509353668,-6.814538759850464,-6.1317745032470565,-1.195228941405424,-8.410154125880975,-5.819474280340097,0.0,-19.106332782662626,-4.865815955716846,-2.333106863862777,-1.390186546254868,-4.951951806455302,-4.219535546595488
2025-09-03,-5.227612675901206,-3.287011351341673,-3.6149317013664084,-2.703889264841941,-4.374722643197126,-2.05435697843932,-3.9490799468275495,-0.5852013603071526,-6.488801848986803,-5.749926356549128,-1.118110665599048,-8.803125094947784,-5.300472230702735,0.0,-18.915553792961305,-4.626627341373435,-2.1973734732128714,-1.3132204371321343,-4.971375650582144,-4.240800748003249
2025-09-04,-5.311014299678918,-3.325479994773761,-3.6606554364839616,-2.7170021047545845,-4.266606274378515,-1.9884643004836167,-3.926729874332724,-0.6177100407565583,-6.223830509964568,-5.410089652596783,-1.1225269926969816,-8.761786419890704,-5.226712887633056,0.0,-19.03082871881141,-4.593686474164748,-2.171113060347729,-1.317628050110875,-5.0736462590251445,-4.212565523057387
2025-09-05,-5.683514223325781,-3.8242004467759383,-4.195964536371211,-2.981237897864919,-4.8613169042496125,-2.291689991523327,-4.473327069161758,-0.8602599861947335,-5.833208057088635,-6.189957215441599,-1.255570777546522,-9.707006225074943,-5.20104379807046,0.0,-19.34557597871892,-5.178113205911616,-2.465961633747127,-1.450409318309076,-5.652340256937782,-4.306667625941452
2025-09-08,-5.798711005611079,-4.0275448744502285,-4.417395086005682,-3.085469350097614,-5.0441646824366915,-2.3784069456811885,-4.666308587141399,-0.9149525149558468,-5.9105281976593265,-6.335359697208343,-1.311597612570381,-10.035028007686142,-5.077854619268695,0.0,-19.50752237763679,-5.3783951965121535,-2.561775866317162,-1.506325603432912,-5.795294315242416,-4.318156234889125
2025-09-09,-5.726741480458186,-3.390175988081745,-3.7422630541405044,-2.7207529627472082,-4.436775246946989,-2.043685765193326,-4.058324516486422,-0.8449798961709609,-5.794766573443799,-5.923463317726451,-1.2869322993396937,-9.450973906114314,-4.712126220748436,0.0,-19.550279094064294,-4.746195617450799,-2.2171019830215077,-1.4817089588073706,-5.694861576643262,-4.233440792342202
2025-09-10,-5.703179649539769,-2.8107570982842223,-3.117914322506732,-2.3829747277128943,-3.8935858390535483,-1.7406439769474868,-3.4665828128758958,-0.637066766116845,-5.817058470253245,-5.360868955315013,-1.2622608214770792,-9.416072458749303,-4.311718358370154,0.0,-19.20992626466709,-4.159328476592972,-1.8933256759237516,-1.4570861617137054,-5.696389496657095,-4.206578789523208
2025-09-11,-5.693268951744179,-2.749544822700767,-3.060151703388947,-2.3407550022331858,-3.806678358903959,-1.6855220718362984,-3.3781191497357366,-0.6564246564801812,-5.278816050054635,-5.165854334955644,-1.237583177441759,-9.970091484931498,-4.1875712660220055,0.0,-19.129998387724314,-4.094446331228019,-1.8462178804485307,-1.4324572106142242,-5.88312676515751,-4.274232483167628
2025-09-12,-5.576084417841754,-2.5875373002250734,-2.8690783558960598,-2.228057051030685,-3.7449926770504183,-1.6348895874297886,-3.223806952295083,-0.6780791917306517,-5.361536637662601,-5.354003507388727,-1.2286639352484863,-11.29261640656718,-3.77183678690195,0.0,-19.094414348585197,-4.000637823497466,-1.7816765071761886,-1.4235555675113365,-5.955270728701034,-4.414285340854763
2025-09-15,-5.658513695548539,-2.686320478621307,-2.98766281281867,-2.279514565169094,-3.8693648987334406,-1.690049381098424,-3.3342129037641888,-0.6262906116492828,-5.309308804952706,-5.488191236958773,-1.2184379818822921,-11.267965565325277,-3.9434978878894245,0.0,-19.20014857906127,-4.117594112763601,-1.8320926179783759,-1.4133497915854942,-6.143135868691829,-4.378843775056829
2025-09-16,-5.619718337003576,-2.033623165038556,-2.3201266523632302,-1.9222873071970459,-3.366570857818918,-1.4113418817981116,-2.725928023177493,-0.3007356771565828,-4.495720144536374,-5.08683105552733,-0.9886937856500189,-11.100924191775052,-3.2924983450435152,0.0,-19.218237350570753,-3.5281953668691024,-1.5057527112001257,-1.1840589173714444,-5.721864533378717,-4.292292829584343
2025-09-17,-5.5726033093403515,-1.6243942413482815,-1.89220670059288,-1.6884278308443412,-3.1833952166771873,-1.2975398022510132,-2.361659161609797,0.0,-4.49351671033048,-4.93891094213077,-0.9831700404370314,-11.435406901829415,-2.943241569300925,0.0,-19.32273792928375,-3.1881645874809017,-1.3118915983595603,-1.1785460713905849,-5.28303503993266,-3.93073732665683
2025-09-18,-5.488569060343496,-1.2836399933411569,-1.5532853970299354,-1.5003707690128487,-2.7866595702567443,-1.0779254640721603,-2.013365001165479,0.0,-4.083602127211905,-4.519069191148272,-0.8913939822061123,-10.91212152474249,-2.5855581478301692,0.0,-19.27924100365731,-2.8270199895184756,-1.111563435662466,-1.0869511019907296,-5.1087927244895415,-3.9428193794785793
2025-09-19,-5.343630626974328,-1.548514978387927,-1.8085188242430439,-1.621144948632336,-3.1654579108528758,-1.2660412155693135,-2.3102322333405034,-0.10561314880598305,-4.180389681078001,-4.910178940370191,-0.9800352126061007,-11.642318405890395,-2.955499869214484,0.0,-19.364807617279222,-3.120582567938135,-1.2524477201335427,-1.1754174290759978,-5.176234026755977,-3.8575804849916517
2025-09-22,-6.020583845649807,-2.4232822380580887,-2.7490625549980385,-2.1025800117395743,-4.000947491253282,-1.7012351584726693,-3.202715092041808,-0.1251979276576165,-4.429793851514951,-5.649459780302424,-0.9065753435752222,-11.286114806301251,-3.433311636358405,0.0,-20.021786007110244,-3.977894266593618,-1.698107519918457,-1.102102508107472,-6.129382454449028,-3.9993108658524235
2025-09-23,-5.955304593662825,-2.754617878457022,-3.057329140822196,-2.251010260256703,-4.532470345564532,-1.9634228694930478,-3.5604635593033063,-0.27748109266508836,-5.166703587737165,-6.253458160491943,-1.0880646706464714,-12.903671634062475,-3.5591799796101165,0.0,-20.186295019649968,-4.372972181849477,-1.8913800083805388,-1.2832337277297379,-6.2622735394777695,-3.7829462776404754
2025-09-24,-6.087617322456007,-3.025497824521728,-3.34307800054372,-2.3896593871494565,-4.851846486148492,-2.12024495335843,-3.8744269614925386,-0.24712656360574847,-5.693620555568835,-6.608895066080045,-0.9702996228494021,-12.10367279450335,-3.9906227441505737,0.0,-20.271649874316257,-4.650221079659245,-2.0260569276826956,-1.1657010491938458,-6.478073328847655,-3.8138911197241665
2025-09-25,-6.404218345142299,-3.5997938669425245,-3.9546216375304644,-2.6982540185329085,-5.425952610697326,-2.416496223038689,-4.471778663627801,-0.5700578884861751,-5.709899985317357,-7.200773742622846,-0.9602033219395345,-12.425032755382981,-4.6268719151224325,0.0,-20.473461639417835,-5.229159515095782,-2.323525007193916,-1.1556246698993466,-6.454699279217935,-3.908049707208916
2025-09-26,-6.303463531262876,-4.008970350821894,-4.372596966667119,-2.9094591074042553,-5.908507499424875,-2.6602780177779173,-4.891237799515736,-0.7031911809254665,-6.495614236884184,-7.726389938704859,-1.0627250828567858,-13.329539874082396,-5.531718547753616,0.0,-20.551157541950083,-5.6675817633112135,-2.5423467629778096,-1.2579441389966917,-6.431319387683388,-3.8183859709544854
2025-09-29,-6.370515291050305,-4.287002555289798,-4.5061272843968325,-2.967372924879963,-6.020664037859868,-2.7084949093993615,-4.990796865716563,-1.0250085515637775,-6.751485849395344,-7.6009702311530924,-1.1894436562421062,-13.825473788042641,-5.607580810405544,0.0,-20.70600307436696,-5.762053883638107,-2.5821085811665534,-1.384412676383806,-6.407933652783915,-3.8604263323916754
2025-10-01,-6.361061824134562,-4.405401811453025,-3.9880704030613834,-2.4409682588965365,-5.314662052031571,-1.977610879468994,-4.41771019434507,-1.073857319408289,-6.9016683431566195,-6.886363433824538,-1.1792936460619186,-13.832133725090678,-4.743853315291247,0.0,-20.733291800076646,-5.199564297376947,-2.000638465392257,-1.3742826937959474,-6.384542073059096,-3.8648720695341754
2025-10-03,-6.305547933056721,-4.177693707567142,-3.7662569562256443,-2.2155805889340963,-5.245021020918128,-1.9055154484498016,-4.244538441781454,-0.6659489539790453,-6.3601802871913975,-6.815797437623705,-0.9910961266461071,-13.402848316983729,-4.521597218051454,0.0,-20.79271858699109,-5.009408214557065,-1.8040657959719653,-1.186456518164758,-6.361144647048089,-3.6487939209790654
2025-10-06,-6.2258621892656185,-3.5346979334897055,-3.117271118168885,-1.5561372235075144,-4.808868521123689,-1.453991369038088,-3.6639527302987696,-0.3454771362474962,-5.723830117393391,-6.428720386476661,-0.9733218067182525,-13.14340209781637,-3.818190754050299,0.0,-20.53199567652143,-4.463379448832971,-1.2396119511779657,-1.1687172698109038,-6.379732749738675,-3.5448986708202845
2025-10-07,-6.32600263510259,-3.556888057916574,-3.139277702896681,-1.5784984145280956,-4.771430314070047,-1.4152337051872799,-3.642283129945323,-0.5361937889008073,-5.570760943723318,-6.41840465819098,-0.9485719478012911,-13.948147711408232,-3.700635481587067,0.0,-20.664776394882132,-4.47880535985562,-1.2555583908763102,-1.1440162463212555,-6.394656407624422,-3.6476820186483794
2025-10-08,-6.3903332005446405,-3.4048420487902242,-2.984628514236465,-1.4213572637505334,-4.725750473476076,-1.3679439430477003,-3.551963351040033,-0.3540916037242048,-5.78727978418212,-6.42921354536673,-0.9386087207601701,-14.49251464775988,-3.9390045840564603,0.0,-20.783842685550823,-4.38790365170485,-1.16158931473066,-1.1340726783194754,-6.497182974513926,-3.713787746820718
2025-10-09,-6.249011874583921,-2.8979716848226866,-2.4741985933563915,-0.9027024563552755,-4.313241792983725,-0.9408969759973407,-3.083307170580385,-0.1021636649155444,-5.668226159221101,-6.125773620732799,-0.953372679327269,-13.958358367515222,-3.4187365449059537,0.0,-20.48540708507135,-3.9296461661260995,-0.6878684855770256,-1.1488075052366709,-6.379873985105611,-3.5747388651855894
2025-10-10,-5.959859943211399,-2.5336032429758792,-2.1130497589751496,-0.535734197883897,-3.9661089847902287,-0.5815299616456104,-2.71835446565849,0.0,-4.708547616995295,-5.744168530912541,-0.9095064110692275,-12.932998911356986,-3.0215895443207907,0.0,-20.24150614752811,-3.55586780359487,-0.30147742511380526,-1.1050277921368923,-6.086479936505018,-3.292281548586684
2025-10-13,-5.991968827194838,-2.989393794184936,-2.573215912291549,-1.0033153052113053,-4.492179304035016,-1.126140887215843,-3.1665029418162627,-0.07982016377561241,-4.504499981997978,-6.2067018325874805,-0.8847406026923021,-13.41847502804374,-3.2440404059194683,0.0,-20.406652744219443,-4.024995209491866,-0.7864349668756043,-1.0803108506580728,-6.33557441835354,-3.3523239300351726
2025-10-14,-6.101753751922789,-3.316375835478169,-2.9024132074356612,-1.3378171686867502,-4.7416891578446645,-1.3844443638636905,-3.4757460780307725,-0.2764858470639675,-4.897738181087807,-6.506801793895278,-0.8746580376800095,-13.599884287911035,-3.5579630977640386,0.0,-20.55895177021464,-4.321425110959365,-1.0928675361805307,-1.0702481801580288,-6.312164753796656,-3.530645268367416
2025-10-15,-5.765109503278132,-2.6890433351496212,-2.2732058838414226,-0.6984710216823009,-4.172717942196746,-0.7954205603127096,-2.8438500339086903,0.0,-4.136849068185933,-5.851235872997296,-0.9542113422318477,-12.733208200529267,-2.8750743098781673,0.0,-20.34044530654584,-3.6936294405052417,-0.4438876615343146,-1.1496445133253097,-6.288749238433644,-3.1876144090848157
2025-10-16,-5.517818507198491,-1.8767455394076982,-1.4553534208513352,0.0,-3.199081751661237,0.0,-1.9766656118927362,0.0,-3.6674146915084083,-4.899548827901768,-0.9654482329727543,-11.96520465839187,-1.8711689129220277,0.0,-19.813624611566404,-2.82952634151058,0.0,-1.1608592318848365,-6.265327870802229,-3.116214411211793
2025-10-17,-5.247972917789456,-1.2424032403109964,-0.8209702415833076,0.0,-2.3059011804987373,0.0,-1.2368271550354137,0.0,-2.73607444030175,-3.8180631013239763,-0.9406964062038448,-11.27994248262919,-1.3934793589994054,0.0,-19.52609719524032,-2.071296384474175,0.0,-1.1361562444261342,-6.241900649439714,-2.9124370946765565
2025-10-20,-4.818949318718435,-0.4338569377894119,-0.022284239517522675,0.0,-1.8738268476089393,0.0,-0.5628159540229105,0.0,-1.3194742791200809,-3.5718577579805566,-0.9159383931805709,-10.5318533464696,-0.8822229169159534,0.0,-19.64382798458304,-1.4258997718816224,0.0,-1.1114470829195255,-6.218467572883091,-2.4122051292826074
2025-10-21,-4.844555955109431,-0.4193207485585826,-0.00898329059400016,0.0,-1.90294623729369,-0.02967545635303992,-0.5733296847053926,0.0,-1.2795704492788662,-3.6368468266142484,-0.8911741923567695,-10.519141143525612,-0.78461600936508,0.0,-19.711766137643604,-1.4321176334423202,-0.0063078045311359965,-1.0867317458219117,-6.1950286396689425,-2.3911259739101687
2025-10-23,-5.005063787487463,-0.02173162332738121,0.0,0.0,-1.6157734967300885,0.0,-0.26083572976991487,-0.04721581401589958,-1.5524026135789737,-3.402214153627603,-0.8664038021859333,-10.12960363380726,-0.6971668122239261,0.0,-19.345929487361303,-1.0960757737487503,0.0,-1.062010231589805,-6.171583848333528,-2.4307307798519306
2025-10-24,-5.3563543926864465,-0.3983270870203781,-0.3755655493463794,-0.3755655493463905,-2.0399908741197903,-0.43118433967216374,-0.6354293973192648,-0.06303190741996367,-1.9870736657732535,-4.066827719926513,-0.8416272211211662,-11.773913158250926,-1.0663201816872636,0.0,-19.531714447284,-1.5510105145919773,-0.4599764310691423,-1.0372825386794182,-6.14813319741272,-2.450347289954835
2025-10-27,-4.4383352841452,0.0,0.0,0.0,-1.1925854442976114,0.0,0.0,0.0,-0.20810569043017146,-3.2414989772260427,-0.8168444476151282,-10.994194669261969,-0.41085571372030394,0.0,-19.20547287463352,-0.6313768490461724,0.0,-1.0125486655464533,-6.124676685442032,-1.6435286392372794
2025-10-28,-4.3836731686347825,-0.0503890992408107,-0.05742248149738227,-0.05742248149737117,-1.4397386956209735,-0.25013634091602954,-0.10661361975271566,0.0,0.0,-3.5319284996856215,-0.7920554801202351,-10.766960966688421,-0.5253471929994924,0.0,-19.354183233318388,-0.7444907260949152,-0.11383258966658483,-0.9878086106463235,-6.101214310956548,-1.4239422303855553
2025-10-29,-4.001984744679232,0.0,0.0,0.0,-0.9691206185797885,0.0,0.0,0.0,0.0,-3.125744496830929,-0.7672603170883474,-10.52265025878869,-0.07392086377935314,0.0,-19.10788321654071,-0.30518933333398834,0.0,-0.9630623724339982,-6.077746072491119,-1.3993049955827508
2025-10-30,-4.651386155652181,-0.7312189066498997,-0.728951354748808,-0.728951354748808,-1.746529317854284,-0.7850164556049921,-0.7435946822502038,-0.16744079024613168,-0.976351001926179,-3.922795205684926,-0.7424589569709816,-10.969559409814755,-0.7491389322997755,0.0,-19.49114666212498,-1.0534218433568054,-0.7505230262431328,-0.9383099493640246,-6.054271968580094,-1.37466160316565
2025-10-31,-4.649192892512866,-0.8703566789593609,-0.870322314946792,-0.870322314946792,-1.9847296880163512,-1.0255478652521077,-0.9174939879472821,-0.14464267381454343,-1.3763248876880296,-4.153175314151136,-0.7176513982192767,-10.936703371744628,-1.346496202885905,0.0,-19.58751395988041,-1.2241667336940765,-0.9217906069682424,-0.9135513398906059,-6.0307919977575235,-1.3500120515952951
2025-11-03,-4.764056607854927,-0.9931792527907102,-1.0035585735582941,-1.0035585735583052,-2.1761914130328686,-1.2188832432801222,-1.057099720343857,-0.24276816999947437,-0.6849790002158573,-4.332960204353265,-0.7222551239862374,-10.620031651361616,-1.1882876159730382,0.0,-19.51173429126598,-1.3630172191419154,-1.061066146506684,-0.9181459817708459,-6.007306158557146,-1.3253563393324064
2025-11-04,-5.004027962256707,-1.4396432351031607,-1.4670591538074262,-1.4670591538074373,-2.685548479194777,-1.733224900491992,-1.5280056739287118,-0.6700378815004515,-0.028166426449605098,-4.739244204290316,-0.9063155178573035,-10.49403945365498,-1.823803719027628,0.0,-20.131666036913455,-1.8185546484817072,-1.5179980833784135,-1.101843195067198,-5.983814449512215,-1.3006944648371155
2025-11-06,-5.016127717641639,-1.5771931324934485,-1.6099870961098661,-1.6099870961098661,-2.866358557010751,-1.9158043938231284,-1.6867526985602677,-0.6288297521726771,-0.4224625694489892,-5.027101194583539,-0.9510864870249991,-10.570103601219639,-2.161128097686371,0.0,-20.37875723886744,-1.9997458892459186,-1.699743993273406,-1.1465258239571674,-5.96031686915568,-1.2760264265693433
2025-11-07,-5.563210158810216,-2.1814336108913257,-2.186491716946126,-2.1864917169461373,-3.395493316427489,-2.450117289681364,-2.237276787174969,-0.8274198683602907,-2.358972027204187,-5.59978367627002,-1.0675659650317804,-11.545108943319848,-2.2278573634164522,0.0,-20.969566061740274,-2.5658481113965625,-2.2675791878688734,-1.2627754693374071,-5.936813416020104,-1.2513522229885887
2025-11-10,-5.2260006308121,-1.5496997813501445,-1.5567705356343997,-1.5567705356343997,-2.887515874457236,-1.9371687577252383,-1.6716813386397078,-0.4059880445770214,-2.000349865851636,-5.315258445096871,-0.9633921355844399,-11.223285724396181,-1.9131705960100942,0.0,-20.765375573879354,-2.01941903102294,-1.7194773591782675,-1.1588071915052511,-5.913304088637716,-1.2266718525539066
2025-11-11,-5.055771324006352,-0.8699626695623297,-0.8743133057489416,-0.8743133057489305,-2.2386419648153244,-1.281944938957802,-1.0063948954657564,-0.04099670353208129,-1.2640034846410186,-4.697134552594273,-0.5982911067490049,-10.708786788548341,-1.4506277164595294,0.0,-20.509524313028727,-1.3515138269373117,-1.0495275397049197,-0.7944265653522686,-5.959067149530261,-1.20198531372403
2025-11-12,-4.749854207946235,-0.1580794096099014,-0.16721113725223224,-0.16721113725224335,-1.6760093034356438,-0.7138063291685315,-0.3630012546976591,0.0,-0.6013422134758528,-4.2869443623446575,-0.4465150186607536,-10.154864402257491,-0.7569969250872388,0.0,-20.391361155851783,-0.7350984344432598,-0.4312251542828105,-0.6429499557435547,-5.429476874096939,-1.1772926049572918
2025-11-13,-4.846279387022001,-0.07000014137918953,-0.07858092688953766,-0.07858092688954876,-1.6140484632330754,-0.6512391374101645,-0.26605944090982714,-0.02727411799081647,-0.2623389006664256,-4.301657051951824,-0.38235540634289356,-9.917325962326673,-0.7441499683374375,0.0,-20.392336891886874,-0.6678474128319345,-0.3637682614298976,-0.5789169405951755,-5.399625023302468,-1.1525937247116147
2025-11-14,-4.874544287010407,0.0,-0.010453767004214853,-0.010453767004225956,-1.4756870644876074,-0.5115237278230489,-0.14838302942061787,0.0,0.0,-3.941977016678544,-0.3306552784548833,-9.32916182679856,-0.6256358559535213,0.0,-20.256767888033835,-0.5346291796419322,-0.23014221580207606,-0.5273188253224759,-5.40810439811108,-1.1278886714445768
2025-11-17,-4.801748569728337,0.0,0.0,0.0,-1.266211830306796,-0.29999855962373756,0.0,0.0,0.0,-3.7353127609761616,-0.25372531150273936,-8.908173103300888,-0.229065657508154,0.0,-20.318393392610755,-0.2881603856485726,0.0,-0.45054065349054984,-5.185698063853139,-1.1031774436133124
2025-11-18,-4.953693992033337,-0.2597902365012006,-0.27397470409199487,-0.27397470409199487,-1.5326817051334318,-0.5690761205735195,-0.26400635604869604,-0.30702624381589994,0.0,-3.9566985621231288,-0.42440742057596736,-8.87754059471969,-0.6256358559535435,0.0,-20.322934122157132,-0.5578817289836002,-0.27050081953979843,-0.6208859794831656,-5.303454949664854,-1.1819451735463282
2025-11-19,-4.4385697662710495,0.0,0.0,0.0,-0.766894507953364,0.0,0.0,0.0,0.0,-3.3364810500627895,-0.06751356086277527,-8.192021726437504,-0.07871506338276157,0.0,-20.291991290628765,0.0,0.0,-0.2646963283960524,-4.536345907458916,-0.5205352417275155
2025-11-20,-4.276464249826439,0.0,0.0,0.0,-0.4211398653855225,0.0,0.0,0.0,0.0,-3.0986804797774825,0.0,-7.922755570634377,0.0,0.0,-20.163884552804923,0.0,0.0,-0.14766546349537224,-4.352919567053126,-0.4956722173100059
2025-11-21,-4.217406450772643,-0.16929751064458376,-0.17243244457776363,-0.17243244457774143,-0.5832011872858534,-0.16274671318916578,-0.19792492196424316,-0.01449499137354815,-0.42415990259031533,-3.3052281575341347,-0.09936653014084307,-8.293066317706533,-0.47342428227802325,0.0,-20.285095729330017,-0.17219893464700542,-0.17219893464699432,-0.24688526358891405,-4.698234193737472,-0.470802978846363
2025-11-24,-4.348619384971109,-0.4864806957045609,-0.4889087741198783,-0.4889087741198672,-0.9409207870590519,-0.5219791841068244,-0.5280071290853616,-0.2008190276254207,-0.6932571343189586,-3.6625377419901017,-0.08910464459006562,-8.600078269048373,-0.8882447113172875,0.0,-20.393687931613748,-0.5048504957803623,-0.5048504957803401,-0.23663853129900492,-4.674415306733682,-0.44592752478350706
2025-11-25,-4.573435381054114,-0.7599409448416417,-0.7759340572774276,-0.7759340572774165,-1.3258426467274709,-0.9085289589767842,-0.8335653568990464,-0.5396935985099494,-0.35271993022002457,-4.047370184897392,-0.17290089319969004,-8.146572023840948,-1.1734416792483104,0.0,-20.590627154423768,-0.8137213105499419,-0.8137213105499197,-0.3203110417897337,-4.650590466646309,-0.42104585356795843
2025-11-26,-3.9393677080454714,0.0,0.0,0.0,-0.5250874787941839,-0.10438722964709601,0.0,0.0,-0.5156527293546431,-3.4885875607330585,-0.16258100105364104,-7.727211314394955,0.0,0.0,-20.463549580549945,-0.022914236800020138,-0.022914236799997934,-0.31000638856025775,-4.626759671987468,-0.396157963645849
2025-11-27,-3.943958020307059,0.0,0.0,0.0,-0.24812085184529042,0.0,0.0,0.0,-0.8883753873594191,-3.186847291246342,-0.10037161635582104,-8.146389474906213,0.0,0.0,-20.60854220764763,0.0,0.0,-0.24788886563869017,-4.716222446837182,-0.4751657904984663
2025-11-28,-4.067225731252389,-0.03022908030104743,-0.030338904607263295,-0.030338904607263295,-0.26990965359950936,-0.021842998788879076,-0.022579944525202844,-0.049819870442302516,-1.0952634505120296,-3.184889272337843,-0.07540357992897873,-8.112344411635686,-0.048069035837339236,0.0,-20.54361535116602,-0.015421620980138329,-0.015421620980138329,-0.2229576983785564,-4.806190122067178,-0.5271564674957929
2025-12-01,-4.157351164338041,-0.19286937387613667,-0.18881792316023382,-0.18881792316022272,-0.42087175342631067,-0.17318059875789382,-0.19162046903000718,-0.09322168082338544,-1.5880773049928298,-3.408412491448265,-0.06571555347310021,-8.380725267493204,-0.1518212666295149,0.0,-20.614165505437498,-0.18525965715091575,-0.18525965715092685,-0.21328397779183383,-4.969837896847073,-0.6963695180118301
2025-12-02,-4.525563285515388,-0.6972888898316154,-0.6957982960971276,-0.6957982960971387,-0.9724213977478136,-0.7261021567591452,-0.7319566501516883,-0.44879198221446925,-1.7896862675480851,-3.8366526225272035,0.0,-8.956094273404192,-0.6994000012814583,0.0,-20.797806051788758,-0.6766259959032905,-0.6766259959033127,-0.13580065855595125,-5.428812842739072,-1.1058439590371005
2025-12-03,-4.3131399691932355,-0.7567103064733516,-0.7349464169792874,-0.7349464169792985,-0.9259955568654665,-0.6795608371581441,-0.7490502167563751,-0.24326691261462585,-2.4678404624008388,-3.8893620487873704,0.0,-9.600259495955543,-0.8756282985066366,0.0,-20.88930760003499,-0.7468733610028422,-0.7468733610028533,-0.09863776039487071,-5.411449476730179,-1.1046579273848445
2025-12-04,-4.103048724010206,-0.4075569769364962,-0.37949759478249634,-0.37949759478250744,-0.6005108660503411,-0.35326654215874775,-0.4337454728663648,-0.023815888714306954,-2.231547113947252,-3.5747483889696174,0.0,-9.53940347440133,-0.693484499971031,0.0,-20.835370539252462,-0.40950181341404823,-0.40950181341407044,-0.05436528982770694,-5.178293531226275,-0.8836276967820744
2025-12-05,-4.284640672828566,-0.1275092168159131,-0.140611472581198,-0.1406114725812091,-0.6930545724318282,-0.44604043992567677,-0.24778765757250687,0.0,-1.4320904586562877,-3.8165016588255773,0.0,-8.450327378886612,-0.1110087777397406,0.0,-21.056084380923313,-0.3648342229422452,-0.3648342229422785,0.0,-5.375188793949048,-0.6517808173152839
2025-12-08,-4.43358563756221,-0.7030836630789628,-0.7155898423263363,-0.7155898423263474,-1.2161349507671004,-0.9704219180514007,-0.8097375348981362,-0.14100001955711372,-2.2589118128796715,-4.452840134297964,-0.42672199246310827,-9.18399051089046,-0.972705102127347,0.0,-21.32052612962991,-0.9601287050633012,-0.9601287050633234,-0.42672199246310827,-5.557798960387195,-0.7144346282513814
2025-12-09,-4.726844463752666,-1.1207506570358738,-1.1431149950275832,-1.1431149950275943,-1.6877732189517713,-1.4432333299388755,-1.2444537665450173,-0.5337574268263867,-2.3322842147976197,-4.82690999481552,-0.49318949441857773,-9.342161783488557,-1.4338832464807716,0.0,-21.580241358149944,-1.3757104999292058,-1.375710499929217,-0.49318949441861104,-5.982518095244915,-1.1042130351244572
2025-12-10,-5.002498428140734,-1.4642286703370866,-1.4913759576424157,-1.4913759576424157,-1.9648756953218438,-1.7210250655296355,-1.5691288460921715,-0.787908162250972,-2.8583179136743686,-5.117781540433109,-0.7716516780165161,-9.550974736720663,-1.745341095702846,0.0,-21.85512208697167,-1.6984752566321593,-1.6984752566322037,-0.7716516780165494,-6.251734674466447,-1.38369206061294
2025-12-11,-4.835960958655727,-1.2288102794632327,-1.2570931564880539,-1.257093156488076,-1.749023234498781,-1.5046356975634834,-1.3424590418669058,-0.524868160581482,-2.8381995441621566,-4.979693253682848,-0.6759339997459812,-9.260758825655413,-1.2092059504876906,0.0,-21.74109081168917,-1.4881551338799759,-1.4881551338800092,-0.6759339997460034,-6.174922503008517,-1.2749095401148547
2025-12-12,-4.72412932458901,-0.9133351361301889,-0.9637087717315751,-0.9637087717316084,-1.7343801344512189,-1.4899561745583934,-1.1214105102650418,-0.12161677058093456,-2.054606886779864,-5.146351693993234,-0.35033299319644495,-8.615977111716933,-0.6431356865505444,0.0,-21.82394605206468,-1.333914783065382,-1.3339147830654152,-0.35033299319648936,-6.207599339289205,-1.1949564243416866
2025-12-15,-4.677130948987241,-0.6928269602929027,-0.7324016813050171,-0.7324016813050394,-1.47102297032643,-1.225943941030816,-0.8974764782274325,-0.0397422933618663,-2.3400407062766027,-4.856976344804287,-0.3817615649231998,-8.523401890596071,-0.7180852371586943,0.0,-21.891686443908398,-1.0750280091407438,-1.0750280091407882,-0.3817615649232442,-6.178410349114594,-1.1657581720867394
2025-12-16,-4.850807579503924,-1.0037075849371302,-1.046620008787269,-1.0466200087872912,-1.7494563394206963,-1.5050698797820394,-1.193983875769511,-0.3690404202285613,-1.941127247342611,-5.0394896841444385,-0.30307271775665834,-8.83727018438204,-1.3558790919213748,0.0,-22.176231479948083,-1.35590569029298,-1.3559056902930355,-0.30307271775671385,-6.5000673707307115,-1.501825713631677
2025-12-17,-4.8441127209816415,-0.960836974346968,-1.0249091122141896,-1.0249091122142229,-1.9210650423978959,-1.6771054388538986,-1.2330345138540588,-0.4431141788128645,-1.606999841756851,-5.17151321504512,-0.36936275955974374,-8.41538821230452,-1.5143683354688187,0.0,-22.365223198785223,-1.3921305744892254,-1.392130574489281,-0.36936275955981035,-6.399282610938172,-1.3972680756218825
2025-12-18,-4.620663320854812,-0.776274616275241,-0.8346198198906363,-0.8346198198906474,-1.7801782579798697,-1.5358682154339998,-1.0720249177512242,-0.17417896624152274,-1.9830384350969954,-5.0597493606613035,-0.48340869811807075,-8.505301222247253,-1.525811924905618,0.0,-22.56043286732573,-1.253659314602329,-1.2536593146023733,-0.48340869811812626,-6.148113905568975,-1.1436354725152031
2025-12-19,-4.42815130392753,-0.2844044779297783,-0.34978890657841877,-0.3497889065784521,-1.3629874976013534,-1.1176397430070262,-0.6212919199929723,0.0,-1.5106103434784135,-4.8058377960520815,-0.44888261885777103,-7.881625040415408,-0.9503915927763007,0.0,-22.43074044496143,-0.8103569714318026,-0.8103569714318581,-0.44888261885783765,-5.944316705947417,-0.9242662643846988
2025-12-22,-3.9888118522907745,0.0,0.0,0.0,-0.5743206810978063,-0.32701121225806595,0.0,0.0,-0.4397622505948662,-4.24807368334651,-0.20535869716425958,-7.3420865221165865,-0.16459845144990437,0.0,-22.405285802673202,0.0,0.0,-0.205358697164304,-5.586920263024242,-0.5556696374010017
2025-12-23,-4.058835556408969,-0.19431152179542055,-0.17762654935796762,-0.17762654935796762,-0.4929169042847237,-0.24540495330008794,-0.08341962668615421,-0.049680903220128414,-0.9391073944593376,-4.0355470665806354,-0.3182451253190055,-7.711260879211501,-0.14647943484165094,0.0,-22.373567260103442,-0.06442811106022184,-0.06442811106022184,-0.3182451253190388,-5.8542122176095335,-0.8198634275281114
2025-12-24,-4.120107303675214,-0.43004132839711273,-0.41392564918815156,-0.41392564918814045,-0.7522554968813266,-0.5053886195841351,-0.3189491699493563,-0.11989805569331269,-1.0975761965063224,-4.245416263856761,-0.3076382152445989,-7.962697897538895,-0.2801816848629346,0.0,-22.489624962713386,-0.31218292771070244,-0.31218292771070244,-0.3076382152446433,-5.99071360759581,-0.9411635276409536
2025-12-26,-4.282606372197984,-0.8827366024107275,-0.8725472294877412,-0.8725472294877412,-1.2071825558513272,-0.9614472551255693,-0.7807504688152389,-0.3451382170355899,-1.6257969708869613,-4.739357502272212,-0.3487070444959883,-8.259986001866926,-0.6608672899747425,0.0,-22.58692149121422,-0.7661210692380016,-0.7661210692380127,-0.34870704449603274,-6.36381584246124,-1.2691364355719381
2025-12-29,-4.49071316826577,-1.3472158378280308,-1.3313214675314322,-1.3313214675314322,-1.5981842762250675,-1.353421545447464,-1.2119590959641435,-0.6068450026732619,-2.30372704148033,-5.033921749643266,-0.390242123262885,-8.707457444393674,-1.0430876473157435,0.0,-22.89784189812527,-1.1785594521499854,-1.1785594521499965,-0.3902421232629405,-6.797442965247836,-1.6797989660104262
2025-12-30,-4.540906027544667,-1.4072586542810184,-1.4009472408183954,-1.4009472408183954,-1.7297986682878408,-1.4853633125467058,-1.2690377069773717,-0.6075634356839998,-1.777962168330649,-4.9972625652673575,-0.19386635190302703,-8.477602844721755,-1.055484869205614,0.0,-22.88282014031188,-1.2298245463931545,-1.2298245463931656,-0.19386635190307144,-6.990629927251235,-1.7688806951608682
2025-12-31,-4.339422720797048,-1.0127328116065315,-1.019649535922218,-1.0196495359222069,-1.3485233100650307,-1.1031395775366382,-0.8761035719059396,-0.4346281833846999,-1.2147529782457145,-4.689359294004369,0.0,-7.8273368497830065,-0.3278633075162629,0.0,-22.758408606087542,-0.8258620114973247,-0.8258620114973247,0.0,-6.967383981519671,-1.8688012351746885
2026-01-01,-5.052368546913022,-1.5271560493804959,-1.6018100103259991,-1.6018100103260102,-2.3834278981138324,-2.140618366795055,-1.733564006294408,-0.1926073146552687,-0.9502912048406364,-6.291009865682041,0.0,-7.3036728407167235,-0.2632025570462604,0.0,-23.473878457327714,-1.7257178070305024,-1.7257178070305135,0.0,-6.9441322259004234,-1.563048945688006
2026-01-02,-4.778592520105529,-1.0914644113765637,-1.1810151209495245,-1.1810151209495134,-2.0892108851973124,-1.8456695242980325,-1.3758263487350098,0.0,-0.30219322102648105,-6.148739232133349,0.0,-6.60021009148627,0.0,0.0,-23.199510876912676,-1.3871840596611063,-1.3871840596611174,0.0,-6.9208746589414005,-1.285672715733166
2026-01-05,-4.911638191575085,-1.4818053897700856,-1.5426713127224656,-1.5426713127224767,-2.334171491174686,-2.0912394404432266,-1.69064733074622,-0.1753655990629821,-0.4400830946426071,-6.0950706787877955,-0.10505277080372633,-7.2642734028444345,-0.29720587604737947,0.0,-23.135761306507607,-1.6135967087382186,-1.6135967087382297,-0.10505277080371522,-6.8976112791902295,-1.548767280632124
2026-01-06,-5.109489108153131,-1.573548281724313,-1.5935838809665426,-1.5935838809665537,-2.4015557668850884,-2.1587913264686565,-1.746603700453997,-0.4922641160368335,-1.381139896640371,-5.629188578847688,-0.11069323574116607,-7.726413051011416,-0.5691599349505694,0.0,-23.017449786414414,-1.571169334595246,-1.5711693345952793,-0.11069323574116607,-6.874342085194063,-1.7090589972010628
2026-01-07,-5.205245447699303,-1.6241042042677512,-1.6489359038909024,-1.6489359038909024,-2.6277254915262893,-2.385523621210983,-1.867259254322351,-0.375115728971942,-2.1965479133145283,-6.030486985229944,0.0,-7.663270115278376,-0.713297069824792,0.0,-23.040530970806472,-1.7378495410840578,-1.737849541084091,0.0,-6.851067075499762,-1.9381959354127343
2026-01-08,-5.850936093893388,-2.837313708769873,-2.8329343895083348,-2.8329343895083348,-3.608662966448295,-3.3689010606124836,-2.9226059660566905,-0.8467794472423518,-3.4308265361951196,-6.600442289041153,-0.14951826582048078,-9.321284545391805,-1.715632491996777,0.0,-23.685063319722033,-2.7607529599656178,-2.76075295996564,-0.14951826582049188,-6.827786248653767,-2.6158457863193263
2026-01-09,-6.080231141798976,-3.379860401080248,-3.401792094123657,-3.401792094123657,-4.253411181198974,-4.015253009324238,-3.542724380894491,-0.7847152072084862,-4.03390420219324,-7.401814501770321,-0.15386161944169752,-9.48710097089418,-2.450761552965963,0.0,-24.055005235790674,-3.405293768530393,-3.405293768530393,-0.15386161944169752,-6.804499603202219,-2.6105554670303843
2026-01-12,-5.736141085419333,-2.928469523349664,-2.9398855323687023,-2.9398855323687023,-3.698003147942064,-3.458463465107231,-3.0432272388810855,-0.6184519945464761,-3.15591848627218,-6.656871152460441,-0.1493561629926865,-9.122061467808862,-2.0445515050275587,0.0,-23.911733464721998,-2.8622405910047055,-2.8622405910047166,-0.1493561629926754,-6.781207137690881,-2.4393462613652384
2026-01-13,-5.4828109662542035,-3.2761315740086228,-3.2801471903337154,-3.2801471903337043,-3.9297483980688663,-3.690785153787013,-3.3072267946341993,-0.7235294268239434,-3.678590187301911,-6.5057236201304995,-0.02479759538630555,-9.590935164302984,-2.264651803108797,0.0,-23.959678490146107,-3.1362689780736197,-3.136268978073631,-0.02479759538630555,-6.757908850665128,-2.2962001410066657
2026-01-14,-5.709212728090829,-3.9127732884938315,-3.9469440692649904,-3.946944069264968,-4.5745428035554925,-4.337183408128631,-4.0007834060280185,-1.0102595101924128,-3.6747066124731,-7.367050334466551,-0.2415910722129322,-9.95162055390204,-2.517993403370755,0.0,-24.157038492940753,-3.852084127065103,-3.852084127065114,-0.24159107221290999,-6.734604740669958,-2.4158317218282432
2026-01-15,-5.692662826146533,-3.912597125462347,-3.946887713407199,-3.946887713407188,-4.574441144689723,-4.3370814963985875,-4.000629502489206,-0.9924993737992271,-3.674690469689379,-7.366990041547594,-0.2335242637445445,-9.951580588991538,-2.7706783121939527,0.0,-24.193672024122538,-3.8520519567104783,-3.8520519567104783,-0.2335242637445223,-6.711294806250057,-2.413496673051485
2026-01-16,-5.552004025962532,-3.113610776885445,-3.189647704622822,-3.189647704622811,-4.112520398009057,-3.8740117771859817,-3.4125635038110724,-0.8256258420322071,-3.4063978467107514,-7.158426310756861,0.0,-8.586372565129196,-2.6617643167654803,0.0,-23.99855816041483,-3.2903905694812163,-3.2903905694812274,0.0,-6.68797904594971,-2.302215274692354
2026-01-19,-5.6015744506764715,-3.589689274665653,-3.629073767909452,-3.62907376790943,-4.493013027514792,-4.255450836535035,-3.831235870407268,-1.1272895069568745,-4.458808245314749,-7.146331670092421,-0.17908908016509573,-9.446594505064553,-3.0741206944301713,0.0,-23.834127288641692,-3.5805897644915485,-3.5805897644915485,-0.17908908016512903,-6.664657458312851,-2.5523925778006107
2026-01-20,-5.89784687616649,-4.584744834893106,-4.631647435799014,-4.631647435799014,-5.4095882016299335,-5.174305881615259,-4.79092031627828,-1.3242471253395283,-5.144093951125129,-7.994655174512044,-0.3578878134169683,-10.430630467625491,-4.4113951426475895,0.0,-24.20023690131432,-4.565728401327929,-4.565728401327918,-0.3578878134170016,-6.641330041883076,-2.9392412760901654
2026-01-21,-6.216210419524826,-5.028125269268058,-5.098183137051782,-5.098183137051782,-5.926174648476479,-5.692177275375476,-5.299862444217074,-1.4240055041849442,-5.185788040547679,-8.597852497404734,-0.4916590821043676,-10.555135618382216,-4.695518608982729,0.0,-24.528453948903017,-5.079659045051022,-5.079659045051022,-0.4916590821044009,-6.617996795203506,-3.0555583352785187
2026-01-22,-5.855731540140052,-4.5405174809482585,-4.618251757483682,-4.618251757483682,-5.449610974757347,-5.214428206597221,-4.8498086623862235,-1.3170248540287255,-4.552211693063102,-8.084960331720303,-0.4667888406329368,-9.93918392681914,-4.193944503269364,0.0,-24.45754189334227,-4.600471014351992,-4.600471014351992,-0.4667888406329812,-6.594657716817021,-3.0313288922863557
2026-01-23,-5.930433363881205,-4.979733595051295,-5.034053254308713,-5.034053254308701,-5.933211091701307,-5.69923122091005,-5.262284809433226,-1.2578848231406314,-5.728861330692969,-8.378670708070457,-0.456376394249014,-10.579504842634202,-5.1078749866474205,0.0,-24.726110427849967,-4.98002782178939,-4.980027821789379,-0.4563763942490473,-6.571312805266116,-3.0070933935998023
2026-01-27,-5.6173536591923146,-4.570345178634794,-4.636171614258366,-4.636171614258345,-5.534818520735529,-5.299847696140492,-4.874125310218913,-1.263421142711152,-5.3609668538586615,-8.063072518697068,-0.44762794630363034,-10.069139277312045,-4.627706328541025,0.0,-24.692702917212863,-4.627633356362459,-4.627633356362448,-0.44762794630369696,-6.547962059092882,-2.9828518377054247
2026-01-28,-5.66894904773434,-4.3062079000588565,-4.378101783860123,-4.378101783860111,-5.200916976422976,-4.965115611728699,-4.563104464899704,-1.2032378141232036,-5.059953928554117,-7.75945952249587,-0.296786783943781,-9.757876654604624,-3.993733647134945,0.0,-24.674398038114788,-4.375695816132041,-4.375695816132041,-0.2967867839438587,-6.524605476839074,-2.9586042230893006
2026-01-29,-5.756139731720511,-4.1630967796423946,-4.241037290271454,-4.241037290271454,-5.0983406448784185,-4.862284133845252,-4.464583184435844,-1.4540163972639464,-4.877438305590854,-7.9613190444341,-0.4587271150706007,-9.61446049893837,-3.7052521411729322,0.0,-24.90972991430741,-4.314182425815128,-4.3141824258151384,-0.4587271150706673,-6.501243057046069,-2.9343505482371635
2026-01-30,-5.68074401462445,-4.293674490906863,-4.383428590187921,-4.383428590187921,-5.168180845352632,-4.932298053453222,-4.591435993894022,-1.4167311655404968,-4.622417474608909,-7.931172998343062,-0.4600694363166902,-9.797146875409934,-4.077453882071969,0.0,-25.190832411188392,-4.393241749010923,-4.393241749010945,-0.4600694363167568,-6.506269530746655,-2.9100908116343804
2026-02-02,-6.2517899718471215,-5.070450492454992,-5.12244722667996,-5.12244722667996,-5.813336332614439,-5.579058287717653,-5.367365941981738,-1.3189530648012315,-7.711811782136291,-8.958962956318949,-0.4970753150168261,-11.346978181988609,-4.957289549489763,0.0,-25.858940666837192,-5.21512065316082,-5.21512065316082,-0.4970753150168927,-6.987974540332321,-2.88582501176593
2026-02-03,-5.704611330165821,-3.047618824027043,-3.1479640187993985,-3.1479640187994096,-3.8792701132596696,-3.640181310290269,-3.4009712678711113,-1.0850419736896932,-4.96843330404605,-7.309711717406186,-0.3075193322005565,-9.226687270956191,-2.5359878895719667,0.0,-25.59985987239236,-3.3263540817412895,-3.3263540817412895,-0.3075193322006231,-6.279619021177041,-2.8615531471163913
2026-02-04,-5.641206486883032,-3.8452064588261115,-3.8345773561391683,-3.834577356139157,-4.244282818259093,-4.006101940674888,-3.90066974686315,-1.745062573881584,-4.401185391658602,-7.367564358436418,-1.7319773805263394,-12.727073478591377,-2.352447089938947,0.0,-26.5190372078707,-3.752457680448784,-3.7524576804488063,-1.731977380526406,-6.917584370995078,-2.837275216170043
2026-02-05,-5.563927183712947,-4.486398613352282,-4.503793822731161,-4.503793822731151,-4.9220270713075,-4.685532001377601,-4.545800146011225,-1.8269028891693462,-4.405837811985003,-7.919690049640349,-1.9891834132442332,-12.947733055478805,-2.8570474065307105,0.0,-26.5088979423039,-4.417332807970864,-4.417332807970875,-1.9891834132442998,-7.240247605239658,-2.8129912174106653
2026-02-06,-5.6189344853764585,-3.9140506258512175,-3.7962208490629923,-3.7962208490629923,-4.155068432974307,-3.91666564529215,-3.8108009748229033,-1.5315364064184434,-4.492136699538419,-6.81144129706971,-1.7075615313995707,-13.695640144110666,-2.6642281999501582,0.0,-26.31096113143101,-3.506776659234856,-3.506776659234878,-1.7075615313996484,-7.04508465232524,-2.7887011493217484
2026-02-09,-4.779486941863231,-3.055359810859226,-3.0932385892685876,-3.0932385892685654,-3.7047973466292294,-3.4652745635498916,-3.085749150741801,-1.4670351218390554,0.0,-5.908733673060884,-1.7638557908677632,-11.297827247353842,-2.00657116396753,0.0,-26.197520723193467,-2.800235812472318,-2.8002358124723292,-1.7638557908678298,-6.321062720601544,-2.808444011829647
2026-02-10,-4.709571938776779,-2.9147080563028838,-2.946759003229704,-2.946759003229682,-3.613969071340173,-3.3742203638047807,-2.963281136643725,-1.3720063988368225,-0.352707135606134,-5.875073090708039,-1.7530295918248173,-11.1030917286424,-1.7495356145660557,0.0,-26.225794481360953,-2.678852872635684,-2.6788528726357064,-1.7530295918248506,-6.304872665959804,-2.712089017699093
2026-02-11,-4.655975320496008,-2.9226553100197283,-3.018766492275171,-3.018766492275149,-3.7371272343446615,-3.4976848679887707,-2.9901812070163625,-1.3133654072748246,0.0,-5.73401509952558,-1.747086401698461,-10.790310284325933,-1.6786971232459313,0.0,-26.20958051027197,-2.6932412375904824,-2.6932412375905046,-1.7470864016984944,-6.006098821131944,-2.731710112520025
2026-02-12,-4.793313181838609,-4.084382337233084,-4.153731180398735,-4.153731180398712,-4.629789135528128,-4.392567158735061,-3.9848417490215615,-1.4992847436294365,0.0,-6.367192869691896,-1.7225299307139785,-13.039813965299418,-2.234254687562953,0.0,-26.684610098207674,-3.6783901627360227,-3.678390162736034,-1.7225299307140007,-6.130733199424309,-2.689987871228283
2026-02-13,-5.350144862882811,-5.3210182862107995,-5.467179583551429,-5.4671795835514185,-6.026983399923713,-5.793236776517807,-5.312802972461029,-1.8859392059438762,0.0,-7.7964075688491725,-1.7129247867848085,-13.550399056445684,-3.507505168223124,0.0,-27.63080109456447,-5.076211748394643,-5.0762117483946545,-1.7129247867848307,-6.9452063935803725,-3.1492677763893306
2026-02-16,-5.146624202254291,-4.548769328238988,-4.67503478616571,-4.67503478616571,-5.1755452026649,-4.93968072872224,-4.47755748972003,-1.8096711538281296,0.0,-6.881427313273503,-1.6462037321657297,-13.234600929399809,-2.705707266415658,0.0,-27.250957571666625,-4.24693130832342,-4.24693130832342,-1.6462037321657519,-6.67900990477327,-3.0954132807527013
2026-02-17,-5.069741757114188,-4.116413412057474,-4.228054328815912,-4.2280543288159,-4.875994370025072,-4.6393847992641675,-4.0761232268234355,-1.8136160281592484,0.0,-6.549911292007982,-1.6216220474521648,-12.487016997661248,-2.54413424208334,0.0,-27.074979686535716,-3.8243417361190746,-3.8243417361190746,-1.621622047452198,-6.655686075467971,-3.0711937987558335
2026-02-18,-4.8299644034159535,-3.797440753428827,-3.8629451230357215,-3.8629451230356993,-4.527302147742551,-4.289825246842471,-3.6912921876142812,-1.7475104824156484,0.0,-6.137369191215791,-1.6107768896361563,-12.777033688867734,-2.1882252062069507,0.0,-27.05214194271697,-3.4080753255847585,-3.4080753255847585,-1.6107768896361896,-6.632356416809437,-3.046968263554195
2026-02-19,-5.246164781325913,-5.034212019981965,-5.13543507579961,-5.135435075799566,-5.829233487820307,-5.594994985193058,-4.982051065783377,-1.9137448244061939,-1.177086702357233,-7.452097336460072,-1.7146923647511358,-13.426279029444599,-3.570959409037977,0.0,-27.771207292030986,-4.731983796611628,-4.731983796611605,-1.7146923647511692,-6.60902092734077,-3.06691108941044
2026-02-20,-4.911715715471043,-4.593601472120734,-4.681774798778616,-4.6817747987785925,-5.477625405548037,-5.242512319929138,-4.540522081980325,-1.5137335206722446,-0.6495783902317864,-7.05203159051726,-1.6553020571391186,-13.355818109280648,-3.1281041530338727,0.0,-27.689344755530687,-4.26490482402635,-4.264904824026338,-1.655302057139163,-6.585679605604655,-2.737420631904419
2026-02-23,-4.850007666952793,-4.194672974155022,-4.279018442933813,-4.279018442933779,-5.015656107738908,-4.779393928822929,-4.0900924057895915,-1.2822470226433236,0.0,-6.452274563791482,-1.6011105158873717,-13.527594409151023,-2.591110801660468,0.0,-27.467838483666174,-3.8007049078110033,-3.8007049078109922,-1.601110515887405,-6.562332450143449,-2.713111676366531
2026-02-24,-5.233041132172522,-5.791715689500155,-5.8342993605501325,-5.8342993605501,-6.3753305583672315,-6.14245040679553,-5.526947656337978,-1.5959600355460513,-0.8422082727429725,-7.439705173018762,-1.6737808349012506,-15.363935345944146,-3.6834693420872533,0.0,-28.10414899939433,-5.180786972004913,-5.180786972004892,-1.673780834901284,-6.538979459499061,-2.688796645261615
2026-02-25,-5.222384861545704,-5.961459841227079,-5.980440498684403,-5.980440498684381,-6.514345603740357,-6.2818112354438345,-5.713913322923759,-1.4172329994252664,-2.4320469949610124,-7.69472242050353,-1.564380854784586,-15.457322773282167,-3.4643169215304526,0.0,-27.88971008416614,-5.36368274201603,-5.363682742015996,-1.5643808547846305,-6.515620632213137,-2.664475537071276
2026-02-26,-5.266976700521864,-5.762212194845729,-5.8107519963655925,-5.810751996365548,-6.389242322466904,-6.156396774742145,-5.559933411273221,-1.3937302021419962,-1.7956384835862593,-7.553547142063999,-1.4804112772909828,-15.05834836923392,-3.411088165884202,0.0,-27.909501379503943,-5.204832909679158,-5.204832909679125,-1.4804112772910272,-6.492255966826899,-2.6401483502765277
2026-02-27,-5.386346344594695,-6.717008353666786,-6.820611128018028,-6.844868108004665,-7.551216706296426,-7.344374125046582,-6.625362586400996,-1.570754714021727,-2.87220130353516,-8.877326673371154,-1.8209260586569243,-15.356920744756508,-4.615394311666476,0.0,-28.14237859611358,-6.322005910762973,-6.349382933406844,-1.8209260586569687,-6.524989452904184,-2.6744972759413566
2026-03-02,-5.816777720087196,-7.935543317941884,-7.962195741684641,-7.702817138452356,-8.519910305384503,-8.089714049155617,-7.717679345706352,-2.1322912929847115,-4.1668615693151505,-9.498955620295725,-1.9351307709062793,-16.912385845685563,-5.800951268290078,0.0,-28.824751395483826,-7.364579864626853,-7.140886350836051,-1.9351307709063126,-7.204631078445855,-3.426766628215072
2026-03-04,-6.218151214356382,-8.892298992347214,-8.870166908366228,-8.378088540619444,-9.38856073997243,-8.753474545342154,-8.672129131043471,-2.8048605232619983,-5.711438075680597,-10.57554464394046,-1.9263029343713822,-18.54902384574768,-7.260206431767912,0.0,-29.075166167718415,-8.358769395693844,-7.889618067362769,-1.9263029343714377,-7.755457385642051,-3.4026299617660127
2026-03-05,-6.194712202074371,-8.290623320851864,-8.301517481795695,-7.945764732235716,-8.89883175847631,-8.364382053011198,-8.120831063227008,-2.8206683468494975,-5.682642419515793,-10.517290507889921,-1.5003965626527616,-18.157871469932353,-6.179020454730866,0.0,-28.89817480773422,-7.878160181962601,-7.515106946491357,-1.500396562652817,-7.732402594173504,-3.3784872628103924
2026-03-06,-6.171267331651342,-9.563502782493238,-9.52394402369714,-8.861399611197307,-10.3214275484526,-9.447161242032465,-9.42793132400922,-2.7963801975149694,-7.706839111571629,-12.10125854633165,-1.4908239691165837,-20.000272686095087,-7.374048193565619,0.0,-29.36887474675849,-9.195731369842253,-8.505845303946435,-1.490823969116628,-7.709342040592704,-3.354338529840417
2026-03-09,-6.147816601623113,-10.841141412798816,-10.702692747503894,-9.744291826920948,-11.590359525835325,-10.410381207800611,-10.681077836735298,-2.772085977813521,-10.825897733794598,-13.75887993656697,-1.8592180612521103,-22.91640087393899,-8.974225636726263,0.0,-30.10870486000191,-10.491932424136241,-9.481577531313812,-1.8592180612521547,-7.686275723459501,-3.330183761348049
2026-03-10,-6.124360010525232,-10.601892622532805,-10.49481419930568,-9.589743036538046,-11.168537835280768,-10.085952032408086,-10.369866723258292,-2.7477856862279992,-9.953681392323633,-13.13217005550803,-1.7168753339063092,-22.015440579577326,-8.089469601987798,0.0,-30.02751070460309,-10.170449185637743,-9.237149250222842,-1.716875333906387,-7.663203641333416,-3.306022955824839
2026-03-11,-6.100897556892837,-11.908888877749103,-11.77879285858051,-10.561228519879407,-12.453886504539291,-11.060899720626939,-11.642997028654012,-2.7234793212408515,-11.538459734656815,-14.33332405421578,-1.8799132718312017,-23.338883888278062,-9.584906113131753,0.0,-30.623394396819613,-11.425613049237526,-10.188296368601236,-1.8799132718312683,-7.640125792773656,-3.281856111761927
2026-03-12,-6.0774292392606455,-12.825562784592194,-12.70090439361934,-11.252209125974344,-13.34127862880199,-11.73639198873817,-12.560334209018508,-2.6991668813341363,-12.284658914197177,-15.235175650352051,-1.9238429811674007,-24.174305936021025,-10.447501997305809,0.0,-30.834283402797034,-12.371300387308636,-10.900927535745176,-1.9238429811674451,-7.617042176338906,-3.2576832276500656
2026-03-13,-6.053955056163119,-14.416985200371856,-14.144584716581154,-12.33998790064279,-14.577515494157456,-12.688161464130443,-13.9655331984612,-2.674848364989546,-15.184265986798307,-16.294640166842644,-1.8993306871712523,-27.481193434427954,-12.296391060190127,0.0,-30.848422555844756,-13.717285963853076,-11.925928232274552,-1.899330687171319,-7.593952790587655,-3.233504301979695
2026-03-16,-6.030475006134262,-13.537301204722208,-13.257924744404948,-11.667145310597881,-13.54377894508777,-11.899481252512857,-12.99079711032437,-2.6505237706883955,-13.8659950605329,-15.093313654479324,-1.87481226678744,-26.264054931150206,-11.32013839043342,0.0,-30.572452667332296,-12.737999036312896,-11.174371948891547,-1.8748122667875178,-7.570857634077943,-3.2093193332408343
2026-03-17,-6.006989087707771,-13.327574782799045,-13.09853479575721,-11.546880392501679,-13.254216476404345,-11.664709446788313,-12.796531183659654,-2.626193096911611,-13.815355491604231,-15.056777553305945,-1.850287718484822,-26.06075286854019,-10.667224144604969,0.0,-30.319071830352883,-12.593722222496284,-11.064903200301323,-1.8502877184848776,-7.5477567053674814,-3.185128319923125
2026-03-18,-5.983497299416907,-12.64370020744967,-12.433336083574275,-11.027217044090488,-12.805685818857304,-11.312216386467277,-12.240081154436066,-2.6018563421397745,-13.388242832606368,-14.921078870022587,-1.8257570407318235,-25.501077620924562,-9.922250936064525,0.0,-30.283197191211308,-12.08893364553717,-10.667131384532091,-1.825757040731879,-7.524650003013644,-3.1609312605158313
2026-03-19,-5.959999639794655,-15.209921329572362,-15.038996058959198,-13.001511794361399,-15.44856050438762,-13.327234836251955,-14.873139495644727,-2.5775135048529907,-15.363566847454512,-17.493163069478534,-1.8012202319964588,-27.39552611570909,-12.860657304712264,0.0,-31.219007233256967,-14.682672830990873,-12.644895202951211,-1.8012202319965254,-7.515083555473446,-3.1367281535078617
2026-03-20,-5.936496107373557,-14.617264415238406,-14.448664764769713,-12.540089051948112,-15.157632049519288,-13.102930866522556,-14.422359069299517,-2.5531645835310646,-14.745546542672706,-17.439163671405733,-1.776677290746509,-26.892019229008458,-12.435041831951954,0.0,-30.9925440025429,-14.219205592100181,-12.281659519549027,-1.7766772907465533,-7.315031217530876,-3.1125189973877365
2026-03-23,-5.912986700685807,-16.26712918363805,-16.103576985250236,-13.782510664848202,-17.03684844854574,-14.534357916085261,-16.189804978612678,-2.528809576653468,-16.786602074537925,-19.504292800384693,-1.7521282154491669,-28.7272942886267,-14.715036461659615,0.0,-31.676479274977986,-16.004512295909613,-13.630272638295581,-1.7521282154492002,-7.305834093274544,-3.088303790643576
2026-03-24,-5.889471418263326,-15.072974028586493,-14.902165913014443,-12.868890407530309,-15.810260431817614,-13.582592975122454,-14.970735428578175,-2.5044484826991953,-16.30856251968902,-18.447353117943642,-1.7275730045713922,-28.042705458860983,-13.20065838609331,0.0,-30.977027500481334,-14.816141428143748,-12.717382801151766,-1.7275730045714366,-7.272544012253313,-3.0640825317631792
2026-03-25,-5.865950258637476,-13.80748807725648,-13.703537943871357,-11.962862105024364,-14.585312006930117,-12.63368699094858,-13.728313384028901,-2.4800813001468303,-13.905994034439583,-17.05379910929288,-1.7030116565797115,-25.831850579151716,-11.707878133397642,0.0,-30.5517617553823,-13.520048661355688,-11.731971478901349,-1.7030116565797226,-7.249368525654143,-3.0398552192338557
2026-03-27,-5.842423220339398,-15.540921606978609,-15.349743794720183,-13.195756464795426,-16.304114414921933,-13.933380754825963,-15.433055289036968,-2.4557080274747234,-16.856557044918862,-18.64435352552052,-1.678444169940263,-28.464186881132093,-13.552216781391435,0.0,-31.45414579728386,-15.206593367753364,-13.009337597255598,-1.6784441699402852,-7.226187246777238,-3.0156218515426714
2026-03-30,-5.818890301899826,-17.32855937253046,-17.1035909150964,-14.577125676595736,-18.175871677730193,-15.388773017173897,-17.22169797207188,-2.4313286631607367,-19.718031700671702,-20.648139455012192,-1.653870543118774,-31.097405985895143,-15.401668171969519,0.0,-32.42603794029546,-17.013052923712678,-14.433241600035519,-1.653870543118796,-7.203000174174912,-2.9913824271761924
2026-04-01,-5.795351501849188,-15.898586376745117,-15.731917570384846,-14.193698534364218,-16.958802068421075,-15.0464960136506,-15.907655611290695,-2.406943205682366,-16.589732362271224,-19.613889751436286,-1.6292907745806273,-29.943768036770756,-14.083335288174471,0.0,-32.05323518521374,-15.72292253806642,-14.073555650734216,-1.6292907745806495,-7.179807306399177,-2.967136944620763
2026-04-02,-5.771806818717384,-15.661166783132519,-15.326468590382236,-14.07126753868817,-16.639209042747005,-14.943852695541327,-15.530743989110595,-2.3825516535167623,-16.53907380512438,-19.325420217699396,-1.6047048627908844,-29.60723049610159,-13.955672103587302,0.0,-31.839111940796016,-15.34521288015066,-13.954358151152292,-1.6047048627909066,-7.185565953959216,-2.9428854023621276
