,Breakout_20,BuyHold,EqualWeight,EqualWeight+Regime,HRP,HRP+Regime,InverseVol,MA_20_50,MaxSharpe,MinVariance,MomentumPullback,MomentumTilt,PPO_ensemble,PPO_s0,PPO_s1,PPO_s2,RSI_35_60,Random,RiskParity,RiskParity+Regime,Selected_OOS,Sentiment_Momentum,VIX_Regime_Mom
2022-03-17,100010.1833655766,99882.00345491678,100024.99312242777,100024.99312242777,100024.99312242777,100024.99312242777,100024.99312242777,100010.1833655766,100024.99312242777,100024.99312242777,100024.99312242778,100024.99312242777,100990.4785820109,100677.4307156372,101029.45623269652,101264.54879769897,100024.99312242778,99984.21626091655,100024.99312242777,100024.99312242777,100010.1833655766,99923.96097078592,100010.1833655766
2022-03-21,99988.82074084348,98801.41757442974,100049.99249141722,100049.99249141722,100049.99249141722,100049.99249141722,100049.99249141722,100016.58593109006,100049.99249141722,100049.99249141722,100049.99249141722,100049.99249141722,100072.41975949774,99826.78551143825,100117.54137380356,100272.93239325145,100049.99249141722,99482.09609905788,100049.99249141722,100049.99249141722,99988.82074084348,99335.08092639633,100016.58593109006
2022-03-22,100598.67993677067,99798.84903783466,100074.99810852956,100074.99810852956,100074.99810852956,100074.99810852956,100074.99810852956,100250.77351549536,100074.99810852956,100074.99810852956,100074.99810852956,100074.99810852956,101111.32000514363,100844.23175101387,101025.10380086886,101464.62446354814,100074.99810852956,99760.39953402229,100074.99810852956,100074.99810852956,100598.67993677067,100588.52603341255,100235.67046602635
2022-03-23,100543.22594911758,99421.38597996824,100100.0099753264,100100.0099753264,100100.0099753264,100100.0099753264,100100.0099753264,100349.21439729929,100100.0099753264,100100.0099753264,100100.0099753264,100100.0099753264,100766.39725175798,100544.0258155762,100678.55459682755,101076.61134287025,100100.0099753264,99616.45524722147,100100.0099753264,100100.0099753264,100543.22594911758,100304.34368253544,100230.98080159929
2022-03-24,100837.89240326999,99335.28676271808,100125.02809336974,100125.02809336974,100125.02809336974,100125.02809336974,100125.02809336974,100559.57596848848,100125.02809336974,100125.02809336974,100125.02809336974,100125.02809336974,100698.55988988956,100508.57265478514,100535.16813464348,101051.93888024011,100125.02809336974,99788.15851169154,100125.02809336974,100125.02809336974,100837.89240326999,100279.09824980788,100409.04198982114
2022-03-25,100883.6495634078,98982.67943791313,100150.05246422195,100150.05246422195,100150.05246422195,100150.05246422195,100150.05246422195,100465.67369694241,100150.05246422195,100150.05246422195,100150.05246422195,100150.05246422195,100310.7551043229,100067.64516294717,100227.99472022317,100636.62542979841,100150.05246422195,99819.49077672206,100150.05246422195,100150.05246422195,100883.6495634078,99988.49950959158,100403.97641477412
2022-03-28,101463.78544012307,99885.10227466747,100175.0830894458,100175.0830894458,100175.0830894458,100175.0830894458,100175.0830894458,100620.94996672755,100175.0830894458,100175.0830894458,100175.08308944582,100175.0830894458,101101.81152362659,100842.10933269747,101016.58807617522,101446.73716200716,100175.08308944582,99985.84592906963,100175.0830894458,100175.0830894458,101463.78544012307,100777.01124080044,100559.237264482
2022-03-29,101672.47215508576,100366.00882529849,100200.11997060447,100200.11997060447,100200.11997060447,100200.11997060447,100200.11997060447,100591.8062412563,100200.11997060447,100200.11997060447,100200.11997060446,100200.11997060447,101540.50650218005,101279.47172688037,101464.92782218588,101877.11995747393,100200.11997060446,99867.23717102577,100200.11997060447,100200.11997060447,101672.47215508576,101113.46153213449,100530.07811507952
2022-03-30,101647.77019510331,101045.88044363711,100225.16310926148,100225.16310926148,100225.16310926148,100225.16310926148,100225.16310926148,100669.07231944146,100225.16310926148,100225.16310926148,100225.16310926148,100225.16310926148,102281.13149580806,101995.8911319297,102155.4392338764,102692.06412161818,100225.16310926148,100111.76544598976,100225.16310926148,100225.16310926148,101647.77019510331,101524.09740999146,100607.32876547855
2022-03-31,101666.36959745963,101134.98235802607,100108.5910262374,100147.12401244346,100107.63233306112,100147.71128084556,100110.66970296469,100622.12746275992,100104.60853905478,100111.65478740682,100250.21250698078,100104.33590055075,102400.44381474533,102099.92103081144,102187.2115110748,102914.19890234979,100250.21250698078,100096.62025593036,100112.7094368209,100146.35458531942,101666.36959745963,101464.57240464124,100560.36847715495
2022-04-01,101945.71341515091,102237.67076970846,101222.2989007288,100952.75452988908,101085.7103505553,100855.64380621814,101172.06828934792,100805.7410204628,100704.74142202528,101023.9186222664,100275.26816532675,101162.46070268108,103380.46243826371,102943.0117002194,103244.0546029393,103954.32101163242,100275.26816532675,100945.5688523091,101131.73565708013,100927.39451916509,101945.71341515091,102419.24854113911,100743.96659935896
2022-04-04,102083.89887326381,104014.69366459541,103010.83698015951,102228.15777730754,102839.15611540276,102146.03507543623,102970.72131592377,100815.535101201,100748.67851071074,102884.72685539491,100300.3300858641,101951.45648687538,104949.21106741072,104181.91445554528,105218.70638867983,105447.01235800706,100300.3300858641,101207.04162156388,102825.44726502831,102231.13355775409,102083.89887326381,104196.31681798075,100753.74524074048
2022-04-05,101757.42002346701,103683.13365384215,102693.94725375413,101992.81780975487,102674.17556029958,102008.25938709216,102636.93557601568,100725.44375118216,100037.48639451402,102866.08977133699,100325.39827015792,102185.98430969674,104632.13028012666,103932.67500565149,104841.59116260876,105122.12467211964,100325.39827015792,101067.93972486805,102577.17008172008,102039.13295034821,101757.42002346701,103864.80220052459,100663.63844750615
2022-04-06,101392.28608193733,103260.3836513384,102295.12335868659,101722.4462823848,102200.65619753176,101662.7609860675,102158.38846841583,100664.98284799804,99740.15170678326,102180.65797446156,100336.00976701493,102517.36117253252,104194.16093379197,103453.13094739818,104570.50689319333,104558.8449607843,100350.4727197737,100674.81233135048,102158.65070457733,101722.74239835788,101392.28608193733,103427.63464990434,100588.69914448803
2022-04-07,100832.3425429789,102385.03810905972,101451.82727014343,101086.68528553189,101323.79889387744,101026.26442119904,101277.06809137942,100104.26057021804,98748.3274016675,101375.40540287779,100264.56888548516,101272.09058494873,103307.08858971638,102549.75742021677,103792.62488969491,103578.88345923745,100375.5534362774,100238.06359011638,101327.75589398586,101127.33812296898,100832.3425429789,102648.84889216251,100124.47578431864
2022-04-08,101613.86231706062,103201.37305857158,102257.63258135332,101686.07893284624,102170.43977002107,101644.50013121626,102079.31828656982,100724.6695560686,98931.4253444485,102286.03246564216,100291.33831106032,103501.73613036398,103995.62943783338,103278.99833357376,104514.19944856895,104193.69053135738,100400.64042123526,100210.61057268786,102130.78315068797,101737.97203506483,101613.86231706062,103434.19609429683,100713.83614065286
2022-04-11,101275.10877811216,102492.18766376378,101594.00392253215,101185.66009225055,101236.46316442052,100984.3315809718,101362.93544081647,100306.05600328832,97464.82938527134,101351.16867947718,99937.0210892924,103261.25197142053,103227.00613215865,102546.15775609337,103820.91994003438,103313.94070034825,100425.73367621402,99691.32758131286,101408.97377730584,101158.54489196437,101275.10877811216,102955.07447998022,100525.22547100869
2022-04-12,100666.74576133996,101542.13811367248,100681.54474835882,100512.24974812269,100118.37334961574,100195.24509908793,100441.31536721834,99651.71017766585,96088.41330348035,100304.8703189179,99784.53890233916,101870.95317163954,102194.17542889903,101362.52420650465,102923.10317549777,102296.8989046947,100450.8332027807,99255.18593950813,100465.64204399101,100442.16826641634,100666.74576133996,102150.8079422997,100030.38142637404
2022-04-13,101067.33841816158,101681.58491251942,100817.48574129537,100623.99514826841,100355.69724218965,100364.5337768824,100559.75872506587,99546.06460734693,96375.38950146675,100571.49773564785,99512.47268848371,102657.85999473749,102331.23174156548,101456.73179513762,103036.28340863509,102500.68002092376,100475.93900250278,99120.63285877167,100629.30409467433,100590.2747150564,101067.33841816158,102312.78329803635,99989.62331434111
2022-04-18,100899.90592848204,99843.10456794444,99093.83157062034,99335.92116500527,98545.26034270959,99023.11289805587,98742.05030450887,98578.90982381812,92526.32414138738,98722.1355245146,98515.74839387252,102171.98086361057,100505.46353182521,99439.81740215288,101294.56379896893,100782.00939435375,100501.0510769481,98217.60772046586,98913.03253080619,99290.77274666863,100899.90592848204,101625.38836165395,99405.78629438397
2022-04-19,100254.6018070523,98667.612363222,97985.60542978218,98551.80984228187,96790.30056629369,97757.32529757867,97531.05332587297,98420.09569961044,90996.87377846551,96401.23461337366,98805.80954944094,101472.60380320575,99525.92770460823,98704.54411726049,100183.89394389017,99689.34505267395,100526.16942768496,97921.14791040325,97623.5614833781,98265.22309171707,100254.6018070523,101059.25987787223,99033.75863910884
2022-04-20,100244.90767843198,99498.64375984941,98778.36437148228,99107.99795732328,97882.59885784525,98524.75236632949,98365.49548091939,99006.3253670474,92192.27614468221,97608.23442495351,99306.4280003353,102212.73462716634,100461.93657725824,99989.72059276825,100944.22614727273,100451.8629917337,100551.29405628196,97877.54386876478,98488.42148535908,98917.54991450366,100244.90767843198,100978.41177008608,98911.83569899604
2022-04-21,100636.73616723985,100687.1330230348,99949.00187420333,99954.67281225699,99063.87488297072,99356.20016559723,99538.5448300617,99546.60928943873,93190.1619773897,98777.295573389,99265.22501039668,102957.52569454575,101623.0743021137,101106.18937613307,102110.92989537612,101652.10363483183,100576.42496430814,98225.63491104024,99622.47351405415,99788.83918352972,100636.73616723985,101003.6494281654,99285.45746637824
2022-04-22,100082.72370200942,99407.36469874812,98680.9991849827,99070.56303001146,97792.75858559686,98473.06722493266,98316.44572765881,99009.15049192109,91890.57040017063,97498.21771090088,99009.59505535114,102601.26889076464,100301.06669726528,99812.68695878753,100849.00519796935,100241.5079350389,100601.56215333294,97609.13093661315,98409.75530458083,98838.47783165218,100082.72370200942,101028.89339392348,98767.94950088214
2022-04-25,99567.30634293944,98372.13230512723,97666.23258564786,98331.37216332478,96637.59334959192,97680.48733389648,97292.66228514975,98336.52559744449,90963.99811717411,96345.92649679005,99011.46978805955,100969.59275590673,99270.71040347061,98775.38039846823,99848.15796308292,99188.59284886063,100626.70562492612,96569.20263927589,97383.69111244244,98065.59757322221,99567.30634293944,100993.89369032966,98275.68406878617
2022-04-26,100232.37053315595,99834.48821040777,99101.87544664928,99394.58065092153,98151.71627220299,98761.37345685415,98693.36869698142,99221.86174287499,92604.26647854532,97678.74822512302,99454.4695864112,103012.5683654562,100672.22103746176,100128.78267508636,101279.83206654816,100608.04837075072,100651.85538065797,97107.49145863159,98784.40316067165,99141.74577200518,100232.37053315595,101632.81446590286,98701.91733964883
2022-04-27,100047.3085502445,99115.34498179986,98405.08470472174,98876.88241724421,97586.6437719663,98347.96238019278,98038.14458362604,98801.17342469806,91463.96258149979,97257.5044597418,99090.95211873809,102498.13921616184,99916.35474041833,99297.50151603101,100505.90208644394,99945.66061877998,100677.01142209911,96544.55302241728,98151.62721295055,98657.6836894716,100047.3085502445,101658.21567964912,98501.40098397696
2022-04-28,100335.49104819239,100537.71537572276,99812.99773483236,99874.23313600296,99225.91002864853,99482.92362955736,99422.12443616142,99418.93347899879,92488.12725860461,98999.98795589461,99268.84646086996,103536.31136580763,101297.28643233312,100596.72136103972,101807.7865398447,101487.35139611483,100702.17375082044,96844.78108571324,99576.57672461164,99790.90592449452,100335.49104819239,101683.62324195182,98691.32529784465
2022-04-29,100238.39262340034,99747.33752091014,99031.83969041363,99283.39979454488,98527.74928101456,98979.9913856834,98687.79237754706,98764.65513826744,91250.75234972063,98440.78168639715,98893.9500789152,102436.82225702709,100527.61346904375,99895.61836004458,100980.9390051149,100706.28304197175,100727.34236839341,96180.70058307698,98853.33224908626,99241.79787274577,100238.39262340034,101709.03715439765,98455.60506365556
2022-05-02,100207.29673440756,99639.84355854685,98920.18950742764,99195.40191805408,98457.42232278407,98933.86377611762,98560.3981019294,98739.87667240757,91220.42209845445,98427.8098733035,98812.3858556727,103047.5696716006,100424.9613730575,99831.73237743291,100826.98592148334,100616.16582025622,100752.51727638979,96040.80321030259,98738.82190289206,99172.76383463517,100207.29673440756,101734.45741857376,98552.89205343649
2022-05-04,99695.71670235928,97494.62991204439,96765.87697052941,97984.46148875979,96388.17088345705,97812.67202869897,96450.52962269957,97400.55973428143,89058.79001832541,96441.46047342937,98130.74098319789,100867.43483718706,98346.2513040738,97842.67894137211,98723.402696425,98472.67227442427,100777.69847638176,94578.31264384887,96685.97573009202,97969.97361025409,99695.71670235928,101714.19656475411,98064.81885492224
2022-05-05,99506.79559494011,97743.55382024385,97013.14359589313,98177.64219754498,96719.12953036363,98016.25137976564,96738.2778212761,97360.68800290786,88658.54299900994,96865.9998595221,98103.59237313639,100496.8166185361,98670.05151828335,98194.79815116656,99007.06363693699,98808.29276674645,100802.88596994185,94296.26129297532,96994.64601044176,98156.21943662694,99506.79559494011,101567.1138156375,97973.94679137686
2022-05-06,99375.4488313974,96866.98616334384,96124.45666873596,97629.42558197238,95756.48439028228,97490.96563010893,95810.60784665572,97376.70686595286,88514.18168140517,95899.95842715615,97974.94517660263,101098.22386574897,97765.22437591708,97309.50540597581,98062.21988591464,97923.94783586077,100828.07975864301,93988.59229388424,96107.08497181711,97614.71356420605,99375.4488313974,101592.4986087398,97837.66536847099
2022-05-09,99278.18496964169,96101.83840992188,95357.58669693138,97263.42449674362,95164.46170534789,97200.31478047161,95107.58915691718,96455.257198813,87136.37864244345,95341.17887354172,97345.64753025987,98706.17775802837,97088.83215197173,96645.40412968247,97438.40616154502,97182.68616468768,100853.27984405863,93472.27044000088,95424.24206194244,97233.5676575064,99278.18496964169,101617.8897462945,97579.48483293055
2022-05-10,99536.30035516804,96211.2975717684,95473.44743786455,97340.64098723429,95438.78268229497,97345.5397678759,95193.42316814706,96420.56859545111,86785.75180207468,95770.58470643593,97487.71610396034,97382.77241158881,97166.2735111524,96736.18892857413,97525.81230153675,97236.81930334627,100878.48622776249,93730.50323295522,95577.72703738011,97371.44095794746,99536.30035516804,101643.28722988731,97474.8474349907
2022-05-11,99496.80036049781,95650.45968777343,94920.72852782693,96982.80027386907,94715.01520754557,96954.79421855322,94568.83668705694,96104.97670265724,86380.70341252413,95007.87442749241,97416.76835425298,96136.90614186354,96592.46451275429,96138.91081269002,96960.98579825282,96677.49692732001,100903.69891132871,93535.8788017921,94969.5556605519,97023.7733160797,99496.80036049781,101668.69106110428,97307.53154367929
2022-05-12,99428.52336596527,93978.59816499114,93243.03403182092,96046.83497453367,93257.33477250225,96137.71131195776,92936.49420346394,95922.41027107807,84545.34403900542,93734.8073293804,97215.78136102899,94685.22598254753,94889.07016511065,94580.86106558125,95340.86741625176,94745.4820134989,100928.91789633175,92667.70830049606,93397.47697024672,96125.81525139917,99428.52336596527,101694.10124153188,97226.86825604625
2022-05-13,99655.47083784248,93712.70039973347,92960.73003877472,95942.40201131317,93498.61181485656,96234.14248926273,92775.03603726326,96375.72983426397,83948.58020620477,94298.69061736685,97710.85853772305,96236.59362798026,94561.01262435605,94545.11248964466,94983.57393154233,94154.35145188114,100954.14318434663,91683.20919363362,93293.49702429652,96097.14662910505,99655.47083784248,101719.51777275701,97251.16828626217
2022-05-16,99763.7853556832,93912.24676926943,93180.15236417904,96060.26054017966,93540.86621688027,96282.72477513757,92937.14102153377,96299.1988516818,84175.57625130848,94208.23686170892,97662.8741531239,95318.70652689574,94741.17076375516,94624.7145041744,95174.00007365085,94424.79771344025,100979.37477694858,91491.56628388273,93438.86745548445,96198.84707025623,99763.7853556832,101744.94065636686,97263.2010118847
2022-05-17,99889.0787373227,96328.43560741101,95581.17173563398,97438.70926788654,95784.62491040562,97538.58469620507,95311.51972763552,96848.40823641192,86807.53490261604,96408.75418320094,98204.98918012217,99223.90629306705,97177.33473111918,96894.61670901209,97496.48035606214,97140.90712828336,101004.61267571336,92748.9061281378,95754.18691197452,97548.4613448375,99889.0787373227,101770.36989394916,97387.86941941778
2022-05-18,100083.20303497171,96092.77103410309,95343.91516736077,97292.50890680269,95759.57615844163,97486.80169046507,95085.95358874509,97123.76655900573,86227.37855395439,96663.82479626515,98292.75915338748,99757.4334050134,96882.49928727045,96774.65115531634,97156.89810780424,96715.94859869083,101029.85688221708,92853.25808106145,95600.80222613491,97485.01096843927,100083.20303497171,101795.80548709194,97566.20252490827
2022-05-19,99991.349468871,94169.79900889004,93405.32400463533,96116.06061119164,93852.86096752767,96440.1600299021,93144.72904292184,97384.27277392609,84950.49856277349,94830.46339518222,98317.32558302028,100579.75020404694,94827.55591834505,94771.74303488745,95127.07152405038,94583.85319609729,101055.10739803627,91664.26603109173,93720.27414329762,96332.15866148613,99991.349468871,101789.57591736416,97822.24263291161
2022-05-20,100403.07398352111,96634.40206968557,95879.24095992105,97533.40442081519,96155.67701534565,97722.74241789721,95597.43721572515,97633.10652680807,87682.11608999006,96960.53330704533,98341.89815257097,103849.83282542512,97361.7322150314,97410.74579873239,97484.31516108716,97190.13568527476,101080.3642247478,93021.96414683072,96083.3919549373,97723.94785118998,100403.07398352111,102261.325357817,98233.4250200346
2022-05-23,100413.66341768092,96757.02867237202,96003.14845515406,97698.62947821851,96502.9541725707,97938.49340475563,95770.0662664058,97854.08548928348,87145.06893470447,97429.16346868893,98352.30832353495,102408.77929161245,97590.8275609418,97766.10349588448,97653.79194511316,97352.58724182783,101105.6273639289,92956.176619942,96283.77229933036,97906.39437687218,100413.66341768092,102302.86393437753,98231.07471863857
2022-05-24,100036.77013162673,95980.71031116186,95248.0563780908,97235.0500846383,95441.95817108398,97382.7597014272,94982.8958581209,97617.47235805477,86718.62949684718,96099.03004289954,98406.95855015934,101748.62237849139,96819.76556629369,96979.38215291641,96931.08899723533,96548.8255487294,101130.89681715732,92537.5169388175,95413.72430437729,97372.59339303993,100036.77013162673,101842.32384943037,97879.94623508894
2022-05-25,100086.77690860884,95581.40505497465,94839.81653543298,96900.25754936817,94825.55390963683,97040.8946411764,94482.3976095939,97599.33354076218,86996.08305476657,95474.21478633586,98415.23444757776,102123.72945667095,96296.51725996833,96495.79138422868,96439.35806013459,95954.40233554179,101156.17258601115,92092.01853819538,94959.80128437994,97086.22745654426,100086.77690860884,101867.77742611335,97874.48735738866
2022-05-26,100057.86770985633,96425.40382795448,95709.26108056214,97372.114940735,95396.61562535947,97370.04309169178,95264.52098378663,97553.3340778588,87524.32374301225,95921.51329232646,98347.24636874074,101860.76861697502,97047.7177768523,97245.00957954087,97348.15014019824,96549.99361081784,101181.45467206878,92799.21863202273,95703.02383879643,97511.32589547668,100057.86770985633,101893.23736443989,97898.94924783945
2022-05-27,100361.22617616405,97373.74792045653,96674.27722057063,97989.03552848197,96502.35784163706,97993.79031983197,96283.35716729368,97761.60483011059,87341.15164095807,97146.98767946857,98312.00544491949,102162.81755716108,98049.87244124472,98380.65116532019,98354.96401867096,97414.00213974307,101206.74307690916,92943.28547632723,96713.3863372265,98123.85987142492,100361.22617616405,101918.703666,97895.17436429359
2022-05-30,100429.51073030954,99200.52775613668,98496.73806342979,99122.61779353397,98378.09745307059,99056.73541691861,98169.02115042068,97851.60575984635,89045.48236752862,98913.16727522165,98336.57668480155,103623.30553748658,100040.36977713056,100403.10946118842,100218.14295024742,99499.85691995591,101232.03780211152,94114.1091508186,98517.68022263421,99215.70508699249,100429.51073030954,101856.63348246184,97976.95360794752
2022-05-31,100427.75340734894,98938.16606455905,98214.09052723063,98973.19432456607,98166.49828548204,98955.69489574432,97890.39735551819,97889.76264970774,88578.12277609216,98844.59314282403,98361.15406580362,103370.09661545021,99698.3623247881,100199.52741035096,99903.15573582552,98992.40382818789,101257.33884925552,93881.30676889353,98286.69365944207,99094.80391552138,100427.75340734894,101624.21857229085,98073.3774694994
2022-06-01,100361.21783300841,98562.13122958476,97812.39053200049,98740.58944959211,97646.83872618583,98699.51209806696,97489.02849176731,97746.73272764917,88493.03711983426,98256.72018249772,98385.73758946065,103272.50494575984,99316.14370009376,99833.58627099733,99538.01186648397,98576.83296280006,101282.6462199212,93482.35518672265,97846.47867685714,98862.36220617186,100361.21783300841,101322.21016885454,97973.41485277149
2022-06-02,100252.45398747646,99079.04046930323,98343.64646127171,99032.65920742141,98016.00871981084,98913.99801586739,98011.7170754864,97681.76013568809,89555.72729450704,98581.71624935283,98410.32725730786,103996.91957052962,99931.9978160449,100575.62507366209,100019.79589305299,99200.57248141973,101307.95991568902,93449.89696898057,98327.85222667815,99170.98399360788,100252.45398747646,101847.85527309934,97968.61013155707
2022-06-03,100149.66758651214,99131.20869467518,98404.25009975604,99110.24731824087,98074.73080055801,98967.00692843056,98120.75665532384,97730.45132052962,89579.40698419578,98625.92600897982,98422.23619832224,104113.71951811235,100066.05372135695,100682.98623448708,100105.7336402013,99409.44128938264,101333.2799381398,93346.42254889004,98399.21500477476,99236.70531982642,100149.66758651214,101945.2871857174,97984.37920064588
2022-06-06,100169.56919328852,99044.35538819451,98312.33273411829,99054.01624308237,97949.01607684711,98901.96423625753,98020.54501271604,97710.51038512931,89604.61078057857,98559.7497452554,98402.46816156339,104340.94409518108,99991.94360630072,100673.13391440934,99994.92298684707,99307.77391764586,101358.60628885482,93290.95396812593,98312.0522712256,99194.66633754253,100169.56919328852,101909.2031050007,98041.69975292361
2022-06-07,99478.26090150251,97928.75462830241,97172.2229166483,98345.95327207944,96634.37547399239,98167.48277881424,96852.66816152133,97478.5667254118,89556.73255878073,97138.12170812067,98170.6974437001,103614.36380958089,98841.19160155223,99456.02189768189,98830.9523005934,98236.60060638156,101383.93896941567,93027.28681392693,97132.89286521093,98544.20251197135,99478.26090150251,100760.89185630724,97773.03611457709
2022-06-08,99104.71989523614,97299.28220852795,96575.69396281955,98056.33120256802,95928.66208039405,97840.27041204645,96257.22909863034,97447.19846777084,87478.42096992856,96351.72662053927,98139.50217113689,101833.2965934731,98246.53742407818,98905.21242764962,98307.96174599827,97526.43809858678,101409.27798140438,92792.5174993626,96495.19229217079,98211.66561997379,99104.71989523614,100336.73057505985,97499.01377097306
2022-06-09,99638.95079115416,98090.28377103306,97365.77700060549,98499.26378952581,96698.94749031165,98259.30319563532,97053.32854737408,97471.92514485045,89043.62460716501,97114.79838455196,98148.96576919837,103066.87501524962,99066.29942509733,99655.18961784104,99057.88872345671,98485.81993399431,101434.62332640341,92685.25451720507,97272.04860515257,98665.77296270286,99638.95079115416,100259.91052503278,97632.92074080365
2022-06-10,98843.07651325123,96849.03876535267,96076.29740846789,97798.90291964448,95596.45258999697,97662.64793328088,95795.9430397994,97502.37615257638,88063.59957400894,96165.6178840111,98122.84460827304,102140.58833275546,97779.05630791679,98315.19135016769,97817.63513975008,97204.34243383263,101459.97500599548,91941.06799760889,96076.08247072922,97993.45639514482,98843.07651325123,99062.41894895103,97628.15442369919
2022-06-13,97505.7219694874,94586.18268960583,93767.34142912632,96483.22553759936,93486.57496247918,96466.37629623691,93541.00914518464,97500.98340719935,86730.55822703101,94286.06144649455,98132.89567007667,100307.0117413356,95463.50903719966,95872.36892228556,95608.94116095321,94909.21702836023,101485.33302176394,90838.51468546572,93893.8984727099,96758.98457953712,97505.7219694874,96988.91917816862,97428.35678836919
2022-06-14,97430.68081574385,94554.82794010483,93741.00073742929,96487.38319438917,93452.02932945923,96466.57996002994,93515.83850910209,97315.30685189375,86986.52079938882,94123.55006205586,98013.46065549168,100081.58585381559,95454.3338862891,95823.0493088981,95659.39508271411,94880.55726725521,101510.69737529228,90991.61614660434,93867.19241194487,96766.1203340011,97430.68081574385,96914.45855240103,97353.01905717707
2022-06-15,97339.7841299856,94354.08138948045,93534.53088761984,96402.16742514365,93257.65229984521,96394.93894857532,93310.42676760258,97214.43601244087,86447.68928693519,93817.98592192042,97824.08874155715,99461.31390509121,95270.28707665535,95571.53944783997,95494.70378543949,94744.61799668665,101536.06806816453,91001.44432381567,93646.97814348359,96659.28568686337,97339.7841299856,96938.68050167723,97262.1029613204
2022-06-16,97364.11238140415,92794.45765572476,91944.19842026915,95523.31643552496,91724.01204992793,95558.25775173094,91757.95801804065,97120.14933248739,84627.61808725641,92498.394096342,97741.16761020021,98310.54898357391,93656.40229474017,94008.50495605428,93863.33799997998,93097.36392818633,101561.44510196515,90624.28036066942,92125.83443326426,95811.38055646546,97364.11238140415,96962.90850477485,97286.41179778935
2022-06-17,97388.44671321231,92487.58082338261,91618.63352340934,95277.68412333413,91210.75506410378,95261.77057737244,91394.93548008532,97100.55618829741,84761.1079968646,91962.16940655091,97848.66826754723,98785.30665326107,93261.72698379458,93559.09312601015,93494.24869336517,92731.83913200854,101586.82847827894,90542.81306655238,91748.26295982269,95593.09395416656,97388.44671321231,96987.142563207,97310.72670979556
2022-06-20,97412.78712692983,92910.41537006521,92070.37568683036,95558.97350746607,91909.202021105,95617.49947517258,91852.3787308275,97290.07552644791,84358.64395533816,93162.45343891419,97857.74508461705,99213.89971936107,93692.21726862864,94220.6915236938,93857.67819806532,92998.28208412693,101612.218198691,90808.93772231822,92314.98842415572,95887.19594601363,97412.78712692983,97011.38267848702,97335.04769885748
2022-06-21,97437.13362407679,94657.70091986826,93841.93656829091,96568.34743042427,93595.52571148028,96570.87523198687,93578.79063898408,97474.3566401958,86053.18482498509,94702.58329066323,98092.48327884548,100894.30767409396,95437.35499478265,95856.1498360857,95617.62908901648,94838.28605924587,101637.61426478694,91767.07906378692,94019.42342398864,96855.88685012895,97437.13362407679,97035.62885212869,97359.37476649397
2022-06-22,97461.48620617353,93647.64776949484,92837.13080406538,96039.11257931695,92644.60662841506,96078.39166872858,92588.1577311089,97212.59909544245,84296.36648532526,93944.42552375102,97910.30331488898,99271.48168936728,94506.06651565379,94967.50209284556,94643.55050812938,93907.1469459865,101663.01667815285,91391.35671349367,93058.71032389252,96337.75109413208,97461.48620617353,97044.7612827135,97368.58811129155
2022-06-23,97485.84487474093,94632.75436262072,93840.09242740074,96642.63698158444,93796.97162739941,96729.337039905,93554.84916315034,97450.32617300445,84687.42595113245,95288.84608977904,98102.4762723708,99665.3635376746,95456.53572984529,95905.77490607617,95630.75228820513,94833.0799952546,101688.42544037495,92048.74566371665,94087.17911050873,96934.81323015448,97485.84487474093,97058.96484041822,97382.87260343197
2022-06-24,97510.20963130021,95437.09967881034,94643.6457791612,97072.81820568298,94670.59702681408,97185.48116740637,94313.2430632248,97784.94388020659,85460.66899328397,96178.90945719449,98314.0247232742,100609.46713506409,96136.82368721213,96563.02444430035,96328.06053061725,95519.38608671885,101713.84055304014,92041.2591540549,94877.55747555682,97362.07058864812,97510.20963130021,97057.34969233866,97394.34600828274
2022-06-27,97534.58047737296,96465.75393908324,95688.8908960118,97700.91157763723,95777.42118117264,97811.02230940241,95361.88256799351,97883.59137845713,86501.94508382896,97154.21842452273,98481.69867825574,101589.35931506447,97195.77837379178,97617.47694807967,97368.5881161274,96601.2700571683,101739.26201773553,92544.84632334593,95927.9144803852,97956.77815997723,97534.58047737296,97170.92287973891,97465.42230723586
2022-06-28,97558.95741448108,96629.01890132428,95845.14863981283,97814.10494910691,95923.6453234066,97910.52270721731,95542.84191152993,97823.89427936003,86959.04327001194,97186.85729663675,98490.78854781935,102029.09909870444,97374.62409171798,97802.2370217417,97526.05513714414,96795.58011626816,101764.68983604874,92431.07375756965,96082.56729425251,98055.24522527776,97558.95741448108,97033.55375666253,97390.46440575906
2022-06-29,97583.34044414695,96213.2182655569,95397.27545592075,97538.5528618153,95284.28568888891,97579.61706616472,95116.27825942608,97517.5707238164,87940.47603352564,96341.20989318012,98500.25201039929,102209.70143962989,96940.09016660097,97381.58488387418,97130.82365176977,96307.86196415906,101790.1240095677,92575.3244166863,95578.5879387123,97804.18656800513,97583.34044414695,96515.7959200286,97163.27840956868
2022-06-30,97607.72956789323,96396.36121764449,95587.1645423394,97648.48857876124,95397.96251639522,97658.23949951738,95292.2398714741,97553.86961444636,87866.65426979723,96232.28737724118,98533.9136450445,102124.73956260488,97073.71875325586,97451.1050199517,97317.61959054686,96452.43164926911,101815.56453988078,92652.38810640211,95722.88530478683,97886.94053728878,97607.72956789323,96453.16591684252,97176.50152431088
2022-07-01,97632.1247872431,96551.1580237727,95710.81528197654,97793.48724149672,95859.37136369418,97953.16014960108,95437.03656121358,97791.24955583575,88421.7884881521,97354.84809802826,98819.18445565693,105536.97011978022,97403.95896808278,97902.59599913674,97452.10282428218,96857.17808082953,101841.0114285767,93265.94338069083,96020.85850799867,98030.49755135018,97632.1247872431,96477.27257468559,97814.52161466083
2022-07-04,97640.97527438194,97670.25947136738,96809.23949547479,98378.4423354642,97205.79010372865,98625.29124858537,96499.96296715962,98145.96925159625,90067.72099416376,98809.4170826263,99256.73071670426,108863.63040194298,98343.10790459337,98859.43892950921,98412.03199503638,97757.8527892346,101866.46467724472,94093.69464016777,97175.69571088563,98620.54907821563,97640.97527438194,96501.38525753516,98447.22394046221
2022-07-05,97456.66499691445,97444.80331684857,96582.60330529504,98256.23819975452,97034.21687495043,98515.91436762943,96271.52082887175,98170.49899384922,89388.07697093984,98637.82854434385,99281.53807293005,108131.52845353607,98127.55954566048,98671.02892657465,98184.90506062079,97526.74464978605,101891.9242874743,94018.76139586869,96964.18214606446,98508.7140608872,97456.66499691445,96416.19480298714,98283.27882113753
2022-07-06,98086.36906027675,98569.99421116762,97714.84791934736,98902.23195177899,98398.1997425693,99237.50205689638,97369.06515739378,98181.08310903818,90077.15304934197,100345.1878756888,99306.3516292888,110317.99160611183,99014.08197838775,99502.49228874057,99200.17674597546,98339.57690044728,101917.3902608555,94508.48587497119,98166.86702320269,99155.29100779686,98086.36906027675,97395.50568948824,98380.42876716984
2022-07-07,98233.18657088565,99262.85296738529,98468.0377755223,99352.35004488658,99009.2518596855,99632.8507801238,98097.35587099612,98108.5528334416,90191.66797937233,100659.0021415323,99331.17138733002,110513.41579473822,99638.47558601941,99928.16678211637,99945.73786960196,99041.52210633994,101942.86259897858,94857.39233474771,98800.78447628423,99529.06591516972,98233.18657088565,98127.6117811406,98403.75741030276
2022-07-08,98497.03949114968,100162.97681457788,99449.86835419093,99936.09046562966,100014.97433105957,100218.909161694,99054.26122535164,98219.7468597835,90808.9844319316,101300.64400733142,99355.9973486038,111171.97673963947,100524.62532333117,100814.04659097479,100862.54655720123,99897.28282181764,101968.34130343431,95232.32448609729,99703.14576331651,100047.54017229746,98497.03949114968,99058.12428133744,98553.1973914599
2022-07-11,98129.22396860347,99370.77288782761,98589.66674277994,99409.1164532462,99095.21722385434,99665.9119740607,98217.18768414088,98218.70522851397,89855.61882547902,100242.98932763016,99380.82951466045,111524.84509512188,99596.37770008465,99953.56044193005,99999.12172442592,98836.4509338981,101993.82637581382,95251.67200294705,98826.32979062236,99512.07709168976,98129.22396860347,98070.6372230097,98621.99498871953
2022-07-12,97393.50256798095,98512.98767768551,97695.12526309102,98912.71539248219,98185.47959204907,99178.75976116222,97337.28395957968,98074.27785386279,89509.97820347385,99216.82649359369,99405.6678870508,110297.77916197605,98814.22586455732,99229.00750284125,99171.86537995066,98041.8047108802,102019.3178177087,94623.34851400524,97930.80890934887,99034.4358598799,97393.50256798095,97259.49242874699,98389.4420106778
2022-07-13,97367.44121829452,97968.80978285687,97126.75896031462,98630.9628455741,97790.49062267964,98962.74692680032,96791.56561569046,98035.10828242237,88770.49677001982,98980.24989614297,99430.51246732596,111422.0686130629,98107.99170073787,98376.22359034923,98581.82430383775,97365.92720802675,102044.81563071084,94218.07020364901,97463.68550604353,98757.04595148728,97367.44121829452,97215.86483208816,98397.1287746517
2022-07-14,97055.38479955589,97515.8245000451,96666.74477539306,98387.22255224877,97354.40738974485,98726.50967165198,96351.92971673983,97875.05266520809,88232.02175412307,98507.92243816191,99441.93365962537,110672.43610464183,97704.699358894,98002.30393427142,98149.15449040901,96962.63965200169,102070.31981641261,93809.05105017427,97012.14555490034,98521.61204865099,97055.38479955589,96908.13083543061,98108.739964025
2022-07-15,97657.3325324363,98344.15777536767,97521.78310202749,98898.21109647151,98432.71048408923,99317.43259422146,97201.79447567604,98209.97301669988,89147.83629787568,99647.28340498073,99537.44467289884,112490.35410986676,98416.21739060161,98733.0646616402,98921.63483290098,97593.95267726383,102095.83037640675,94431.42257284149,97906.30702169046,99008.037213027,97657.3325324363,97532.85621460191,98527.48831475992
2022-07-18,98269.8109068537,99681.37729688539,98945.2121360431,99708.90565180736,99646.04510837361,100036.18915714898,98564.95127439268,98543.74476386947,90074.12545987358,100533.52566774505,99463.97781810757,112649.71984554396,99909.54446542962,100276.89065359056,100324.88249149693,99126.86025120146,102121.34731228641,95481.00053312117,99200.17655931886,99779.77511967467,98269.8109068537,98274.16279811821,99018.90038794032
2022-07-19,98574.32101233544,100185.78033639936,99457.17221254732,99986.89578806184,100156.12921916526,100309.98518696654,99037.6465118732,98852.58966695811,90410.21211609562,100918.83411725383,99489.91969334384,112727.74260123362,100387.85050449499,100666.25148856411,100818.72590164344,99678.57412327755,102146.87062564505,95803.24467674052,99668.67840797082,100049.51630583627,98574.32101233544,98569.6559718264,99292.69591613073
2022-07-20,99155.21549583226,101521.05463812278,100826.10879665242,100768.44475057775,101464.2014029141,101050.73056599243,100380.20233172993,99386.6889729629,91263.57502630957,102270.93931386177,99611.07772384892,114184.68665917165,101703.09944114457,102011.54909196006,102112.34891709802,100985.40031437574,102172.40031807664,96348.97353877137,100998.38199520952,100800.80493119068,99155.21549583226,99301.61876165857,99857.33261851357
2022-07-21,99547.14209603914,102067.37488474551,101426.08385432516,101139.33464456133,102063.59659006429,101422.321947175,100961.9648338741,99862.3415017654,91781.21773055672,102659.87978606319,99697.97356183841,114550.91951204326,102312.64543763858,102558.79127350755,102723.80386592484,101655.34117348347,102197.93639117552,96728.38136502876,101554.28950311478,101133.13637306838,99547.14209603914,99897.14420239122,100400.82585137988
2022-07-22,99762.30552566246,102619.27501188697,101966.8735238957,101432.24735549244,102672.38542883344,101735.1910786777,101485.40340923253,100264.14801997437,92024.50051936666,103312.40103256723,99931.03653021206,115340.9837013618,102725.60903030497,102923.1006630203,103227.76566044078,102025.96076745394,102223.47884653638,96888.7155207212,102073.13681737977,101408.88540333133,99762.30552566246,100362.29348625022,100824.72269976446
2022-07-25,99880.29473346262,102422.15779061598,101783.3054726248,101356.07778154642,102499.70109795665,101674.71006205761,101291.00578979655,100393.54132853815,91736.60405680409,103075.89901900203,99966.99232536058,115185.37641951938,102625.25247914418,102804.45254206378,103060.85135641447,102010.45353895448,102249.02768575445,96558.42983102423,101881.7322571693,101310.40886476445,99880.29473346262,100087.70097516963,100937.84705959605
2022-07-26,99047.05823692674,101488.62301348567,100759.89212119112,100744.20782041056,101404.22249150119,101061.49666537596,100278.2345610731,99469.23834705759,92118.04738584002,101910.9973110934,99978.44671767106,114220.5938823458,101637.99381779603,101868.60563441031,102094.11832315932,100951.25749581866,102274.58291042513,95787.35500880273,100847.77269145289,100745.92859038725,99047.05823692674,99401.07696525086,100059.10783136265
2022-07-27,99937.69289948941,102507.40706972881,101847.49327186524,101403.33913295585,102467.48427745998,101699.64988838363,101333.56012106915,100379.05035548529,92091.41674915238,102811.69035469409,100111.16111093212,115203.37437110046,102811.0685540929,103020.56211287633,103120.90596848824,102291.73758091433,102300.14452214444,96470.20655887088,101869.1397121005,101326.11120692061,99937.69289948941,99425.9203981113,101023.74085101133
2022-07-28,100613.2613533537,103500.90381928148,102899.69231395381,102017.64103142067,103429.9257563944,102253.20884008455,102367.96229772331,101185.5342392427,91872.17088697782,103850.82997175552,100122.03382226685,115678.44328862478,103855.04378680547,104160.83296644967,104066.9320399724,103337.3663539946,102325.71252250862,96670.08024393066,102883.52129220766,101913.16418886391,100613.2613533537,99450.77004012134,101513.81462626341
2022-07-29,100944.4178341973,104309.15534595655,103748.7393354177,102445.01710694378,104230.11923953172,102649.6415561339,103213.06427512964,101589.72417867341,92475.9555446036,104697.30221648316,100331.02475422533,115691.09457709735,104685.88981107483,105074.69899959154,104958.91490349296,104024.05553014013,102351.28691311448,97057.76287845595,103714.84904659358,102339.28898334246,100944.4178341973,99475.62589283282,101675.55351160606
2022-08-01,101098.41516743359,105069.86892521744,104497.6104751276,103251.68188193801,104891.95015488441,103370.7416783741,103946.27464597541,101721.79577257807,93972.31584462215,105292.85385097902,100356.10061007518,115873.96962508431,105435.1114923916,105718.59257111045,105751.21499419917,104835.52691186532,102376.86769555906,97421.50133029225,104402.013768618,103103.14969566172,101098.41516743359,99500.487957798,101952.4967648179
2022-08-02,101065.41009251922,105118.93417505678,104502.5521629287,103227.60466037964,104959.75137518387,103403.74526373875,103935.8186578887,101696.78484924977,94211.97909620081,105448.07903709779,100381.18273316442,116326.62469160734,105351.60446186354,105529.52149450404,105676.98258071188,104848.30931037488,102402.45487143993,97427.19068200342,104449.74242065081,103103.80295704213,101065.41009251922,99381.7965322543,101942.87403742634
2022-08-03,101370.88800159637,105492.89748226618,104904.97370060721,103650.08420945196,105278.79963386632,103677.9483328476,104333.7690037921,101883.13208317326,94158.7887441875,105778.00707176741,100406.27112505936,116229.83370247549,105749.30613354653,105968.10261572318,106095.82371836853,105183.99206654813,102428.04844235498,97590.83713307965,104824.2814627053,103487.17900437825,101370.88800159637,99621.16466210104,102126.57915900907
2022-08-04,101410.4538058589,105400.910275141,104816.16674468562,103576.39836127979,105224.84332879666,103580.07961506072,104272.04256911307,101843.83137148946,94352.30049844489,105862.17491182797,100431.36578732677,115982.23273559744,105757.90796658049,105919.22137423945,106032.01920487988,105322.48332062227,102453.64840990257,97400.15725516454,104808.27666204567,103430.42714499924,101410.4538058589,99646.06310174902,102081.12748057107
2022-08-05,101873.61332547272,105848.61433842209,105271.84891604193,103968.74126878864,105734.89187468556,104059.26230995303,104717.92986598809,102219.22518311706,94929.39126634541,106411.98908199057,100456.46672153386,116652.76798851084,106138.33446667163,106293.80129949623,106416.02610448081,105705.17599603803,102479.25477568136,97531.47934353074,105280.89548393422,103864.05841108778,101873.61332547272,99670.96776429449,102456.87785897696
2022-08-08,102595.7858941833,106415.37261773886,105872.43278184324,104549.50416742366,106358.44574459332,104667.46345865222,105346.80682525481,102590.61765689656,95520.7646154177,107124.78561136096,100481.57392924819,117346.17801715166,106749.82865815845,106891.57551652027,107061.70808092837,106296.20237702697,102504.86754129048,97947.32207947671,105877.07004207079,104475.38537901606,102595.7858941833,99695.87865129276,102801.91440133561
2022-08-10,102828.04517874695,106561.69643518567,106037.13986921753,104706.03855874325,106540.87076802546,104903.11146703204,105514.64532501655,102657.2247990089,95575.7031537178,107240.19081224798,100506.68741203767,117463.88960987784,106825.87361039326,107051.84915101262,107237.49272640202,106188.27895376537,102530.48670832947,98092.51562890563,106001.08151021377,104647.92637466795,102828.04517874695,99720.79576429953,102861.31932477193
2022-08-11,102959.25294892107,106985.620397769,106538.67000729477,105190.89015817306,106811.45075849639,105125.16477026322,105973.76207675062,102984.53383558664,94610.68088029296,107217.57590052491,100517.91328491972,117541.92534972508,107400.78576568073,107625.26409452346,107739.82528329144,106837.26791922757,102556.11227839827,98248.1744658629,106367.84413402106,105024.0994279069,102959.25294892107,99745.71910487082,103173.5308885824
2022-08-12,102809.28279950445,107165.57968622576,106665.10684478506,105331.082891588,106875.63101328515,105247.38145561608,106071.5415562166,102751.10928306615,95166.95394445896,107338.9564707272,100631.69474437632,117742.28569448489,107369.7060173297,107531.98421678478,107807.77431534829,106769.35951985633,102581.74425309716,98189.1436854149,106440.56319003423,105147.19154137465,102809.28279950445,99770.64867456316,102816.94300184381
2022-08-16,103155.7729907923,107557.41597543359,107051.09421106247,105668.55511357385,107339.68822005164,105665.13270850548,106468.05747867606,102915.67979313301,95508.83003972107,108003.49716524189,100656.84574704492,118633.03305263243,107660.76480544935,107789.86760404905,108164.93354855526,107027.49326374399,102607.38263402689,98291.91682862843,106876.72505220711,105539.5324728399,103155.7729907923,99665.21797511647,102954.35521888283
2022-08-17,103866.96142297254,108390.101586022,107890.81219038396,106474.7549443415,108275.64290190503,106565.43787718825,107299.76338116782,103526.05715482042,96500.59564986776,109012.82142772549,100682.00303573438,119538.06839465453,108386.81735756248,108489.01338973189,108924.03881412305,107747.39986883273,102633.02742278848,98496.27723877445,107755.23275098762,106391.58515878237,103866.96142297254,100274.6278111516,103401.1713813561
2022-08-18,104126.77274214382,108793.40083080812,108294.3737893698,106839.97645136749,108745.5259884486,107084.46908091713,107692.74588788909,103758.6911265903,97388.08935219335,109338.67727458845,100707.16661201585,120207.44277648727,108665.07609346064,108801.47173807921,109322.90993338343,107870.84660891944,102658.67862098361,98461.1726647678,108125.81728923578,106788.79834500792,104126.77274214382,100688.9020200851,103636.87999836086
2022-08-19,103637.43806267371,107966.5590406754,107523.47303881009,106108.96530124942,107961.82920945651,106331.78891135717,106966.99117442852,103402.3873627033,96491.8293962334,108312.03528693858,100732.33647746072,118959.35480655702,108230.65693743939,108524.67319467908,108733.61719594823,107433.68042169105,102684.33623021409,98182.95107875537,107344.01345704313,106033.79724521798,103637.43806267371,100019.21192312635,103278.280433021
2022-08-22,103262.90868512788,106901.91706652696,106350.73298560834,105038.32690179587,106915.65254055262,105334.07726974365,105839.53915782998,102765.97753742455,96586.543412627,107683.97243016097,100743.26235257396,117717.83018069241,107148.65938368472,107449.01507588105,107586.33211835136,106410.6309568219,102710.00025208226,97277.34682620433,106299.34551593667,105012.49042882683,103262.90868512788,98932.17779404561,102629.26985427798
2022-08-23,103058.57129297897,107045.55199583808,106458.44617129685,105165.20059636234,106955.73044832754,105506.48918548576,105907.95096485404,102678.33025506945,97240.991380646,107515.62939034382,100948.63928942966,117840.42108398,107051.31419373011,107283.2288926473,107665.52800884386,106205.18567969932,102735.67068819076,97308.97778516366,106317.28340615447,105107.60357340315,103058.57129297897,98740.33668288041,102334.8579978794
2022-08-24,102915.66213613648,107040.951011299,106477.28532539633,105160.95436599966,106958.84024605158,105547.67511035597,105923.74841562075,102553.77510606902,96996.39617018732,107402.80072320436,100862.93456624346,117989.65760677967,106968.2639333908,107111.1781978733,107682.98838259027,106110.62521970902,102761.3475401429,97211.48403442602,106301.85724859862,105104.4324248749,102915.66213613648,98765.01497611315,102249.72335732324
2022-08-25,102828.5564636383,106586.94617475031,105999.31123895086,104713.3584744735,106487.40264909467,105144.0101360194,105442.56157609978,102263.80891718267,96666.40905690962,106897.50174861988,100628.55926794893,117484.83558652172,106485.4627890866,106563.6373769112,107233.80662828533,105658.94436206343,102787.03080954203,96966.64693060673,105819.39165880012,104653.19268156275,102828.5564636383,98789.69943722193,102223.22619492924
2022-08-26,102654.10812870468,106618.17811126502,106058.9622664811,104729.52931592065,106511.49266970177,105154.92578114309,105495.02631060057,102187.26158401761,96477.41065607105,106732.52091879195,100716.65457285977,117791.90595096842,106607.13614690462,106711.1716793843,107257.82948555298,105852.40727577679,102812.72049799212,96923.30535649625,105840.50644882322,104653.87872831078,102654.10812870468,98814.3900677483,102071.01743880764
2022-08-29,102472.00339966948,105232.69043053543,104571.87799541788,103288.18857012253,105216.2770559577,103978.47511590786,104048.43259720218,101061.16164500338,96098.42498502953,105672.48530896904,100212.4492224073,116855.9931508313,105163.0920134202,105292.04800575112,105801.85728005038,104395.37075445928,102838.41660709749,96121.66681902042,104446.37047248015,103297.36171998258,102472.00339966948,98839.08686923419,101737.83549345702
2022-08-30,102956.0593975049,107770.12040070095,107165.48614595876,105666.93471773327,107776.20288880245,106347.74613532971,106573.05364303332,102397.4808205147,97925.52234027193,108237.20332171589,100999.97988792295,120202.23193424621,107507.39805760559,107494.81202863975,108207.56365560382,106819.81848857336,102864.11913846288,97754.68510632243,106985.78702723258,105702.90707180255,102956.0593975049,98863.7898432219,102221.5806738074
2022-09-01,102996.1913060345,106595.44043394414,105985.14799250122,104669.0487979874,106559.78270882844,105422.7772472876,105384.76245974764,101835.25983568089,97137.45889422845,106839.33322408545,100428.50324168311,119174.34316421495,106299.46973433974,106231.43989969502,107088.52700982639,105578.44229349802,102889.82809369339,97689.5596045114,105796.37436399271,104707.42631263554,102996.1913060345,98772.31233654526,102298.71309919769
2022-09-02,103212.83205886242,106902.92326593371,106278.89535079853,104886.8848489337,106895.8461685116,105682.79075423,105673.77371559043,101824.09659160978,98327.43911989106,107216.03488680543,100425.26605517723,119955.81992971091,106539.91118840789,106430.40783513366,107348.45900946089,105840.86672062927,102915.54347439455,97938.77454954207,106096.43318005941,104919.33599380599,103212.83205886242,98979.38027329897,102339.42132556163
2022-09-05,103496.54350770196,107771.38170191868,107135.48414130695,105582.98248269773,107698.89754035027,106325.93393436361,106529.09504001206,102173.23675552261,99853.51495818562,108013.89754331576,100577.33819921309,121035.39977958413,107308.52401223902,107188.02712131443,108178.73186157465,106558.81305382817,102941.26528217232,98391.15039317308,106925.94254043075,105601.59693109401,103496.54350770196,99004.11831098887,102529.95288219875
2022-09-06,103822.93019634055,107833.94617410112,107194.0338709086,105655.08675574111,107753.20617252639,106407.89080905919,106589.46208980668,102334.42416358611,99763.52558148332,108046.4617820369,100593.67227223694,120769.88447166896,107339.6438906396,107205.29869638495,108307.64128525871,106505.99169027542,102966.99351863298,98261.4762009865,106965.89969858146,105673.65553598295,103822.93019634055,99028.86253148686,102752.84100479189
2022-09-07,103727.58958410699,107394.52717449749,106759.5427391125,105321.51880484779,107361.61673060476,106099.64727957058,106168.05580375093,102040.68481749458,99283.11784037799,107700.51871018813,100527.52511145925,120126.57628259865,106994.23140040031,106994.57902411967,107909.9003667736,106078.21481030787,102992.72818538325,98145.48577956366,106546.26424929476,105360.65511937036,103727.58958410699,99053.61293633818,102529.74829214107
2022-09-08,103993.63904305454,108719.9523398998,108084.33401866992,106395.68426997561,108615.81735549193,107096.59604646797,107463.25435572883,102755.07468720413,100775.95964259234,108865.81628313323,100607.90746034074,121838.002922356,108222.88424165407,108027.93513948648,109186.56651242958,107454.1510730463,103018.46928403033,98814.86773509282,107837.81420776417,106383.6828398101,103993.63904305454,99078.36952708845,103079.19043142551
2022-09-09,103940.97018437243,109094.5545561234,108468.22609951963,106725.7379365903,108977.81601231323,107374.44389723576,107823.55054364787,103082.39333031762,100905.6798943843,109179.29972186104,100612.77830452994,122013.91823617778,108623.87353997999,108487.66674893947,109567.64108134015,107816.31278966053,103044.21681618172,98875.70003786095,108228.49006476907,106714.46117079748,103940.97018437243,99015.1566391461,103214.75091988321
2022-09-12,104042.46201937244,109558.42104247987,108955.42564674685,107150.64702912254,109387.59274261001,107713.30740939746,108306.91671863824,103319.0020385965,101153.31747515628,109463.39651664751,100706.79291873823,122294.50410885147,109091.81385177138,108967.28279718287,110069.15425438166,108239.00450374982,103069.97078344527,99136.34378447058,108677.41779692877,107120.19317664827,104042.46201937244,99205.62767056521,103271.27027379553
2022-09-13,104328.68087145341,110397.56772921814,109813.64008837636,107849.89451907334,110258.5258118006,108420.7330921174,109159.53818349021,103799.43768862741,102173.16742886152,110242.19898320806,100801.97357261136,123317.2789730162,109840.72931569722,109532.9842129924,110871.35265132053,109117.85108277883,103095.73118742942,99344.99840395288,109523.98766308911,107797.728283983,104328.68087145341,99861.52044055407,103654.72648832588
2022-09-14,104619.91162145945,109884.38109102094,109207.37995301877,107257.52752589306,109526.78334126038,107846.86279147398,108515.89656667777,103316.43087210951,102530.32692347663,109609.52868530493,99899.26830931063,123578.79843172124,109128.93327760605,108573.69260089069,110140.44744509351,108672.659786834,103121.49802974293,98428.39940245445,108899.68574729125,107200.55349266446,104619.91162145945,99741.7877185521,103635.281726373
2022-09-15,104573.49072047453,109252.45138754409,108704.11008447039,106833.59518319229,109033.98892721825,107459.58322659259,108010.63548397958,102842.70003672977,102266.03942824785,109206.69482708132,99781.9182563224,123404.68907190257,108553.05125533987,107880.31551187807,109631.35874840924,108147.47950573245,103147.27131199487,98058.45987706343,108388.00777713106,106766.99650079774,104573.49072047453,99268.59001914691,103248.1696112788
2022-09-19,104599.6269010373,109124.4135893087,108731.27863578779,106860.29623443041,109061.2399255587,107486.44073178877,108037.6307143411,102749.74643540176,102291.59890468417,109233.98899001877,99778.18961729767,123435.5317569239,109004.30495722505,108288.95962144344,110151.43864626695,108573.4861031715,103173.05103579482,98014.72891454071,108415.09732461181,106793.68090694564,104599.6269010373,99293.40033938273,103273.97455271421
2022-09-20,104595.47549879995,109792.32525001549,108758.45397737452,106887.00395909495,109088.49773477453,107513.3049495141,108064.63269165359,103349.79376083452,102317.16476923173,109261.28997461977,100008.60206296218,123466.38215049525,109639.44375029589,108953.99139357304,110773.7138032791,109191.25226929234,103198.83720275262,98333.27980255455,108442.19364261633,106820.37198235984,104595.47549879995,99318.21686049222,103299.78594361016
2022-09-21,104674.71648817685,109470.88922835229,108785.63611092762,106913.71835885382,109115.762356568,107540.17588144627,108091.64141760333,103089.67387763284,102342.73702348713,109288.59778258928,99839.69442586908,123497.24025454326,109310.82632367566,108720.87387318195,110390.50605969066,108820.79908644973,103224.62981447873,98413.8590188435,108469.29673283678,106847.06972870717,104674.71648817685,99343.03958402525,103236.54066470529
2022-09-22,104826.62295637542,109336.00824974445,108812.82503814464,106940.43943537532,109143.03379264177,107567.05352926334,108118.656893877,102756.13403378423,102368.31566904734,109315.91241563267,99851.04575647876,123528.10607099498,109217.93938391648,108743.44078032856,110253.89585954182,108655.31775294998,103250.42887258387,98184.09642124356,108496.40659696575,106873.77414765493,104826.62295637542,99367.86851153194,102991.23864464846
2022-09-23,104410.220674325,107878.08009903817,108840.02076072355,106967.1671903282,109170.31204469893,107593.93789464384,108145.67912216175,101518.88181352982,102393.90070750973,109343.23387545574,99708.83763635576,123558.979601778,107867.06022353684,107428.24432130773,108879.9176415596,107291.65629125891,103276.23437867919,97705.68321617878,108523.52323669624,106900.48524087084,104410.220674325,99320.30166481397,102089.2253285639
2022-09-26,103568.51226566292,106471.37245119436,108867.22328036267,106993.90162538158,109197.59711444304,107620.8289792667,108172.7081041451,100142.43681837214,102419.49214047212,109370.56216376471,99531.92875660263,123589.86084882036,106516.0468060488,106042.13428912978,107449.16683458081,106054.68691489381,103302.04633437622,97408.186312799,108550.64665372172,106927.20301002296,103568.51226566292,98240.27797366971,101061.80790892772
2022-09-27,103785.73858053182,106572.63104685985,108894.43259876083,107020.64274220506,109224.88900357804,107647.72678481127,108199.74384151501,99985.18449542216,102445.08996953268,109397.89728226623,99262.24157388552,123620.7498140506,106637.95792527984,106183.20210276495,107583.22130128462,106145.39665115337,103327.86474128699,97346.30061022477,108577.77684973602,106953.92745677986,103785.73858053182,98264.83128661705,101087.06641030611
2022-09-28,103596.21795218872,105710.32784632844,108921.64871761727,107047.39054246861,109252.1877138083,107674.6313129573,108226.78633595984,99392.83576912503,102470.69419629,109425.23923266739,99039.19825540806,123651.64649939774,105780.31548076014,105220.15811536585,106749.88983411215,105369.56332441558,103353.68960102374,96618.48532197828,108604.91382643342,106980.65858281043,103596.21795218872,98289.39073620393,101112.33122457268
2022-09-29,103840.75528034777,105624.91474786655,108948.87163863161,107074.14502784262,109279.49324683861,107701.54256538498,108253.83558916842,99522.74346345708,102496.30482234307,109452.58801667568,99016.28533388382,123682.5509067913,105720.06159660874,105216.24145557651,106692.62625249905,105249.89189527337,103379.52091519935,96563.14089377505,108632.05758550862,107007.39638978404,103840.75528034777,98313.95632396416,101137.6023533052
2022-09-30,103848.11890721024,107237.10364919607,108828.40701079444,107036.42973879597,109151.37333342535,107655.27304677134,108125.10293231955,100130.64035340578,102369.20351064535,109325.4980714725,99454.24651795061,123537.44903157819,107382.41826835113,106691.96922787925,108568.29766002679,106888.66314716187,103405.35868542691,97181.10770000615,108506.33969825742,106960.46927875422,103848.11890721024,98338.52805143176,101162.87979808188
2022-10-03,103568.89290661704,105922.99339471682,107586.30476204188,106519.84472313014,107799.11940837136,107023.17462399755,106796.90995338702,99813.87485520013,100141.26070622183,107960.12080683361,99257.3036229364,121801.38629257234,106182.3754052698,105360.36341492394,107457.24143359272,105732.90662514132,103431.20291332003,96391.41741283775,107212.894587818,106355.22357884371,103568.89290661704,98363.10592014132,101188.16356048126
2022-10-04,103831.8155197818,108239.82082764026,109854.41605316135,107512.16037141473,110122.49775887966,108137.78909830771,109202.27082126426,100417.85408200958,102654.23083377772,110229.20559860469,99720.92338748409,124294.13570007363,108429.21132962815,107703.13453532074,109664.99903739299,107921.78258725209,103457.05360049268,97699.71519600897,109549.25819053066,107492.53565161901,103831.8155197818,98362.58828824469,101213.45364208234
2022-10-06,103398.13838133804,108529.45230268469,110208.39524181161,107677.65170134931,110056.37941790148,108104.23741482833,109477.08360495507,100481.04842396069,103903.61594444768,109733.00650607682,99841.89844899988,124801.78677491428,108666.08812255609,107938.15960696127,109870.53511303948,108191.39671870992,103482.91074855922,97743.51436059033,109758.42221294265,107593.04273112478,103398.13838133804,97975.65778109494,101238.7500444645
2022-10-07,103402.93360031891,108207.36488732538,109893.39071743454,107557.06695856215,109694.22050002622,107939.50437227415,109112.07069696678,100479.18183897006,103210.09651906841,109252.2483873512,99726.38790754032,124544.50624255871,108329.79529192306,107601.68281335312,109568.59508553296,107821.45085078971,103508.77435913439,97471.62824214602,109394.47156076343,107433.96319766954,103402.93360031891,97844.06244841723,101220.45945804792
2022-10-10,103417.24125518596,107965.50768887378,109625.7175818922,107421.21959214144,109490.23491487063,107857.6318968523,108893.99069017662,100242.29923351738,101600.04802297644,109055.32725797084,99719.1224369909,123955.32747642555,108056.4817586351,107280.59832176313,109257.76443483704,107633.07683864895,103534.64443383347,97340.20062563014,109170.83367861273,107334.5311862618,103417.24125518596,97800.8334975583,100954.21830345869
2022-10-11,103294.07764558059,106436.73804745433,108181.19644501663,106828.14800520896,107936.48525762025,107149.06476808357,107359.50581740357,99691.49250063514,100980.61973869077,107637.60082199445,99560.30648561649,122490.43348869697,106575.54145998253,105757.62722846876,107787.4855549829,106183.97615141624,103560.52097427197,96328.77619492813,107669.89781712717,106629.71134188646,103294.07764558059,97162.41903242687,100649.33617818746
2022-10-12,103259.7320455718,107185.27428928009,108907.77682317489,107143.07156502847,108722.46735911863,107545.82682917404,108142.06132267426,100076.96028708456,101900.27110194153,108412.77337755219,99792.42348320932,123307.52325760204,107303.78214371558,106510.68427600319,108522.3442005328,106880.70153797719,103586.40398206591,96650.67500981835,108418.88187720595,107005.09648519874,103259.7320455718,97362.34177203229,100674.4915900012
2022-10-13,103202.27763172418,106215.10197991575,107963.21056627203,106732.95967528534,107821.4155898418,107130.05822407082,107170.20678347594,99692.2981496532,101252.38728696271,107784.55075228166,99491.66971684893,121714.56062238663,106355.9501122017,105580.7943270428,107557.08689773036,105932.21439178984,103612.29345883167,96336.90586082292,107516.136974301,106585.08014880074,103202.27763172418,97309.4814614358,100699.65328893781
2022-10-14,103189.84214543938,107503.38537179749,109193.00714707279,107299.57030845698,109006.90782966462,107696.60277371272,108422.59735236975,99971.95897471723,102425.82783836943,108390.48248834231,99728.12288843872,123104.6847643612,107600.567553857,106882.12304751272,108838.2480909976,107083.74454235625,103638.18940618605,97268.02384415989,108696.35738143002,107149.90089612479,103189.84214543938,97333.80213927128,100724.82127656865
2022-10-17,103199.38402065459,108284.07031397753,109992.87006720073,107680.47315965388,109639.44386428448,107997.65473956784,109219.30543159448,100051.16787535821,102732.87227382859,108896.3741514352,99753.11933288691,123743.88178113585,108347.49865860354,107618.44637165156,109522.03954298719,107903.48285520328,103664.09182574625,97680.80584401377,109473.96755927152,107530.90073226515,103199.38402065459,97318.57709407159,100749.9955544654
2022-10-18,103505.39576416819,109846.15502360009,111564.10242019205,108405.11483120512,111111.65359590518,108701.61935462701,110813.38571435564,100581.93347960558,105030.6848050608,110310.67298239405,100215.6188609045,125926.22232190089,109899.40954301633,109125.00851843266,110962.26907075549,109610.79203894617,103690.00071912988,98645.3493421992,111042.98942311222,108297.96759541282,103505.39576416819,97631.88984406776,100747.0546754649
2022-10-19,103345.42411722905,109747.00848095817,111506.2782720008,108419.41041571465,111060.5765605835,108688.51518272265,110720.06117864836,100713.99064702656,106488.41787259167,110568.02469556524,100151.70206425879,125706.54441752391,109849.21297118509,109087.42258024169,110892.22254810165,109567.54240113925,103715.91608795496,98445.05218506316,111006.74375949772,108304.271131184,103345.42411722905,97262.07900567328,100520.71617249402
2022-10-20,103678.43758223149,110230.72084821493,111953.08401306203,108621.37016015637,111649.3003913071,108979.0655456697,111219.87800052695,101025.62110657824,107299.99326644104,111324.64863318,100176.7331017692,126127.11270780614,110291.74070333056,109531.34700042712,111301.95305838788,110040.95700216225,103741.83793383991,98736.01158339075,111539.32233286074,108570.4716679053,103678.43758223149,97604.25806366694,100781.58402223565
2022-10-21,103679.76265699763,110299.92053533373,111961.79751359104,108635.1394062125,111742.64393943353,109036.1605038216,111262.33544547328,101179.6568499578,106595.58308114068,111456.53812157238,100201.77039531746,126551.80091401987,110331.37761668029,109598.74308421079,111324.87004364403,110069.25368335059,103767.76625840351,98621.33789057253,111572.21345169815,108599.65599649772,103679.76265699763,97483.25928677741,100818.37814691283
2022-10-24,103978.79704667197,111079.56090982587,112822.39831975866,109064.35763642465,112236.11359135495,109269.72557404726,112064.22770996083,101012.31322048603,107484.63380821176,111512.76947849881,100226.81394646715,127696.40805320755,111120.47254226003,110334.05064704092,112075.00996822852,110950.57870833014,103793.70106326502,98783.71531696233,112306.13826225104,108960.88751730733,103978.79704667197,98438.22636055476,100938.8692895377
2022-10-25,103966.45008312621,110943.3455488182,112745.5426693298,109060.5576422941,111906.00549662887,109127.62995559748,111921.91557939992,100730.41803701923,107105.57020156368,110725.48256449304,100251.86375678223,127926.2741803531,111009.74531945342,110162.93172085728,111913.32032955221,110950.68196566965,103819.64235004404,98731.89812457461,112107.11523076767,108869.18055935604,103966.45008312621,98098.02151358467,100645.10419442265
2022-10-27,104240.93578508498,111439.58967097895,113204.30375051513,109279.77627254147,112438.74092189374,109387.92281159034,112396.00809833533,100976.56919849598,106995.85118438359,111136.21848705459,100276.91982782708,128538.29151552329,111472.88525801885,110639.17886565941,112355.01863958992,111421.76427288371,103845.59012036068,98859.23775013651,112577.83788408955,109107.61636911021,104240.93578508498,98475.8919558373,100829.12117683615
2022-10-28,103942.5345573164,111422.00607396329,113212.48137227335,109283.12320053494,112452.83104399912,109404.61450508125,112387.53007893896,100982.5620122179,106698.20168901616,111266.48553446172,100301.98216116644,128002.64740086149,111431.00457359207,110565.26071690858,112329.4397759527,111395.9254939031,103871.5443758353,98988.10656142472,112591.39440528312,109137.53880036937,103942.5345573164,98452.74124830491,100832.47226995407
2022-10-31,105012.03566157322,112798.31446632378,114529.11210000109,109835.63974268928,113888.02398019555,110070.18751508386,113778.4785137039,101334.78811505203,107434.28163952203,112500.50868780492,100327.05075836545,129448.65651093252,112761.12425547291,111901.62180044292,113660.30122503535,112718.8573400486,103897.50511808875,99862.79495898988,113937.59834300671,109766.84765903022,105012.03566157322,99562.14490010077,101163.79114559933
2022-11-01,105595.66145408165,113522.46395874425,115211.98183994296,110318.05987601717,114670.3309867313,110618.89761433871,114536.52373324792,101444.32852486678,107709.24274073323,113271.25086155729,100352.12562098965,129822.07148966733,113435.0362953372,112598.99098068746,114314.2344951845,113388.86155082347,103923.47234874233,100193.19599647025,114708.2311845651,110250.33300383996,105595.66145408165,100117.69097543291,101268.45169905681
2022-11-02,105175.27249303246,112903.03143489377,114616.8707241098,109918.23357186535,114037.14154129363,110222.21766769236,113932.5459630923,101050.57133683741,108612.26069220186,112675.1608223379,100377.20675060498,128780.07055974103,112793.46443841934,111987.93054737781,113794.69249928647,112596.4206498655,103949.44606941765,99814.15171293936,114089.88397999278,109857.06133179172,105175.27249303246,99707.34987482622,100885.98073731063
2022-11-03,105207.17163110051,113045.19273837072,114807.68001023903,110064.09003073764,114138.7331806671,110291.24600436765,114070.32575103301,101183.43364117322,108518.23340774469,112827.47203402121,100402.29414877774,129396.38071927676,112953.5930064247,112111.71994440052,113938.92647415615,112808.63385232272,103975.42628173677,99872.93558352519,114239.40438767703,109984.59594527948,105207.17163110051,99749.35941436564,101013.27729408265
2022-11-04,105315.15433148024,113039.02071694034,114855.08018820723,110086.06078041893,114011.3734166401,110217.43514851214,114089.94925161143,101225.14771085758,108451.75481137652,112630.75352939384,100427.38781707463,129484.17898724623,112958.1346462406,112059.40112304386,113936.31369443648,112877.2336703048,104001.41298732212,99825.84537147211,114217.57830136907,109985.3500469396,105315.15433148024,99732.93914332977,101057.9524488852
2022-11-07,106011.67665409585,113835.53155378657,115701.97047014387,110677.83577336276,114654.60808385657,110665.16617335693,114937.47858196117,101777.09624080222,108537.85284495683,113162.6477947678,100452.48775706273,130653.19216113296,113750.3553350929,112770.58860800436,114726.01336839978,113753.05645952788,104027.40618779662,100245.99691842718,115011.93577977567,110542.28338901993,106011.67665409585,99757.86551891066,101606.3154593296
2022-11-09,106018.76890837665,113756.17249299545,115621.2391352199,110638.27943522428,114633.89883811137,110689.82205384414,114850.99931541021,101816.7351173118,110376.36980804056,113248.71771256531,100463.38066444131,130708.48090097005,113617.64969473451,112605.94676556703,114620.7666789673,113625.29870058243,104053.40588478358,100276.04795223061,114956.33423722092,110533.89990538616,106018.76890837665,99782.79812437113,101631.6330082251
2022-11-10,105580.8298865363,113295.1637091166,115136.56285971035,110329.3729254971,114250.22284561188,110428.37427507859,114379.8390472884,101394.79509314366,109253.4267348452,113021.84921387536,100413.99584607549,130168.51444675498,113178.46624193835,112147.62659384616,114107.94547046236,113278.0062036401,104079.41207990666,99936.29427202864,114512.45101687027,110226.30121698524,105580.8298865363,99807.7369612682,101213.63604369476
2022-11-11,107219.17490009333,115041.2303684447,116828.01093930956,111476.66053622321,115992.57475107272,111603.75550994757,116180.73977580387,102193.86219454903,109366.60527556392,114174.01183620821,100424.3251589441,130776.74067301197,114798.06869977289,113797.99450146075,115758.03458430838,114836.45039341539,104105.42477478988,100931.65748076132,116250.39792033567,111384.35138074248,107219.17490009333,99832.68203115932,102012.24372317256
2022-11-14,106597.24065155267,114289.34136786417,116041.43746865398,110932.47185433932,115100.72279168482,110983.96564518263,115397.15800117454,101670.94553202776,106858.34303743766,113010.67937196372,100512.98189686093,129280.54112529996,114064.94691694604,113101.21723287205,115019.24606512,114072.59394644425,104131.4439710578,100454.43813058273,115424.03959577257,110803.87769072285,106597.24065155267,99728.95776651271,101509.67787676444
2022-11-15,106961.27669508058,114782.7769607424,116535.21221379082,111287.36780773534,115456.27597507327,111229.9408007341,115895.9369701622,102107.78253731363,106581.14211946943,113287.19970576715,100699.32135756055,130316.61395468279,114561.9692981425,113623.85211412187,115441.8575191737,114617.2697078297,104157.46967033525,100720.45716454141,115878.9504740989,111145.19530210916,106961.27669508058,100134.38378408321,101905.97749565229
2022-11-16,107151.83829753127,115127.43439100632,116860.29173890842,111520.7998738792,115867.92420663287,111510.22891454787,116254.1213721306,102340.57643060345,106383.39355611015,113702.94053208787,100690.02312462639,130648.5627291218,114883.14403885456,113923.2081048019,115730.07728347353,114992.77804600587,104183.50187424762,100749.62334951595,116244.04474962098,111380.34526512354,107151.83829753127,100357.7963718399,102133.77040465423
2022-11-17,107249.60979584111,115087.91330179806,116838.23822087285,111494.4060932206,115789.37129866958,111457.56246270724,116220.51880816833,102394.38965925098,106366.08122257983,113605.06927507347,100700.36866317703,131212.42610013767,114880.46003122245,113906.56227947761,115690.86181390542,115040.12783669353,104209.54058442058,100617.23865040715,116164.57417548558,111357.97102638034,107249.60979584111,100304.75535782913,102200.65846108912
2022-11-18,107207.10954155608,115019.42419326406,116771.26421310863,111463.6868600168,115645.65734815421,111357.07263392705,116136.04608712642,102236.10610827547,105507.62499702915,113337.93435998795,100642.10904838081,130674.09829911916,114807.6992341001,113874.33246723018,115657.09644381687,114888.27896254188,104235.58580248027,100610.64967191033,116081.87819395312,111296.45475508689,107207.10954155608,100329.82464813658,102133.70320051612
2022-11-21,106737.3683842353,114342.96128073933,116090.75041865438,111018.19205352443,115046.59290576688,110942.58032268898,115411.66456486934,101597.9967402676,104737.88680129086,112956.02965434668,100547.25911888595,130680.37377690164,114118.2765771001,113167.8762425852,114967.17496984785,114216.52739651933,104261.6375300532,99898.24195350635,115399.5882435777,110853.98657833197,106737.3683842353,100354.90020404245,101577.82613956736
2022-11-22,107051.20903595298,114856.5029726824,116594.62652621136,111365.76414808819,115592.67724051703,111327.46381659959,115942.76058271602,102005.4711332144,105480.11644487134,113474.47167927862,100633.30664172763,131033.45916043056,114615.3519816015,113698.9970328777,115454.48544954733,114689.03139600126,104287.69576876624,99925.8428470378,115932.29137859633,111211.37663459458,107051.20903595298,100379.98202711271,101891.46724086926
2022-11-23,107098.6990248679,114888.28331493567,116641.76534140213,111410.22929442037,115507.41762097803,111279.66200280683,115982.50131866394,102059.41329456418,105283.62180044268,113259.98023093076,100627.11504141409,131090.1116505566,114673.002288847,113715.36530459087,115532.1515977381,114768.31241408322,104313.76052024681,99852.90782364183,115935.01119486179,111231.5755703132,107098.6990248679,100405.07011891373,101980.46597321899
2022-11-24,107831.04838681714,116319.31711341576,118034.76464605391,112371.66581727023,116959.93585024544,112266.3245594045,117449.43610160923,103155.95166952843,105625.89584192733,114528.16811569409,100729.92724967505,132126.7417837475,115989.33622278633,115037.96925210037,116887.59803612927,116039.58051185889,104339.83178612267,100684.97026390275,117390.05473618941,112198.95255800227,107831.04838681714,100430.16448101222,103045.28099618373
2022-11-25,107823.04750135838,116329.0989661109,118054.21331461372,112375.65057714538,116940.62723842383,112254.86724371112,117445.84869395151,103206.934218542,105480.2449582498,114400.82836994738,100862.60499784339,131867.7286048968,115971.76515992278,115021.52323518864,116850.35584974202,116040.289120498,104365.90956802187,100660.85737275523,117386.0149276281,112202.47558762273,107823.04750135838,100329.72831968505,102975.42310231025
2022-11-28,107755.77593007943,116407.57351562342,118191.44900193838,112461.10664144851,116850.41872569936,112203.3512044591,117539.13628298938,103308.28988827585,105245.60248397107,114267.44904934472,100862.04279484498,131594.96174635962,116075.00553433062,115103.2965506144,116927.24087074271,116191.03288065309,104391.99386757305,100455.31560504448,117446.03402880671,112273.99971916196,107755.77593007943,100461.789272773,103138.8696763319
2022-11-29,107800.89593304842,116994.1891431206,118772.14879732454,112901.57959240445,117637.3135294609,112747.35016117895,118129.57327038528,103428.30058170338,105812.9175324319,115390.56852623686,100887.25136868386,131738.08211999666,116635.11130856525,115676.11052350208,117496.24675369849,116729.5354372768,104418.08468640517,100694.57231094765,118153.90490650162,112724.20414056235,107800.89593304842,100822.43197736848,103196.36593780149
2022-11-30,108133.04747589715,117572.45041703466,119338.31912937496,113251.06660413375,118305.31351505542,113139.46985248846,118685.23653670291,103756.60650546261,105376.97960702999,116008.02517886202,100897.33465979538,132300.90220550384,117131.9432360653,116146.97553822599,118017.0614840708,117228.66596796789,104444.18202614755,100970.04274504684,118735.60015148322,113091.0549038717,108133.04747589715,101217.02605251416,103595.00664698142
2022-12-01,108536.85449557546,118045.21661122634,119793.91895222863,113686.60395336994,118775.80920401418,113570.00452516963,119200.7585803158,104266.732757555,105011.8530961072,116276.92268887172,100891.56600257927,132989.0662363317,117583.52005213681,116592.22188286751,118491.68900026758,117663.7825822594,104470.28588843004,100922.14219666888,119213.70362774206,113467.02859442131,108536.85449557546,101242.32334775318,104119.69323639204
2022-12-02,107971.43411989954,117202.06818744949,118967.94329643676,112884.94782206173,117828.7757184006,112737.196945856,118324.63392705079,103699.91984107254,104224.58262869593,115300.20166607849,100916.78195518961,132194.14958933488,116783.3141729421,115771.49439492953,117677.18388541897,116898.3746960468,104496.39627488276,100496.90645561866,118316.28557954286,112698.11574559807,107971.43411989954,101267.6269655762,103626.0932969638
2022-12-05,107954.07008654301,117221.99420999497,118985.52281439092,112904.37062835348,117764.86343259436,112642.58515355432,118339.6268473222,103701.52328223888,104180.88614232095,115071.75346547109,100942.0042100538,132274.8121325665,116832.04082458292,115785.71174621875,117711.66025240296,116995.74621523242,104522.51318713634,100407.95554285613,118303.46790777176,112677.31553709654,107954.07008654301,101292.9369075634,103628.2716649019
2022-12-06,107463.49905147628,116685.71604768692,118466.28210629466,112418.55653410866,117398.58592741788,112295.78099096174,117779.61436436952,103107.17371146289,104088.5232229323,114784.91434394573,100967.23276874707,131265.6734592354,116347.5074272675,115298.54548698952,117283.05604864273,116458.7526001782,104548.63662682178,99740.43832002036,117799.61448180232,112221.77176778298,107463.49905147628,101318.25317529537,103031.45108243647
2022-12-07,107508.92924035125,116888.48846094665,118657.03230182476,112626.39884123999,117842.33938240711,112666.54718367974,117997.0491387247,103125.25226577798,104774.78736779622,115363.08769516501,100963.26636165245,131292.18885378735,116569.45355558675,115517.5775678827,117535.6612054473,116653.34269201892,104574.76659557047,99703.24739906614,118057.68140990727,112438.77131864012,107508.92924035125,101343.57577035319,102917.76235760187
2022-12-08,107819.80268292034,117324.3767773227,119082.25157084878,113034.27081715348,118093.2086836389,112830.69065143785,118388.68290441098,103509.29036372689,104546.10515162839,115074.13629429259,101060.96421978102,131870.29792504123,116968.68051973141,115888.83575781592,117927.9288901262,117087.41297540542,104600.90309501426,100019.48939896708,118364.16381342782,112744.58010314903,107819.80268292034,101368.9046943181,103282.08204986788
2022-12-09,107232.34985650468,116875.11827520806,118680.41435566827,112638.46147814005,117808.74411922884,112589.80272648574,117959.50918152112,103075.80291205193,105253.7523593998,115088.29846021715,101049.96580300694,131244.37200859044,116603.69764144094,115528.87449997569,117579.80661134979,116700.81832621864,104627.04612678537,99702.11564737128,117975.07434038774,112432.66022357019,107232.34985650468,101394.23994877205,102705.79615530888
2022-12-12,107063.55871196605,116733.6348967424,118559.6410260941,112523.51533784726,117737.45617040434,112540.46859524079,117842.52482709501,102945.76242747981,105702.54434022632,115063.26712777863,100956.04102869364,130902.66947043632,116485.97419163973,115409.97139065634,117480.8399795239,116565.79215092755,104653.19569251637,99392.09976749975,117849.83652543693,112333.45246881244,107063.55871196605,101419.58153529713,102616.78476581124
2022-12-13,107170.0495199998,117472.4662340106,119288.27195346694,113212.19361684016,118488.53465010598,113247.24335233094,118613.03388221894,103538.31566483097,106361.29723138381,115824.39248938281,101436.78821112978,131911.73461794693,117195.52252595093,116083.54128848977,118197.05301292185,117304.72724117793,104679.3517938404,99536.79385463241,118614.17994743859,113019.58178838885,107170.0495199998,101358.61519607797,102769.78604410467
2022-12-14,107356.95871167557,117603.88676832254,119424.77360078227,113335.99819306153,118537.60846067933,113279.28762752916,118762.6120503071,103682.88833359448,106079.58356605197,115541.92063910529,101315.20124358118,132112.9864738189,117356.44069961646,116221.35329935554,118336.64472287828,117509.82250075652,104705.5144323908,99323.49255266893,118710.5533221446,113080.57483223054,107356.95871167557,101511.43693102126,102932.78876335896
2022-12-15,106870.86746558914,115997.73030205995,117815.43184096692,111815.59040862827,116915.13424913958,111795.68663168824,117090.13877427772,102499.9104584706,104191.95715209446,114017.88951381446,100729.50845704744,130330.89994397358,115794.6333268407,114720.11414402332,116774.48044637972,115887.88294380266,104731.68360980148,98584.80571667413,117043.46395846811,111595.57172954186,106870.86746558914,100689.85733420019,102303.41925508027
2022-12-16,106580.45492763788,115212.42431761442,117013.63841263148,111061.98309978188,116164.83943998959,111091.4003244565,116225.73516201066,101904.65571417872,103121.68326266184,113172.60665891993,100424.15807366076,129281.37218934485,114993.37065079385,113981.107886407,115992.71787960059,115005.09352832848,104757.85932770674,98038.5703334006,116206.0397694219,110847.2689816218,106580.45492763788,100195.06330635845,101977.93439122908
2022-12-19,106927.08424029342,115887.30177100329,117728.37878552439,111720.37704225362,117046.57833506505,111919.78157808818,116909.71628789105,102320.17693801179,104569.29551825707,114328.73418454763,100659.37759463968,129952.68481182276,115653.47756059225,114640.40809728584,116716.2653055676,115603.32841382043,104784.04158774126,97924.71036454929,116961.61077530736,111590.15201712088,106927.08424029342,100220.10518119717,102207.5273111197
2022-12-20,106716.61958052077,115598.33970088343,117451.59536005453,111455.46189813176,116628.08610783133,111575.78553807644,116664.5243197445,102101.14521880979,104536.15351487331,113976.66639790211,100599.27727252542,129636.8993643026,115386.81170812462,114355.62728847761,116421.27071486006,115382.80762919795,104810.23039154006,97782.24640231511,116672.48183817444,111322.41452944423,106716.61958052077,100245.15331478234,101914.97987173313
2022-12-21,106628.75138644694,114527.89587901715,116334.80178800164,110425.93397186243,115597.37162068933,110624.59701063296,115566.07216343713,101316.24565846832,102931.63514794868,112988.50280848966,100305.25845223424,128304.53806394148,114363.27293136824,113345.94309889436,115369.03793681333,114373.83890234429,104836.42574073862,97187.23064188162,115600.4444634902,110277.81641921845,106628.75138644694,100270.20770867822,101535.57524488078
2022-12-22,106406.50677326051,114187.8202512212,115976.27166746813,110079.4422080702,115139.96514871439,110221.38821647261,115190.02455984477,101100.36628322321,102232.06100479141,112536.02811906132,100273.61654693987,128101.84315166411,114015.61413255583,112985.53042993705,115035.53920809782,114025.04922613359,104862.62763697293,96954.17648695635,115233.83707436103,109940.97141022248,106406.50677326051,100295.2683644494,101266.11276203723
2022-12-23,106092.53688744029,112362.33720470424,114097.64089524282,108329.05766142099,113408.64657859982,108661.90145565073,113311.11025697875,99686.887507627,100561.98926858988,111122.11639232658,99435.52669345986,125987.1461099251,112256.33812281534,111245.75449191226,113351.42514742118,112172.3437709598,104888.8360818792,96086.67692576039,113402.78064351823,108250.25832586228,106092.53688744029,100320.33528366097,100955.17430079273
2022-12-26,106119.05272507128,113805.92904709214,115600.64517645985,109724.37300089445,114776.96352951943,109917.83223347373,114843.40282259937,100728.22652096074,102811.86003003427,112294.01090457893,100160.96884303511,127698.18418624184,113641.60508757741,112658.49238715043,114683.77283799343,113582.06726555884,104915.0510770942,97135.35049111496,114868.22688042512,109615.63360878716,106119.05272507128,100345.40846787838,100980.40615110288
2022-12-27,106145.57518983805,114273.04618437731,116070.7547359057,110163.47041204649,115061.81057869323,110157.2785896638,115302.30752759696,101203.77709854062,102604.51068952643,112215.53475338893,100228.4819733555,128425.60820621143,114063.64219544893,113059.29280621871,115107.4772049195,114023.68574158472,104941.27262425506,97099.89987705798,115241.7253574088,109984.63261399671,106145.57518983805,100370.48791866741,100991.29576570306
2022-12-28,106172.1042833969,114018.62871851106,115822.7997389537,109932.65881139871,114802.93219167461,109927.20370326456,115057.47735632918,100946.5915923514,102870.3719229156,111943.5645226965,100183.22550804073,128004.49055969185,113816.11442609722,112837.62517607152,114808.94263969582,113800.58728023863,104967.50072499929,96996.64821297413,114988.68692933902,109755.41139321415,106172.1042833969,100395.57363759428,101006.5217469301
2022-12-29,106198.64000740458,114640.5584997392,116457.43195150542,110511.50107189477,115338.96035886004,110440.74356239506,115701.84161098971,101470.3969848912,103304.99628273773,112508.77058906133,100238.97927564826,129051.34929490964,114423.82593172908,113393.05087314828,115500.65820270852,114377.75599705124,104993.73538096486,97364.87539721494,115611.28827827417,110345.3603436497,106198.64000740458,100420.66562622556,101096.81959735072
2022-12-30,106225.18236351825,113801.23149582293,115628.22940866127,109655.70227668475,114407.34058455311,109525.29926354489,114827.5799987675,100985.91346406647,101950.08550717561,111481.71115531873,100153.21687211916,127868.73426065757,113630.97956804908,112613.52498404706,114697.12192327353,113582.22016403591,105019.9765937901,97167.77684989349,114750.20843593842,109483.4153696326,106225.18236351825,100416.4135318544,101027.55025944614
2023-01-02,106251.7313533955,114319.41643240977,116155.80897888256,109945.44354292903,114886.04996350544,109807.29027144323,115349.92949090073,101093.62302777254,102318.8963886094,111963.88923866309,100178.27210015376,128223.84299181555,114104.27995137677,113079.9839839281,115171.1949184784,114061.54581920891,105046.22436511375,97392.83207607092,115268.51317975706,109790.12105041585,106251.7313533955,100401.54019714986,101012.3512768024
2023-01-03,106278.28697869426,114376.78849925363,116201.00256445986,109982.89953352613,114941.67240508414,109888.85448693695,115441.30631694716,101158.08028823002,101928.20735670668,112108.43293470007,100261.29285395832,128448.06292035378,114159.20668959375,113114.64038485324,115246.9499284811,114116.23850840156,105072.47869657505,97362.69449709963,115339.69744024772,109821.77246848044,106278.28697869426,100427.37018450751,101038.36345077808
2023-01-04,106304.84924107297,113312.89802341435,115133.60724325928,109426.69886489317,113923.73864276917,109351.50006103728,114387.27088506093,100796.72645526145,100729.81789416399,111366.31501681973,99998.2367090378,126973.0429189635,113130.75886422672,112098.88577399931,114219.39412545707,113074.3401453586,105098.73958981354,96892.75310067968,114295.10769859135,109252.13620483634,106304.84924107297,100309.37359457581,100929.55200135989
2023-01-05,106331.41814219045,113249.72141360037,115078.08256044527,109452.45758324345,114247.03662115641,109512.98581372706,114364.78223410468,100835.61727530046,102251.63587183712,111964.0326674778,100058.19183636157,126620.06996745683,113115.78577688412,112094.24237482878,114179.30594803394,113073.7891845019,105125.0070464693,96993.87937415682,114375.72833343214,109306.97059337841,106331.41814219045,100224.43115272402,100858.74670527269
2023-01-06,106357.99368370594,112483.93706819207,114342.37546302282,109032.5395618384,113490.83097228671,109049.59877094475,113539.93810801287,100746.2487966284,102452.45267801055,111062.26157876193,99950.4766199716,125743.30452516358,112381.24942672318,111366.8190337251,113432.6303025541,112344.20723042673,105151.28106818261,96789.83761328882,113557.45974023466,108892.74885243669,106357.99368370594,99973.05724333903,100883.95445531583
2023-01-09,106384.57586727901,114307.55807012018,116167.41718651247,110104.97690142046,115457.34285944595,110213.2845611819,115435.46233446935,101070.6776248762,103536.05658366179,113169.72725672026,100393.32889800925,127543.91077459737,114112.5657617274,113065.88641772848,115201.4348056138,114070.61227241508,105177.56165659435,97419.83024940509,115513.79927354745,109990.25819130655,106384.57586727901,99998.04363193065,100909.16850556282
2023-01-10,106411.16469456977,112847.98475788225,114676.90657155383,109343.88110576931,114045.58388397901,109418.85043047939,113928.26626865304,100639.60887630584,101905.90943080495,111701.51065856169,100314.69918025372,125763.81775108683,112684.88706082191,111720.43955520923,113721.88583269574,112611.88015048018,105203.84881334573,96611.58984616239,114021.90482437557,109202.07812932035,106411.16469456977,100023.03626540092,100908.32236582495
2023-01-11,106437.7601672387,112568.66061756606,114385.64683111785,109170.59909508258,113555.64414106631,109202.075272105,113684.11646114194,100907.20349308803,101303.58585966702,110827.84086159752,100228.77897286102,126434.17007953483,112357.87340404182,111459.01793353587,113370.9103112778,112242.79854377967,105230.14254007836,96758.2414005965,113614.74202516967,108988.73549316356,106437.7601672387,100048.03514531071,100793.0283374328
2023-01-12,106464.36228694665,112390.85405732527,114161.46415732335,109074.87457283738,113367.95715479586,109105.03099984801,113484.11961484066,101101.24062932351,100707.42469832292,110308.86483043755,100386.39267738814,126663.47884740354,112145.73776249055,111191.21646091594,113192.11520136616,112053.6091046979,105256.44283843432,96736.90605017182,113357.36368745659,108877.0007225389,106464.36228694665,100073.04027322115,100782.89857044107
2023-01-13,106476.95915516802,113099.43938245774,114858.99113953956,109495.22022658055,114032.39116731558,109493.06452184515,114205.59607198196,101097.37324674548,100614.82823215812,111012.4993395393,100521.30307087942,127325.71513386344,112871.48161612923,111929.13673570527,113905.5748843941,112779.15556929003,105282.74971005604,97001.15992498898,114093.81085832776,109288.23875618218,106476.95915516802,100098.05165069379,100780.6971348192
2023-01-16,106598.90870181106,112907.55874258254,114632.09149211069,109380.06891734706,113838.77954004615,109411.80467852156,114029.38573612437,100947.78839618676,100972.38283513683,110900.53230604526,100531.85808685653,127242.02295764613,112676.95486941576,111683.89798436263,113793.1399697045,112554.51484956853,105309.06315658639,96939.9737629295,113922.80870236113,109169.37788568488,106598.90870181106,100123.06927929066,100728.03994200894
2023-01-17,106733.57587747645,114118.23687570695,115833.7101972327,110126.4329832529,115328.01364251901,110265.83453734913,115269.82373906132,101481.6008634232,101343.84233089125,112213.29308276885,100818.0141340459,128325.79578890104,113790.9241913026,112707.064050637,114875.35986708854,113790.66511951116,105335.38317966869,97717.98822696182,115192.95288258989,109952.47065940445,106733.57587747645,100092.61655829367,101243.78199975948
2023-01-18,106813.25676711608,114997.71392979952,116708.51247311846,110626.16501614127,116326.68271755318,110828.39696611566,116165.94526300614,101900.91502936649,102006.60494304665,113047.33594063476,100895.39625973381,129360.74047188704,114585.83505129907,113485.63152316934,115642.73371263957,114629.0050608124,105361.70978094652,97921.89362955444,116070.27047755188,110478.4269925831,106813.25676711608,100329.59773154846,101467.47626697064
2023-01-19,106757.06621599273,114609.92358350946,116318.15739548583,110397.6307854927,115806.43812902141,110561.3646875823,115750.36100178299,101926.38324981483,101317.93175080877,112304.95079675294,100920.61316964497,129294.06692929684,114181.97863058417,113104.35515190005,115231.21086496138,114210.13582918851,105388.04296206405,97742.8835327958,115593.05422317468,110234.90185685645,106757.06621599273,100154.95604678158,101409.08835392923
2023-01-20,106251.20555040985,114014.78938996658,115735.85674484407,109988.82328767862,115044.97322078476,110163.46366863605,115186.44234263278,101951.85783556664,101901.80195141518,111582.85100913266,100945.83638204933,129159.60366824624,113616.85227149197,112582.19659285959,114676.32328764885,113591.91971796234,105414.38272466579,97641.51788887878,114923.67209234471,109826.46548852317,106251.20555040985,99841.73210881534,101034.00963390406
2023-01-23,106706.61686145113,114875.58043148756,116579.85292631037,110495.34272307596,116043.85808236073,110722.08828095169,116089.41569050988,101977.33878821287,102907.97170454527,112814.53294453878,100971.06589852205,129955.8297479235,114461.62053289641,113391.61479974305,115506.36287143208,114486.52835509797,105440.72907039661,97922.55172530345,115903.80218729384,110341.1394974692,106706.61686145113,100254.56418077252,100991.63151394328
2023-01-24,106859.93581488698,114913.16987706485,116601.46010223185,110515.3421175896,116206.4243098202,110820.1846636937,116150.55977704107,101988.47500837808,103112.59321829844,113213.43454584101,100996.30172063867,129736.741195788,114473.07720976841,113409.75679715083,115532.95500563858,114476.35084281937,105467.08200090195,97896.28433297915,116011.79208243439,110382.26071229352,106859.93581488698,100408.81938711958,100896.88658825864
2023-01-25,106327.80617159157,113642.19510946795,115287.41089086805,109858.2550903914,115360.44538398173,110343.41041657698,114881.47455785744,101978.89270351104,102691.29455855528,113031.84440758385,101021.54384997522,126951.0182982843,113177.39439004086,112154.83350857302,114221.43625531431,113155.62323162465,105493.4415178274,97878.91294367793,114906.35073825688,109778.56415815446,106327.80617159157,100004.80629658695,100754.30773797432
2023-01-27,106043.00975926252,112083.66042980964,113680.43049285072,109015.46910131638,114473.65492261063,109831.1604399816,113352.910520312,101755.6281265591,103748.45877191945,112902.23192976446,101031.23371942149,124000.09867989179,111590.62439898892,110596.37675358562,112719.75696457397,111456.76860006059,105519.80762281922,97577.12924585656,113564.87746738848,109026.61138067658,106043.00975926252,99714.09879550165,100468.56170420953
2023-01-30,106001.72557458599,111899.8040104344,113492.26028338377,108888.92889765714,114104.93567134686,109665.90391386506,113171.53522854886,101829.6094839708,103388.35151431902,112613.52354710505,100828.42062947976,123799.48251882089,111431.2469583074,110480.07399808925,112510.02605459101,111303.90560135667,105546.18031752392,97569.1301998721,113362.62318119375,108892.45111666124,106001.72557458599,99484.32327610676,100312.4283206287
2023-01-31,105920.47792596693,112259.74455475733,113889.1275886694,109077.76464118439,114457.43287855334,109790.96012725313,113519.622744432,101565.37497521623,105491.43134311376,112901.2236194735,100891.0099818709,124149.13493451122,111789.32628722087,110903.30789507703,112846.87669989653,111617.55671782538,105572.55960358854,97627.72629941083,113707.88958175633,109090.96384260773,105920.47792596693,99509.18751481961,100337.49952864915
2023-02-01,106623.7027986078,112751.78696518608,114327.2655007461,109337.25404396561,115369.63465751715,110245.10254337416,114109.03768560267,101726.66020467108,108190.66830503232,114232.46486678389,100902.41506108634,125574.42903905858,112189.76199107127,111276.78705488701,113278.22829400038,112014.45830010468,105598.94548266038,97845.19554502558,114336.60216188955,109456.34287042465,106623.7027986078,99534.05796788206,100362.57700274729
2023-02-02,107339.24374584085,113989.66702320457,115548.24030316451,110043.62432559056,117183.58680063752,111165.5883136903,115478.09792824108,101894.63245470323,113300.16134336953,116887.02950135875,101039.55649202167,125915.19631560719,113344.37589474555,112348.5306718539,114457.86642903675,113227.2892338522,105625.33795638729,98184.83982021142,115879.41863537612,110275.46608316278,107339.24374584085,99558.93463684729,100387.66074448924
2023-02-03,107930.75804685075,115397.54615831128,116975.46390610059,110807.07338344959,118508.01604180827,111855.76163081697,116910.24727681463,101963.14505332416,113913.88122649024,117916.84860262723,101145.92746541498,127850.02607551911,114729.15971121783,113716.26014039191,115902.32654016404,114570.0936286252,105651.73702641745,98856.36091303802,117263.53151629012,111034.38838115094,107930.75804685075,99583.81752326884,100412.75075544148
2023-02-06,107695.1837816994,114822.21632431539,116417.42067966712,110495.58490592963,118061.86371754714,111627.74031240576,116350.24523176125,101996.14001357795,114719.15407734874,117714.34107129186,101128.9780721001,127124.350952303,114173.96479874496,113147.5127009359,115357.07289721025,114018.76126046518,105678.14269439955,98781.0724280069,116737.13272762224,110733.4619567834,107695.1837816994,99511.21658800385,100408.62700733553
2023-02-07,107703.79102331595,114341.53951846348,115937.05000546413,110243.30131470252,117241.84890388678,111234.45599166489,115825.8587354311,101762.51836088591,111708.97167186897,116472.70330875002,101187.52865781555,127262.52300089554,113714.56408390398,112682.4442648498,114874.53679017612,113587.9333711801,105704.55496198255,98699.12160613544,116094.56946408472,110411.39156868038,107703.79102331595,99101.99007849851,100191.06202131322
2023-02-08,108044.95535090039,114677.92697078158,116281.28042200838,110428.86808887153,117462.08453956246,111353.62452926933,116186.48549533718,101974.62276802694,112397.27994925373,116759.96613742055,101078.38710794618,127378.06632464455,114052.99047492839,113018.77126851837,115181.91324271077,113959.04332510385,105730.97383081588,98769.26025579464,116458.12790061247,110594.15572875233,108044.95535090039,99274.34059680978,100399.74583865637
2023-02-09,108299.74096271438,114923.47360626778,116504.56945724279,110582.48905881043,117601.7946866011,111439.04527462687,116407.81119210148,101996.85514182725,112013.57305804109,116606.2610757017,101152.8103265508,127883.9461592717,114263.37776105691,113199.4385056392,115412.123462496,114179.63811892414,105757.39930254946,98773.82988075436,116645.97077588564,110728.37703507072,108299.74096271438,99337.40480290513,100423.94926299514
2023-02-10,108256.77869200685,114806.41321867812,116381.38056514377,110526.46215002917,117441.9932562768,111373.19500024767,116276.38811386965,101948.82484678984,111146.88628274394,116294.70128091637,101151.5337948675,128142.10452541643,114151.3299733843,113083.96127385835,115331.24810623933,114040.29454572007,105783.83137883357,98641.53323257572,116481.80741656023,110655.05711795176,108256.77869200685,99229.80287147545,100380.34170774095
2023-02-13,107852.47427548871,114225.07521277804,115804.30776210173,110225.75228210451,117128.60967168641,111231.95693701453,115697.88570880584,101667.82129989188,111988.72058350488,116076.76176307304,101316.93903593684,127920.47643489743,113596.19498977839,112557.47941437307,114829.06425519988,113404.28420750519,105810.27006131885,98131.88512206622,115915.48051791296,110399.05876247353,107852.47427548871,98867.69036127668,100093.03516567056
2023-02-14,108094.04199604972,115464.701329602,117072.93666990515,110885.55756335908,118525.79462758783,111966.02914708701,117013.72509608458,102291.24704567649,115635.28825732745,117801.57388437551,101267.77095554145,128444.30956627826,114781.54999317514,113754.80987042743,116000.10040424907,114591.58158287284,105836.71535165644,98332.3676856795,117284.75911468086,111133.80873680569,108094.04199604972,99466.79358780522,100684.62240099121
2023-02-15,108199.11576931555,115827.08856511752,117466.91833791323,111080.22957190256,118834.72275862252,112163.58219176004,117416.60648996272,102422.10044387332,116237.81898923087,118317.45276176256,101299.39092628482,128268.90001255565,115131.8216811529,114137.14761843313,116309.66923793525,114949.80726366666,105863.16725149775,98221.90225168888,117685.37701222616,111348.12062610615,108199.11576931555,99483.50302846305,100744.05312433785
2023-02-16,108358.13959906861,115798.08791866286,117427.08704459335,111071.74907523423,118825.76591404162,112171.22855132315,117418.80226966296,102545.87951105845,116341.98985863966,118402.02051621789,101312.15562884275,128499.06922698149,115089.65114785994,114095.58764668528,116258.68936009902,114915.72108242361,105889.62576249485,98195.75017571457,117674.0462832862,111344.67388104196,108358.13959906861,99461.24429553428,100865.12655806406
2023-02-17,108100.7028124811,115351.73386219102,116980.78730760224,110839.19451680213,118440.24528723363,112009.64724400724,116928.94564930376,102282.58913388722,116591.3995824565,117755.74439331827,101519.98942336661,128223.55462546568,114630.55707962373,113613.10442402207,115833.73640383303,114446.46385699873,105916.09088630001,98032.63238385499,117154.95401951757,111127.28149300504,108100.7028124811,99373.27549321078,100585.69343044564
2023-02-20,108140.27273147977,114967.18681599366,116554.62447263833,110629.02605884473,118173.91398241515,111875.86394728544,116521.56325577306,102242.70474830686,116776.79585870377,117573.25831714027,101498.21023736388,127746.13043805346,114210.05703412916,113174.77353906038,115413.9533937559,114043.19446888451,105942.56262456594,97916.29745878841,116791.62667744732,110934.91037218814,108140.27273147977,99133.07466840658,100538.57440970282
2023-02-21,107974.35113990876,114855.17951528888,116462.75119528902,110584.04971550069,117994.64350832594,111810.31816792898,116377.90077884798,102069.18052922707,116236.52268662481,117252.46699956054,101457.56124214116,127524.15158545558,114097.39713243599,113061.74325774274,115324.23423794226,113908.29250140309,105969.04097894575,97676.59744597637,116632.3874864839,110881.48766225108,107974.35113990876,98955.8005265475,100367.34097557928
2023-02-22,107725.54489452062,113498.2176156335,115073.92002113584,109823.21357506477,116802.16851535504,111179.98504065393,114991.71157166992,101720.7775215981,116703.79927737257,116413.21716345836,101269.0474986911,125647.69475204078,112781.93235450328,111760.37534455785,113996.96812055187,112590.53460915505,105995.52595109318,97290.87332917217,115320.56815120777,110137.65735103955,107725.54489452062,98980.53267092246,100035.86069391097
2023-02-23,107661.6772123122,113211.08196293311,114806.82367334877,109673.23635213972,116587.82541064818,111058.72125315858,114744.45116179042,101754.45027361099,117834.35953031333,116557.88145331718,101159.57662416839,124978.15916595368,112510.14444596879,111500.12235741127,113674.26656995776,112357.44844380689,106022.0175426621,97181.61175428574,115115.56333290039,109992.10379909628,107661.6772123122,99005.27099663258,99907.34739211824
2023-02-24,107688.58522710566,112812.27824559889,114415.89175804489,109468.95007032229,116066.6420796515,110806.92027024519,114314.38379763723,101587.44989139392,117081.01378489252,116023.290764685,101020.61648314763,124161.5795203766,112133.27795141013,111133.66192041531,113269.6116664831,111997.61886335409,106048.51575530691,96959.91723453342,114688.9190263332,109765.6548967664,107688.58522710566,99030.01550522268,99917.29674076168
2023-02-27,107715.49996705221,112243.05346406446,113910.59803357246,109148.12005320749,115267.37983063045,110414.0517553526,113718.86742256499,101111.98598303992,116223.84136914826,115168.19955485464,100481.04032166736,123017.67680951576,111642.43012404155,110651.7788680431,112786.91237363883,111489.81934547093,106075.02059068246,96289.6316334608,114022.64066560935,109408.84003575555,107715.49996705221,99054.76619823813,99864.35791229627
2023-02-28,107742.42143383266,111395.64865284317,113045.76001889592,108692.75419903616,114326.89970766206,109925.70981698293,112830.48089725828,100961.1908009723,114564.96485458192,114073.49945039343,100286.41976961539,122453.88252787142,110847.13334972339,109867.57781263998,111973.74626732683,110701.14597573224,106101.53205044397,96099.21356119367,113093.65525135728,108916.21219330982,107742.42143383266,99079.5230772246,99743.81649504455
2023-03-01,107769.34962912825,112254.53763526301,113949.21060009468,109195.54773153341,115204.60621418597,110380.09396960758,113770.61152876333,101229.16340997793,115169.15029186763,115006.71711856642,100311.48447728684,123079.84459139913,111711.7733166127,110776.21442440996,112850.48678169592,111509.61405434039,106128.05013624707,96253.45598601757,114027.61419609701,109423.39402633425,107769.34962912825,99090.08448517257,99818.30403517906
2023-03-02,107796.28455462065,111373.60502548264,113073.87530653884,108722.72959916563,114215.8293057862,109908.28757366513,112835.42521137961,100908.61674798746,114217.68346265085,113886.84912474068,100323.09683614018,122169.95275090181,110867.54405666332,109926.98039743456,111964.91018818613,110711.31611033263,106154.57484974782,95843.6422726596,113058.34973161062,108925.90583479338,107796.28455462065,99005.31469691028,99758.88146961691
2023-03-03,107823.22621199196,113497.06597463954,115307.55864599567,109881.78606926577,116375.39783799495,111007.80688640312,115047.9844673419,101412.55164051459,117064.8637129972,116028.00051963258,100388.30331814305,125119.25152616606,112948.75026440105,112014.5711998676,114171.5779219461,112662.04676746021,106181.10619260267,96943.47080755005,115239.29854682242,110132.22114738576,107823.22621199196,99875.48580236739,100010.7874505598
2023-03-06,107834.62220530042,114117.3787891855,115903.08926670147,110229.05293031351,117052.82783282622,111351.87354299563,115669.10396043753,101662.89293376502,118028.38660804738,116731.59128473616,100401.05439921694,126022.21253446637,113490.46710276316,112556.27516762678,114711.41389096054,113205.55077132466,106207.64416646857,97156.75929358233,115909.47196225837,110497.76518047755,107834.62220530042,99842.29901033963,100020.64368905725
2023-03-08,107899.14917169772,114520.04166022428,116324.7834856933,110467.81452082357,117541.47642076587,111622.38323693667,116118.78957400925,101867.56535592854,119313.46689394904,117295.42417651658,100511.7550446516,127431.13156530251,113875.17832622776,112939.36997293055,115079.19441408734,113608.52632718161,106234.18877300272,97191.31274846646,116339.37834121689,110755.61069610051,107899.14917169772,100098.91749448844,100153.63130448908
2023-03-09,107655.40144585253,113693.01420239886,115470.90703442972,110002.64836585158,116703.4717745572,111219.89015669785,115218.49641753934,101602.10857486443,117820.855533819,116242.68760927254,100363.42659855902,126075.62648703656,113056.67039464037,112092.92123182722,114256.69299619699,112822.09044524534,106260.74001386292,96985.82567119923,115423.24023821273,110276.82957664444,107655.40144585253,99466.41863651547,100035.622230637
2023-03-10,107326.51328768283,112643.15591183427,114366.8674288543,109447.74340660451,115862.13773613867,110801.88580242894,114144.37853219903,101392.6824540934,117958.29894082494,115894.42757429593,99965.97112492892,126056.85088527978,112030.41548104676,111085.1822590782,113246.03799522149,111762.03870279633,106287.29789070725,96424.59998755304,114477.56552583979,109736.28138462026,107326.51328768283,98796.73770920803,99914.4244673265
2023-03-13,106739.4012340087,111003.63487912026,112687.66708008217,108567.87455031316,114309.76465709721,110033.38364965578,112446.12040127361,101046.5244101518,116633.30185615878,114591.56751870175,99849.15307942704,124644.9592690075,110422.16566303797,109437.87335482222,111668.52379764934,110162.8660053348,106313.8624051942,95731.17546930743,112837.98655643388,108841.53327883697,106739.4012340087,97994.74793352834,99579.4819136361
2023-03-14,106552.54690640548,110524.59155579242,112227.40462655216,108304.98409944313,113760.53747518704,109780.17573615939,111920.27649206555,100720.59277082201,115444.99192176836,113913.32083427088,99899.46559837459,123515.60654722928,109947.91380740482,108906.76112340683,111234.81244338526,109705.69460289885,106340.43355898281,95511.12160902009,112270.12796727891,108568.35812639377,106552.54690640548,98019.23988085215,99484.35409784816
2023-03-15,106567.73584570312,109766.44498578215,111410.60968529337,107882.05346358806,112935.89018870163,109399.91069654815,111121.05572241562,100734.85448120379,115350.18272364575,112898.58432198939,99909.17868012628,123580.27614311606,109107.96799491318,108144.80136018633,110246.19460340355,108934.3551586682,106367.01135373245,95017.76164826739,111420.84642171634,108135.68493741562,106567.73584570312,98043.73794947837,99509.2183442643
2023-03-16,106634.43791432717,109702.56675281702,111514.2332989989,107977.0442436707,113087.5319257548,109480.90725308679,111208.39395817068,100798.2415060499,115965.99861166936,113088.19452537142,99946.16995033316,124177.45023117981,109158.34149052053,108272.51480943804,110243.6217958073,108959.41928941772,106393.59579110288,94713.07675045241,111556.8067559062,108223.1747264828,106634.43791432717,98068.24214093683,99534.08880503199
2023-03-20,106661.08918994528,109577.68832066855,111542.10418785171,108004.0310785324,113115.79603105955,109508.26995027158,111236.1884082226,100808.52901931132,115994.98213567695,113116.4587962805,99956.37050079348,124208.48605334376,108772.96616832077,107862.98428058569,109905.63512235665,108551.57838713312,106420.18687275428,94671.47338648567,111584.68828519521,108250.2230770374,106661.08918994528,98092.75245675788,99558.96548170442
2023-03-21,106687.7471265493,109973.04135554204,111569.98204250987,108031.0246582468,113144.06720044672,109535.63948624878,111263.98980497546,100782.70932196012,116023.9729035722,113144.73013131341,99930.76906349682,124239.52963232873,109150.61852183,108273.171883264,110315.20991801975,108864.87715352605,106446.78460034722,94976.25746854176,111612.57678294896,108277.27818781938,106687.7471265493,98117.26889847215,99583.84837583506
2023-03-22,106714.41172580405,110237.96628143115,111597.86686471441,108058.02498449959,113172.34543568188,109563.01586272761,111291.79815016541,100826.41249639937,116052.97091716556,113173.00853223569,99974.10280458805,124270.58097007342,109401.28471343998,108563.35806108006,110537.65549929262,109103.62379465369,106473.3889755428,94992.87828107143,111640.4722509091,108304.34006051833,106714.41172580405,98115.6691213519,99608.7374889779
2023-03-23,106741.08298937474,109848.02908756977,111625.75865620667,108085.032058977,113200.63073853099,109590.39908141772,111319.61344552915,100925.2096732107,116081.97617826794,113201.29400081333,100072.06482532041,124301.64006851696,109063.85251020138,108204.18978380591,110230.67541370049,108758.02298514763,106500.00000000243,95029.56805822969,111668.3746908177,108331.40869682423,106741.08298937474,98044.57171438893,99633.63282268727
2023-03-24,106767.76091892702,109213.60117059111,111653.65741872854,108112.04588336559,113228.92311076047,109617.78914402922,111347.4356928037,100896.78557202507,116110.98868869075,113229.58653881277,100043.88099983557,124332.70692959901,108467.11654016195,107582.45936805522,109654.06150847937,108166.64929158305,106526.617675388,94582.87300913075,111696.28410441728,108358.48409842754,106767.76091892702,97847.48906367797,99658.53437851788
2023-03-27,106794.44551612687,109584.7031044894,111681.5631540223,108139.06645935237,113257.22255413717,109645.1860522726,111375.26489372658,100958.86728746597,116140.00845024579,113257.88614800085,100105.43792374176,124363.78155525969,108804.55771846087,107875.58578805474,110024.74387013295,108515.77759549403,106553.24200336175,94718.0253632662,111724.20049345076,108385.56626701914,106794.44551612687,97836.43699465154,99683.44215802482
2023-03-28,106821.13678264078,109308.84335853306,111709.47586383062,108166.09378862478,113285.52907042841,109672.58980785879,111403.10105003571,100969.80376090246,116169.03546474538,113286.19283014492,100116.28194856213,124394.86394743959,108517.25101783936,107608.1423288094,109696.55394268785,108248.93529165153,106579.87298558644,94604.74200216458,111752.12385966151,108412.65520429029,106821.13678264078,97589.1227990403,99708.3561627636
2023-03-29,106847.83472013555,109809.50811690166,111737.39554989668,108193.1278728707,113313.84266140193,109700.00041249917,111430.94416346945,101071.24700740202,116198.06973400222,113314.5065870127,100216.86767112506,124425.95410807982,108959.28819613213,107987.03518711319,110123.49028274885,108769.37052305999,106606.51062372504,94562.13315882049,111780.05420479337,108439.75091193267,106847.83472013555,97697.84009450821,99733.27639429002
2023-03-31,106859.19075666815,111668.770568137,111608.7786741661,108150.77748079607,113180.40081343212,109652.7664032808,111303.26395643417,101113.67021364246,116057.9941974073,113178.24472616345,100243.96977611376,124276.10156805313,110746.43184953326,109886.50246659105,111844.7281497054,110508.32572343512,106633.15491944121,95167.21857592248,111651.2056545665,108395.09177905277,106859.19075666815,97665.03949466132,99743.30205717978
2023-04-03,106771.25081651102,111643.0129926276,111575.23066852693,108152.52427849245,113286.14948599052,109721.29571612964,111289.5405636241,101015.76019511625,115203.2135594871,113053.53438986103,100269.02387420634,123104.549614683,110716.53087845448,109936.38335374842,111766.5737075456,110445.83297494795,106659.80587439878,95023.08613506654,111606.58499941535,108381.66329870216,106771.25081651102,97521.30477267169,99646.59441109783
2023-04-05,106988.46854354776,112867.14961086573,112818.4751443649,108728.47325667326,114519.57334578998,110318.1022792316,112537.50300837684,101235.26432202225,117205.10049606951,114481.73321729964,100279.00859974053,125839.50064611882,111879.72112326037,111020.23141619044,112924.3153169403,111694.06499429204,106686.46349026219,95488.80506050782,112905.75347633824,109003.20927897906,106988.46854354776,98164.56704252482,99848.30660409454
2023-04-06,106801.12993785851,112986.99986557779,112950.51391880069,108813.3739667735,114661.69236455686,110397.65308501097,112632.20742773627,101269.71452769135,117127.27667888576,114364.36852362921,100311.15746940448,126204.70728172729,111976.17966537383,111081.57366510182,113045.96714098829,111800.94713603206,106713.12776869617,95442.25297522442,113024.75055454644,109085.52234458766,106801.12993785851,98201.19197865446,99845.62335012252
2023-04-10,106708.33911282777,113016.10362179506,112986.98856545775,108829.07826888176,114629.93024949267,110404.1710251256,112672.6875744767,101459.34037271494,117119.56734027385,114402.64836897643,100336.2283597995,126775.2054516734,111999.70064339395,111114.81360539379,113045.29558037593,111838.5943973724,106739.79871136589,95425.92878754869,113091.7420706358,109113.04599414546,106708.33911282777,98244.69682074654,100031.91072478917
2023-04-11,106937.12657727285,113401.32264146557,113363.69529928004,109043.79777417379,115288.26518405128,110733.46529650579,113111.2814530411,101643.51816899497,118846.65794937343,115174.05122715773,100361.30551619286,128659.50199278722,112358.87729316947,111481.76851757117,113384.56645230357,112209.55899657465,106766.47631993695,95589.98094696453,113542.90816002399,109354.68218702682,106937.12657727285,98569.64845237778,100207.59591580821
2023-04-12,107019.2629718762,113612.93239639314,113569.5844132726,109124.09661620666,115377.50663644997,110769.53506698021,113291.5424893856,101549.37150059662,118396.26298136228,115195.45075867209,100386.38894015065,127893.81343354183,112554.7542794584,111719.9361942965,113549.05660815311,112393.86638716658,106793.16059607542,95690.07550073884,113692.61983058076,109428.3070085559,107019.2629718762,98739.326618148,100116.71957919237
2023-04-13,107069.87530364908,113396.44693596945,113339.65561118284,109064.4945852996,115391.96777375702,110798.79115120237,113105.61167553776,101493.67323555623,118904.17006743864,115200.31404983491,100411.47863323927,128186.33866938848,112345.51751111122,111539.49604079394,113290.64210441826,112204.28917367435,106819.85154144769,95594.29239639899,113488.92503529617,109363.71043419042,107069.87530364908,98651.78157474074,100060.04941067036
2023-04-17,106887.22167678869,112386.67211365233,112310.46447956044,108672.58438601608,114941.10210908788,110656.08379995571,112208.73589728166,101482.3929179562,119745.65606141143,115103.07887918696,100436.5745970256,129012.12112964709,111334.70478276073,110639.70694807336,112243.1425287312,111118.17212895195,106846.54915772061,95248.04745306446,112590.21550656056,108961.22288729464,106887.22167678869,98676.43773528689,100045.15100780087
2023-04-18,106641.18216452112,112102.16276372995,112025.86132717843,108564.66140942997,114628.53004694679,110528.61995301009,111921.8329688188,101419.20373532361,119288.9185506417,114696.42705962306,100448.88191131092,128593.8968271871,111053.52269912408,110344.79669368191,111970.83959059879,110842.07526871825,106873.25344656144,95103.00084653703,112300.89259600609,108841.57297222286,106641.18216452112,98701.1000581774,99984.17555789585
2023-04-19,106621.34893532096,111760.24825393863,111683.44904132985,108442.22949720068,114433.86822240989,110463.07653951357,111605.40480386553,101402.00991828632,119183.61520096887,114544.59883003996,100483.40183856899,128673.8304442118,110678.15463694448,109988.01997802097,111601.69437098155,110441.90852954172,106899.96440963788,94907.50746291177,112006.57843426391,108735.9292113077,106621.34893532096,98725.76854495247,99967.03088498802
2023-04-20,106795.25732240926,111930.96733295146,111854.02898863357,108530.15295386047,114694.57413787181,110604.20316993265,111794.30662570507,101524.79333274455,119311.85309833859,114744.66132738079,100542.97840117085,129141.72692356969,110800.93913769322,110138.62096023615,111699.26309769505,110561.60217235664,106926.68204861802,94687.5836881192,112202.82001387005,108829.7018682608,106795.25732240926,98750.44319715266,100087.02174777717
2023-04-21,106752.11277548404,112088.77075199521,112023.72225805878,108601.0271758133,114766.47028229265,110655.5043457923,111963.2282703722,101592.19288933522,120581.07573724283,115339.62989389437,100502.09407870298,131065.63909925996,110943.43427014495,110268.24886247877,111840.7203718502,110718.0487905174,106953.40636517036,94737.81709589878,112429.89605112934,108932.34992253917,106752.11277548404,98775.12401631888,100132.99817483159
2023-04-24,107318.29622642102,112745.26032145716,112670.0306663369,108908.93218630599,115483.61665043967,110995.74668712621,112611.36914315657,101961.62477624236,121111.82004067728,115756.54185301502,100577.80178870237,131300.08383058532,111559.44533625999,110948.0468581745,112397.75619998045,111328.05643895607,106980.13736096388,94973.70764866202,113023.66225749285,109214.41318972851,107318.29622642102,98799.81100399244,100480.2583197729
2023-04-25,107816.39590749146,113213.02716355375,113135.81701529851,109138.53689167641,116092.54133214345,111298.9750164439,113108.84959104493,102045.32850099806,121820.18986429495,116308.83910965797,100674.10474076692,132189.35065218,111986.60117570267,111409.57968602651,112842.19482878348,111703.46634563146,107006.87503766791,95268.99094820245,113525.5403231038,109455.59740090114,107816.39590749146,98726.016450296,100513.79585655041
2023-04-26,108059.63552235324,113634.6969353023,113562.5798943273,109347.6311552938,116512.1684909546,111513.53872306786,113532.30091290001,102323.46741422627,122208.16758501323,116680.99138229893,100792.48530347127,132631.60411991394,112404.60955506381,111813.53278639157,113269.94794275671,112125.92005602644,107033.6193969522,95429.9085669273,113947.06096225254,109659.72029066598,108059.63552235324,98986.71614189548,100714.29235740323
2023-04-27,108595.28540902305,114115.39658746081,114047.27988802808,109576.50658187123,117047.4636707848,111770.7314027472,114023.46320941797,102480.92301373379,122797.68916713227,117127.28628378814,100803.8041536832,133803.64609131988,112839.80968045675,112252.04584240662,113701.32547734388,112561.49360543297,107060.3704404869,95552.20984513914,114469.07471973985,109922.69147797195,108595.28540902305,99451.10952973028,101025.10124082283
2023-04-28,109750.60870167015,115411.95394400334,115360.81514433416,110104.27607628585,118454.18681847179,112372.64116933818,115320.73109923048,102927.9058718409,124567.03910331552,118399.27679255082,100769.23931509999,136578.4348625367,114035.25468510258,113415.65722807286,114916.16914601652,113769.60731839556,107087.12816994268,96222.24879240508,115822.15130868144,110484.08970707397,109750.60870167015,100589.59444070625,101520.839908346
2023-05-02,109771.97883418562,115574.98783894665,115572.54404928599,110316.68665443415,118507.60517825779,112453.56472087913,115473.89780905732,102963.76875808577,124528.34075563139,118185.74829012353,100794.42469445156,136648.57335466263,114221.3429747025,113618.58736200577,115091.56088239503,113949.28864046758,107113.8925869906,96048.84080681935,115948.10831913767,110595.1000612846,109771.97883418562,100608.05838463851,101549.16451613225
2023-05-03,109453.9580707622,115208.6143851186,115176.96364935796,109938.02373999661,118198.26191831571,112181.32069182418,115119.50975360807,102728.99734317652,124875.14733457814,118107.6118148335,100819.61636841581,136540.98463943248,113848.06954072286,113247.53723909668,114694.02298361724,113597.82023485283,107140.66369330202,95879.5364945182,115629.0923901658,110328.79980283092,109453.9580707622,100093.8741515071,101256.66259506159
2023-05-04,110025.771380452,116050.63261884406,116047.05489873943,110746.26110855339,119052.30976080848,112993.66572694152,115961.45400422219,103404.05202894834,124712.85820494038,118923.85128832496,100829.90419538123,136772.093923891,114650.53398201143,114016.26574998058,115474.14756033423,114456.18392266988,107167.4414905488,95877.79505716456,116467.93366412267,111126.48682958096,110025.771380452,100118.89073601647,101781.52112978666
2023-05-05,109554.78464600399,115417.18250215413,115360.06224353117,110136.73134156356,118296.50993848353,112186.93280475767,115286.73377840516,102834.41482290292,124721.9140559088,118197.3061640966,100801.01814938735,136946.3143254175,114099.49679253403,113483.38305990127,114943.5743020374,113866.74101131504,107194.22598040325,95709.08170464549,115848.0014647555,110500.55430484959,109554.78464600399,100143.91357295142,101345.03655049534
2023-05-08,110162.62022561318,116249.76501063467,116201.7692418774,110925.64222639594,119184.24600338466,112998.67101419986,116133.91345497315,103406.97282690395,125351.04653654045,119102.82852371405,100882.1172291817,137897.05381235378,114867.53206969127,114278.15438106483,115684.31369704017,114634.72379159866,107221.01716453805,95974.17664164856,116692.13151898024,111304.98236103338,110162.62022561318,100168.94266387468,101905.7381409842
2023-05-09,109806.5200410419,115983.01571812881,115958.28876534213,110717.2598820985,118797.39797056578,112657.98030277922,115861.58852163813,103270.38490678766,123900.97060994052,118735.59299490777,100889.10024408388,136690.37126031672,114654.42433855179,114071.45875182826,115479.48378242261,114407.01650381075,107247.81504462629,96114.27600142219,116400.05892356347,111034.11363372346,109806.5200410419,100193.97801034924,101568.51578755047
2023-05-10,109906.38844962383,116131.4018933467,116088.84400966109,110841.19553435792,118972.16220831974,112805.50834293166,116016.70822660632,103407.65016889526,124199.06623765852,119090.06298242592,100978.61619073947,136919.3735928179,114770.98923502989,114198.81185285308,115597.22024515623,114511.54790038138,107274.61962234146,96079.89472031574,116566.0759530219,111201.91018069889,109906.38844962383,100219.01961393864,101699.5138927354
2023-05-11,109155.32287298031,115596.23264498824,115535.69279666162,110307.210189982,118415.53816027954,112285.65622718546,115465.86904999707,103104.68566909328,122133.6705346749,118859.58853828837,101266.47526893875,135308.1102111651,114220.98082302812,113705.17433043061,114930.56950305111,114020.18389818065,107301.43089935757,95274.45920051167,116045.94333747715,110833.2959939188,109155.32287298031,100244.06747620666,101269.61352098225
2023-05-12,109236.10494053339,115859.00139811842,115775.10147305652,110522.29139556471,118763.63567352995,112595.92119878903,115736.27735627818,103421.78751971647,122105.4406405637,119284.23251684874,101458.45756362117,135501.87250576774,114400.58791549462,113934.50407281649,115073.6271491996,114185.84740597653,107328.24887734902,95386.38342621428,116330.19523974338,111118.57436810325,109236.10494053339,100269.1215987176,101488.24560151159
2023-05-15,109685.40682710639,116619.54960341996,116558.09385600669,111262.37577843638,119615.58847171885,113403.68747860385,116521.78082855864,103891.27938122099,123883.6105529129,120199.51095537649,101610.85165128623,136869.40387028785,115145.44643072847,114636.5959475802,115858.82982492408,114933.74869423412,107355.07355799054,95571.17481573496,117186.11152369001,111905.1780725089,109685.40682710639,100294.18198303602,101993.87538517115
2023-05-16,109445.96609237642,116274.37632264185,116225.01982398967,110939.64363625387,119220.59366299163,113062.16182295197,116157.93645320958,103631.63178342678,122845.7014603843,119601.45134996709,101566.46283977355,136135.4114281483,114822.67134564392,114331.4639895486,115519.78837186123,114609.34786354819,107381.90494295732,95375.14774269362,116805.63258841148,111565.99948404216,109445.96609237642,100319.24863072699,101758.16607651724
2023-05-17,109290.68826475632,115875.86931330616,115785.20883253696,110515.25311613841,118922.00723015811,112756.87411300829,115760.37524524616,103432.94255148557,123410.11388781377,119421.49231738818,101479.49629456739,136277.2093937951,114377.04019397857,113896.79226313547,115074.99084558555,114151.936227016,107408.743033925,95352.14006064003,116433.94401757255,111213.11250739214,109290.68826475632,100344.32154335587,101667.86892922918
2023-05-18,108886.45748793437,115311.17932484152,115215.73263924288,109992.09450215448,118378.63189309677,112232.92451111668,115219.03866784924,103170.54879632103,121626.83843084716,118881.61627631508,101611.95610196971,134998.7217345263,113854.43199295428,113413.91000739874,114511.74569782155,113629.598514424,107435.58783256957,94674.54707052828,115818.87520379739,110654.3192510569,108886.45748793437,100369.4007224885,101295.2853963103
2023-05-19,109188.70434264143,115865.09452300362,115815.20590198347,110569.73199249733,118924.66339958286,112750.07651982916,115790.55737495946,103451.10756218403,121701.30215388724,119372.02653475179,101630.92975654647,135353.547099231,114419.3455639525,113999.46071135398,115062.62680774061,114187.52126702003,107462.43934056754,94707.7890631312,116394.90505717148,111196.00775527567,109188.70434264143,100322.81054303676,101557.0423567947
2023-05-22,109135.8479281898,116450.12035392772,116452.19866895073,111181.29281295872,119369.25783922727,113200.55779628026,116369.72759800333,103716.39811374758,122853.58937259541,119942.38344062287,101642.7823555474,136102.1332420589,115038.08298852605,114560.42924322296,115708.2800358395,114837.69131345153,107489.29755959575,95052.5082108353,117000.31616690653,111758.31388602815,109135.8479281898,100314.63279187909,101552.7950864721
2023-05-23,109187.57343313863,116577.82391639249,116584.2993864233,111298.48108518125,119508.47302313965,113326.02330224252,116496.94185777537,103667.62965254106,123527.66900417929,120096.2262998062,101623.64507604275,136652.32573516085,115136.54220761533,114673.50220130979,115798.18034370361,114929.88729846358,107516.16249133158,95201.32143701408,117126.5870700289,111891.69595446407,109187.57343313863,100394.76889514456,101580.73527332803
2023-05-24,109061.58237929162,116273.83348841252,116277.5458999917,111006.5738943264,119167.06624383657,113005.53335391908,116177.48516630774,103308.5928179232,124056.10430359295,119979.42970315216,101523.8147787004,136616.1216229877,114824.48594340197,114332.72874128539,115507.03117508367,114626.1175519892,107543.03413745269,95266.58014404471,116851.71118557166,111645.78492763241,109061.58237929162,100318.74856688618,101507.08277992216
2023-05-25,109269.27758036526,116725.0991716563,116733.55321494388,111447.50038458589,119754.80466182731,113521.39216539751,116670.4701053545,103497.66172425126,125694.75515405259,120802.83344982537,101482.444510659,137789.99768485708,115244.80695980277,114745.60819770965,115939.0608261514,115042.28682284738,107569.91249963718,95589.84768820535,117392.70382464993,112124.09329535266,109269.27758036526,100650.8125382668,101832.74125010816
2023-05-26,109857.66237713868,117788.57086809336,117823.7510832054,112488.36542313066,120724.22610992908,114420.93694662565,117718.92159358144,104309.72268561085,126380.9503203956,121744.89901875709,101762.42838305392,138819.11230299552,116290.1485562238,115776.45981752715,117024.23550110954,116062.6714559809,107596.79757956366,95933.19562278186,118476.05920868473,113148.11893967199,109857.66237713868,101137.93692249962,102341.0288032919
2023-05-29,110118.95648841803,118312.62388794472,118342.15857177442,112957.30721104571,121326.32630501404,114983.78570016887,118245.29270580028,104647.14554370138,127727.26705016813,122364.71193953551,101802.42439128093,139879.3730600177,116755.24960573556,116184.9981976746,117514.95114914952,116559.30225424658,107623.68937891109,96230.67580123713,119016.51126910673,113652.09553890885,110118.95648841803,101163.21445089558,102609.02916163785
2023-05-30,110416.95179959084,118591.62937446659,118621.6438975006,113222.01295710159,121657.1591076475,115299.08083592258,118552.26202397517,104564.0386645472,129795.66610950754,123076.00644864485,101813.77038811841,141096.7113065656,116983.82205290537,116413.98842419637,117744.03693210165,116786.90978841142,107650.58789935881,96159.70129671188,119376.25439922379,114009.59721945967,110416.95179959084,101075.05340819564,102847.93502780127
2023-05-31,110387.97068030502,118360.0316890338,118383.09346303082,113011.44521759894,121563.99429262197,115159.7080927194,118354.38749217792,104525.56163177622,128521.8004544124,123019.94864102696,101688.14694776968,140260.0450932439,116713.5121211907,116209.06562394853,117436.09390012,116488.03652250959,107677.49314258673,95946.03935424781,119217.29385694943,113831.77562005435,110387.97068030502,101053.31648448049,102889.4079449366
2023-06-01,110028.15160276489,117949.88558328492,117998.86833395276,112633.36870779189,120999.67354705832,114675.56779123489,117912.14904094473,104311.99648889022,127070.47979289127,122418.10591793398,101658.10137190869,139126.06971869458,116376.01923477263,115842.85500678919,117102.47455361094,116175.66995956108,107704.405110275,95686.2867303012,118766.10718579797,113433.56939505211,110028.15160276489,100784.02755361337,102565.55940892616
2023-06-02,110282.27571881679,118392.57837953947,118429.36436399732,113041.00044101568,121523.05268615462,115152.7680589452,118362.33163149859,104631.77910469388,128089.68472137603,122917.08936836907,101653.3586076829,140066.28912106084,116792.09986890468,116241.2157613217,117535.55023128126,116592.71823573056,107731.32380410431,95786.25964870477,119251.11116549083,113885.21586220672,110282.27571881679,101012.70171596992,102836.39341310409
2023-06-05,110222.38461851106,118527.20258500999,118575.34456397126,113182.24251951117,121538.41931916185,115183.55318722538,118492.88255318104,104778.00330080841,128035.93050424897,122725.05427152476,101856.13206854259,140109.12846554854,116962.45623322584,116435.8596388664,117697.30647990375,116747.10526542102,107758.24922575572,95888.54521950027,119340.79254543062,113968.05793555804,110222.38461851106,100853.95629668134,102630.84367356403
2023-06-06,109803.51985409546,118074.6688170796,118061.91875912224,112688.77848370138,121151.95024209424,114793.22733841668,118030.94823760394,104448.21402640679,128392.19675861242,122351.69810706745,101791.73389911249,140001.794181112,116488.97382689953,115942.14171358809,117221.89701322223,116295.96827701549,107785.18137691074,95805.4792929957,118882.8348183302,113534.16363759399,109803.51985409546,100437.8246200074,102405.78067075108
2023-06-07,110336.87397048101,118969.14266872585,118989.55295789786,113579.00653483545,122128.91000873383,115710.92537312643,118923.17623411788,105013.10794081027,129007.66462129551,123337.95264835506,101930.25547624617,141002.409310471,117381.27450743591,116794.6479306285,118157.33962111734,117185.53157204212,107812.12025925124,96297.32309240276,119843.74243141612,114448.09025591622,110336.87397048101,101142.59743643281,102922.13171488325
2023-06-08,110097.70602205131,118594.27647703413,118600.97014513938,113204.07322099782,121681.5893206138,115290.62376502843,118540.54635169376,104646.63382106638,128936.90440760952,122687.18052922234,101834.38649166007,140572.56814919753,117032.48688702792,116421.68011398986,117813.3121107825,116856.42954537856,107839.0658744596,95994.11748783183,119406.30071515268,114036.76857428937,110097.70602205131,100942.28522161052,102662.80507381429
2023-06-09,109553.60692582572,117881.56502104549,117854.34929202225,112501.07060697938,120979.86792798841,114607.08931049555,117844.19722658124,104147.08382382969,128307.70209782675,121922.17392537961,101783.28247659653,139612.7194061703,116348.50388288214,115746.51616982945,117156.1103344148,116137.21337141075,107866.01822421855,95533.69062333081,118643.15941508063,113313.34532608862,109553.60692582572,100296.3397910464,102136.98576650202
2023-06-12,109489.20317779227,118019.92064816924,118053.77162925599,112694.1618067782,121058.63486339919,114711.06214363589,117974.14807009534,104309.89720758107,127799.50654061629,121996.14932182156,101855.21143118272,139432.86719602835,116518.76604215498,115911.06787904984,117333.05696001592,116306.58795280253,107892.97731021128,95355.27683420482,118793.14284397426,113459.78905606091,109489.20317779227,100321.40697804093,102166.60755141418
2023-06-13,109835.24088020645,118750.00127476838,118788.9835481313,113410.5470463852,121909.01267975863,115534.03286950028,118717.82638580815,104604.32552036934,129619.28902915352,122937.14860820501,102065.60496126242,140514.93284194794,117230.59459296735,116612.04291483879,118063.92099497005,117010.40950892124,107919.94313412141,95641.478445122,119595.22526652222,114226.70221918655,109835.24088020645,100346.4804301082,102468.12000159848
2023-06-14,109906.57022134816,118806.7877619106,118843.77790517149,113463.18875663637,121952.06354485602,115587.38887726063,118753.18177718612,104716.01234156698,129343.55199184627,123034.51153520557,102104.11228670737,140420.5460197862,117268.28963311651,116633.88689334155,118094.78004756673,117070.80640720384,107946.91569763287,95594.82991473975,119662.01827446303,114303.12724605328,109906.57022134816,100290.17094006485,102450.98697452486
2023-06-15,109978.2922058706,118290.34784634053,118294.67460484637,112951.9496888798,121613.06784523056,115245.41885394734,118228.72252007759,104270.84121015282,129809.70252420887,122849.10132973941,101909.52746219754,140058.5642845414,116740.60243749448,116043.96444025576,117610.89058709356,116562.54747011999,107973.89500243022,95096.67234336486,119190.0342828112,113864.57882222398,109978.2922058706,100307.53703751351,102448.44471419649
2023-06-16,110237.59947740943,119039.43360821405,119042.77815203741,113666.50084622594,122450.47758340511,116023.42575853392,118989.19997959236,104668.58488575736,130992.37851413699,123652.64450530204,101963.43182361947,141323.54572903068,117445.40599454158,116769.46206458658,118325.5229916594,117236.69683712497,108000.88105019818,95455.64137044523,119991.09439419325,114615.9332660988,110237.59947740943,100726.7795183483,102899.01517714058
2023-06-19,109996.48408216325,118703.1600533897,118715.74179895094,113354.63853409339,122129.47818128372,115733.73145119581,118655.16395447278,104363.6394072591,130804.01160374776,123369.15817995135,101920.76459464712,140631.25373491965,117122.35924555849,116371.56565171192,118030.73064518,116961.10181377517,108027.8738426221,95335.03948284624,119637.7003988194,114297.16035248834,109996.48408216325,100506.13699206203,102660.29831547139
2023-06-20,110122.21579878929,118926.72708106549,118961.04983469975,113595.02305706608,122345.85321027259,115945.66314802188,118885.47837288085,104509.4613834078,130874.73953027262,123539.20409176049,101979.01768188247,140719.7650028962,117363.19935183736,116614.10932829021,118274.2820312813,117197.50872542486,108054.87338138769,95260.53545531757,119862.06484422361,114511.53892207994,110122.21579878929,100646.37714545697,102723.37035845325
2023-06-21,110177.51266571869,119176.35299600655,119223.59374424367,113851.27884337178,122622.84426521564,116189.3157181332,119145.23717247219,104721.79176808088,129970.19628794717,123833.23372360786,101998.51325626152,140560.3884648021,117611.83816468048,116884.6153877386,118517.50508138278,117429.45385034058,108081.8796681811,95382.7504411207,120114.19248480648,114755.58086711164,110177.51266571869,100559.22759333928,102619.74676841596
2023-06-22,110224.47531599105,118933.26276998226,118936.9396885376,113580.56296816046,122470.06704604643,116010.20921825513,118926.12744609058,104425.85201357215,130326.11544847756,123689.08437674349,101893.76330632351,140514.20014660427,117371.50605288269,116644.28528645671,118296.05517012828,117170.49650636903,108108.8927046888,95383.85455544414,119862.54312095976,114509.55370467216,110224.47531599105,100336.74646081589,102443.53089160632
2023-06-23,110112.8254948625,118372.86393755609,118343.91460702354,113023.31831030625,122032.81204333149,115550.35924230494,118380.47774670682,103996.8937817711,129591.74461994618,123401.46006226928,101560.12116424862,139978.76365329872,116810.67440307436,116117.36082158415,117783.82919186396,116527.59417786151,108135.91249259775,95111.6148873652,119321.84590263959,113986.32259065866,110112.8254948625,100361.82374669891,102069.71973202663
2023-06-26,109931.25563591115,118274.7904578697,118247.48352934129,112924.82695871657,121889.37154700601,115425.16913596819,118286.1901792786,103932.08871110588,129712.34303835523,123206.76124906442,101555.14572129831,140049.10054774824,116726.07866436127,116047.27185625663,117684.49815505599,116442.97702255346,108162.93903359547,95118.06049498003,119217.43200042887,113880.72489346201,109931.25563591115,100386.90730017863,101944.09515276113
2023-06-27,110292.26600274842,119024.72345214707,119019.40002036841,113653.64104568984,122602.990765399,116086.26508225089,119047.61572214491,104479.48882219891,129962.65932010511,123800.18166860598,101568.10686865979,140982.82871339557,117482.9057175653,116814.9568187963,118458.84109988491,117171.44249669599,108189.97232936957,95556.53392295772,119965.70687328545,114575.46924041183,110292.26600274842,100411.9971228216,102125.36861001067
2023-06-28,110884.58927243816,119949.5664980549,119974.08799587823,114570.37105045436,123594.32753211338,117027.36103183504,119975.15481694363,105114.3693790082,131129.0006215359,124731.17647687462,101846.79414918071,142079.8162983042,118365.81078363335,117663.21339272067,119364.29043817153,118066.79080267866,108217.01238160841,95994.57112708369,120934.32978620174,115498.59245411713,110884.58927243816,100379.64855470818,102432.41636777665
2023-06-30,111426.57969796327,121252.85170387814,121380.49318770623,115924.94064490758,124921.26706252809,118320.26088010133,121288.96806760792,106133.31554960314,131969.6284496777,125935.81274384538,102257.488033434,142920.72993764328,119674.09393324278,118913.67208294867,120734.36659570124,119371.97956226183,108244.05919200061,96690.71001107688,122292.51673421697,116805.90480679127,111426.57969796327,100757.68520829233,102658.259679527
2023-07-03,112022.25030369406,122285.63428603801,122384.00696642531,116883.48343828956,126052.69456516128,119407.22017943366,122327.22464947731,106625.41176792105,133492.96492008955,126981.90664109137,102604.86006877245,144523.90560148552,120580.91205739041,119781.11544890646,121631.21644447657,120328.12710905416,108271.11276223527,97334.3386348082,123362.62636681843,117819.90441638761,112022.25030369406,101338.6139289393,103160.01601818592
2023-07-04,112262.64689125391,122445.57527470704,122558.01272477467,117047.82894595245,126151.3497983384,119529.06551612979,122487.57668738702,106628.58658296848,133907.2208466035,127025.8812949907,102680.41103624488,144473.61417642958,120756.00987326252,119950.7260648111,121781.53063450623,120533.21342278286,108298.17309400183,97323.98601888001,123490.21231817208,117951.61647523187,112262.64689125391,101420.57738292425,103185.77041615453
2023-07-05,112379.53468053788,122846.30811698889,122929.55900179646,117405.95446924145,126671.96691840165,120051.84056706888,122875.58406266084,107053.62227264402,135509.88799462316,127864.93133880565,102706.0740770845,145259.60846164782,121146.65381455382,120357.56657274892,122142.25958145589,120937.0611118914,108325.24018899024,97360.9666928151,123973.41642778335,118409.31950394831,112379.53468053788,101530.00319888348,103819.82986838356
2023-07-06,112681.99765945565,123232.70213204302,123316.78918361815,117778.70385583657,127041.25698578925,120405.18401829439,123265.11834623844,107393.67689314563,135658.1065643345,128205.44344169593,102731.74353191936,145759.29429355217,121527.91076742162,120702.89318142348,122569.9165326487,121308.55493572475,108352.31404889078,97573.42623730456,124360.84743846391,118781.21672652893,112681.99765945565,101555.37871688389,104095.54432474653
2023-07-07,111878.58751186269,122331.26897405251,122402.04356191802,116891.59361815763,125993.6552841507,119403.2490527946,122326.52744646302,106848.30898436224,134086.66138266015,127099.97052178472,102757.41940235246,144714.37430818056,120657.65891328588,119834.72640981167,121674.00900089869,120461.70294676219,108379.39467539435,97031.45699668251,123372.17654684724,117825.25658067041,111878.58751186269,101580.76057701862,103419.38950109424
2023-07-10,111895.71543975643,122502.88548298294,122578.94173567627,117063.6481985694,126117.27903823742,119494.61625443908,122502.08758763233,107204.68037569201,133794.14049832415,127068.41463055661,102768.83440411804,145172.2599963499,120729.49804026389,119944.43598682499,121754.59273934407,120486.77694893346,108406.48207019201,97304.72496952102,123525.31428127512,117961.55021897683,111895.71543975643,101606.14878087268,103644.88674525416
2023-07-11,112433.73880304406,123161.78216897455,123270.40816547547,117737.06796673201,126881.17320916419,120213.50216380857,123169.9435109587,107655.14408207964,135403.8242775133,127922.34573904063,102717.33205664725,146161.2217308856,121339.00398984521,120537.38067069871,122424.67063236315,121052.98387535663,108433.57623497547,97389.87403744269,124282.25564211952,118686.44591745781,112433.73880304406,101631.54333003162,104266.49046329937
2023-07-12,112073.82900102774,122755.67976488691,122829.02587658633,117308.71496568827,126454.26622524214,119813.96549192416,122747.38290599712,107326.01854034192,134952.97193523735,127542.61981083697,102572.11183830858,145803.77687959358,120911.33049067413,120129.53387048781,121974.12904902088,120628.02905863721,108460.67717143668,97158.76764845429,123847.60235836278,118266.92358570048,112073.82900102774,101516.88775914056,103928.61049845992
2023-07-13,112462.1590221595,123060.83862252881,123191.7435360153,117663.35341448309,126685.16695713875,120040.1742097976,123080.3294619266,107687.8851255168,134957.86649716142,127805.17058414103,102771.60770306888,145564.27059228253,121293.67803095026,120531.35422225638,122401.0672808298,120946.64687792418,108487.78488126812,97091.62094282816,124124.15217163393,118544.34314064779,112462.1590221595,101837.97983139045,104094.64678434098
2023-07-14,113632.23888490043,124283.39675484586,124550.07159346146,118979.61875841816,127815.92582818409,121127.86114491297,124328.24643844209,108793.77316324101,135500.42614939585,129093.12683649152,103322.3936858559,146117.966716247,122652.40941869313,121811.94737064243,123871.86849219966,122273.0271836603,108514.89936616266,97169.51791941875,125395.41846079854,119776.56842429467,113632.23888490043,102881.12691026923,105110.81648434373
2023-07-17,114186.59266293215,125013.20021441215,125277.43774157425,119666.57983747964,128430.9046722509,121740.85278608458,125060.00578130547,109212.06437593333,135413.94708977666,129366.93711269449,103558.98684159525,146878.92738908733,123375.86981149194,122530.67173742475,124507.33507151301,123088.10493074871,108542.0206278136,97462.27686323292,126058.83026390283,120412.38747618794,114186.59266293215,103236.26165119761,105397.13452025483
2023-07-18,114657.07032477546,125394.80014452149,125763.01168082682,120145.44400311132,128712.33820772958,122010.44904283642,125471.26815254093,109474.263421856,135592.4888756484,129568.03826861487,103561.59447964783,146785.2934531915,123808.73497944183,123001.5022461101,124983.00204942965,123440.39036552056,108569.14866791468,97427.28543333295,126462.10743772572,120815.24712732286,114657.07032477546,103599.64508031339,105701.69797288318
2023-07-19,115055.21719128177,125782.3229791876,126139.79986229402,120500.71910945939,129079.47920182628,122375.33571416857,125846.23052624712,109633.02911573977,136707.39045081474,129736.16330032791,103542.65003760745,147559.78949879482,124151.32874149045,123324.33282707712,125308.53841540392,123819.6757413454,108596.28348816001,97427.37036225904,126830.70673816522,121162.5613852481,115055.21719128177,103765.69436250826,106025.71466394665
2023-07-20,115617.47882315883,126781.63368459772,127041.10954473984,121364.38944515646,130403.13077819014,123621.33907478499,126866.5366217131,110163.47794894989,139119.5579063431,131285.93453154105,103685.53052753062,149464.57554222125,125015.86056290932,124187.63627554504,126101.67434126207,124755.86752377104,108623.42509024421,97715.22790429351,127909.16962355626,122172.85755503162,115617.47882315883,103791.62864953831,106803.58851436613
2023-07-21,114903.29365033805,125277.68084054782,125275.88478003815,119649.73691570575,129089.3446328696,122360.65183413694,125325.31256121125,109937.37977115581,140304.75678826025,129891.7628954633,103319.33382309662,149272.92077574585,123488.14931719896,122588.63179418002,124692.52821762678,123182.9659760101,108650.57347586229,96710.632464712,126252.49345167857,120560.90821525439,114903.29365033805,103817.56941835646,105703.18612294986
2023-07-24,114611.51280315431,124605.26124367538,124662.22406290854,119052.6777427565,128147.838856373,121463.80524544578,124633.68876264764,110011.04115416827,137756.6659353131,128704.23400007204,103316.65562403906,147871.3503297995,122981.04350955779,122006.57061979939,124206.92937883151,122730.11699860162,108677.72864670957,96570.49742234069,125471.37387355925,119816.02800279087,114611.51280315431,103843.51667058271,105122.2255452869
2023-07-25,114083.31788789347,124026.56346517647,124092.39084701391,118508.89576430911,127502.00851785357,120838.73551483451,124076.0373783369,109813.65465063651,135790.748778274,128085.20784233694,103306.59140936908,146641.6980466599,122439.91622239136,121502.79070172444,123656.4012245307,122160.78465661,108704.89060448196,96397.60917893871,124847.16144989475,119231.87244818463,114083.31788789347,103869.47040783752,104683.83426482564
2023-07-26,114888.16327344222,125182.77308977481,125265.5621628477,119638.92296901964,128737.34982248249,122021.96180361768,125234.59670534897,110265.24366011967,138578.03834852262,129216.3351258511,103575.03099418906,148520.76032122178,123508.75030618378,122581.43909299679,124725.88503365865,123218.92640081448,108732.05935087572,96802.15087777452,126068.76893824215,120396.03437297433,114888.16327344222,103793.01550046216,105520.3323010764
2023-07-27,114958.51346968042,124828.55585132065,124941.07258973487,119323.03847160579,128261.34787010186,121566.34376918575,124855.90799281807,110159.61689126026,137704.40977220822,128658.18674582124,103363.0266700108,148011.69400340886,123208.52995650892,122251.457763965,124439.9277692908,122934.6076676468,108759.23488758747,96765.9006367101,125680.40072512314,120018.5164510209,114958.51346968042,103687.50954972587,105419.73607046755
2023-07-28,114815.67994705049,124718.29928193412,124786.51920394863,119173.64270090676,128204.77734770144,121523.504031703,124735.27366178794,109956.57477642699,138121.81390409454,128718.92519365517,103335.72690728254,148201.5871135512,123053.00317669283,122123.16093006478,124246.13199612853,122789.52665814542,108786.41721631448,96469.17228997739,125590.68350426208,119928.9109803705,114815.67994705049,103540.24463282399,105295.50404264228
2023-07-31,115232.79443764719,125177.98358127536,125288.35512500982,119656.34098885655,128497.65566059067,121816.94311702774,125196.66979678914,110306.83667180168,138117.9244845308,128883.04586724934,103502.72242094741,148316.8281911989,123537.65250388344,122587.53117636257,124753.56708145507,123271.98466725767,108813.60633875409,96450.10948091607,125993.33577993115,120321.27473163012,115232.79443764719,103857.83710893348,105599.04583612036
2023-08-01,115123.7142419149,124912.36479230021,125049.3988688645,119427.74838050047,128295.0547727012,121618.18933108967,124956.14699669622,110234.61684195572,137766.46144976738,128820.41363000602,103701.65263346203,147839.9534162055,123305.63203531997,122348.15295441143,124575.01364265475,122994.56211378354,108840.80225660444,96362.57675591907,125744.67554956346,120107.17378258384,115123.7142419149,103505.68374234631,105298.17031234759
2023-08-02,114735.14202839408,123854.30901527805,123966.29087721242,118403.90059768675,127288.14690839167,120681.89588428411,123910.25167162468,109782.20156645961,136500.11308508326,128016.8882700223,103419.09955341138,146407.0969016784,122299.02318353363,121337.40428085424,123565.74466328547,121994.91199196487,108868.00497156377,95701.10557908015,124699.04030450303,119139.77088055843,114735.14202839408,102874.51494117005,104695.46977390592
2023-08-03,114392.52112263678,122824.83504065467,122963.32991368251,117446.96646140293,126216.98912136085,119685.34344942581,122865.18766185959,109244.74275119313,135176.59729609248,126794.85514345857,103249.8808603371,145255.69474584074,121331.77002681686,120344.47667547845,122632.53092291877,121020.01038050228,108895.21448533099,95725.74331046901,123660.11887574042,118156.45206434629,114392.52112263678,102206.47798072665,104127.11091055846
2023-08-04,114571.03854250711,123410.57964862618,123596.2107266563,118065.14486217148,127089.58223719374,120494.05187200596,123532.56210999931,109282.7090624207,135970.3442932718,127773.5563153933,103363.47442675197,146044.62861027787,121924.39130888422,120981.54255170586,123268.20975166564,121525.25286322163,108922.43079960528,96040.16100122679,124334.48807841988,118792.92197531597,114571.03854250711,102232.02257089749,104310.12376046165
2023-08-07,114710.6977411287,123810.80125239838,124026.00725304444,118487.27906406215,127567.79142258658,120950.37839479554,123960.15523675019,109369.23552478211,136205.79588548123,128361.90953726716,103558.99372470545,146476.07201051243,122341.27286545956,121406.90816726586,123686.06377065621,121932.56768742036,108949.65391608633,95993.34244531744,124780.17942639881,119221.78435296584,114710.6977411287,102257.57354545899,104415.35487328055
2023-08-08,114714.93560942734,123645.41457296054,123853.39290411785,118315.47767925446,127263.92736949856,120661.32013881073,123782.08131254409,109477.15140244243,135711.41826634482,128032.32404249525,103536.70108498757,146199.20564916878,122205.09090230611,121281.97643906309,123523.4299526039,121811.22995880757,108976.8838364742,95854.99491262391,124568.55526107353,119028.28081593846,114714.93560942734,102283.13090600687,104310.46028540218
2023-08-09,114773.50625685985,123947.6193952676,124149.66982291298,118601.33931728455,127567.38705683373,120949.99282541819,124081.24639554121,109495.669191756,136833.96150034195,128224.19388085458,103538.8097340726,146700.07806581142,122481.50295816227,121533.56982306695,123822.4169918172,122090.26123127952,109004.12056246943,95778.85025256037,124865.9909530474,119303.63949326119,114773.50625685985,102308.69465413719,104314.29696453782
2023-08-10,114758.35255517323,123269.3195750643,123470.04928455567,117950.90926888006,126736.01743605625,120178.19406089127,123383.01367459974,109276.53949868014,135470.79858706307,127266.8912232311,103283.25102014768,145947.5063757705,121808.05579205471,120856.21293585436,123130.8636481168,121438.75324161262,109031.3640957729,95502.87961884629,124136.2411141915,118605.91697275497,114758.35255517323,102334.26479144635,104125.86876082997
2023-08-11,114650.46254375369,122714.17603101909,122881.79914060884,117389.57831444312,126114.23378826701,119600.56435093438,122799.83138106884,109099.61790004313,134854.68282388995,126604.8026622475,103094.15450304092,145456.57916435238,121240.76473004343,120287.25577837949,122572.52157423917,120864.38624702432,109058.614438086,95186.92030778037,123538.46914186,118023.20896194346,114650.46254375369,102359.84131953122,104041.26773880093
2023-08-14,114844.87099721166,122958.40424984942,123160.43717688654,117677.07159290755,126479.50150670517,119954.59913463893,123091.97430210425,108917.93582473363,135247.14747766475,127016.61330618159,103124.83193614321,145775.23556995002,121521.49265821782,120555.20137851045,122860.20717521448,121151.05537389286,109085.87159111051,95196.22550194155,123847.08258838062,118323.88177052246,114844.87099721166,102385.42423998904,104305.40813783946
2023-08-16,115064.50749112558,123277.42617704485,123532.3806356015,118034.95126165531,126662.53050606602,120147.50598935789,123393.84134190399,108976.6843810835,135606.55843668114,127087.773892929,103161.2244597484,146161.66437230897,121858.56153499702,120830.8851645199,123207.35808828431,121539.8794386497,109113.13555654867,95348.19834760652,124160.09200446194,118634.02731779171,115064.50749112558,102411.01355441753,104312.38129170657
2023-08-17,115036.57635075839,122523.21288826466,122777.9486477242,117302.05390891052,125724.08914546351,119258.02526548719,122606.25861747348,108944.15067061884,133693.3263164536,126144.70265687259,103116.53248089041,145171.6832653906,121159.3595630895,120126.59351733672,122489.95158486173,120863.90547482426,109140.40633610309,94958.4232868786,123347.84636518592,117868.09734206494,115036.57635075839,102436.60926441471,104338.45221287015
2023-08-18,114886.02627208992,122226.0482996635,122424.65595278711,116962.49296711448,125499.94471074775,119045.5922550695,122296.96996882817,108737.33228895,133592.16762052427,125847.32584260032,103101.23209350609,144890.64705408862,120853.5833966279,119827.77700717474,122185.18062092479,120550.18167268054,109167.68393147687,94881.05805659818,123055.66292817848,117574.04376575862,114886.02627208992,102462.211371579,104364.52964997094
2023-08-21,115040.87893490616,122854.02276482602,123072.56966539226,117591.73691780961,126272.87297590304,119767.28729291845,122935.64094289704,108857.17489227695,135164.0865108856,126809.84977238081,103104.84292573789,145742.95680703985,121462.93688394142,120466.00944589736,122765.17466437431,121159.39145914947,109194.96834437337,94865.2101985329,123746.60130658986,118238.58294504743,115040.87893490616,102487.8198775093,104390.6136046375
2023-08-22,115054.09861773034,122979.55533635689,123177.39223573387,117699.97967665146,126544.35122110652,120025.16304777673,123059.41342422953,108733.33353816842,136391.4137298612,127109.5204769674,103002.05117954755,146059.38538209876,121560.0981459083,120563.96221264431,122837.01254275742,121280.76881024601,109222.25957649665,94712.30241460197,123914.9191095721,118393.83634935309,115054.09861773034,102513.43478380484,104416.70407849879
2023-08-23,115112.72774959,123423.50253409051,123633.09986698674,118130.58351355574,126781.88478050436,120250.9654359573,123504.54908192068,109103.85990662118,136438.47903223045,127323.76980480575,103117.67385020954,146492.4181666061,122027.82847648395,121038.79843711249,123331.74882263734,121714.5808287214,109249.557629551,94829.1818105811,124303.2749679605,118774.38813110019,115112.72774959,102539.05609206526,104442.80107318415
2023-08-24,115260.22715502449,123210.2077678035,123439.74952034409,117947.04620431317,126527.43291271233,120004.56747849306,123285.83487541045,109118.49911437428,136088.59610997123,127146.9650727466,102972.32041797279,146150.63034921646,121816.780843172,120838.60015148966,123070.39677798137,121542.36772451006,109276.86250524115,94716.20770836096,124094.24172529964,118592.79665541986,115260.22715502449,102505.27919654007,104468.90459032336
2023-08-25,115259.10819657921,122414.37889402194,122633.46761480243,117182.65669476966,125699.79574666348,119214.05387110023,122500.20014687066,109001.38377463327,134400.6586640837,126426.04361144679,102983.35203463533,145188.9797975285,121056.5862158461,120140.27186200889,122275.83780455666,120754.00178827102,109304.17420527225,94077.28823363864,123280.30151915803,117819.585176833,115259.10819657921,102167.66667220106,104495.01463154655
2023-08-28,115250.62610015154,122531.34381976798,122756.65152066413,117290.52442771326,125761.56510334442,119270.5491677562,122619.96916495115,109009.44019548384,134966.06604127478,126474.95913114148,102813.88129953186,145302.53323504372,121171.04030548243,120261.45012977839,122379.6152048269,120872.22276837024,109331.49273135008,93844.92112863429,123370.09072182523,117922.36820753077,115250.62610015154,102326.08146435025,104521.13119848432
2023-08-29,115292.20621970028,122255.97293644206,122493.50141603193,117027.1455866575,125292.1612766509,118830.11338839291,122339.04230836965,109002.82011560543,134773.4311465108,125893.10464491988,102729.37552641387,144862.27127456202,120905.11962666885,119981.21514027099,122123.7481654498,120610.81388005875,109358.81808518054,93826.73092399786,123019.30422646539,117610.06678840844,115292.20621970028,102178.95977731861,104547.25429276761
2023-08-30,115437.21532333495,122160.6131390099,122427.04323835464,116976.36794593875,125286.56756388115,118835.23842239281,122247.16066337566,108969.34881421499,134938.83010171092,125925.84801967017,102790.28882023094,144825.5891728469,120822.31298404025,119871.75496565367,122055.99903508987,120539.96120478053,109386.15026847011,93669.81660147876,122971.53821362741,117567.76294363507,115437.21532333495,102204.49748983118,104573.38391602789
2023-08-31,115436.6390520829,121583.61559921624,121845.5258229923,116357.30083369167,124659.47404276549,118167.58834885867,121679.97801815253,108895.86918141822,134326.15627756304,125247.33547349516,102716.49944259803,144036.06229837824,120259.022175102,119338.35125554941,121485.63325983204,119953.67773395538,109413.48928292573,93275.26642376704,122365.33497783364,116929.03955031988,115436.6390520829,102230.04158501547,104599.52006989685
2023-09-01,115522.60181481493,122229.03429748528,122504.79345399336,116725.4241539627,125255.80657911696,118489.8776645537,122319.35890364139,109088.44519844833,134619.26974992204,125838.39065943912,102882.73147964127,144554.2477438057,120860.5230410263,119936.30434091542,122105.0425428746,120540.95138019741,109440.83513025471,93477.98573987876,123005.69230121728,117283.15167267418,115522.60181481493,102224.65529686549,104625.6627560068
2023-09-04,115748.16257666168,122574.08568856916,122914.7985136423,116977.60687290486,125448.86627343761,118627.76917119324,122657.02841307232,109204.33731379558,134286.11785470851,125978.46119660736,102878.77480862489,145343.67987516645,121207.99115427419,120256.3303224991,122494.20238728059,120874.77321079232,109468.18781216479,93442.52803390431,123329.80477684838,117494.19442591992,115748.16257666168,102417.09161027824,104606.48888877839
2023-09-05,115969.269043514,122951.32479432793,123303.08761915265,117219.90674751572,125871.02422681027,118876.25895366183,123037.85189421636,109267.99808468268,135581.57991360096,126353.9161203171,102939.75242228954,146270.32283820098,121588.92628792794,120607.03550679552,122920.86432278319,121240.8740628649,109495.54733036413,93553.84644983117,123732.12907559457,117740.11461139456,115969.269043514,102599.06294546495,104794.55537653275
2023-09-06,115970.91328326896,123301.8174194567,123666.09584079802,117436.18917164019,126476.00248671733,119207.11297998772,123395.62770431922,109172.9127974819,136327.68763489777,126945.16005718593,102841.01561917926,146323.7424315522,121917.78485301243,120888.52366044349,123274.6051105127,121592.75777561241,109522.91368656135,93612.66724924208,124160.3832257874,117972.58170470044,115970.91328326896,102447.04452905069,104676.01529707317
2023-09-07,116388.36371314342,124019.57070423725,124375.7836546183,117921.62653809921,127068.10637164224,119633.04407315738,124114.4714281558,109354.00667070725,138532.15329583047,127529.7909298427,102930.26446823863,148554.7519139144,122614.0293592144,121616.12502212587,123929.32747708456,122298.37185811982,109550.2868824655,93991.5324717254,124824.11951242974,118438.60585536537,116388.36371314342,103038.54207137765,105211.57394806198
2023-09-08,116650.46665625676,124638.752926833,125021.95081319491,118326.07701896717,127703.88810296047,120028.92021446682,124743.07925749388,109377.09956700436,139360.39647216728,128114.6813103354,102955.98995525239,150027.47735380163,123229.96141662927,122243.91173481503,124544.7639689658,122902.76379844424,109577.66691978599,94216.86712757306,125460.10608675668,118833.8032422324,116650.46665625676,103325.04166419701,105429.60935677214
2023-09-11,116833.65638341529,125525.22408925067,125919.13429226729,118840.2915142899,128606.43740971432,120526.87030597718,125623.8885399458,109508.87199677357,139923.9222408259,129019.35318161245,102981.72187186862,150496.9702420294,124084.37661119289,123079.27659909746,125377.64809795555,123797.49165489123,109605.05380023275,94713.92815773825,126364.88904829048,119331.21984252753,116833.65638341529,103868.7969332587,105568.68184144411
2023-09-12,117114.65334717995,126117.3223830286,126548.16965522477,119231.73680723122,129105.67477328132,120833.15541715093,126246.73117559701,109809.88983093783,141568.33998580062,129647.71835291194,103007.46021969429,152285.04959579423,124641.94834284107,123692.8538769197,125938.88630574926,124294.98819613067,109632.44752551608,95180.05383235996,126926.82872158945,119707.35458866111,117114.65334717995,104496.10718053632,106209.8003838803
2023-09-13,117458.60440810918,126612.61567635035,127043.0225633892,119473.73359250616,129735.79797485763,121133.57568736949,126723.63027674989,109799.17270427407,141391.15085557025,130227.56360196472,103033.20500033672,151822.76537897147,125073.23518073023,124110.47107182995,126338.50030988308,124771.26523032438,109659.84809734664,95603.86455035029,127468.89186708839,119961.24408116358,117458.60440810918,104522.22402053619,106031.2321124622
2023-09-14,117480.73435464286,126566.36595386859,127024.62527814624,119479.82322670767,129613.07229989521,121091.60338704064,126674.30180342647,109786.49502430377,141124.21838745108,130035.9133196106,103058.95621540371,152241.21857500158,125048.66194969407,124076.39056821004,126325.21084735844,124745.11125302923,109687.2555174357,95540.40803630008,127410.7357228661,119954.74220452644,117480.73435464286,104548.34738794986,106083.49713145675
2023-09-15,118048.26949211651,127035.17481983932,127519.26117555496,119734.37808410593,130134.48682535383,121351.50589167795,127161.2501234869,109966.03483834313,140914.5603094224,130541.78367050053,103084.7138665034,152632.47829868592,125447.99883939755,124505.57622847662,126748.00558566929,125091.16054705107,109714.66978749484,95740.75643061832,127888.42167695893,120213.91128285967,118048.26949211651,104574.47728440874,106049.45933681367
2023-09-18,117685.5926408424,126508.38415077217,127097.69852859122,119543.71149425187,129707.44207010228,121170.72086319941,126767.25457838232,109921.79316898232,141518.77471024983,130286.44648573085,103110.47795524435,152034.0738130274,125099.41800783786,124146.61687744933,126351.19037022263,124800.75321136335,109742.09090923608,95600.28449156543,127507.46560962549,120035.91055952174,117685.5926408424,104600.61371154465,105893.63451358753
2023-09-21,117715.00594509099,126359.87153992438,127129.46421198735,119573.58920042032,129739.86000989677,121201.00520981137,126798.9376735174,109871.59283966303,141554.14467087144,130319.0091368078,103136.24848323557,152072.0718752274,124303.760154293,123335.4627582029,125566.88755489104,124009.58524847183,109769.51888437184,95582.15245087873,127539.33370660983,120065.91128160515,117715.00594509099,104522.31634718463,105845.27380938007
2023-09-22,117744.42660064266,126136.85373512127,127161.2378346196,119603.47437396045,129772.28605194663,121231.29712542713,126830.62868724724,109789.07510014952,141589.5234715506,130351.57992630801,103162.02545208637,152110.07943432961,124142.51550596474,123181.54371503573,125383.89238596945,123862.48589335824,109796.95371461495,95397.06011252248,127571.20976842669,120095.91950180578,117744.42660064266,104489.72647960701,105750.92881139566
2023-09-25,117773.85460933483,125681.09077734475,127193.01939847227,119633.36701673859,129804.72019827692,121261.59661193845,126862.32762155094,109572.22466946246,141624.91111449673,130384.15885626554,103187.80886340656,152148.09649270758,123715.1101993661,122770.76547339563,124924.76252675003,123449.76976216293,109824.3954016788,95138.5252616332,127603.09379706669,120125.93522199761,117773.85460933483,104122.23622615234,105481.46312052182
2023-09-26,117803.28997300524,125656.88642294375,127224.8089055301,119663.26713062155,129837.16245091308,121291.90367123752,126894.0344784081,109494.5645945113,141660.30760191978,130416.74592871488,103213.59871880633,152186.12305273552,123684.80346907384,122761.89723931727,124853.22737856283,123438.63894803262,109851.8439472771,95021.54980132378,127634.98579452101,120155.95844405516,117803.28997300524,104132.88295540892,105488.82239558437
2023-09-27,117832.73269349213,126199.06599407815,127256.60635777834,119693.17471747656,129869.61281188116,121322.21830521703,126925.74925979883,109761.25708671378,141695.71293603026,130449.34114569116,103224.94552633252,152224.15911678819,124187.49629237315,123278.86692639049,125338.84926883587,123943.76047464558,109879.29935312399,95397.2320181251,127666.88576278128,120185.98916985332,117832.73269349213,104291.8968696899,105791.71854954767
2023-09-28,117846.66430720002,125400.15176462525,127288.41175720276,119723.08977917137,129902.0712832077,121352.54051577013,126957.47196770368,109612.17667766119,141731.12711903924,130481.94450922991,103067.43205931837,152262.20468724085,123495.96632221485,122649.38028694245,124646.70267440082,123190.5802886462,109906.76162093409,95116.95581547549,127698.79370383969,120216.02740126755,117846.66430720002,104317.96267115675,105858.77102566212
2023-09-29,117920.1053227797,125895.57073277188,127139.96887420987,119583.46952338927,129757.77484016978,121217.74097195173,126809.10285494043,109613.2043081141,141561.4489592387,130332.28010018157,103034.73455705891,152085.5794968436,123964.6692356456,123118.05010970509,125136.66191313004,123638.24576403224,109934.23075242243,95286.36012992861,127553.76227453302,120079.4943787238,117920.1053227797,104344.03498728131,105859.41796270195
2023-10-03,118117.80300826389,125554.93429549529,126797.9100885744,119261.74082761054,129363.74143028399,120849.64094963965,126418.97617681397,109797.62197105488,142293.47986560932,130018.79629732064,103060.08221018466,153240.5140157633,123689.12682889782,122829.89538316875,124888.62095040294,123348.26236968848,109961.70674930437,95108.74548171673,127214.784752967,119760.37992322235,118117.80300826389,104370.11381969175,105825.19038808154
2023-10-04,117988.29721597792,125304.91435921853,126546.88996415031,119025.639956542,129369.12408579946,120854.66934460727,126184.1999252308,109502.3620198398,141068.94525769283,130038.20740058934,103216.35889815712,152226.8857871718,123425.50267112082,122506.92000360461,124613.48001777852,123155.71991600574,109989.18961329591,95263.91883325131,127022.23720465107,119579.11508372765,117988.29721597792,104396.19917001673,105413.25052066673
2023-10-05,118249.9378169694,126311.24715390867,127558.07508342223,119976.72580282373,130233.99694060252,121662.62041972646,127187.21263768291,110183.4592354006,143008.49815061054,131101.55375935507,103508.19962846232,154656.1305004691,124395.56426293745,123537.76371981904,125546.62395017287,124100.98810448388,110016.67934611323,95747.14421950458,128001.24541050872,120500.75634507272,118249.9378169694,104422.29103988521,105409.42725101112
2023-10-06,118268.75603064502,126678.85793302454,127927.56286759599,120324.25326857073,130418.69540936776,121835.16292187928,127542.87707181153,110397.64080978498,143518.32320047572,131240.15114513834,103689.53039776103,154932.47455581758,124735.2476927562,123874.58315141794,125849.68909881072,124479.66505889392,110044.17594947318,95904.50323476757,128305.87677129998,120787.537221806,118268.75603064502,104388.29149252902,105381.22646748251
2023-10-09,118212.7886404045,126123.811971119,127370.0959372684,119799.91910156238,129960.61092414423,121407.22735854604,126985.25921910418,110199.6883064017,143013.26597299345,130948.70269820427,103522.7805640325,154402.008842786,124167.9198742033,123249.46407083195,125288.496245173,123964.46436156232,110071.67942509288,95780.5028595128,127815.44863064503,120325.8466992466,118212.7886404045,104394.63297427818,105327.8516049863
2023-10-10,118210.82383641996,127122.43344180785,128373.5339342438,120743.71827181889,130992.547639391,122371.2469527654,127984.23821537867,110724.01549693865,143677.705379403,131861.75892449578,103654.96505355876,155303.33423107828,125131.35705754391,124182.64474625103,126330.36113741675,124880.69754314407,110099.18977468989,96243.68248366588,128792.95849200802,121246.07741459039,118210.82383641996,104885.92555497347,105812.50029597699
2023-10-11,118200.88591826565,127754.10037932382,129008.30805381553,121340.76491461889,131866.83122200693,123187.9893867668,128639.79033159376,110743.85733124334,144278.85223231162,132681.64518756693,103623.63083199752,155668.18163420583,125749.0056795613,124757.30661897446,126984.86233167748,125505.05994283591,110126.70699998221,96315.59056238204,129471.83882628233,121885.17739744988,118200.88591826565,105111.70314818756,105901.86222478084
2023-10-12,117904.27729706527,127334.98416023003,128587.40419167001,120944.87725932967,131674.1114859963,123007.95353867453,128267.87067262338,110228.72835880367,143861.50455519484,132386.39806841678,103608.90795356856,154573.77604700116,125395.92618202142,124391.291885291,126646.74729957084,125150.25965675688,110154.2311026884,95950.11204285549,129112.25799375097,121546.6669232099,117904.27729706527,104587.40042287554,105513.01054430484
2023-10-13,118140.22790469491,126882.17937699618,128132.65487501753,120517.15573689876,131486.05955684747,122832.27828480309,127861.72249726551,109983.12789573657,144084.99364868613,132516.70024286342,103438.8212658708,154480.93696107238,124973.85495607117,123970.7127072057,126200.79494586802,124750.34433538235,110181.76208452726,95542.69176169105,128796.9985126723,121249.88070216103,118140.22790469491,104553.01426257688,105396.24860904213
2023-10-16,117913.04490949257,126567.81958848922,127816.99551299869,120220.25742842822,131130.57208922986,122500.1872958699,127541.08886682041,109818.47485526843,144050.00846914618,132067.24275492242,103308.4049516715,154378.57932533533,124690.73420678849,123687.15433440855,125920.20207406217,124465.21208858369,110209.29994721811,95465.14650218893,128460.0800170306,120932.70461984036,117913.04490949257,104490.30808981897,105368.7484550448
2023-10-17,117826.21103860615,126853.66356275596,128104.33588589734,120490.51987248591,131461.96397592238,122809.76855934934,127829.4134708225,109823.42702824148,143575.11527922892,132190.0195335104,103283.80804834508,153690.1260710391,124953.7501620948,123919.9088706331,126221.59512954082,124720.70052673997,110236.84469248069,95451.66667238997,128722.07061789818,121179.34335728856,117826.21103860615,104569.67707435958,105360.45155102327
2023-10-18,117631.52373597166,126066.64857511416,127313.81963603235,119746.98755365232,130698.06913398627,122096.14960901145,127013.87835175983,109621.95849233544,142844.9141953642,131430.3584680707,103251.32358854104,152987.99550800727,124207.50197184125,123158.05611404027,125483.97965319238,123981.73208889125,110264.3963220352,94894.21958908603,127957.36888890759,120459.45085603803,117631.52373597166,104398.0801736229,105308.61411014987
2023-10-19,117534.4347563621,125540.4244825306,126785.30916543052,119249.88883392133,130182.7110116959,121614.70988447445,126475.26023884071,109406.03017632522,142680.47375782,130912.43378457944,103196.13335912334,152730.98469518358,123703.13321940455,122658.5311692985,124949.34819987134,123502.46629232533,110291.95483760218,94765.8577654948,127440.73087328987,119973.08627857712,117534.4347563621,104003.08319656122,105244.7796267064
2023-10-20,116893.0423631045,124729.99186897716,125971.26628569186,118484.22817848834,129303.77624996583,120793.62238964128,125687.3933975859,109226.13654058646,141053.37005815725,130039.9813384092,103221.9252950745,151801.1726306194,122899.13860570296,121984.46261115112,124025.73440188523,122686.14140321355,110319.52024090273,94675.17138459513,126603.81165498424,119185.20801628269,116893.0423631045,104029.07681447317,105161.52682223823
2023-10-23,116497.28234864134,123332.90689965333,124567.8382870215,117164.21220873996,128106.79976911143,119675.42515495188,124316.23419690786,108600.76947147552,139079.55689188372,128788.96624643738,103219.90078136514,149495.54509016222,121590.31690365661,120678.11792005265,122726.91164945184,121365.16340662516,110347.09253365826,94215.72763793495,125284.40265534719,117943.11242670566,116497.28234864134,104055.0769290019,104934.98329674029
2023-10-25,116332.29131245697,122386.94547722653,123617.63534663556,116270.48409657487,127092.50941480139,118727.8905228996,123344.36658310822,108227.63830251584,137479.2181555538,127693.00673300326,103042.92721297743,147638.93809157022,120675.52743231815,119771.7252826104,121766.79113056288,120486.85444773165,110374.67171759068,93756.9782768149,124331.98111723119,117046.49993411428,116332.29131245697,104081.08354177106,104769.0860072221
2023-10-26,116147.15437487056,121039.23377144513,122263.81068962174,114997.12331911392,125802.3147644752,117522.61029118109,121989.81060650318,107704.51297632049,135835.6876459586,126423.21281863003,102896.3946861506,145403.68979210156,119393.6591510939,118468.09597605916,120476.04196403494,119235.83945805687,110402.2577944223,93308.02284624065,123041.03533028605,115831.19969833546,116147.15437487056,104107.09665440478,104583.24803349652
2023-10-27,116176.18317535981,122112.85370727551,123342.59701178769,116011.7925251967,126663.49161005528,118327.10861066253,123021.06476662598,107953.37834728965,136890.74150134015,127163.95721264122,103117.19717567154,147047.13768443852,120423.15121632093,119490.077211541,121530.85006306785,120247.71134477554,110429.85076587586,93578.79018632554,124018.55535555589,116751.43998201162,116176.18317535981,104133.11626852762,104609.38665271646
2023-10-30,116205.21923105272,122916.04321684162,124149.6932021131,116770.91936416671,127460.80689218771,119071.94842824999,123860.12869421474,108191.02931956161,137559.5561655777,127995.85106334306,103255.92132961203,148094.1613114795,121204.22803356047,120344.67777502089,122280.85991538869,120985.43742465149,110457.45063367454,93886.54787143688,124808.74942898352,117495.33105277465,116205.21923105272,104159.14238576444,104635.53180479349
2023-10-31,116234.26254376261,122326.4520990973,123556.49967350191,116149.55171625361,126821.54779163572,118445.83940149567,123247.25520234239,108082.11237657526,137167.74386349146,127419.66760321725,103154.19555459902,147609.53052724389,120651.68212291338,119775.98945888135,121716.45097945632,120460.92509570978,110485.05739954201,93537.2169096625,124230.79022375081,116887.86403455294,116234.26254376261,104185.17500774063,104661.68349136043
2023-11-01,116263.3131153032,121910.27955352771,123139.40661753814,115907.06015995145,126355.36014145218,118155.39731036453,122838.14227922789,107969.14376280963,136149.47178323555,126909.59258145365,103063.11699278525,146343.5325205702,120252.14352809421,119375.02767091681,121329.54216255726,120050.40650569851,110512.67106520226,93367.98162544591,123819.34953916745,116653.2547280653,116263.3131153032,104211.2141360819,104687.84171405039
2023-11-02,116292.37094748867,122933.86114745664,124174.61228551372,116517.39699737552,127395.46203160644,118794.90427603174,123857.91065050947,108320.4036366964,137223.39185196656,127990.15614593326,103254.53963111121,147670.43294403126,121213.72488033664,120318.52487480301,122290.31237142431,121030.81418128467,110540.29163237977,93875.5188441093,124851.95695103273,117226.0611952296,116292.37094748867,104237.2597724144,104714.00647449696
2023-11-03,116321.43604213375,123641.59847723004,124892.92385084297,116924.78338324759,128051.69223764367,119177.61001398892,124588.55568695194,108493.00807741944,137300.57315218932,128710.93591948229,103340.8674041933,147972.38939119485,121890.91925257265,120964.00677326911,123016.57696442024,121691.31136819202,110567.91910279948,94027.84604094579,125564.5363221059,117603.91669358278,116321.43604213375,104263.31191836469,104740.17777433418
2023-11-06,116350.50840105348,124463.97986904815,125714.55691577058,117401.51609236782,128948.05890255286,119738.75695875476,125457.20705667984,108768.46301456788,139402.4568989465,129604.27290727865,103635.1735167784,150486.0645760507,122662.57044874322,121754.97959175547,123762.04588832436,122469.27630452324,110595.5534781867,94427.6503474222,126372.45824182684,118067.20127088943,116350.50840105348,104244.58923387463,104751.25706087214
2023-11-07,116379.5880260635,124290.15816540083,125546.42038432248,117314.22161999973,128675.4011856786,119590.02801652922,125271.2365485465,108714.34152255715,138723.20798064274,129376.35705158512,103592.23518962911,149977.59447648434,122498.99527172647,121601.2681859405,123607.55237563685,122286.84140724909,110623.19476026716,94375.06899740167,126185.45932358746,117973.44158222452,116379.5880260635,104247.5542737003,104741.50174006238
2023-11-08,116408.67491897976,124528.24588520567,125786.274066414,117482.49286411783,129078.6743706148,119850.84791757017,125484.76252634804,108937.70978465851,140109.75900505134,129754.82488224914,103809.17275802515,150887.1047096817,122702.88707984096,121786.48736488476,123796.27229205899,122524.4572336174,110650.84295076708,94629.96560046224,126469.0176416837,118154.06565958106,116408.67491897976,104177.72971530845,104761.1381060154
2023-11-09,116437.76908161875,123854.27757999177,125106.8138275124,117092.88521372336,128395.58182229343,119460.17493581293,124832.36298096208,108818.05820619124,140555.20768640493,129090.32537229834,103720.28922256487,151390.3367165895,122080.13009148251,121191.59868504743,123167.17435150391,121880.04817171814,110678.4980514131,94291.05030098249,125787.87775340457,117798.60845790358,116437.76908161875,103867.09890683832,104710.52104636749
2023-11-10,116466.87051579752,124047.40241239904,125302.21754057049,117212.64018447464,128651.31105175389,119610.09629739463,125040.34922456594,108942.76734860954,141009.84287957393,129371.04738849308,103730.71079948753,151703.01899759923,122263.58769313013,121365.12939338338,123369.97221352709,122054.35259448401,110706.16006393233,94359.20807757082,126013.31763566488,117923.45430601668,116466.87051579752,103999.25609278862,104798.11629463134
2023-11-13,116495.97922333333,124037.60738865903,125294.59851312762,117216.97414106155,128596.99773494202,119603.57928021188,125002.54585318704,108970.13239734664,141369.52126895075,129235.22842787152,103748.52987068765,152216.9804972228,122258.32768223053,121364.12057151731,123365.50677849496,122044.03501308136,110733.82899005219,94363.55142508702,125971.0851296074,117919.00756595365,116495.97922333333,104035.4525684752,104854.66275762163
2023-11-15,116507.4995662678,125547.9322997724,126815.98629490343,118078.77895832977,130036.29486687623,120466.33507250994,126505.28554162434,109253.55359592834,142653.49425575085,130546.05970228912,103937.58015899827,153794.59877342748,123656.33809703968,122732.36405063965,124773.2490604478,123462.13242494994,110761.50483150063,94870.73440340027,127422.24036663913,118718.178558382,116507.4995662678,104493.86634903803,105081.68216439638
2023-11-16,116516.21400707147,126015.4164264766,127285.58283646074,118372.68251860571,130374.83114660026,120710.15455493255,126913.09277391023,109243.4845084786,142072.80796864326,130779.64233321768,103940.22915893173,153782.13001756967,124066.16796570373,123149.97840895205,125126.85579313344,123919.60425310295,110789.18759000603,95023.76392806353,127801.848336207,118970.42855765592,116516.21400707147,104519.98262898416,105055.80637949704
2023-11-17,116065.98887278454,125686.7882581823,126929.41840879725,118245.9657542918,130470.97858481958,120824.17428648775,126589.68840610159,109563.6007583108,143705.7739774829,130950.89131785913,103966.20706765712,155398.2723510159,123800.9448275316,122958.73840771175,124779.1684506087,123661.50301363712,110816.8772672971,94913.49881446546,127569.88404904901,118905.09996736955,116065.98887278454,104546.10543620409,105232.96411877827
2023-11-20,116020.45541853303,125658.85247562776,126902.18995438583,118218.86262927164,130350.63964065732,120738.4697244685,126556.73205799694,109686.90221373917,143091.9564400216,130847.85011423755,103992.19146907303,155322.85771382006,123743.41027908018,122897.4735980541,124723.27910409264,123606.10259983312,110844.57386510314,94822.13276431781,127530.89182996917,118879.49358899638,116020.45541853303,104572.23477232925,105308.16790334352
2023-11-21,116110.25727407784,125962.83836538202,127204.87840008193,118388.52955240151,130652.58000365808,120908.44790405828,126888.18643408509,109760.70411212355,142747.06544423255,131088.77085208613,104018.18236480223,155298.03095421402,124016.0131394158,123160.69659546553,124996.76959563854,123887.2142633698,110872.27738515375,94830.14419953826,127833.5540691806,119035.22615539923,116110.25727407784,104598.37063899131,105334.48770267404
2023-11-22,116368.36176721193,126287.57653512417,127528.05468661696,118596.7178367087,130999.63728588504,121144.49632034359,127185.40066710982,109772.32584309774,143297.31729260067,131370.58490372522,104044.1797564678,155723.36283969446,124312.80931660224,123467.33932036729,125287.186534471,124180.36534459711,110899.9878291791,94899.07698709113,128139.34794017552,119228.30970598588,116368.36176721193,104624.51303782259,105360.81408014422
2023-11-23,116259.63791328398,126239.13289508739,127480.58394731612,118558.70499234597,130927.5661163111,121070.02267474076,127151.10709261756,109878.16462305462,142397.80548777297,131283.4991696214,104070.1836456933,154752.94665865204,124243.38473179462,123369.46790912299,125229.42955186572,124128.02418391065,110927.70519890964,94957.37241228174,128111.66750877132,119194.66223453706,116259.63791328398,104650.66197045558,105387.14703739817
2023-11-24,116041.0463887248,126021.16478705572,127262.07674829382,118438.27057451138,130744.62307116602,120963.93129016683,126973.01157996639,109845.75009874742,142285.55605861198,131111.02404267632,104096.19403410263,154731.59992283734,124059.0222535142,123194.72308837762,125062.11014938797,123917.1890133447,110955.42949607629,94730.82486659253,127912.45371582727,119085.24974305958,116041.0463887248,104676.8174385233,105383.22542673114
2023-11-28,116219.8948383995,126170.73435348234,127417.27317391873,118528.79458136883,130800.96156047612,121007.92196758374,127087.09897436581,109971.94202446876,142070.41630089737,131140.39545291188,104107.43178485362,155136.78493542597,124200.65507517879,123318.00952339069,125254.56274008611,124027.04599561237,110983.1607224105,94812.24883996205,128039.19634793133,119159.03575261397,116219.8948383995,104570.12668859407,105492.81618215273
2023-11-29,116944.45762208354,127385.01722315914,128642.20277868191,119227.62771716726,132060.528201082,121751.22104232573,128347.25811332828,110268.4771926317,143359.89934995878,132460.0530852869,104187.89306564376,156819.38344064364,125361.08742810528,124508.82987077732,126391.77523565566,125179.67895729345,111010.89887964408,95410.48104574588,129262.13731100691,119831.8870719105,116944.45762208354,105466.41723041447,105737.89776659795
2023-11-30,117065.83610992858,127419.08644628916,128671.79125980001,119240.91894507046,132238.321275604,121843.77577016164,128376.41406840696,110579.13366593004,144065.875684464,132761.24278753213,104276.92432457744,158178.6387296115,125395.98759628307,124562.34878509652,126436.31351941529,125186.33682802018,111038.6439695092,95439.33129616313,129368.09436745406,119866.25457207943,117065.83610992858,105523.29718812823,105764.32496883927
2023-12-01,117425.55205104832,128610.48625198903,129877.16176909859,120065.00570988939,133553.73127354772,122732.39469514973,129613.61628585613,111006.45873053258,147599.36825194446,134220.48696979662,104302.98638393781,159778.8614797136,126554.84062816223,125795.20178536112,127563.60353881262,126301.78973139916,111066.39599373862,96062.71724739583,130624.21075716318,120728.45732457387,117425.55205104832,105549.67075498427,105790.75877606364
2023-12-04,118832.95398592245,131296.06536616708,132602.8711716043,121948.72254240914,136399.81049100583,124682.6851803181,132439.1191774657,111888.24044872765,151457.90974185677,137292.73408353937,104329.05495702056,163413.92780716412,129197.12720063918,128539.73373528455,130187.8593171972,128858.67773176778,111094.15495406545,96874.41476648052,133371.00500446363,122618.0519856874,118832.95398592245,105576.05091341818,105817.19918992178
2023-12-05,118710.72107079338,131762.13550282567,133087.41746578662,122306.87075944086,136676.37012089533,124887.81060480408,132974.8939642508,111811.70170149597,151221.6989611963,137640.34396337013,104355.1300454537,163264.18382377297,129644.76014635508,128959.35014013777,130656.20842617292,129313.94105100296,111121.92085222321,96732.43493274045,133813.61001960697,122914.02342157553,118710.72107079338,105602.43766507735,105843.64621206495
2023-12-06,119533.8436690883,132747.07727035598,134077.18301649665,122963.56230270777,137719.89866746476,125593.17994718788,133914.14234439624,112308.25614878166,154242.51960509951,138527.8414526497,104381.21165086562,164654.68142525794,130599.62095113251,130056.16472377274,131492.23740089373,130243.32055235315,111149.6936899459,97413.80996941474,134761.60198810117,123565.55389348695,119533.8436690883,105628.8310116097,105870.09984414474
2023-12-07,118752.25572727194,131881.2361348981,133211.2154358121,122404.99572389676,136591.8437096707,124837.77140896775,133028.34940826983,111873.25606629235,152303.90247775288,137284.40553017159,104407.2997748851,162263.2585140498,129793.81535988225,129214.52023870079,130679.01010980169,129481.00262625595,111177.47346896792,97000.03015385172,133831.08167459065,122945.64781153842,118752.25572727194,105655.23095466345,105896.56008781318
2023-12-08,119195.53184085088,132354.46409576014,133689.59181014067,122746.69629879044,137021.65742593602,125144.00877017622,133515.28108945224,112207.06240156094,151907.84333685852,137679.64502877917,104418.54611307869,162931.0020715156,130268.57153278778,129653.08881997579,131151.96354142306,129993.84150319053,111205.2601910241,96859.00226042783,134247.08784233054,123244.98981302328,119195.53184085088,105681.63749588728,105923.0269447227
2023-12-11,119315.80068818768,132509.77635903534,133845.74279188272,122859.75797917912,137154.48119864205,125244.00077574913,133699.11652793357,112264.09041823495,152458.52214165273,137849.14245054356,104353.3589539915,163096.70488916858,130407.90119328677,129812.40930272489,131286.74762521428,130117.54244940719,111233.05385784977,96910.6693372687,134400.2347085698,123344.69575332332,119315.80068818768,105561.76217611665,105949.50041652622
2023-12-12,118734.28409216471,131928.06517991726,133259.08980894063,122467.70007114814,136544.981894781,124821.3717390494,133120.4245847686,111808.83403179223,151344.5273806044,137442.45262151543,104355.4359899495,161988.3634772084,129844.77049742569,129231.7531587915,130728.58282907042,129567.2149439709,111260.85447118059,96939.89608368788,133866.56532015943,122988.1417287378,118734.28409216471,105053.39954534305,105975.9805048769
2023-12-13,118808.29386918216,131977.3284763462,133317.54492682274,122515.26553157832,136708.86705463292,124959.16433393242,133177.00283745787,111871.19531377903,153133.47437840528,137612.66713224104,104381.51767182648,162842.62347549136,129948.09687781443,129360.76818691718,130840.78030607585,129635.93850043669,111288.66203275276,96735.42979596295,133979.31288225894,123067.18917038449,118808.29386918216,105132.64836750845,106002.46721142852
2023-12-14,120213.866491759,133630.29627157009,134982.78181945282,123655.93304811255,138265.8635413868,126015.92090465657,134853.08702105697,113139.80413972473,154542.7102988505,139077.1842374261,104377.81235643133,164478.5917657634,131485.40123534005,130963.15290466843,132344.60119789155,131140.64549450824,111316.47654430286,97464.06011587694,135538.70853684554,124146.55417796616,120213.866491759,106359.82810499395,106028.96053783516
2023-12-15,121275.37612650257,135696.51123549085,137088.22793092442,125067.67682280338,139876.96898792844,127086.80471444814,136790.12374925456,114692.40849138025,155454.72359697358,140452.46111706752,104920.72166069866,166066.69550072573,133367.71258919802,132919.08015346504,134132.9601340248,133041.4505601673,111344.29800756782,97520.4784701642,137399.70940517113,125435.93647899319,121275.37612650257,107337.27077066647,106055.46048575123
2023-12-18,120902.14143059465,135361.9409932801,136752.39481737567,124839.16499429363,139578.4333840095,126890.90701286239,136403.0669884865,114431.7888875229,154791.56035002272,140041.2503324183,104979.00384967118,165912.81706580857,133074.39300498777,132673.5545956705,133773.0861891484,132765.8698694867,111372.12642428525,97328.19490364104,137060.4867884726,125207.57105465686,120902.14143059465,107039.09799399742,106081.96705683177
2023-12-19,121087.87156370045,135644.0787505184,137044.147404508,125056.76355589306,139860.45119965242,127086.9356768572,136656.6815337345,114714.20635116156,155420.25018360518,140203.34391351437,105065.95323561512,165798.03786284203,133380.26817651297,133008.02683031213,134071.0838495396,133050.72906282457,111399.96179619285,97281.51220748742,137360.48773741943,125440.86270871469,121087.87156370045,107131.40358606639,106108.4802527321
2023-12-20,120177.08866900283,134037.89797198752,135407.66904306336,123983.033041218,138365.1077849218,126069.48559700002,135082.01969931502,113840.9874644274,152547.77077327645,138794.96720791826,104759.55410061785,162900.93991232637,131882.30295379693,131481.14067897163,132601.07287149725,131554.46630579868,111427.80412502901,96579.69159098095,135809.71675035916,124412.66748255277,120177.08866900283,107158.17906892324,106135.0000751079
2023-12-21,120697.94806339948,134692.53553524264,136074.13792139248,124446.94955420417,139002.71922029558,126522.28589533396,135730.73950588919,114292.12292885591,152859.13104626167,139250.25154788088,104832.08552479086,163452.6295221717,132508.29098663805,132105.24381222503,133164.59638411956,132243.94674698482,111455.65341253256,96775.71699045756,136432.62610945816,124845.65727830112,120697.94806339948,107184.9612438093,106161.5265256154
2023-12-22,120735.97817954198,135230.06166439154,136605.73686704098,124773.8207246472,139664.13150545326,126976.06385342104,136211.1258152879,114431.07640409618,154823.5947393209,139833.9195139095,105053.30366643933,165553.20524277745,132996.0059844832,132631.09339123798,133673.80142080435,132672.02163060894,111483.50966044267,97104.30767507045,136941.10726331992,125183.90371417467,120735.97817954198,107211.75011239712,106188.05960591113
2023-12-26,120732.4649505895,135434.76713300758,136812.95556277843,124923.25305112613,140007.0293315709,127226.4320367982,136446.3675285862,114475.12820058598,155457.630808417,140206.5869205561,105175.36377176632,166218.86382397191,133201.29943092962,132848.29910625968,133874.27898073418,132870.0638907618,111511.37287049888,97223.948357423,137197.37860516706,125358.75077762852,120732.4649505895,107238.54567635964,106214.59931765209
2023-12-27,121352.05151280381,136811.0390853976,138208.27244634743,125859.06157918462,141433.3342587053,128216.09747103436,137813.02178329608,115214.4832387291,157277.85361400605,141581.29644724066,105468.17806002822,168894.64448569357,134472.41031448063,134105.11341012138,135175.31122892702,134125.7885091061,111539.24304444125,97675.29676891424,138551.1902419836,126283.88392144392,121352.05151280381,107145.83753511823,106241.14566249572
2023-12-28,121616.00927996356,137384.0805640634,138787.40878681865,126262.15080504348,142081.37153682386,128659.09047209239,138407.7555085374,115620.31234705701,157690.26966547777,142276.91708228493,105513.71799525106,169448.10632097008,135048.8365290458,134683.5698772858,135771.1271216508,134680.92952628853,111567.1201840104,97916.33747151925,139175.16726506437,126722.77424769032,121616.00927996356,107301.84721473692,106267.6986420998
2023-12-29,121266.96724392331,136881.33657539464,138268.43728169578,125918.81124546866,141819.35034492562,128476.57748646569,137914.66708905823,115233.39355199075,157543.57932546383,142150.81664499792,105540.08916796769,168962.26612095322,134601.30604694577,134233.00067676266,135304.02141866882,134255.8606035887,111595.00429094711,97891.24110449445,138758.08165691906,126450.1220593628,121266.96724392331,107328.66529677853,106294.25825812256
2024-01-01,121224.13121514546,136834.68659565953,138230.2765284432,125911.44805853778,141655.31809088928,128382.26428135161,137869.62201084848,115409.74323490329,157799.4692099935,141961.88128916922,105551.2589190599,168654.9647234968,134576.6872881133,134209.22063703163,135257.2229034194,134252.31024871214,111622.89536699282,97814.96569787986,138701.8443713096,126411.07257269819,121224.13121514546,107355.49008149627,106320.8245122227
2024-01-02,121124.72838876297,136126.41121441528,137497.03489453715,125430.96961038023,140859.53553213822,127863.84182712199,137122.90708035318,115006.59054341266,156362.10933083112,140945.3135133757,105401.12230481385,167563.96733145523,133920.22724248908,133571.28095120893,134590.38146090854,133587.59160638272,111650.7934138893,97301.07828562506,137955.63900095024,125906.9223562187,121124.72838876297,107246.73183039269,106347.39740605923
2024-01-03,120612.15762467055,135555.25783835634,136937.37069234907,125046.0240463412,140421.4221835927,127570.23258339541,136590.89782060267,114445.49166008327,157216.28945143826,140634.10027420314,105443.23630341758,166683.25395648996,133448.6426342496,133033.34746064647,134205.31836768167,133097.3213283447,111678.69843337881,97446.1378578881,137509.06457469965,125598.85124369594,120612.15762467055,106870.43980310402,106373.97694129166
2024-01-04,120802.599357959,136036.49864349302,137422.51611003684,125376.48852318648,140882.8008010637,127913.43282839334,137069.56117308344,114678.7128533938,157719.68254805246,140866.8451010754,105473.08546118627,167457.40121057708,133876.8274302783,133449.61703950318,134669.95714618225,133501.4087533771,111706.610427204,97491.21943109244,137918.55284723215,125896.22363440522,120802.599357959,107142.37138716891,106400.56311957988
2024-01-05,120809.39591032117,136778.1882882012,138171.77182782677,125872.43190757414,141704.0706130095,128475.5669461183,137807.7993749304,115078.25187904768,158916.66357772498,141726.61769082432,105825.17287468424,168608.2757836113,134581.90613958632,134167.83665688848,135347.42350015018,134220.4377010338,111734.52939710797,97829.76162172628,138648.3607029724,126392.23647996785,120809.39591032117,107157.6848153444,106427.15594258418
2024-01-08,120004.23993738812,135310.5043763939,136654.96244342855,124852.29722283356,140263.42106690674,127511.76849540045,136319.75445757734,113940.59588207699,157473.68731920587,140145.8014747897,105548.92841556258,167009.74087531172,133173.7163746095,132679.19162265633,133971.68651258035,132861.29854222818,111762.45534483422,97546.75841624501,137148.1889400958,125362.33244727155,120004.23993738812,106294.4963625429,106339.00846644117
2024-01-09,119968.96741665356,135601.02356086022,136940.6151461576,125019.68822990828,140679.4834302349,127797.928010203,136589.51116591739,113839.12246001013,158875.751813785,140464.3813610139,105566.31386848287,167669.6860393566,133433.0696270761,132911.98588125219,134255.80924047928,133122.84357931055,111790.38827212685,97504.00717865021,137430.1847944416,125548.6177681395,119968.96741665356,106468.0285575511,106380.96444967366
2024-01-10,120236.70048831607,135978.6994987209,137330.48041650414,125305.52954507376,141098.16763997675,128140.50257518739,137039.1239628582,114207.2896326841,158545.37519882122,140881.1826135461,105660.57838364731,168077.22168570157,133796.9437224171,133302.32126287936,134582.0434654762,133497.2365695701,111818.32818073014,97766.01727400879,137808.03541750967,125805.57078791916,120236.70048831607,106681.43610799925,106335.85949597106
2024-01-11,120093.63979725198,135722.26576375187,137067.45722426774,125142.16193751717,140788.33222537546,127992.57796583541,136803.58262943456,114085.17811006238,157697.08064250005,140380.2540429823,105282.53495370715,167654.105320998,133533.60348376693,133036.340380036,134266.24648474233,133288.406199087,111846.27507238905,97422.86581284825,137515.7067511505,125583.80540928875,120093.63979725198,106666.51723322262,106327.16150315526
2024-01-12,120355.56226153896,138246.67627336588,139639.17437221366,126836.02605435846,142942.48742163752,129471.20295735716,139208.08045807373,115668.04591831121,160135.63417603634,142050.88903917547,106751.91092707973,170794.9573833846,135877.61546459736,135481.74916806168,136571.6970651748,135568.19919048366,111874.22894884877,97537.50336348297,139774.10656266328,127143.11472513973,120355.56226153896,107195.69591028412,106772.82420537823
2024-01-15,120641.8688884711,139760.42070445127,141176.27232684148,127879.52082753193,144432.9414853671,130505.13780152118,140706.96979610238,116502.33675498629,160330.14310036946,143386.1981662945,107349.89579465895,172648.6272928037,137272.00338058374,136890.87551936661,137943.266158345,136970.0860773713,111902.18981185507,97975.7691177169,141208.90071520163,128170.38428410965,120641.8688884711,107572.41854830162,107128.93894805745
2024-01-16,120483.31556028349,139364.13903224713,140777.97535661823,127621.71159555583,144154.42044254096,130305.52353603017,140347.24867652825,116502.48731139461,161214.79177669305,143246.98175350478,107378.33336898636,172194.8593758867,136924.8758061722,136551.8560949458,137621.73196624915,136589.58400329482,111930.15766315408,97726.46253632593,140899.9349375501,127961.93011934971,120483.31556028349,107239.93077692308,106795.88112400718
2024-01-17,120361.36145406248,137364.94572508268,138715.54768240577,126183.92829461962,142069.04392511648,128878.9730771871,138165.41785178235,115031.22782017651,160371.79922617986,140936.64873068,107378.31594820769,169663.61018023087,135002.74513420765,134638.7017891978,135819.1682445151,134540.63834392958,111958.13250449243,96386.03175766268,138847.30713290547,126517.51785955434,120361.36145406248,107266.73338411363,106822.5727493243
2024-01-18,120427.2992154368,137226.2409100322,138583.07255293048,126074.76940759324,141853.85047735664,128763.67023813738,138002.65825521573,114742.4800776775,160857.35429968746,140597.77276389278,107298.97986987325,169452.5481097986,134860.0817151366,134487.62943550263,135691.21775060095,134391.91867438777,111986.11433761711,96365.02342903234,138672.76284974982,126375.161075135,120427.2992154368,107293.5426901126,106849.271045712
2024-01-19,121238.06169055158,138572.84167442293,139957.45368405964,126946.38064718834,143417.8916223059,129817.64337412005,139378.85125112292,115239.09817123943,163552.43603022717,142234.6341255999,107623.47828553776,171203.52903768118,136097.41332758227,135711.78902693474,136931.73508638237,135639.1465301416,112014.1031642756,97165.82258076765,140050.27882996143,127310.3240753431,121238.06169055158,107320.35869659422,106875.97601483765
2024-01-23,120989.88628454112,136157.31830346741,137526.98622598313,125261.36979603909,140696.75448973684,128020.211601703,137104.53048185026,113947.06035986815,160777.65806118172,139456.94010324843,107292.53891330714,167953.46564435636,133702.00603959602,133350.21701516313,134643.59960835724,133104.15457496553,112042.09898621582,96763.31349065705,137526.87950795313,125531.31549984218,120989.88628454112,107347.18140523319,106902.6876583689
2024-01-24,121263.35301198137,137661.79490279412,139021.27946562684,126261.48249721236,142371.57387637615,129145.8383975992,138451.56990727692,114204.84044498962,162694.27261012988,140702.98996940922,107401.05611110666,170260.35769023988,135053.2413675662,134711.8139096471,135978.2518641614,134461.13649652145,112070.10180518613,97103.26407511617,138971.21191656214,126572.1953171218,121263.35301198137,107374.01081770455,106929.40597797393
2024-01-25,121301.21474949169,136777.87545674917,138130.88629172926,125700.87729325186,141365.36797542946,128511.14701209376,137605.0612427848,113937.59151950906,161192.74556223987,139718.56862058333,107267.54642070955,169137.37057615415,134279.2619843281,133920.5462829904,135241.19789203373,133668.188342477,112098.11162293522,96753.72626679577,138068.5179287819,125951.83301273822,121301.21474949169,107400.84693568379,106956.13097532128
2024-01-29,121297.03266806796,138395.5660460177,139769.6286173128,126838.26723921063,143137.0642501281,129868.71442780479,139245.6337480936,114103.84356304866,162939.14881189968,140868.12601441445,107365.72535123455,171818.73233842853,135765.13256582513,135383.24683714754,136748.45378076527,135155.98971214332,112126.12844121235,96888.88765258915,139592.88733863976,126979.97829488073,121297.03266806796,107427.68976084689,106897.75985823167
2024-01-30,121290.95807074262,137364.88987584334,138726.0866337029,126150.16987931238,141950.72252721904,129006.36061923538,138192.25030651598,113970.14743714665,160047.30475930194,140092.3344787669,107085.22560110554,170350.99114130755,134783.73605203105,134386.29956530232,135781.99029693851,134175.63358655095,112154.15226176717,96391.75916502191,138587.66657327802,126321.89993504641,121290.95807074262,107367.24899774548,106317.55082205414
2024-01-31,121526.29860773779,138056.25234635433,139449.09512049414,126677.90225159179,142374.09127878692,129295.81075337969,138896.21443760584,114530.8453445615,157443.29860772178,140665.99159316806,107351.80117300183,170316.0450215635,135399.14855560803,134994.90367041988,136438.7998915954,134756.90249607916,112182.18308634975,96893.17501710702,139254.20200390514,126836.14786652022,121526.29860773779,107259.6593645383,106344.12289769328
2024-02-01,121491.20663242889,137731.80300473305,139159.04824053365,126502.09997622076,141847.68079304957,128918.00027213809,138553.38338118017,114745.26603546669,155610.88623641568,140057.56440041153,107527.9993981401,169390.57462206564,135130.77023404127,134716.44261535734,136159.76631225029,134509.22760891658,112210.2209167107,96949.20322613818,138911.08630356743,126616.40153626246,121491.20663242889,107286.46690251888,106370.70161452386
2024-02-02,121721.4233134443,138332.50461080097,139732.66948175355,126885.70283656777,142145.9335820547,129083.5118312038,139081.86786518092,114945.63187687265,155450.81630564513,140147.73953241497,107670.67356162691,170829.526093262,135650.10257009094,135243.3181836633,136694.09661271985,135006.07970499338,112238.26575460087,97137.02697222689,139330.87078624647,126901.52817469454,121721.4233134443,107313.28114054026,106397.28697420564
2024-02-05,121565.03296500776,137119.83069800565,138545.0617564874,126093.80893396412,140833.56518753877,128155.42883384039,137880.09820398857,114813.08654408171,153092.56026037817,138758.75390772495,107697.58382488896,168871.3783510967,134595.3444306905,134169.9068305183,135620.92871127249,133988.42617603933,112266.31760177175,96781.14993068643,138108.97034046004,126065.81457019587,121565.03296500776,107250.89630005526,106423.8789783989
2024-02-06,122375.77839137493,138528.97889596762,139931.7384860697,126989.84417908135,142150.9795153886,129047.01094655349,139213.39671473866,115144.44399472019,155073.82407056977,140162.23367894872,107709.12606267014,171331.33452995803,135909.63992273423,135500.1992984187,136929.92476705989,135291.66391055385,112294.37645997507,97319.23175760024,139404.8198624588,126934.12411010174,122375.77839137493,108080.51812912202,106450.47762876436
2024-02-07,122445.83023593399,138445.09946599213,139854.93867304674,126965.34421190922,141849.89418364983,128854.15102010516,139087.30233044492,115545.08639340082,154582.22353329757,139700.76588959468,107720.36485765727,171151.53136217306,135798.0242711014,135353.47675633986,136797.4265403063,135235.9843684066,112322.44233096323,97037.95743203304,139307.1263271688,126883.46063577676,122445.83023593399,108255.75628211575,106477.08292696305
2024-02-08,122617.55875671428,138103.1327547803,139432.61116032946,126685.76722721665,141064.06497012117,128280.83215822736,138512.78096627846,115325.29965752753,153227.12615146962,138523.68025220258,107747.2875403258,171284.51955663934,135391.41623205802,134917.59899954053,136332.45832601053,134916.5095640176,112350.51521648884,97178.36127971212,138728.40223548986,126532.46933227668,122617.55875671428,108507.172650059,106503.6948746565
2024-02-09,123176.87516411323,138542.22831255637,139960.68012318524,127066.89999383019,141254.94973663558,128429.50409653164,139000.66037616038,115582.88790243621,152330.91992769373,138744.05665137485,107774.21695181333,171343.29147902288,135833.84184290297,135329.80709394615,136806.18719276824,135358.32177666712,112378.59511830512,97510.4093733054,139216.506971346,126853.56657710973,123176.87516411323,108534.29198056235,106530.31347350661
2024-02-12,122931.86633518618,137313.25895205754,138652.39881724055,126186.0900053674,139963.61327729316,127511.38417973882,137706.19156483846,115451.14591751393,151096.07029631827,137347.19374953336,107770.82865176846,170331.046497872,134640.63356613336,134143.71520048048,135591.11622843146,134179.74550343107,112406.68203816564,97125.80123012536,137864.96486260166,125950.67021216992,122931.86633518618,108561.41808903315,106556.93872517573
2024-02-13,123144.78107125529,138129.2564810373,139514.10988137688,126776.50430518649,140728.27055856193,128053.85480229605,138595.84536795752,115733.62120046768,151628.30959712635,138303.2353074324,108009.93942637788,171367.58073718564,135424.90708210765,134922.13354272657,136409.1338910584,134936.44911776303,112434.77597782445,97300.76217178411,138718.850523855,126516.71636378748,123144.78107125529,108588.55097716545,106583.5706313266
2024-02-14,123455.205936098,138570.73492623205,139997.1227947039,127127.57971195024,140882.7879983904,128178.53006058394,139007.66012256124,115791.15381548725,151669.6643190673,138174.9931042207,108000.77057399716,171812.77763928098,135781.84186681182,135267.05029093233,136743.3306767069,135327.86697108467,112462.87693903598,97313.87608761256,139133.96835361668,126808.99468508993,123455.205936098,108541.43624110635,106610.20919362236
2024-02-15,123553.89385297186,138727.57145271057,140182.06089320045,127257.42289579735,140706.63066754624,128035.2718969884,139078.6998278259,115751.8995325634,151121.76923961242,137610.86995802555,108005.11042141705,172060.87657175516,135869.90063910262,135399.2767853625,136752.37766931558,135449.55340583337,112490.98492355511,97191.31024205932,139152.80034674643,126829.453928585,123553.89385297186,108762.39098112972,106636.85441372659
2024-02-16,123798.8217926016,139356.1652025324,140822.29446619208,127679.12839618346,141523.46226036595,128626.31604057238,139725.86114986023,115849.45960745896,152418.25347104238,138491.87393513296,108087.62334738614,172951.29663908068,136525.2098737378,136047.0636649015,137437.94850786985,136082.42920806527,112519.09993313723,97152.80877721282,139809.67482257148,127277.95649661105,123798.8217926016,108693.23625523804,106663.50629330335
2024-02-19,123759.33231712673,140034.93107798867,141514.09415249046,128170.3074069483,142163.9828930124,129099.87288946823,140487.18951999245,116097.35353676825,153254.35299365598,139472.52444186195,108518.13004017157,173801.49110217084,137162.8796917464,136683.27022631458,138100.7761894522,136696.6185130189,112547.22196953812,97621.39137507844,140559.9738454594,127797.96225367411,123759.33231712673,109011.1660392326,106690.16483401695
2024-02-20,123516.09107134824,140082.9168535489,141605.05545711017,128256.88972807764,142339.81984583166,129256.75823554026,140580.48184594518,116177.62394774551,153162.36466854473,139651.05851839762,108575.09719166199,173470.88398902913,137237.8643512842,136787.86502131418,138165.54026880648,136751.92015183577,112575.35103451401,97719.36686463354,140682.04228236637,127896.0619195619,123516.09107134824,108836.3705637009,106716.83003753232
2024-02-21,123281.62796466773,139482.65898272235,140999.55660038968,127874.49278281315,141590.46978057327,128755.17010229752,139979.44556703547,116238.43245724903,151847.91666066286,139079.75348215672,108602.23349862918,172509.39031160754,136607.41444227213,136142.29151892193,137549.98623763485,136122.06159670383,112603.48712982157,97583.45457731416,140110.2505606004,127524.70064308502,123281.62796466773,108759.96353615315,106743.50190551463
2024-02-22,123570.50511442365,140451.18292343203,141984.76162663035,128518.50720186508,142617.22606884176,129449.09776729037,140997.83573958479,116380.9012126281,153790.30700018752,140047.30511331168,108600.96741163648,174051.336286321,137628.1232551968,137154.98043634015,138583.052655267,137138.46280668932,112631.63025721781,97633.84819999202,141074.85215898664,128146.68274408001,123570.50511442365,108903.48118795756,106770.18043962953
2024-02-23,123584.03198261408,140161.9540233068,141690.1891839367,128335.79378996148,142409.21766146246,129319.02142655222,140714.47375489914,116391.97489030984,153377.53439247713,139749.6752943286,108498.7610730333,173775.58671420222,137344.11376854,136882.23674465495,138278.801754344,136863.1667736563,112659.7804184604,97588.76894377165,140782.57276527464,127958.18462201742,123584.03198261408,108930.69956833894,106726.45576428181
2024-02-26,123538.16726429867,139784.6789637451,141318.07543947874,128089.62141537319,142194.73742013605,129195.15040245293,140322.93323997356,116341.4106240295,153428.1467516032,139353.58014753915,108492.59315956205,173244.2547252706,136997.1079005677,136540.3007205185,137904.5835000642,136537.9984983539,112687.93761530727,97270.06409245859,140432.7917352719,127725.03121077774,123538.16726429867,108897.54068500681,106421.46630732954
2024-02-27,123628.82127086967,140463.63465031073,141976.25176599232,128513.70062547072,143056.2067741133,129781.02050836985,141048.0485540519,116432.52616186177,155177.8206488534,140533.35326928017,108700.66955300145,174351.43721151765,137699.35647261637,137238.77010935015,138624.61649647434,137226.3672848208,112716.10184951681,97326.30818286518,141158.43087842903,128196.60690568846,123628.82127086967,108991.0986835179,106512.44457772131
2024-02-28,123511.0667549723,139749.19007054184,141210.52855155317,127998.28180608919,142393.82268578987,129335.24334063135,140271.96315829124,116307.35243733147,154374.2765747335,140045.713250401,108799.61793659942,173351.71073663057,137036.68323218013,136556.34149421338,137926.10883842796,136619.05454683542,112744.27312284782,97004.35487340139,140437.7509063386,127743.25168450053,123511.0667549723,108459.32467931275,106539.0653633954
2024-02-29,123601.73741048368,139734.48674490824,141198.96677182498,127970.0904372745,142209.4625059263,129198.83139689699,140248.3588086852,116398.48377076494,153976.12245300744,139814.86272277066,108768.9690895436,173348.26996096343,136979.387812901,136498.3035817808,137879.09048429911,136552.3637701693,112772.45143705976,96913.8329504421,140381.33297550277,127677.87741346854,123601.73741048368,108554.81625313421,106565.69280243511
2024-03-01,123991.49366860937,141693.95927907404,143242.45995717897,129792.43644430613,144214.01408715185,131045.62339010125,142338.4133194802,116800.00849555155,157573.86073215582,141782.30708698992,108921.40436055971,175917.2885780905,138810.75925913142,138359.01283079767,139724.17672717498,138340.4024529735,112800.63679391221,97419.97850863945,142427.2649741609,129303.67471879096,123991.49366860937,108581.94749126157,106592.3268965032
2024-03-04,124057.65607202378,141953.36824382664,143501.60370904853,130037.89017469439,144604.0526737193,131403.34741459833,142628.1491532024,116885.20332310292,158136.53188378396,142191.0064561979,108874.84895693393,176247.51877538115,139042.20719804274,138602.08230235297,139960.33765692907,138555.47532662642,112828.82919516541,97557.17400360382,142727.3612964687,129562.20732888977,124057.65607202378,108609.0855103325,106546.59867196743
2024-03-05,123890.4293080308,141816.79548156727,143302.03749567547,129915.53703975705,144620.64874328967,131375.19036933282,142461.0574577731,116864.96056842017,159356.06200801383,142059.9825463618,109030.19038317849,176192.40568255377,138835.97037098953,138413.6203230857,139826.1653075046,138260.22290421327,112857.02864257999,97523.90730585404,142576.55586300752,129534.01661951018,123890.4293080308,108530.76220858407,106813.96425237026
2024-03-06,124108.6600696434,142743.09152712073,144223.409073198,130670.63835960395,145583.9177585625,132242.71297100803,143421.14471372086,116989.10273431252,161111.28813539882,143237.36506165637,109100.56098433539,177342.57517482288,139707.64380046926,139274.9148047262,140765.71725735287,139075.14450170493,112885.23513791696,97845.0522816809,143519.46748938132,130314.98319891565,124108.6600696434,108933.03919634374,107162.47493092825
2024-03-07,124083.67679490837,143111.26563096812,144600.43294829378,131005.10527802516,146071.65023419104,132682.94431305677,143777.15484271318,116916.42007067302,161869.03702766506,143823.83223710008,109209.96721532258,177392.45409259264,140144.49856945523,139716.37836655212,141158.3208069773,139551.00431238473,112913.44868293784,97899.16223257933,143956.2290149814,130665.57320488339,124083.67679490837,108883.59268599868,107051.86430956639
2024-03-11,123505.75866366726,141918.5100619852,143359.22797635448,129897.63297984107,144839.64787816323,131550.41243542905,142571.6604749635,116842.66246774915,160648.4765128015,142793.71857501587,109249.67293780837,175871.97059922773,139024.01975787673,138568.85195673394,140059.2359800501,138436.76395155906,112941.66927940458,97839.91942707541,142744.34806052461,129611.00163213872,123505.75866366726,108128.46522789236,106676.37369064937
2024-03-12,123353.66681231865,142130.54023818078,143612.69994052424,130027.92436337593,144922.39919769723,131605.22631707322,142823.64435941933,116848.94152966347,160498.5460163258,143065.89883307833,109261.19434297412,175995.55762190002,139227.13570936085,138782.9809951129,140288.27172764688,138603.17445617073,112969.89692907955,97888.77283442269,142949.45104042004,129745.8797078715,123353.66681231865,108157.65482927399,106739.77517635522
2024-03-13,122199.26388651037,140789.56790040867,142413.9445674685,129049.24049788107,143629.5025177395,130419.5463393263,141652.8499417421,116952.02059987963,157151.41114257788,141684.10356247795,108977.42517716164,173215.9008817598,138111.3254828963,137604.47820409585,139173.4633275016,137549.57664230093,112998.13163372558,97091.02612337135,141779.84876939337,128829.73760127623,122199.26388651037,107902.91954669102,106232.44946339363
2024-03-14,122652.7990779527,141794.53550561544,143376.53420834834,129826.85203464856,144576.99414288957,131279.72879136706,142609.71938345718,116974.53539214096,159201.98404915433,142848.0543396878,108981.91935838957,174483.6298404709,139078.1454144761,138590.94911505468,140135.79250879455,138500.92255509968,113026.37339510587,97464.8248286158,142715.01538369784,129580.34789684582,122652.7990779527,108356.00823691918,106602.59699672271
2024-03-15,122462.05922112496,141330.72326038897,142877.87625255,129370.00106192617,144323.14884827696,131014.54861283208,142181.10987670382,116948.65988437875,158981.3172029769,142883.55560391978,108768.18255379294,173554.6685256471,138563.68960106763,138036.29822605793,139620.6546826855,138027.62980434566,113054.62221498419,97102.40691581492,142317.91154150382,129311.10763809455,122462.05922112496,108401.42380182474,106824.58923967248
2024-03-18,122375.5653311192,140974.91787435958,142496.056110235,129093.2843474697,144063.5132352502,130771.04609050964,141849.92366608806,117058.53180442678,159470.17445682437,142456.37674269776,108675.54657315364,173219.88631252726,138134.37409315223,137708.17474059283,139195.65151737956,137492.39855107636,113082.87809512464,96837.72773851271,141956.6079483255,128999.29075889809,122375.5653311192,108105.15045976416,106618.68613721024
2024-03-19,121674.20013244961,139236.9078755577,140728.59893495517,127687.08053998197,142544.10434913693,129354.1944775547,140152.14531154124,116920.7348045224,158050.1479993248,140829.7578412356,108465.97286581439,170504.1675327567,136360.81341783845,136021.2303353364,137473.69333325862,135581.08053149728,113111.14103729176,96150.98473512752,140254.3571029049,127690.25900384356,121674.20013244961,107534.32899581667,106226.06948644265
2024-03-20,121727.15897310893,139596.69506839686,141064.68842831044,127989.12182371542,142840.65978541313,129631.01128648354,140488.4819755934,116975.84890501342,158797.4495516183,140831.89718500143,108789.07521823613,171602.158154795,136611.24053203542,136288.18863934223,137742.53717535757,135796.6584279725,113139.41104325064,96325.69168476999,140559.78685429794,127945.14864417507,121727.15897310893,107578.29589092049,106262.22702497174
2024-03-21,121881.99320679744,140119.5552460505,141641.31319806867,128521.28063207667,143338.31911954662,130094.23898868084,141021.35328601798,117131.61843168392,159276.5484725207,141077.38727691662,109007.50457858606,172208.37866610553,137153.6032071003,136859.02480433186,138282.10741777442,136313.06872063843,113167.68811476676,96676.56237294308,141103.32102165997,128369.30204188068,121881.99320679744,107543.20907863452,106155.96543426176
2024-03-22,122253.67939711557,140201.71345117522,141941.11548413144,128890.24582355966,144119.83615883815,130799.9140135553,141418.03845087966,117397.48805217756,160787.06874763026,141930.03981840727,109163.79614240683,171790.62035474382,137340.52426227342,137173.18997378,138386.1608523789,136453.89597374614,113195.97225360599,96998.16294819608,141574.14762790615,128792.24285478907,122253.67939711557,107867.69648967862,106343.92611648614
2024-03-27,122284.23440887977,140048.64023372516,141976.59100089973,128922.45952049579,144155.856205932,130832.60499620013,141453.38323436462,117335.26215442462,160827.25445657034,141965.51256702087,109160.66669746663,171833.55619480848,137585.65198587166,137414.97534176023,138642.11359688977,136691.63530116022,113224.26346153465,96967.34558910645,141609.53142794885,128824.43205772323,122284.23440887977,107836.32050001806,106328.46245859849
2024-03-28,122301.35803296634,141095.36514434614,141820.04354828925,128780.30592686511,143991.47357923444,130683.41503033265,141295.57476390764,117939.09119596938,160645.2105198093,141803.54097454486,109398.88681262627,171631.93575252383,138564.4553247415,138375.39924077466,139606.76208916988,137702.5217716214,113252.5617403195,97216.84368682942,141449.43020584865,128678.78544198466,122301.35803296634,108076.06707861088,106574.45078907002
2024-04-01,122506.06890729508,141714.73725244962,142446.84346784346,129349.47431361463,144575.0610251763,131213.06583887545,141953.19877761757,118258.18053167108,161154.60017152992,142347.88874156593,109493.16513077034,171964.168678597,139169.3783595397,138987.5642003518,140159.42918787408,138351.67003634473,113280.86709172785,97489.06920732006,142050.2032976169,129225.31823227205,122506.06890729508,108326.23111657758,106704.91244013212
2024-04-02,122425.81554460678,141344.03485232207,142071.28553002747,129008.44729856696,143976.63854911848,130669.95109146571,141537.50192004442,117997.3032816086,160409.08227195466,141721.08098481855,109520.5308915815,171602.45464315385,138822.25092516353,138620.4484953617,139777.1821218742,138059.11104952224,113309.1795175273,97243.45668478955,141626.7084754821,128840.05828973309,122425.81554460678,107995.75633987908,106408.30881640597
2024-04-03,122363.11983338595,141408.18595892488,142135.97601223472,129067.18977163894,144089.56844772372,130772.44372135492,141553.2615425517,118157.63974310747,160876.16089057285,141951.7507306401,109532.28468746296,172075.17591625324,138841.26318830214,138636.9535922534,139767.01857612442,138109.38271139128,113337.49901948601,97435.62279523522,141693.5664838657,128900.88007815141,122363.11983338595,107934.2392588637,106411.34103566503
2024-04-04,122793.70659146365,141523.67633282105,142252.64263439094,129173.12940412549,144159.74631736602,130836.1355736323,141683.1129180685,118282.91114005217,159911.9553938063,141956.2405983112,109558.8058211906,170700.8331603738,138968.3745775481,138700.60569993232,139889.44428800448,138304.220466805,113365.82559937252,97789.95345773721,141735.19800310442,128938.75293012365,122793.70659146365,107876.50504934005,106416.0160894707
2024-04-05,122868.55028543746,141577.68620993377,142307.06594246987,129222.54872517913,144174.82705922934,130849.82251494138,141769.42275227286,118257.17635919673,158878.5401075431,142002.10941695442,109591.71914127674,170225.03347673884,138982.85551226305,138817.02838241908,139763.09782585077,138356.15292552512,113394.15925895584,97805.7299513314,141762.24554847466,128963.3585102406,122868.55028543746,107955.84825571453,106381.1431085848
2024-04-08,123023.81179522946,142228.57610406124,142965.77435054467,129820.69175338646,144869.49936271546,131480.29143570422,142439.08985579901,118748.30801769691,160537.6223414314,142619.16996686146,109931.82959768,171824.78629252597,139639.49925177364,139423.37688471595,140516.30652710356,138967.50611224055,113422.50000000531,97809.7224268651,142468.76704661574,129606.09229953295,123023.81179522946,108321.48584271235,106691.32193807718
2024-04-09,122993.59639868382,142155.50741868437,142891.54237718822,129753.28508787416,144929.09731490954,131534.38119343732,142370.6394796206,118634.68588564012,160165.1972494074,142652.849354861,109967.20644895289,171347.32702627144,139550.2384602093,139276.32471851254,140478.16838048527,138885.3391577828,113450.84782429096,97627.41495036904,142366.76411347077,129513.29861680469,122993.59639868382,108153.66538863527,106525.84717550293
2024-04-10,123115.30454626666,143192.95145896208,143941.60055807672,130706.7949754225,146020.36814060732,132524.79399136375,143373.8883055059,119337.03339778636,161628.60502756268,143813.21077582915,110204.34721041207,173468.47132087743,140539.33481854538,140366.81400524883,141436.92321352955,139803.33334303548,113479.20273358299,97833.58939351467,143457.64595107065,130505.69109034658,123115.30454626666,108500.72535318344,106942.82587371109
2024-04-12,122554.88894000804,141860.3997474023,142592.25974855854,129481.5201983055,144741.1679158425,131363.82070784605,142051.5553878884,118576.2509456097,160220.8536993714,142740.72994907884,110180.89511630211,172006.0659092847,139228.29459922775,139030.07330262422,140086.16572647676,138557.23201713356,113507.56472965225,96963.61619391343,142133.18927623177,129300.81189047442,122554.88894000804,108527.84307230599,106285.63653704639
2024-04-15,121642.2642577585,140261.78445374485,140973.55439487877,128011.64777804104,142983.8611642668,129768.92871984649,140371.03235430262,117690.49953057138,158715.82501332514,140990.7441062018,110196.95267002107,170543.4301495867,137635.23790560203,137423.2357098758,138401.44079973508,137068.52799216824,113535.93381426991,96609.85353599099,140495.23975360388,127810.74328517634,121642.2642577585,108554.96756899328,105492.05745737278
2024-04-16,121570.49130615298,139397.31122527822,140098.09912058723,127216.6868174617,142253.93597429988,129106.46507411503,139658.55024053788,117405.09808028587,157437.36732557826,140547.77456615894,110037.710517609,169419.41160382697,136806.57810119438,136690.75642033908,137435.46946901243,136279.71931307713,113564.30998920761,96294.75931963342,139765.15631928382,127146.57482961664,121570.49130615298,108582.09884493922,105213.20353157351
2024-04-18,121011.21818133652,139298.72697060666,139998.03469991047,127125.82288606853,142336.1143964071,129181.04835724857,139506.78815335108,117356.22738055418,159197.80957181563,140689.13152417706,109552.15971765379,170593.4599177147,136669.33286243622,136439.80026897747,137347.29824959152,136207.22194890786,113592.69325623744,96127.95519549918,139766.1511513303,127147.479844075,121011.21818133652,108609.23690183817,105243.4776522249
2024-04-19,121465.08398024784,140223.41324932233,140933.93587742193,127975.67201135245,143511.0028712435,130247.3506483138,140514.63594912787,118162.98062054518,160229.36489549148,141970.735645839,109973.54870745861,171975.50816360148,137498.5104583691,137310.9802448121,138086.4044580268,137083.29803103924,113621.083617132,96600.55805117261,140804.9089015764,128092.45421035975,121465.08398024784,108636.3817413849,105638.27370230856
2024-04-22,121404.37102749466,141374.98599284567,142099.53830536397,129034.10235380515,144668.50710159593,131297.8753910256,141646.33786741656,118764.05981562655,162343.42288586154,143014.4646962655,110004.62349677547,174158.97843582783,138670.22968285953,138386.01091420453,139411.50903787825,138199.76703916895,113649.48107366417,97058.74045839,141947.68662907847,129132.05719632526,121404.37102749466,108663.5333652746,105571.46203722041
2024-04-23,121764.62188933806,142170.8472669543,142905.01609196293,129765.51995304026,145787.7024426162,132313.63184948062,142453.13038284922,119248.0175826375,164211.71316770092,144304.76066501997,110091.70702753728,175784.5902429975,139419.42649782635,139160.17876778942,140189.25728795616,138895.85070438203,113677.88562760744,97301.09971650042,142881.47667364473,129981.54077938205,121764.62188933806,108690.69177520293,105724.21880079572
2024-04-24,121773.17510679622,141981.1110094534,142712.66854086297,129590.85792463309,145667.3088050762,132204.36529840948,142305.26509099314,119290.25093019546,164108.6595767975,144157.6986056765,110112.95152437419,175501.26634748257,139199.67391524435,138979.702366542,139916.4105907202,138689.4159413019,113706.29728073563,97172.35845968542,142704.4816561254,129820.52561056499,121773.17510679622,108625.35793118733,105693.31362896481
2024-04-25,121809.11782146108,143319.3768457383,144067.2800624993,130820.9187947596,146817.86743385918,133248.58636973036,143557.4973409824,120445.60525175337,165820.19119606356,145173.43178017513,110280.50954324163,178448.15587136388,140376.70878964846,140036.782478832,141152.60783753925,139927.25131394973,113734.71603482308,98063.9017135934,143951.72040945073,130955.15844507351,121809.11782146108,109434.26913719419,106586.31735877371
2024-04-26,121669.77107385034,142580.86062325342,143319.34402032377,130141.75222623222,146099.80976860234,132596.893421864,142842.6436124826,120000.009337234,164332.43846193448,144490.41482995273,110232.20358674254,176850.7969093491,139644.88821691915,139353.9246428249,140342.54827921957,139223.98878280894,113763.14189164454,97735.0404781514,143212.51423520967,130282.69088861797,121669.77107385034,109153.2929729253,106362.17116726178
2024-04-29,122706.10358562594,144268.34899506535,145027.51055197266,131692.86025733978,147957.67949076765,134283.054094707,144610.58009622697,121246.08776356258,166503.6417982573,146412.80026284305,110450.97357535956,180015.1467128024,141261.61569092117,140859.7835375721,141964.3796331168,140945.71131126522,113791.57485297517,97829.9773900304,144911.48150748955,131828.26830652982,122706.10358562594,110145.23373167924,107287.17842238578
2024-04-30,122395.4491162863,143540.2722955076,144288.47734118867,131021.77794348846,147102.8725464939,133507.25058431466,143879.88816905976,120846.10468296274,165459.78935926146,145606.76804057672,110309.67310466812,179120.81769222766,140512.83222407507,140169.5334203223,141125.437129031,140227.72179548437,113820.01492059066,97425.54526211173,144174.3016173829,131157.64409282227,122395.4491162863,109774.88326632814,107014.1645253611
2024-05-02,122395.73966524775,143543.07111069545,144286.22211405745,131019.73007470614,146941.82662367835,133361.08893566215,143850.5136856508,120772.50702436517,164780.17680508283,145440.1682474709,110346.38586823005,178827.10319062928,140546.15742492574,140208.35777539312,141189.94250837516,140224.8265135589,113848.46209626706,97502.4437148756,144114.92615500564,131103.62929493553,122395.73966524775,109802.31943729783,107021.17679563163
2024-05-03,122062.70158896943,142487.35869070594,143215.54956592657,130047.50122153388,145704.52327465318,132238.1403119709,142720.95867602417,119932.6872215757,162299.29710917897,144322.07515309498,110160.14332178539,177856.93410193265,139473.61045239453,139218.1480127882,139964.56096033647,139221.2468380435,113876.9163817809,97190.9099379977,142956.17922634617,130049.49887392543,122062.70158896943,109829.76246542334,106730.35399687878
2024-05-06,121820.92238710029,142420.51381832137,143179.6874232967,130014.9364473065,145805.83703400163,132330.09039576477,142742.92371895048,119931.42485478533,161585.91033326465,144913.48923969365,110080.82133487482,175964.63133256594,139475.34876252947,139117.85305942353,140055.75431311983,139236.27710605427,113905.37777890914,97169.9679669178,142992.97668450233,130082.97410401999,121820.92238710029,109857.21235241841,106478.19216611232
2024-05-07,121653.450816456,142884.49799224615,143657.37877154964,130448.70614887681,146342.70631446977,132817.34085061788,143319.87431447487,119844.18650995858,161024.3619842937,146125.66161159347,110128.99700782371,174948.14808113984,139986.48838237074,139641.50855132847,140502.4134308921,139798.46459567372,113933.84628942922,97362.4795356675,143622.536309417,130655.69445912808,121653.450816456,109884.66909999737,106392.04574342516
2024-05-08,121518.26910513041,142739.7068629899,143498.84668916126,130304.75040356461,146161.61935476094,132652.99040872042,143115.3224762453,119624.62996106606,162051.93516750084,145635.69835240094,110143.07468095951,175573.7588528463,139883.2299117097,139493.5367231689,140456.172757442,139683.47993010707,113962.32191511901,97088.16038645522,143448.18770131946,130497.08677084795,121518.26910513041,109912.1327098749,106418.63643767122
2024-05-09,120984.82893182055,141046.301701785,141772.35336003586,128737.0006444852,144237.51986198605,130906.72108926946,141251.2525958912,118747.12085416295,159387.96310928086,143712.6864820478,109929.26537526828,175272.08778256105,138121.39619027634,137918.3095499603,138600.54120300384,137828.78916011893,113990.80465775677,96684.88901853218,141578.98100389328,128796.6398534246,120984.82893182055,109939.60318376606,106445.23377776206
2024-05-10,121552.36129474452,141651.2936172208,142388.16417610637,129296.19032813264,145091.16095047348,131681.4664952352,141977.93565557527,119312.84106524808,160422.2083017585,144815.32233791205,109958.73382499018,175932.31623847544,138609.94900063123,138358.27268540216,139031.2955749569,138422.5898315909,114019.29451912128,96907.86085740884,142379.96820183969,129525.31058498094,121552.36129474452,109967.08052338638,106471.83776535865
2024-05-13,121552.19946516227,141721.25621163964,142470.50795456776,129370.96295346906,145180.69547686444,131762.72601276802,142089.36775603596,119404.31952399696,159868.7495394226,144993.8032317666,109901.1256923313,175172.25926467477,138758.47990175957,138551.73907359174,139184.2278351885,138522.05712482767,114047.79150099173,96819.64074914559,142429.70710764226,129570.55885482955,121552.19946516227,109994.56473045182,106498.44840212243
2024-05-14,121581.81264816855,141985.35194970606,142725.2633902048,129602.29473222925,145349.76260119423,131916.16752307117,142310.7805450378,119318.25581166963,160856.274914341,144746.84896519984,109765.37260016479,175903.02557170202,139026.87191479816,138692.41587267257,139501.37185378026,138869.3802762482,114076.29560514775,97239.89189602487,142625.30925919968,129748.50122798451,121581.81264816855,110022.05580667879,106525.06568971527
2024-05-15,121547.29533459918,141899.08252456976,142635.1202660663,129520.43987720791,145388.987270487,131951.76694857323,142187.97353289352,119380.52397475945,162373.7099206529,144696.97488036923,109927.00728240563,176687.09748260002,138938.6676915837,138517.19317226464,139453.1828648465,138828.29588472345,114104.80683336941,97028.31904964441,142592.88885989567,129719.00787760544,121547.29533459918,110049.55375378412,106551.68962979935
2024-05-16,121610.23966945264,143282.57637677112,144047.02263203947,130802.52394712978,146913.79622875626,133335.64918119597,143627.7958209191,120060.93630816803,164517.06536119254,146270.04421060387,110499.45012910092,177429.5887277454,140360.9528700587,139932.56531377544,140852.59496266436,140279.78322445462,114133.32518743722,97317.43511702566,144055.9530701758,131049.98054627229,121610.23966945264,110077.05857348497,106578.32022403736
2024-05-17,121569.06611681859,143254.63198852242,144010.81996030276,130769.64995396932,146853.83538177543,133281.2300683361,143588.25960533947,120227.20450221533,164485.9543518138,146053.00749086088,110644.36015539157,177975.95883896406,140247.48431594166,139809.9998548363,140717.6143932861,140196.59373626337,114161.85066913215,97344.14637000374,144016.63812018323,131014.21511400866,121569.06611681859,110104.57026749913,106604.95747409244
2024-05-21,121545.29476220215,143075.28881287662,143812.06428795896,130589.16900326067,146580.6882140866,133033.3278572389,143342.09063490678,120062.6013421273,164673.52871897255,145663.4370710677,110617.14384365633,178835.98389987028,140015.75783167742,139575.31746874517,140483.17010715592,139970.52470889114,114190.38328023572,97466.769051737,143798.14944705067,130815.4525099415,121545.29476220215,110038.89982337812,106631.60138162802
2024-05-22,121946.78930792722,143971.36481203724,144716.8167389264,131410.73339224633,147472.6347598824,133842.83843263393,144307.6348426883,120150.20806565187,165251.70717039795,146566.85906433934,110737.3064275257,179095.08924399706,140915.93853340193,140526.6639623429,141329.04479139726,140873.21115253822,114218.92302252969,97596.6978139337,144733.80008189485,131666.6287014225,121946.78930792722,110479.17280077202,106658.25194830798
2024-05-23,122790.0106763032,146121.027149636,146874.921094093,133370.40941636078,149788.77524235816,135944.9153154945,146540.27814093226,120921.04388550608,168790.09003118076,148681.49906289848,111005.26151620557,182301.5938302134,143131.2852002665,142619.5829629087,143669.68465532467,143086.4441144356,114247.4698977964,98513.07782062779,146929.40006631718,133664.00075799954,122790.0106763032,111276.47041885402,106684.90917579671
2024-05-24,122726.54530158757,146065.8124930916,146823.8249433145,133324.01133493092,149771.04828212052,135928.82672604974,146456.08986982558,120912.3680382446,169516.54322277362,148564.06486918518,110989.2010966981,182356.3793730271,143033.16274013062,142481.47434089668,143537.91717519367,143061.2891333009,114276.02390781858,98568.07138998635,146883.52741090214,133622.26967732134,122726.54530158757,110972.22260345845,106711.573065759
2024-05-27,122654.48507749857,146132.0782727138,146883.96152634957,133378.61862009944,149747.52541643826,135907.4779034962,146483.00783230495,120936.49607868327,169576.82964847735,148491.48850832312,111000.3158813507,182596.57498004226,143070.75496589913,142476.32730292025,143582.9215721095,143134.08180009184,114304.58505437944,98436.49134916233,146901.06639942355,133638.22517277673,122654.48507749857,110860.43554086516,106738.24361985993
2024-05-28,122419.82677033001,145791.1772586749,146542.33612477386,133068.40419182417,149355.60469143256,135551.77948961256,146137.42186914643,120932.57922183385,168775.66976267565,148146.5924650224,110961.07695586162,181814.36970286415,142739.96266780744,142116.83856610185,143258.62312373758,142825.48539363124,114333.15333926262,98289.91425955636,146537.67683996013,133307.6439390029,122419.82677033001,110585.15174615681,106764.92083976508
2024-05-29,121884.89489930918,144688.78744342967,145437.90733826882,132065.52283992185,148192.19882937704,134495.89855902354,144951.53174326412,120465.97017963459,168020.19822072145,147067.61206740755,111020.16305258087,180164.30170297308,141590.5366647837,141034.72500523622,142004.74985175594,141712.27333030538,114361.72876425218,97865.92054154069,145462.78102413582,132329.79420248824,121884.89489930918,109887.42412628898,106791.60472714047
2024-05-30,121397.08746775839,144097.462891717,144834.89237308834,131517.9524841986,147672.47137991904,134024.20564352046,144338.6389828163,120371.39690756606,167907.99237187387,146508.4707170713,110957.06116549925,180558.92062877837,140949.91920747055,140300.59417411187,141412.22907146232,141117.3566255107,114390.31133113278,97870.23041011333,144873.355016059,131793.5840338303,121397.08746775839,109914.88842473358,106818.2952836525
2024-05-31,121692.04763150399,144391.7868299876,145122.9362382991,131779.5119658777,147867.6031116938,134201.30280389558,144616.35068694144,120569.02961649814,168033.10150672367,146432.3189160221,111001.65247807308,180945.76165380664,141172.82088336805,140491.87144567948,141667.85342235776,141339.41531925937,114418.9010416893,97913.7611383549,145100.08449550366,131999.84342983048,121692.04763150399,109942.35958736394,106844.99251096799
2024-06-03,124452.9886422895,148517.13035796914,149312.8419505642,135584.17402865936,151937.60519324412,137895.14493201903,148837.98864566602,121540.60937273724,175419.91168248342,150056.9740903079,111512.32801308612,187731.41188391508,145410.41760424155,144301.72770993292,146295.06533915122,145617.65419675183,114447.49789770712,99976.06712304732,149192.64795066233,135722.91317983007,124452.9886422895,109909.2328767415,106871.6964107542
2024-06-04,121548.98018326057,141250.73448885436,141966.15936307717,128912.98702650613,144987.67696085965,131587.5467593818,141644.6506861229,120356.4880969864,158350.1340614022,144458.55395237,111230.52637948425,172200.53205226146,138296.9826878494,137761.70905743685,138628.78638385606,138480.0765851938,114476.1019009722,96295.24499556993,142063.50633662043,129237.42021740675,121548.98018326057,105899.08765423091,106898.40698467876
2024-06-05,123758.1768757175,144818.48377104214,145609.61539320953,132221.44308428306,148845.78010785102,135089.07419191176,145471.18962464068,122194.22340260852,161538.57424735682,148767.4945457746,112025.25701596645,177324.6850727036,141711.12703712424,141164.99167503268,141927.41484769812,142018.38055970325,114504.71305327085,97608.07854280517,145923.55203505067,132748.9648839474,123758.1768757175,107302.37015101554,106925.12423440977
2024-06-06,123596.70569254953,146499.394200942,147295.22873256725,133752.07159126826,150489.920613239,136581.25904628486,146996.33127550583,122194.83894956112,165221.91088033872,149742.22048246444,112273.70986981333,180388.06521278244,143423.4956152864,142737.68290456824,143725.0434347269,143785.34962202274,114533.33135638978,97956.28264084272,147512.56689167157,134194.51684906794,123596.70569254953,107047.49352858619,106889.73964890736
2024-06-07,123822.46738343075,149074.16344522152,149942.06736947654,136155.5449006257,153312.6852259236,139143.1365675216,149607.321117296,122667.52971479065,169497.51209103255,152142.5897146238,113026.9151218239,184218.1580827833,146017.7929741055,145180.99747204623,146441.63457911526,146408.8353611785,114561.95681211629,98458.64018206432,150207.83278742552,136646.44289362035,123822.46738343075,108131.75037257299,107600.07446813946
2024-06-10,123341.85737973217,148532.5093221158,149389.74853941303,135654.00939037514,152746.57921700593,138629.35151709054,149084.8428711585,122495.41917668359,169714.81888614598,151776.1036472068,113095.19983393466,184134.97873074314,145439.56164664967,144613.95094640134,145853.2766926389,145829.55587405432,114590.58942223799,98265.65793402815,149684.68076117875,136170.52321518137,123341.85737973217,107591.00491138705,107406.35253052639
2024-06-11,123219.24455643585,148383.37060539765,149207.4535842595,135488.47566533717,152519.28449164357,138423.0639488729,148869.90244896262,122320.68413230832,170602.95334888523,151453.59229526675,113115.0238004264,184401.42678474737,145332.40693910353,144455.64787891944,145787.8708577162,145732.13258328754,114619.22918854299,98308.88900130616,149489.03088624528,135992.53742731587,123219.24455643585,107444.06590985054,107301.3724342977
2024-06-12,123168.54796794678,148502.66595500679,149331.20595112263,135600.84953905118,152597.9671224443,138494.47453063176,148967.12096836328,122201.16259006014,171732.81155480974,151456.40917990578,113199.30272469751,185358.89358508182,145422.05655401334,144506.50084079689,145927.2279001902,145811.34765087313,114647.87611281984,98485.1710312423,149597.76451231074,136091.45412792361,123168.54796794678,107487.04943545928,107291.74007183606
2024-06-13,122956.16190598208,148503.03765008817,149324.58591818606,135594.8381894176,152501.4612566755,138406.8879826534,148849.38288881595,121971.72910884696,172266.68149195632,150863.8114083975,113135.50858776069,185100.7894936978,145541.3244837374,144564.6523984743,146096.06475116598,145942.51553200377,114676.53019685755,98452.21538223373,149449.77673475462,135956.8273044117,122956.16190598208,107616.28910472406,107159.46166610821
2024-06-14,123168.82456477162,148576.8256866649,149423.41893735307,135684.5839413266,152567.52598941463,138466.84684461102,148978.57761560308,122141.1138872862,171896.8442479448,151019.54129722345,113133.72263208787,185187.50384560833,145560.49487591162,144565.2788853739,146108.6240260175,145986.6483206099,114705.19144244555,98492.8690816475,149559.89126128767,136057.00023203093,123168.82456477162,107707.33905325377,107271.57986455662
2024-06-18,123319.68894723411,149047.83278508528,149893.71278674924,136111.63631196093,153005.49155637095,138864.3345189354,149479.7570531135,122467.85428053932,172202.1475808022,151472.59232249606,113102.12141853994,185960.18430348596,145986.82901164293,144972.55119900632,146530.63403573842,146436.13962946858,114733.85985137377,98590.42457741039,150021.9299986123,136477.32418426996,123319.68894723411,107885.88068535808,107473.70040733695
2024-06-19,123257.23212493282,148855.6984287053,149650.248541869,135890.557547962,152508.18365473993,138412.9890795754,149222.24669610965,122531.83088355996,169333.73483989885,150974.62516022666,112977.58188186894,185544.57894718627,145661.35307571615,144710.82443024425,146142.72210659078,146108.86526815261,114762.5354254325,98460.28448404075,149618.89101928048,136110.67324569268,123257.23212493282,107519.15562023422,107136.43841440522
2024-06-20,123392.98166225743,149171.42491187027,150002.0385487311,136210.00199017362,152880.92490121684,138751.28063116135,149646.63716222814,122989.84187790388,168753.57189723547,151380.3423114269,113033.64930270714,185155.4541273269,145987.79227541105,144942.75702497576,146492.27642477257,146506.47073720492,114791.2181664126,98599.06267505471,149965.85244151755,136426.30954301616,123392.98166225743,107784.09439951013,107390.18294797253
2024-06-21,123701.46909385096,148959.19189541342,149764.72900751673,135994.51203154487,152726.56272359623,138611.18499895796,149341.34113393704,122599.77386263838,169532.0059588895,151184.66189802953,113097.95234633963,186036.88907007678,145732.97577891385,144702.9732457516,146355.0270326695,146120.81572570468,114819.90807610528,98364.28034634207,149774.36595574472,136252.11125616595,123701.46909385096,107704.01571090988,107356.50618522307
2024-06-24,123761.04467977218,149115.27323288168,149913.86498726293,136129.93560508144,152925.89978599123,138792.0988225918,149538.99652372088,122698.3402610093,169516.91054948705,151620.29863882076,112999.32248559031,186465.61058303,145868.36669684545,144829.20173347247,146502.0789848362,146253.8010802789,114848.60515630215,98243.42010199238,149989.18763082018,136447.5379340613,123761.04467977218,107581.91004857793,107284.88253670861
2024-06-25,124144.48046761657,150362.172748848,151180.3407449089,137279.96441227943,154137.08336962774,139891.341736105,150831.0973973747,123289.26233926987,170450.1603664431,152677.21694355796,113176.29389863405,188127.7518884198,147078.31521332887,145978.68843380347,147754.80226751682,147481.52261637105,114877.3094087955,98314.07249234927,151186.0799274964,137536.36980010013,124144.48046761657,107608.79812706652,107963.30587558565
2024-06-26,124641.50481622251,151732.50734910925,152647.6154508406,138612.32957577126,155823.35715982437,141421.76580984556,152364.28135706513,124013.25452380044,173274.63191958788,154390.27837839306,113271.45910728328,190552.49732522582,148445.7595888047,147279.10581143657,149158.07206913634,148880.09779049788,114906.02083537773,98679.86763930351,152740.55508119895,138950.50045080043,124641.50481622251,107635.69292572545,108354.46412291507
2024-06-27,125019.1896358976,152539.94882854994,153491.55723496055,139378.67457485755,156823.70846091758,142329.66209708623,153192.45343947934,124428.71895761343,173739.30186531952,155242.68126845293,113333.13143967949,191080.58014979932,149306.9835707822,148156.93025546733,150008.78493184558,149735.03445163884,114934.73943784196,98649.25086509164,153596.67707553742,139729.32817927783,125019.1896358976,107662.59444623436,108697.7416158224
2024-06-28,124666.21783702614,152063.73826854103,153049.24769989794,138947.21650319322,156231.8559034581,141773.27691617058,152706.9727957679,124631.44885949354,171988.0544320408,154346.60169262704,113336.2936626163,189049.72625593308,148834.55001673583,147752.01724618944,149417.14031036283,149313.0567955748,114963.46521798169,98611.22553086837,152992.72660689458,139164.0269567558,124666.21783702614,107689.50269027322,108414.22111468692
2024-07-01,125369.13988275158,153017.1608194977,154026.4081269159,139705.27061294456,157403.72222655904,142731.07059265775,153759.9704006531,125004.95740441717,172725.0741404436,155799.28737842359,113404.75309143878,190232.07616492474,149844.45819661496,148713.25362517123,150476.82270359,150322.1402024917,114992.19817759088,98905.57538727004,154190.53131020122,139987.4246024858,125369.13988275158,107716.41765952243,108777.61412945055
2024-07-02,125430.83222454511,152792.8434401864,153818.25547165613,139639.95081516297,157053.08812037643,142563.05100665573,153454.87842387153,125335.374874116,171331.1417583502,155069.85124997966,113611.68798717258,188899.33105393586,149792.61288398862,148563.26697279644,150505.27861371826,150288.7499408389,115020.93831846378,98977.56900663399,153882.09402427883,139833.32039695527,125430.83222454511,107607.84237087308,108476.80336084682
2024-07-03,125401.8197285224,153576.24417622134,154580.93384308217,140150.29275929337,157707.38343317373,143053.06329831708,154243.19271771325,125462.00455222378,171397.61723403315,155757.826578508,113833.41930536064,190756.91620144545,150406.11567238325,149170.72366113545,151104.2937393362,150922.45400761737,115049.68564239526,98989.37850092282,154598.25915793783,140362.57285123836,125401.8197285224,108109.0232751538,109054.70496044491
2024-07-04,126072.66458814674,153803.42463769656,154815.20303091017,140351.45837877883,158085.21397510963,143367.08781019566,154517.17796279656,125650.28382699355,171802.21958550296,156121.36330666018,113767.61136804924,190523.06775078524,150661.35522639428,149497.7525255232,151275.390255549,151189.20787761515,115078.44015118068,98619.3390050951,154913.65000124858,140524.51420203762,126072.66458814674,108289.55429526376,109504.44301036157
2024-07-05,126353.40436582678,154324.6126326276,155374.26931317014,140896.5012100511,158787.68635076252,143964.5035165128,155109.61770360533,126341.01741633457,173129.5526947092,156760.94457209457,114357.14599144142,190346.28870245346,151319.04514503028,150114.11085034977,151768.75742757897,152049.93540771338,115107.20184661559,98702.43128218236,155555.421326191,141070.68185326768,126353.40436582678,108477.79435564962,110241.60266146508
2024-07-08,126573.26422133067,154957.01324597563,156060.83194050784,141451.0836218857,159607.91219877452,144624.33456482203,155879.99541591931,126973.08051031503,173316.6248473724,157744.49404302237,114575.30784506604,190687.02279604474,151923.66903524322,150720.1517456567,152343.8968010281,152682.1254860029,115135.97073049628,98890.66408634213,156369.75295967967,141702.60080451172,126573.26422133067,108873.3241463579,110734.18895717435
2024-07-09,126629.6814046354,155486.693672634,156597.202492025,141844.39748244695,160205.17692962885,145105.16633876934,156480.391781452,127199.07420931979,173756.10368129463,158453.09266333916,114679.76014868493,191143.92524338176,152423.32392692327,151202.28163897563,152834.12889016804,153208.42449929996,115164.74680461934,99120.82059280982,156964.27012962624,142147.29808284467,126629.6814046354,109262.65649399045,111097.07490404148
2024-07-10,126259.62829193023,154897.13954790667,156005.01093819624,141399.0250349493,159617.912231251,144616.43486572063,155943.99211764353,126961.07943464215,173317.96680388393,158068.17820305956,114591.63191261889,190638.31829360357,151767.2632375879,150553.4077911461,152196.92689559708,152526.72460412479,115193.53007078185,98998.2827950842,156404.58406661285,141782.90186913623,126259.62829193023,108914.93154532048,110749.24963648366
2024-07-11,126487.94801414045,155063.68296685672,156175.46938752235,141520.47885249514,159793.30481359866,144756.59908055133,156097.73112792734,127138.93733643724,172962.55571004667,158273.9314623782,114561.51764312816,190599.68486827746,151896.23588322045,150737.77365577058,152267.34885622308,152658.3069412488,115222.32053078132,99004.12324272779,156577.48931356586,141906.23512372724,126487.94801414045,108929.62859853133,110898.16782116608
2024-07-12,127703.27751203562,156529.11532543335,157677.78181236674,142807.82143001806,161570.7091215091,146295.00740849783,157511.18813154305,128405.45828406136,174639.56670161025,159903.6529072159,115126.06156435992,191201.12624627745,153691.5492965764,152504.09110925382,154139.36391505445,154406.5453774854,115251.1181864157,99072.53445517112,158325.69475099654,143105.60397451615,127703.27751203562,108956.85351396707,111992.60885986964
2024-07-15,128077.70482841105,157006.10959144734,158142.00963064338,143127.23124480108,161970.50397121694,146575.5739187298,157925.5849586722,128509.93740678154,175354.3863549298,160152.30039061955,115076.61221848152,192093.04851528147,154051.175940458,152871.0447255218,154492.4435681317,154765.2813111975,115279.92303948333,99331.81188736699,158703.12834477666,143398.93125691093,128077.70482841105,108984.08523375924,112347.24978433794
2024-07-16,128785.01451024422,157834.73246552452,158957.0473506248,143771.9910100246,162991.95088674585,147379.69588338071,158841.59340092118,128715.8234947067,176917.76480083432,161580.1772232097,115311.90312992787,193607.5377077915,154827.26774896312,153649.39356011603,155189.07804408405,155617.35121716963,115308.73509178324,99617.58016143937,159784.33862371402,144178.7928447275,128785.01451024422,109011.32375960851,112824.2395118122
2024-07-18,129969.47356805799,159564.09648641886,160716.01165628099,145185.24339064842,165031.177540749,149049.7858267097,160630.1237816383,129281.25455680961,179300.72071985336,163728.38843303762,115294.93373609749,195454.9875939645,156636.23305585806,155429.88788212367,156973.5563120732,157478.4929352956,115337.5543451146,100263.46094424406,161807.8807053281,145611.7778571507,129969.47356805799,108905.84303231705,113893.90982421255
2024-07-19,129531.85067117923,159182.95928193632,160301.7530646849,144876.21963005603,164532.86386335,148680.77286877364,160177.62536628527,129087.24040210384,177667.5538729265,163197.5992034828,115179.15863546245,194461.03444038087,156159.74318075288,155009.2178963417,156438.37948082105,157004.41988783615,115366.38080127728,100322.46717368465,161366.5313838736,145289.23238330326,129531.85067117923,108568.81325275716,113449.23912394025
2024-07-22,128728.68650818383,158781.7129112741,159815.37096526558,144510.76817743064,163955.42583804514,148238.5466662825,159662.78273770353,128776.3046816882,177602.02437394217,162720.40481655844,115403.18625867109,194545.98403205333,155796.8793434066,154612.20058673155,156105.6361323041,156645.8887654601,115395.21446207141,100424.52293785635,160915.95300881448,144980.98878337312,128728.68650818383,108595.94798917176,112807.75625213681
2024-07-23,129090.30594868884,158994.43194616423,160094.31525391457,144722.17344560637,164496.3251351173,148650.0467083549,160038.98039658315,128484.00406771198,176403.69446301897,163804.97705693016,114945.90837028243,193748.7436821123,155857.45893847992,154813.57732663967,156072.26755008998,156659.03618037738,115424.0553292977,100531.1765011918,161458.0985032328,145364.9025480571,129090.30594868884,108623.0895074043,112952.2816428037
2024-07-24,128602.64320016242,158266.1000250521,159388.0588318926,144183.10772964568,163764.76136391854,148066.50386840067,159300.2786477504,128529.08907885935,175377.4687708433,162940.0681800778,114843.87864262683,192208.07793530644,155140.97742871317,154134.41620888346,155360.41033813002,155900.985269513,115452.90340475722,100412.77100623962,160663.70684670648,144783.56608245667,128602.64320016242,108562.49507961655,112453.11700645866
2024-07-25,128408.68385964078,157965.05977189197,159072.3547854347,144005.50688182624,163380.8037321049,147810.04342213448,158907.77497597458,128796.40097810909,175661.15084616048,162383.4705328679,114884.58833428081,191522.75162849057,155001.07183081465,153926.07103243793,155293.85162475478,155756.86008131804,115481.75869025159,100073.32364484087,160299.79423426272,144591.34938427876,128408.68385964078,108334.71879537913,112360.40421848171
2024-07-26,129607.50843822672,160466.72424154554,161639.4142996412,145927.79901897564,166219.2625278141,149933.12263097905,161431.84261425099,129219.77069066036,180643.01039649724,164806.7039575868,115152.15200318338,194799.02123147037,157422.68732970205,156278.08076933335,157764.18052431708,158199.29436277432,115510.62118758277,100727.9530934844,162965.726046218,146533.4840332078,129607.50843822672,109502.50774985382,112987.38501877412
2024-07-29,129197.2953856088,160293.87304001473,161451.19488101333,145867.4059015681,165884.28265090607,149777.3437519849,161221.73567910603,129526.25908988628,179824.1217109655,164223.1331267569,115133.36513778758,193999.53339255534,157365.25701589123,156071.18718481358,157736.4604995024,158261.25735135635,115539.49089855327,100540.22210737746,162666.145441475,146376.7696161076,129197.2953856088,109292.84985678105,112937.60333379195
2024-07-30,128907.96338060051,159935.68515977336,161060.92532741535,145567.10199481493,165334.18389144455,149349.65120100635,160761.0209046794,129491.04253574923,179214.43642693156,163445.71592317804,115143.9081758585,193718.02571086978,157004.77372101106,155702.7199507097,157400.6120895582,157884.48309045564,115568.36782496596,100385.58716527848,162138.04568958693,146008.1982432865,128907.96338060051,109069.38028688238,112795.1196001083
2024-07-31,129375.32857255328,160475.41411353325,161608.16635632774,145957.0819532591,166050.75290727077,149883.5121988366,161374.22319731957,129575.9973135824,180712.75072528582,164357.11632822236,115163.17933427979,194198.218399901,157556.10706316872,156263.4851239622,157943.91709954204,158434.2617820633,115597.25196862427,100626.79996285548,162830.4494913316,146487.2675836696,129375.32857255328,109428.66402888602,113120.97762395718
2024-08-01,129433.88859940763,160477.28662021778,161636.7943273851,145941.03801410654,166156.26914448309,149991.45713963776,161440.83402183335,129613.29288174174,180946.60641598311,164751.80523696993,115353.5524434125,194130.1652267277,157571.1802405115,156344.41247040933,157951.49901776318,158391.21034927023,115626.14333133191,100482.71458270657,162931.4237398643,146589.69075212922,129433.88859940763,109160.51919333565,113107.45270837004
2024-08-02,128866.78473135598,158794.24840286642,159930.25571884526,144305.50870034116,164225.07190080924,148293.41826029154,159729.50250805152,129016.79878027235,178127.19419049963,163097.4545768328,115265.57428802518,191934.94922517502,155685.0276895038,154604.4713519342,156014.73810195609,156409.81758370457,115655.04191489321,100009.97433035621,161097.50756913476,144997.61467430045,128866.78473135598,109187.80181554041,112266.689018437
2024-08-05,128346.05522951856,155337.7531459163,156406.982817909,141054.59680326987,160675.09638625444,145138.1104947292,156358.36269444405,128083.63011091056,173319.15889245053,160450.47889692363,113891.86271113605,188115.1008447286,152092.43492972103,151172.87441588604,152411.8556143435,152667.79602031523,115683.9477211129,98997.63068247934,157740.70577081147,142098.0645994119,128346.05522951856,109215.09125652435,111320.10182559917
2024-08-06,128351.99208830908,155059.41645256747,156156.05262410946,140915.89710306522,160498.47551084065,144990.3711847572,156178.241034534,128315.8252527956,172249.9097106896,160506.20168434383,113670.06439657124,188005.37207976385,151915.59538571982,150972.97961257017,152295.09617543142,152454.67801496826,115712.86075179608,99213.77607406572,157642.10709820292,142045.21333241716,128351.99208830908,109242.38751799171,111268.56829854326
2024-08-07,128532.15678919079,156487.20855689325,157598.45374305258,142239.69961186362,161934.0930251844,146249.8385940706,157569.8288290926,128608.85412574072,173788.18154833987,161594.09328978907,114052.60984871892,189852.74528883398,153306.14249988302,152267.3013346972,153700.57896322594,153925.99557775608,115741.7810087485,99371.09351506863,159029.74181664226,143237.45068572028,128532.15678919079,109269.69060164706,111262.11871965985
2024-08-08,128557.26991326928,155801.29355715253,156882.3852059396,141525.7978323643,161227.11472051247,145654.9458146287,156895.37913939534,128268.80528691402,173151.56883811048,161255.9830307757,113776.39562559818,188554.4253449092,152531.5838632081,151587.9112698565,152863.76076470534,153118.2819924083,115770.70849377607,99167.91187762933,158336.01001553872,142661.08722840674,128557.26991326928,109297.00050919557,111271.12950940512
2024-08-09,128676.46882146744,157234.47268342218,158345.9972933571,142853.01654049984,162743.52524514185,146994.29036167267,158315.84317987307,128680.5279964805,175076.5946378249,162501.72263249801,114071.48637861766,190312.11199351333,154005.99972950047,152953.35089925447,154325.2142744835,154713.64732061655,115799.64320868543,99547.84766979213,159783.08837006844,143919.55552264722,128676.46882146744,109324.3172423427,111549.07438298565
2024-08-12,128678.4605949689,157147.87772316582,158254.6957170685,142720.6038312094,162595.61707363045,146857.003979266,158247.18308783407,128492.06464374119,174321.75163681002,162416.54968498004,114141.89414047284,190649.0230340811,153812.80829322556,152835.38825229465,154126.69802590934,154450.90304929472,115828.58515528346,99411.0976219149,159691.4055062115,143799.14684775693,128678.4605949689,109292.2642817459,111530.72846547118
2024-08-13,128540.36371898752,156066.69946892557,157184.43713515508,141726.85274384738,161601.94583798372,145917.48620217995,157175.20633662443,128494.58860186955,173873.75689053815,161369.18871216459,114158.16346805319,189792.05986209863,152813.8088322321,151827.75498799293,153177.8376267309,153411.21351990622,115857.53433537771,99159.1960720975,158631.80093402672,142845.85643827546,128540.36371898752,108816.95493955283,111403.90158707618
2024-08-14,128562.82704573219,156693.2861565708,157808.4135460903,142235.95876983853,162315.18505245523,146509.72350312193,157712.60894258186,128691.43219841985,175330.00686498318,161908.1802607226,114483.47369582076,190819.46058303295,153482.1213195612,152494.0359991869,153826.51843522402,154100.79710496732,115886.49075077593,99252.23646056882,159276.4387325304,143393.12267906335,128562.82704573219,108840.82165482291,111398.8813426631
2024-08-16,129159.87698605793,158874.10441654545,160026.33537374568,144208.83521856324,164792.95802172594,148736.28500103025,160008.94824983357,129036.05743566916,177423.60407214685,164470.04877571168,114820.67914878453,193613.28208664976,155701.498184862,154698.71219820183,156038.80186519912,156341.43564353356,115915.4544032865,100099.48710671623,161697.80082141093,145494.19610030524,129159.87698605793,109127.48258989204,111711.80840258607
2024-08-19,129107.25086153392,158875.30682024328,160046.31078029174,144221.75662115338,164823.62413836952,148761.38382269896,159970.0069253064,129179.8289412536,177056.22585882584,164475.64051607592,114834.09048450107,193618.56480537544,155793.0227227432,154753.6107305474,156149.43879808177,156450.5339065863,115944.4252947182,100165.08435231859,161739.9624569315,145560.0313907842,129107.25086153392,109184.44939087266,111763.84052216989
2024-08-20,129230.77763396018,159108.25048278266,160283.30272153113,144478.99379003968,164999.13080348563,148949.76254293133,160185.43892537928,129250.7290062417,176487.15713849937,164632.34990881925,114857.08528580805,193767.62117698268,156077.6772577116,155022.14627234524,156429.456338952,156755.74946179733,115973.4034268803,100282.8598368397,161985.6130987558,145800.04756763397,129230.77763396018,109168.34650100251,111711.25987155808
2024-08-21,129562.30895280623,159603.2595871333,160794.33489725005,144946.1321093429,165729.30631036824,149572.67510764033,160780.55389020144,129334.76875322292,177511.58857604675,165577.80848629758,115005.00206977173,194728.9216494069,156641.79787071384,155568.92888911755,157000.7440308445,157329.95958611817,116002.38880158242,100345.49032301825,162681.4067283054,146413.86651527183,129562.30895280623,109533.75375484687,112192.54724228254
2024-08-22,129502.90729974501,160150.1915836186,161340.34005567493,145417.8380264627,166261.05150523293,150042.56876620083,161344.00546684364,129389.0963812573,178768.54271906137,165970.97237017174,115226.48182413356,195370.86681108433,157098.08096880687,156033.7104126447,157494.2224946027,157741.03955792758,116031.38142063472,100552.05879346558,163153.2181328764,146786.41102257342,129502.90729974501,109509.15982997045,112143.65666878587
2024-08-23,129502.28123857814,160270.35953768782,161470.92242118606,145520.9389971548,166510.8062630781,150276.44125746863,161582.68932042213,129401.04351095518,179421.58038779747,166436.75405099068,115407.25517959587,195473.75827862776,157167.5842174709,156123.42433888564,157573.47838733243,157780.81048017828,116060.38128584778,100507.97499928244,163358.99735395226,146953.72888606723,129502.28123857814,109375.1011893757,112085.2239124529
2024-08-26,129834.7935882649,161089.05026408634,162317.50082850977,146318.77931363406,167421.25259149686,151099.3926336013,162441.74750001027,129531.18101707369,180499.25481241444,167305.13012962576,115436.09905617345,196431.8513064172,158040.4992243556,156971.58700992508,158481.02066985855,158644.06411152484,116089.38839903267,100646.78203756364,164245.37927302206,147723.24032515858,129834.7935882649,109856.40482175199,112323.28761483257
2024-08-27,129655.42989758587,161168.14759678236,162378.87341413772,146416.37364646085,167371.69379343436,151034.98709135293,162404.96759406323,129701.52555643677,181642.2672483705,166759.18082782486,115453.0523747976,196463.17596579957,158161.80171295596,157075.9954125301,158614.38091727445,158770.2632267047,116118.40276200087,100327.8207266786,164124.55654706588,147563.03165145958,129655.42989758587,109794.02454286937,112175.11073069963
2024-08-28,130076.75294963739,161587.61864296813,162808.96132318195,146703.5357974849,167855.6133659846,151383.7040931502,162771.1974657917,129700.36440410533,183514.28015926393,167040.4994185474,115438.83114889538,197704.63451485548,158469.11081907796,157379.9385063651,158948.9072264766,159054.03418605932,116147.42437656438,100336.31178891931,164514.0218000513,147835.85917583934,130076.75294963739,109977.15307434788,112532.68501097486
2024-08-29,130407.51773958196,162282.2528339454,163536.63554455742,147342.98026203067,168697.40959264,152132.21161195575,163550.94222105283,129717.7553820322,184145.57099028578,167941.60010573128,115467.68291729358,198468.52649873553,159152.82615225593,158038.62764934907,159615.7771846447,159779.14488196495,116176.45324453546,100719.4417768728,165293.84900947622,148534.92569603134,130407.51773958196,110004.63979885829,112839.89885357782
2024-08-30,130681.94714009816,162663.0417551747,163902.62458477687,147591.780987836,169100.6144147451,152428.59070266853,163893.98054101988,129784.09290927515,185872.6550366891,168295.67747011033,115496.54189664962,199022.7607562138,159553.05739754357,158461.70565379073,160012.07060608483,160160.46775709663,116205.48936772712,100925.03479206005,165685.8872445513,148769.08291260593,130681.94714009816,110032.13339315944,113069.92570944123
2024-09-02,130833.42942790639,162936.6467886463,164188.22157848644,147701.5980818037,169473.81380587697,152598.79810530032,164181.3440995198,129816.53000650772,185000.7565471969,168438.70214600966,115525.40808876567,199529.18262437926,159742.7274245287,158663.60761475936,160176.6450775777,160362.68469110838,116234.53274795262,100779.65766734576,165925.5079327091,148879.13693476102,130833.42942790639,110059.63385896829,113271.73912308177
2024-09-03,130819.17283731046,162923.81571398725,164164.47893486562,147711.98381815775,169506.38236763087,152601.04750118396,164230.6498054676,129848.97521078374,184364.6873485706,168648.94263521433,115554.28149544449,199059.516612377,159766.34942840954,158691.38886988902,160166.63127959505,160415.33161159253,116263.58338702568,100739.9060408549,165951.21661827498,148915.4827271883,130819.17283731046,110087.14119800221,113068.86668159699
2024-09-04,130801.89933593918,162516.8683271312,163759.39125345406,147487.7675812629,169261.17579740964,152442.44886133762,163901.7716656079,129881.42852412934,183897.1062757909,168683.5969559954,115583.16211848916,198404.20922696192,159290.75386235537,158191.3907048736,159709.86626060714,159945.51941772562,116292.64128676045,100521.40947138019,165661.14843817975,148782.55053527426,130801.89933593918,110114.65541197905,113033.57115152299
2024-09-05,130664.20376590859,162410.10654939566,163620.2172983061,147394.63744776446,169249.2835503923,152414.6368971044,163758.30751851664,129913.88994857129,183086.64764293405,168577.58817980214,115612.0499597033,198496.58085309324,159115.92789479234,158043.9750369862,159514.41159779928,159763.79560808282,116321.70644897177,100499.38147844165,165536.3530594418,148684.2495150598,130664.20376590859,110142.17650261706,113117.18532384271
2024-09-06,129199.6205676469,160198.20363414133,161340.5318929089,146183.38788165385,167198.83242508167,151340.6918819192,161550.87571698686,129946.35948613682,181251.27849482358,166938.19140757492,115640.94502089101,196107.5066661935,156813.36843444663,155737.80332491684,157383.7478481786,157295.70355294182,116350.77887547463,99547.86220322887,163429.09898945567,147569.8976755607,129199.6205676469,110169.70447163496,112634.55996122415
2024-09-09,129871.76743639754,161375.90399200283,162528.77452635547,146854.46013997777,168986.7424022752,152234.66096790982,162974.74034301794,129978.8371388536,181865.4500742064,169005.65506903327,115652.74195256334,197419.2950107631,157907.9028566487,156848.78022424856,158454.95330569657,158396.70922701995,116379.85856808464,99786.45868041067,164920.18849154332,148381.94781163588,129871.76743639754,110197.23932075188,113108.2614651869
2024-09-10,130320.65345037753,162092.50569448038,163252.23848707665,147272.25758818834,169690.97744674073,152662.35085061073,163662.02358670832,129991.86351005829,184270.67554588837,169657.67768165897,115702.85358096744,198724.87914158215,158630.41898339678,157552.84315604158,159227.20697842486,159088.4227251457,116408.94552861783,100083.70569572409,165652.8027262805,148759.79077050296,130320.65345037753,110224.78105168731,113052.91986325025
2024-09-11,130262.68909781973,161470.4225172718,162607.6028578799,146861.34310087148,169221.56496278898,152362.62058839726,163087.8521050188,130011.14932170966,183656.95999315073,169345.88636696787,115731.77133681532,198287.6314104422,157866.09521484713,156854.2050727529,158506.67781991605,158215.69729856538,116438.03975889066,99863.74692748576,165081.81883736938,148396.20847382004,130262.68909781973,110252.32966616127,113073.11937922426
2024-09-12,131397.81029963645,164397.4745187756,165610.06759709073,148546.97843537288,172225.34726372515,154041.4852124088,166087.83264939563,130206.06490056834,188924.41988618296,172194.87558655642,115760.69632011336,202012.3458567735,160815.34093648812,159679.62783594642,161404.45155527833,161338.39650901625,116467.14126072009,100888.20477633027,168117.79800493683,150066.71746240853,131397.81029963645,110184.29413160596,114288.65674936712
2024-09-13,131262.82061474287,163856.42209390053,165051.47846564115,148266.35262750322,171451.5975562699,153651.52991228836,165460.98718591908,130196.51957085305,188126.84638361813,171411.3074392872,115789.62853266788,201201.34950868916,160321.2485219074,159196.90463571626,160900.0759683158,160843.21340819003,116496.2500359235,100642.68921524438,167472.37928365642,149738.03678050762,131262.82061474287,109859.96261667927,113913.52559669888
2024-09-16,131495.28569459668,163688.60110842017,164879.05371394212,148178.75006578703,170998.93299102294,153483.08884583355,165233.66956611717,130393.40341084737,188098.57186134462,170787.52504174318,115818.56797628569,200997.36366164725,160182.15079666278,159083.9601564106,160784.19868642083,160655.22568744593,116525.36608631874,100448.98239465665,167133.59278314468,149565.41358454444,131495.28569459668,109779.80329331962,113752.5548925586
2024-09-17,131753.21549740923,164002.54440961496,165197.50151148817,148378.24580163133,171257.46007677837,153670.25727314444,165564.514680668,130444.48126834378,189616.86784038806,171087.08567356376,115835.64098475603,201442.08271935847,160485.56684505026,159394.3040180162,161099.50843530186,160939.97390905945,116554.48941372412,100551.26539355013,167457.61457033016,149765.10486107186,131753.21549740923,109898.30789628426,113890.44185808055
2024-09-18,131720.08730914674,163668.65208081424,164846.2847362949,148088.16758188506,170722.38612288926,153323.74231507408,165311.85161523198,130969.21675143056,188231.22107534256,170677.2322726516,115908.44270694298,199645.22674541167,160043.12447645495,158976.66093896516,160568.7404568918,160560.02565309597,116583.62001995833,100493.55664286001,166967.81963197506,149525.6003104978,131720.08730914674,109597.14831781414,113578.75964199766
2024-09-19,131942.1194186897,163939.505946092,165128.53129444434,148168.12437321566,171110.06464090524,153470.11636804088,165664.50363533295,131032.89159255169,188452.70777756654,171207.45654795013,115940.8129753449,199976.6881894814,160138.5691424198,159069.19705929369,160681.50102072326,160641.27417190105,116612.75790684065,100703.45781860684,167293.07781389137,149657.59742194158,131942.1194186897,109675.82703812388,113706.92763283306
2024-09-20,133268.50537160452,166265.385937062,167505.40697455537,149525.73109473792,173943.02889811873,155032.97771207534,168300.88094237723,132058.44732657136,191828.07962681729,174271.88536506274,116154.47762235597,202772.48967294875,162320.5039867361,161291.6523552772,162907.76425141466,162738.84131837083,116641.9030761907,101910.33043296862,169929.51850878962,151123.35489291896,133268.50537160452,111013.42978068908,115107.77643240009
2024-09-23,133271.67539520917,167318.66608284932,168581.5104052024,150088.8208622575,174967.74013318584,155561.58961584544,169337.8295183505,132042.84190893322,194196.90409393178,175313.05565959236,116144.13963724952,203672.61927610566,163283.538235904,162216.6615212874,163828.96485126304,163780.79618611286,116671.05552982858,102361.99943409758,170999.8676275742,151719.21402378805,133271.67539520917,111294.71565167219,115602.4486059391
2024-09-24,133341.70819483916,166888.97527007243,168140.13109989208,149811.1503282764,174195.0086093418,155190.01133434926,168785.33519975076,132106.87942037603,194246.7304297811,174368.16732625285,116181.76552109147,203216.7084660211,162842.4112988284,161776.90283880048,163396.79302750793,163329.5489130878,116700.21526957491,102034.80972074305,170358.70119788003,151345.85841938746,133341.70819483916,111322.53167621062,115330.22255935564
2024-09-25,133514.0277904108,167096.27927128994,168355.71650215736,149932.54186169928,174510.32315215646,155364.49825227118,169048.84907847457,132279.10155344193,194419.76209699482,174757.37876762557,116191.43815506055,203447.66353516874,163005.33214703933,161953.6795682212,163558.41564239314,163479.94048709958,116729.38229725072,101972.56619785987,170617.28835555373,151489.96105704305,133514.0277904108,111350.35465284216,115536.84676885908
2024-09-26,133493.6595205326,167666.77848087854,169170.23700545338,150365.70469395598,175503.20686761948,155850.9471449562,169908.40870558305,132263.90930515196,195388.27295114155,175828.6265296565,116228.82026940829,204466.19217384324,163751.6036627109,162687.57983001645,164290.12774249626,164252.7547040868,116758.55661467747,102016.05228652773,171526.02473624054,151959.02863019347,133493.6595205326,111378.18458330426,115797.51580753618
2024-09-30,133509.4354407441,167489.24717457857,168991.11378596554,150256.31995144676,175312.47388069608,155737.18541259668,169724.25494975047,132160.85841920573,195166.57748393458,175637.0917869682,116229.92597188629,204245.4067204961,161506.9167298623,160483.2666765857,162056.61343863828,161956.6112505892,116787.7382236771,101973.91860382541,171330.69388018013,151846.94058713547,133509.4354407441,111288.23154425784,115736.38250671106
2024-10-01,133446.5656633697,167428.69104527362,168930.01465327232,150195.22722321973,175020.72261955618,155542.52659474692,169603.533269423,132061.8652153977,194358.75911068945,175031.00236363176,116345.64290191722,203778.7931240617,161458.34168390723,160463.50336596146,161975.74110583446,161911.24751459996,116816.92712607193,101913.60989520744,171076.03948681845,151732.7088462556,133446.5656633697,111004.03919106458,115428.53175917277
2024-10-03,133017.62222730988,164958.412700957,166437.58546268498,148438.1884543977,172716.52416332916,154021.63447181298,167025.81883776485,130621.70701467774,192068.16207394638,172640.1528824319,115791.91417958852,201956.31914411957,159045.60575166237,158140.89403025794,159486.01015482954,159485.00679564255,116846.1233236849,101036.53957280298,168407.44152393666,150131.5030928098,133017.62222730988,110435.53969028604,114854.74697606284
2024-10-04,132869.16510855965,163875.3040646083,165344.76465242135,147705.26004822727,171183.45765459808,153032.8047664745,165811.4429580545,129876.47422577978,189451.9066970164,170726.6916290564,115608.71021148213,199901.2955715449,157975.849806145,157208.1519745714,158347.47860124917,158345.90548790316,116875.32681833928,100877.61995279918,167056.96850390767,149291.29231304704,132869.16510855965,109755.42589594533,114144.84780945267
2024-10-07,132902.37326166398,163166.9720162402,164630.08103061692,147252.23180306755,171060.22488528542,152917.5585665416,165217.94005496244,129813.53606431556,190390.80531619716,170496.57128378915,115428.51334273072,201156.1841099634,157293.95643160524,156500.66135262503,157667.09042231605,157688.49530249095,116904.53761185883,100488.14651037772,166458.5493167165,148952.39142915394,132902.37326166398,109782.85720391064,114261.05355893268
2024-10-08,132935.58971452265,164076.8980206136,165548.16629003416,147943.61593886974,171537.02070244978,153283.63871050882,166104.70808371837,129968.06781107957,190084.88169044798,170773.48760371027,115373.84017456192,200822.27068718095,158242.81425699848,157515.6786920218,158548.50611348022,158637.78278795176,116933.7557060678,100515.75934030881,167281.62855447474,149429.701768347,132935.58971452265,109810.2953678163,114348.6268661793
2024-10-09,132968.8144692101,163421.7329809545,164887.12642250038,147467.09334859528,170154.41387436906,152324.28112124014,165261.73630719274,129489.07490663078,190822.22688701624,169229.34090044355,115044.4021372386,199327.4768740009,157619.0050098618,156963.46996820602,157841.5296153177,158024.9647187328,116962.98110279081,100028.66221302011,166225.55162082452,148844.85526505526,132968.8144692101,109837.7403893759,114377.20615848643
2024-10-10,132983.98759681633,163148.06644942513,164611.00593865293,147276.57750946435,169890.74197171844,152143.94059667067,165010.3077742928,129230.96754256205,190487.67513898946,169210.21228847766,115033.74538272576,198598.24378518361,157340.48534917439,156626.04673573986,157618.1808952371,157750.81596908256,116992.21380385294,99927.79710471204,165924.7869287988,148712.49059955368,132983.98759681633,109865.19227030329,114390.12671744986
2024-10-11,133115.22934620365,162928.74896074977,164389.72184245446,147214.74674356703,169530.63478960696,151988.95823749396,164707.15323217903,129184.12401678547,190981.25015539027,168586.37774389822,114861.85652141554,198874.56011985728,157155.8689075417,156474.41311943016,157350.6724432234,157615.81166720332,117021.45381107992,99920.65220601743,165741.62544668012,148491.5372651092,133115.22934620365,109892.6510123129,114503.72958646833
2024-10-14,133294.78617960526,164241.8749181316,165714.62252606623,148166.37455397283,170976.3169999012,152990.45806003257,166108.74254508968,129887.91435681329,191878.26436287267,169773.08577479303,115286.32856934679,200396.48995409097,158449.3635105234,157837.49828695634,158653.2720998048,158829.66904837705,117050.70112629763,100577.8778079202,167150.61748912735,149348.11293260913,133294.78617960526,109887.89621757746,114659.24275052053
2024-10-15,133308.92150836505,164314.97610213922,165788.3792042585,148219.18692757288,171224.64572590136,153152.07000212016,166230.96149268205,130298.57555012956,193382.6140824449,169980.17303497557,115298.04329148639,201165.0933466237,158507.20331657934,157926.81043078366,158733.00534389025,158833.83301240622,117079.95575133267,100382.65311705743,167207.60793393073,149414.08260994978,133308.92150836505,109891.06718182891,114672.80688874863
2024-10-16,133102.46018610738,163962.49025665838,165432.73263812697,147991.6016469627,170668.7766984088,152765.97953735135,165828.97792219938,129886.09828653897,193966.05301509053,169730.22089745337,115415.22576805038,200421.75099354066,158161.86880508543,157599.9530800234,158287.24094633636,158570.32381154934,117109.21768801201,100282.84662533004,166819.2631531139,149209.908150588,133102.46018610738,109807.8607166455,114577.72327458733
2024-10-17,133517.14959234884,163668.15133712234,165135.7543981382,147844.96051516855,169916.63159186573,152325.34357179492,165434.5297086218,129873.04545360933,191584.971101622,168363.2247825349,115146.09584968371,199216.45663182074,157871.88158636668,157322.04456131798,158011.49181914612,158253.96829830468,117138.48693816298,100321.23857062974,166290.07403331678,148837.33833997053,133517.14959234884,109978.07175121231,114676.53217710016
2024-10-18,133133.28433387182,163648.0220982218,165115.4446614903,147785.888654768,169653.15409035707,152096.60320754896,165417.49150833904,129623.58731978878,191974.63106228362,168735.045527584,114980.05304152024,197797.55843806002,157797.22276986347,157329.56959549483,157861.55455853726,158171.61210557955,117167.76350361345,100058.26130778981,166128.22777603153,148861.00355003358,133133.28433387182,109687.50766079965,114241.92186489512
2024-10-21,132875.05609760035,163316.9803798572,164781.43451075067,147609.00040884526,169181.61488732343,151818.30820824413,165124.01720784776,129331.32142028878,190456.55682145563,168461.94705566112,115307.81278266915,196239.99394594986,157466.66101347844,157050.87196936327,157477.72880907104,157842.00918822177,117197.04738619179,99682.19051121609,165772.6887598306,148639.3546327913,132875.05609760035,109447.5510479329,114092.2684191748
2024-10-22,132541.8485445441,161971.87485813454,163424.26750385243,146713.37774143968,168270.7726544517,151239.36513900812,163867.23101336343,129423.67739573833,190058.3522779052,167660.8103304441,115268.86694042882,195814.3848866762,156125.70511234563,155677.61734277886,156165.64953371466,156505.0769151361,117226.33858772676,98908.78221489901,164487.8162663372,147827.08639962555,132541.8485445441,109474.90540836049,114086.39090284669
2024-10-23,132504.05309356368,161779.59422973,163230.26270592242,146532.54399323204,168105.80465065973,151084.8967389035,163675.2330204893,129395.1545985099,189324.76291552573,167487.84947924226,115119.80401760661,195532.13977976187,155880.1631593082,155353.7945095702,155853.3112597182,156405.4021320078,117255.63711004757,98814.65147768607,164252.9110618869,147766.24911801232,132504.05309356368,109502.26660549684,114227.5221292061
2024-10-24,132647.64652216036,160860.11088379423,162302.53440480132,145962.3354550626,166269.4363521837,149828.0374436227,162661.9608705421,129319.46868601805,187076.31616715703,165236.66121734426,115102.25760232679,192228.32613739703,154977.2403388584,154503.5797599853,154878.30341062706,155521.52415933943,117284.94295498393,98669.60116646068,162704.0786102205,146920.27026482564,132647.64652216036,109529.63464105077,114256.07115365805
2024-10-25,132680.79931085318,160413.63579175549,161852.0557958511,145575.26211452147,166629.19435183704,150046.45547617885,162338.89587428886,129279.3895487953,186650.141771552,165881.49512626138,115062.39802951308,193196.49189482426,154421.73460987562,153871.86865659108,154295.0399577937,155070.8261083337,117314.25612436599,98352.29904844808,162469.87117360198,146847.26977295105,132680.79931085318,109557.00951673131,114268.4615964894
2024-10-28,132713.96038546308,161514.21635386528,162962.50520164636,146276.4538376744,167842.18288073427,150869.25942606502,163465.62677464195,129650.192942923,187741.71624136897,167294.5454784052,115369.63658593828,194297.63175547402,155486.54269410335,155027.6408073571,155356.03667509215,156047.37979330405,117343.57662002437,98319.31175998373,163681.14345856747,147604.71433890474,132713.96038546308,109584.39123424799,114221.3749394534
2024-10-29,132747.12974806095,162851.45866567164,164311.73848966957,147168.21204173568,168613.621621014,151433.07200256674,164723.73852045208,129813.23936760561,186781.88298466275,167797.43778001273,115512.48116274858,193661.21208176535,156756.1116607632,156466.00940448503,156582.35806204684,157189.49380279914,117372.90444379013,98764.15848890427,164723.34273882877,148290.90450995212,132747.12974806095,109611.7797953109,114217.60873608316
2024-10-30,132724.48345429887,162236.8858077411,163691.6547916633,146786.48540515176,168155.809836546,151137.47795583511,164124.82335905082,129634.69314415679,186204.18320448053,167515.36010321797,115496.21144397832,193314.92256685277,156217.42126324514,155961.28273096657,156056.09219351632,156604.20540042894,117402.2395974948,98607.88706192467,164191.66935397047,147967.6156666682,132724.48345429887,109639.17520163038,113943.75957390315
2024-10-31,132536.95168324574,161453.1171231974,162892.39835833115,146473.0325381571,166833.42521313103,150416.44635613004,163281.01100387386,129344.20734812273,183864.42210703174,165784.3517261649,115525.07755350391,190755.49716913048,155814.30220423386,155917.09558784205,155620.53359340178,155871.2188396115,117431.58208297036,98313.68119993206,163297.47329768774,147210.97697371637,132536.95168324574,109666.57745491731,113972.23767723226
2024-11-01,132569.23493903218,161768.73579113392,163229.13595303518,146666.33597264276,167204.8193917114,150633.6927062474,163631.53799030138,129372.93189802814,184194.80105835266,166175.25648628897,115553.95087757164,190959.55773897216,156120.71357776382,156213.98647981067,155929.03637479444,156185.08641136056,117460.9319020492,98390.4300761786,163654.50137655364,147436.2952574372,132569.23493903218,109693.98655688294,114000.72289812859
2024-11-04,132287.49504557875,160556.40764001885,161892.99648726266,145918.62379503273,165769.27829215163,149848.91410201494,162189.10846469714,129215.9356083627,182543.33015289676,164600.4264781263,115582.83141798456,189024.21756470774,154831.67736700366,155019.8299186549,154655.0369519326,154785.49758848266,117490.28905656424,97940.75239556847,162250.07234931298,146669.5251126092,132287.49504557875,109721.40250923898,114029.21523837103
2024-11-05,133082.22517021344,161306.65065184375,162625.94155562052,146272.56729890167,166139.95704708408,150078.35226911397,162887.3625928801,129717.02661991799,182609.45808397565,165063.62183070238,115579.65497316938,190619.16840977492,155543.639366859,155722.0470705204,155283.01128341578,155591.11584801762,117519.65354834886,98321.14166663763,162878.8077590551,146962.44157067963,133082.22517021344,109748.82531369758,114057.71469973898
2024-11-06,133411.95630497515,163220.44267441725,164624.26002742912,147389.04987959715,167942.501446388,151076.51409554144,164858.49317756807,129880.72430543326,185155.73409652172,166798.43535248667,115600.5767692019,192037.32514483988,157485.73780738903,157699.85841657038,157231.07130149592,157490.78594027844,117549.0253792369,99076.69519839258,164829.69171794778,148221.06236970882,133411.95630497515,109776.25497197127,114086.22128401222
2024-11-07,133229.0925816249,162238.85170782098,163556.50141884276,146827.6652439487,166646.92134948575,150376.41930161978,163691.74367719475,129763.00461938194,183153.1949404792,165437.6136393935,115629.46896288104,189942.818100888,156523.50181525655,156808.10883584997,156270.47926049534,156455.94577853254,117578.40455106259,98833.81096497067,163675.6774150723,147607.19992873922,133229.0925816249,109803.69148577303,114114.73499297096
2024-11-08,132905.10820034522,161881.13021152254,163147.87788090398,146675.33408925196,166707.75224795562,150407.30648987452,163397.95130929557,129355.42589042941,182215.6727561275,165491.28641604143,115640.94505999751,188966.2663502353,156139.808691939,156313.57734031216,156056.89800666366,156014.1655280063,117607.79106566064,98676.54451813037,163531.0015432228,147522.4302633226,132905.10820034522,109757.60886630727,114143.25582839586
2024-11-11,133095.01876022143,162204.21494410097,163436.76949836788,146773.48943005112,166970.36016153777,150512.97140291074,163673.756868105,129546.43379632744,182454.82358172585,165771.5459735218,115745.80082010815,189588.71348745518,156379.24417799962,156596.91554562005,156218.74819628565,156286.7928159027,117637.1849248663,98795.48790079594,163775.27392273422,147700.04496729997,133095.01876022143,110015.24949547119,114171.78379206809
2024-11-12,132348.76139136,160998.9649050619,162207.62366252128,146128.1320034415,165820.80875210708,149893.18981984706,162438.15526625188,129264.40538241419,181683.82797406235,164658.64277810743,115757.14336434608,188071.1675986563,155230.2832806893,155330.85946641353,155107.96557261734,155218.1275815867,117666.58613051518,98328.82439900127,162508.4266354968,147107.6177620828,132348.76139136,109378.1087544333,114167.79375239737
2024-11-13,131439.24974402672,159538.30271568373,160685.62349683538,145340.61881157645,164686.51528298145,149269.61459901117,160948.58383962692,128859.49659527041,180417.71088840664,163492.1902808829,115593.84380249948,186035.47775741474,153737.17838476622,153689.3485183875,153710.76861122999,153779.28686707973,117695.99468444334,97679.12713862212,161106.78632580605,146365.13842477783,131439.24974402672,108732.63483715609,113689.76722302608
2024-11-14,131379.58704036043,159065.0445564726,160223.48649364116,145066.72531012073,163682.18980299696,148718.42397979312,160356.94796969334,128848.34508784619,180233.0434126984,162540.17710798924,115627.75695464529,186313.19210437726,153246.81910437136,153141.64006696924,153184.63787324718,153382.69575331308,117725.41058848737,97557.64558799159,160358.54690362822,145997.62169035908,131379.58704036043,108601.44826523868,113718.18184573595
2024-11-18,131120.9725981737,158589.81029937326,159709.62036418825,144848.36188517424,163209.63728525236,148542.2794752563,159876.4543315535,128996.0356601981,178830.17271525142,162008.355806424,115788.93604783887,185814.26327046595,152720.6850950344,152802.96979830568,152510.07541245068,152815.80066664345,117754.83384448432,97628.07663719368,159930.69923961454,145595.42232036954,131120.9725981737,108074.93705194665,113746.60357014727
2024-11-19,131201.10066116595,158367.89282625332,159434.40999197864,144659.82696032224,163226.84531085132,148481.88954275666,159680.9654586773,128809.61529909798,177969.61421667653,162179.64423067452,115663.37389573142,185969.21724238605,152391.9839275783,152377.5190015864,152218.09062017454,152548.14157833013,117784.26445427173,97756.3286093264,159771.004111583,145503.09294446747,131201.10066116595,108101.94835327775,113775.032398035
2024-11-21,131314.18406386796,157375.80879712632,158384.83965093945,144118.30509107528,162203.95834942133,147909.06542633483,158630.08948391778,128509.13098127299,177403.52551324523,161367.5544861513,115358.8147709639,185645.69824648797,151414.76705660974,151174.00909736985,151360.3288356644,151680.17406006978,117813.70241968746,97629.4406333053,158730.21925179497,145032.35923950936,131314.18406386796,108128.96640557647,113803.46833117444
2024-11-22,131771.533542025,161594.08053926073,162810.058102807,146538.95120515078,166584.5129057373,150338.7694518077,163085.49112614105,129327.57054020383,182854.83388999896,165466.8108190931,115412.24752039884,189561.3085354132,155786.52408210892,155716.2980517344,155791.13390661747,155819.79728610563,117843.14774256988,98605.97123564556,163154.9655546634,147578.02550966857,131771.533542025,108155.99121053012,113831.9113713415
2024-11-25,131959.1419091014,163920.60115128674,165211.13645758873,147936.81825787146,168487.54074275884,151481.769668773,165468.67471933283,129998.29553992664,184701.5092656657,167288.6054242124,115638.60483612274,192179.48107157208,158204.41838655956,158336.30048953035,158279.8726195234,157962.2982508965,117872.60042475794,98893.57171224918,165481.92827496838,148828.0446143571,131959.1419091014,108183.02276982632,113860.36152031242
2024-11-26,132264.90518749677,164210.8567398619,165514.98478897725,148046.5489602862,168975.02623720336,151723.37306269113,165820.7628897003,129984.1407847581,185032.24220108133,167878.33446225492,115601.09933501335,192420.19476565107,158469.2293305511,158504.96695616315,158589.64199150403,158279.17432457968,117902.06046809086,99013.493692431,165837.0560289436,149093.1500447536,132264.90518749677,108210.06108515318,113888.8187798639
2024-11-27,132419.12949546808,164236.3479787906,165535.68191986356,148072.1971526532,169126.44142206106,151806.60192640082,165893.12669355344,129890.37285600824,184784.45939457472,168108.82662484824,115629.99165929799,192785.3496234106,158444.9587993334,158495.62100951283,158537.70118797224,158267.50474532825,117931.52787440851,98891.49084403696,165943.21445939655,149122.20283252603,132419.12949546808,108119.17536932396,113917.28315177305
2024-11-28,131570.34430003728,162531.07393337792,163744.47129764894,147117.25880808066,167192.6211712647,150776.1146395951,164005.2683688174,129857.41947359593,182639.0167297422,166139.64008606557,115643.39984489381,190786.11367982283,156625.2489940322,156700.32337660465,156628.2686128518,156513.2359599239,117961.00264555105,98434.50715660062,164050.904069645,148024.9538289927,131570.34430003728,107065.31113266542,113898.28157206507
2024-11-29,131838.76264989458,163993.82673094838,165367.11192311696,148094.24897912747,168785.58943931086,151707.01999183182,165615.14537032275,129997.07471324275,186846.59113388075,167787.35975808007,115639.715549877,193714.36895726182,158231.62282700805,158237.51784215687,158286.92567178927,158136.84290615522,117990.4847833593,99084.50766243372,165673.86556693327,149015.35633884254,131838.76264989458,108084.20356017299,113999.41170646477
2024-12-02,132021.46490228476,164435.91948321438,165868.60608376894,148346.64674007508,169221.0310991185,151923.60423069008,166092.33455895333,129969.93217307873,188022.7838690254,168228.89452538203,115686.92924976589,194615.37439691587,158652.83809791578,158614.81393579728,158723.98026788325,158586.47488874954,118019.97428967434,99188.40070033188,166094.4232556367,149292.22782819197,132021.46490228476,108165.20555874448,113967.5362842882
2024-12-03,132538.42042041966,165323.93331767828,166734.5647585215,148877.34233392138,169574.03024940693,152233.09342224227,166915.4012887873,130511.93001333125,187662.6330615388,168490.59264734434,115700.07280765589,195657.72321457285,159647.7608184104,159622.98779439434,159833.24530029917,159453.49180579183,118049.47116633775,99452.83866540095,166879.3503271707,149682.37993267123,132538.42042041966,108708.3799565952,114560.95235988525
2024-12-04,132611.40241780423,165287.14800924365,166595.0259123025,148773.2916898111,169229.15700183075,152075.16070196452,166784.19612915747,130685.29745524109,186286.36058461713,168358.36645911873,115781.27714220366,196693.21972687184,159613.68347372406,159644.71762025973,159776.4840964496,159385.75630613303,118078.97541519167,99383.35780553153,166726.69484372257,149586.527665809,132611.40241780423,108555.81614682451,114900.19172784836
2024-12-05,133754.68583129472,167091.7497487738,168489.15933762866,149823.674339425,171163.56601567936,153123.8251225097,168696.55026264538,131360.52144970663,189306.2055593232,170292.01761180887,115810.21449854824,198589.83777037892,161529.11070881627,161496.60473591977,161840.62530990102,161216.24883130644,118108.48703807867,100105.62591818835,168640.45675489344,150768.91600023798,133754.68583129472,109819.33303051202,115520.61299803444
2024-12-06,133428.92180606056,166651.79667092743,168008.01746269563,149618.07407330818,170685.3293430562,152896.27512894844,168233.1344678613,131310.4298954816,187964.52153994679,169712.39377210775,115839.15908724176,197456.18536165726,161114.19600983866,161073.45712808167,161471.73165565717,160763.72361518262,118138.00603684166,100013.78257974595,168183.2980023549,150480.72315755484,133428.92180606056,109417.35172090297,115418.6299386248
2024-12-09,133675.67473161416,166162.29507037852,167474.1898297896,149441.8285734178,169611.17050818744,152329.0577220953,167541.8015498565,131417.22087244992,187945.24056262075,168411.41980594475,115868.11091009171,198133.22410892727,160672.31664553852,160484.95891302932,161271.77647675973,160228.09818981224,118167.53241332417,99784.89606081015,167404.68803815384,150067.9308722707,133675.67473161416,109117.48887432786,115589.1520477561
2024-12-10,133742.2953138974,166201.74128194113,167457.0176120998,149398.5976668864,169550.91249325193,152323.27294418123,167526.43541344212,131700.3177961758,187422.82139587082,168235.9672396746,115897.0699689062,197786.2487759827,160593.3622982115,160398.1574604699,161086.980543677,160262.90068612108,118197.0661693701,99763.00251312881,167370.99234909686,150000.26653990656,133742.2953138974,109068.6436372096,115823.83389216062
2024-12-11,133798.9751775198,166178.52526806385,167432.41659893774,149411.91262967666,169672.25811957842,152387.20487499304,167513.67775210907,131733.02392790653,187826.14561145616,168269.79979722708,115926.03626549376,197527.83511670088,160580.07934657045,160397.39698888475,161074.35744773725,160236.31788868908,118226.60730682382,99566.76809167201,167391.372177936,150037.76761922907,133798.9751775198,109057.8144337141,115821.87587638511
2024-12-12,133882.0782275094,165633.15568027558,166881.6066509589,149082.08097207654,169026.04702133444,151959.07962571154,166835.88989034167,131647.56055397316,189092.95698903964,167596.42401667804,115955.00980166324,197779.49585203148,159979.93661008446,159749.27597741532,160463.88530659402,159695.0692716291,118256.1558275302,99505.60452278286,166656.47856420712,149754.47980225875,133882.0782275094,108984.75890741877,115722.92214392555
2024-12-13,134996.95805543533,167545.324760332,168972.20153964937,150248.742658194,171410.71532899264,153194.66452053687,168945.47235225595,132126.41509845166,193618.5547602127,169925.79687402744,115983.9905792241,200911.10297164108,161947.299133848,161799.80004912775,162470.76042575735,161538.5495732133,118285.71173333454,100021.69732800347,168790.7964875684,150988.07003797236,134996.95805543533,109915.94603115284,116209.91186857126
2024-12-16,134520.14282153524,166806.41764765634,168185.92523321434,149835.77403142033,170524.8273629182,152750.65824558996,168147.24938215228,131854.59126322088,192298.5677364303,168985.12201048151,116012.97859998616,200100.86373663647,161147.77206242806,160996.62648645949,161596.35658006938,160817.73327961258,118315.27502608259,99601.39421607563,167951.78898927552,150467.02887211062,134520.14282153524,109505.0283285497,115932.62396556203
2024-12-17,133250.12447620966,164984.25707921947,166227.3111853279,148756.05883212696,168845.96780764565,151877.20779766122,166253.40667773833,131181.74367668806,188967.40872673516,167242.56898083747,116041.97386575973,196615.9899448719,159225.6585371391,159089.8141306409,159528.97492579502,159025.813860275,118344.84570762061,99085.59125429782,166113.44171693287,149382.2624777923,133250.12447620966,108436.34923462164,115161.49807762752
2024-12-18,132557.7017666956,164197.77182815623,165426.15617478694,148296.5558725267,168209.08637325175,151523.83022199592,165478.23642743303,130766.77910348438,187435.1950268708,166694.96164982396,116041.37868657305,194256.59909293553,158462.79641156286,158230.92190342082,158794.71529240214,158331.47142349905,118374.42377979525,98784.60485551639,165363.2277527522,149050.36200311218,132557.7017666956,107771.04672215028,114654.90631843523
2024-12-19,131626.1924578876,162621.3851546903,163781.27841558715,147443.38033731392,166656.83801995093,150700.25579288192,163771.14044974383,129950.1249409702,185956.43473099326,165076.2458126112,115787.93640372703,192371.1598591725,156819.04232740618,156624.5350837081,157058.6604103301,156742.6187766281,118404.00924445369,98019.66870092455,163741.1800168947,148148.02790074068,131626.1924578876,107797.98207179923,113962.42259715503
2024-12-20,131055.26751498478,160597.7925937865,161653.26869771132,146274.2620458465,164879.8675544642,149726.2765956354,161701.87134449361,129038.22982245397,183744.3880260117,163357.9884409259,115008.14115537563,190227.62287424394,154695.39341094915,154507.1842788115,154826.07932957154,154721.96865756364,118433.60210344355,97003.61929678939,161686.62152953495,146968.2056258607,131055.26751498478,107824.9241534331,113849.78135474064
2024-12-23,131127.56672440784,161738.04565000033,162874.06242169818,146908.46684160654,166119.56313598857,150380.48810601665,162972.00357346667,129285.09833547892,184774.71028288707,164655.43419134093,115338.78233283508,192330.7482478871,155794.5451770745,155603.93396526284,155931.89410155942,155816.6511526788,118463.20235861285,97044.36665182255,162904.45852007365,147581.85281132956,131127.56672440784,107851.87296873442,113871.539246625
2024-12-24,131160.33959769583,161568.6248477361,162709.9147116257,146827.53739732012,166148.56887680167,150381.64187203924,162873.88364349402,129122.80512671932,184244.86180312376,164820.84473504362,115248.62030369573,191963.1172171337,155656.37623519683,155427.48649079242,155816.9471376273,155693.94160137966,118492.81001181024,97059.88481800612,162807.1361664201,147563.28302532254,131160.33959769583,107878.82851938612,113899.99929983931
2024-12-26,131173.62540373855,161444.10087023175,162593.61327208715,146787.60735520505,166029.45102216714,150318.49224330104,162708.50394243404,129085.49489510854,185006.84729753347,164630.4114337758,115177.33912610599,192001.95123205063,155540.31149822293,155336.19006716568,155645.22506305293,155608.53953858122,118522.42506488458,96984.49486838924,162647.7218037832,147513.2239581461,131173.62540373855,107890.23246440069,113928.46646610953
2024-12-27,131248.1242458729,161498.45860036768,162659.93584735246,146819.5294938814,166398.21058125963,150508.84997004966,162883.64999210087,128994.61087985977,185044.44898835773,165155.89921536433,115390.03353368316,192416.95600058732,155622.49790773558,155396.11077931875,155727.66325917738,155712.93670880835,118552.04751968538,97097.16083832587,162832.53361650262,147624.92494223887,131248.1242458729,107950.48814990312,113956.94074721348
2024-12-30,131234.06825533576,160484.1772824159,161591.334264893,146257.5321240813,165525.4077394641,150048.3828933941,161842.09618981963,128562.7341782233,183541.3759576606,164332.52571079414,115105.73486885334,190438.68412276852,154596.61923768916,154381.3203568269,154665.48861485595,154712.3682714047,118581.6773780626,96806.410293986,161845.76815068835,147123.1784577511,131234.06825533576,107940.0721616722,113985.42214492935
2024-12-31,131444.8307035304,160300.62402707798,161428.13438517333,146216.72966232695,165201.8067590882,149897.2569680969,161635.33951880492,128282.9156091681,182964.2358450869,163830.2464812409,114831.19532685041,189834.6915322915,154366.03592005098,154181.57170925822,154345.7350084178,154539.85250873293,118611.31464186664,96776.5795802305,161602.43851382445,146917.9983383091,131444.8307035304,108109.0744799978,114013.91066103583
2025-01-01,131482.56422919268,160762.418773319,161907.49605813398,146555.4351970038,165585.79049466195,150137.12195305625,162125.3751305588,128506.49256823941,183543.16482315637,164177.48332044412,114910.92808394103,191241.90898797984,154906.92405962799,154725.13533107843,154934.5829208561,155029.97591931777,118640.95931294827,96866.93217418692,162078.59754153213,147182.79031611962,131482.56422919268,108139.98991927222,114042.40629731202
2025-01-02,131651.1025298146,162778.15678936907,164090.48347799233,147717.1678118685,167806.22057224103,151361.0261539147,164306.75112078016,129287.77537021949,186002.91788678785,166279.73288931706,115323.94689281323,192832.00865522123,157024.52910091024,156802.00189597183,157172.92767733216,157067.55028596416,118670.6113931588,97669.67412384637,164293.05768472538,148417.75924224188,131651.1025298146,108259.3422789025,114070.90905553746
2025-01-03,131477.6646614912,161306.6243590477,162638.13197782842,146939.55615514115,166414.14350227153,150704.87776741004,162779.5282309645,128607.96700291,184182.98889240003,164819.5712479153,114808.52299194179,188988.06113195635,155588.9613039963,155321.34885024882,155626.10909613007,155789.03124330792,118700.27088435012,97115.378414589,162863.75681009144,147676.57212374368,131477.6646614912,108286.39966885778,114067.09229027874
2025-01-06,130910.41216353136,159141.33350005714,160262.84851581126,145733.38046461096,164000.7298076056,149466.70771919706,160328.88338425205,128123.44041483913,183157.79947384246,162316.33436038156,114357.23491159579,186100.3976784284,153408.90600271508,153010.83254618398,153455.4615906112,153731.7484933535,118729.9377883743,95766.13184687261,160459.30516501967,146496.65931583615,130910.41216353136,108268.22984231103,113982.2788822282
2025-01-07,130877.41105323419,159534.97821814448,160718.9311348385,146039.31381121947,164299.41184031518,149726.0767957949,160789.52995030204,128377.1057262463,183610.65446565824,162540.49611274217,114418.79212479906,187240.28894351126,153818.80411057794,153468.13215522058,153841.08456061108,154117.9717984346,118759.61210708416,95626.41321981775,160882.81495645514,146658.09414560537,130877.41105323419,108445.46316135304,114010.7666127352
2025-01-08,130910.121404809,159781.88847645043,161063.78953142802,146152.97424082167,164884.092784035,149978.2292642917,161170.22759402054,128212.85843477295,183669.53660661948,163332.28782880207,114457.42962768346,185130.80935502276,154096.32520607547,153664.38550632977,154157.78201354726,154438.31622673437,118789.29384233283,95658.90347978268,161268.011666433,147004.54158472718,130910.121404809,108472.56706872833,114039.26146321553
2025-01-09,130942.83993172206,158884.2990171246,160208.84002486503,145661.7400524399,164459.65559335737,149748.83447086555,160330.1994476606,128004.82293868289,183682.1903341062,162947.6224460133,114379.33375481953,182692.01243619522,153117.5356868894,152785.3947473615,153001.35687467642,153536.57047919577,118818.98299597393,95482.34802866801,160514.93325815117,146583.3842661757,130942.83993172206,108499.67775021635,114067.76343544874
2025-01-10,130956.55465414582,159223.0088648442,160535.84782161404,145844.27066800714,165022.6759097259,149998.53795466162,160665.36319298236,128312.53741288002,184477.1342539849,163714.49893595793,114737.28289529809,181911.10615712506,153669.39077586995,153192.73952322398,153755.41804998892,154032.0491210703,118848.67956986153,95597.30886429275,160944.43153765544,147108.61522821334,130956.55465414582,108526.79520751018,114079.77917313228
2025-01-13,131032.56991972643,157959.0267982596,159220.01555272017,145098.10865994112,163893.57004252626,149403.43509982087,159350.38300116136,127756.41771944599,182469.25854347693,162745.70200221,114590.25976644843,178932.4866074488,152387.9397374024,151877.8508905526,152463.562391275,152795.03123407866,118878.3835658502,95222.14712892537,159701.7245656501,146562.26745009463,131032.56991972643,108553.91944230335,113962.09526503697
2025-01-14,130631.09461856725,157783.58676983643,158899.19188435472,144981.60779440138,162978.15124568905,148917.84099956186,158947.09583802754,127665.44427774387,182840.38410782025,161615.88323962552,114635.97985436964,180052.49000202952,152111.11669297016,151590.39178652497,152163.5001372728,152552.23917300213,118908.09498579492,95246.72490347177,159113.32930185323,146176.15482051144,130631.09461856725,108581.05045628967,113850.6251402462
2025-01-15,130686.884208433,158349.20260508373,159512.68890435767,145356.4764107802,163421.16489473332,149199.39247889037,159521.9878575628,127808.67625773104,183495.98795574834,161951.00966244485,114695.942588532,180397.59401579105,152724.5203206389,152261.04032171966,152799.69439391655,153084.93169652027,118937.81383155122,95448.10263188911,159672.5910889379,146502.6175243482,130686.884208433,108608.18825116356,113879.07996637227
2025-01-16,130571.14314170946,158589.16744276168,159753.7539359755,145535.1095065712,163238.30643352825,149141.98752426027,159661.80433713394,127877.96603822413,185042.9035008162,161657.9777112944,114757.42737555974,181271.01379320925,152934.10248056837,152580.46353246205,152951.0457340904,153241.78920485146,118967.540104975,95543.27651361666,159710.8698125423,146487.1468092323,130571.14314170946,108635.33282861976,113907.54190424788
2025-01-17,130591.8694149117,158034.61434872178,159285.11460932967,145354.3117437589,162614.85793134407,148867.1741325424,159199.83763607926,127172.30699022095,182353.91354985136,161298.1136765366,114106.19608914157,180435.68352773652,152502.60040645718,152335.8833810655,152575.2670442927,152565.9476314625,118997.27380792277,94948.33465388499,159230.94020781462,146249.21638153482,130591.8694149117,108662.48419035343,113936.01095565048
2025-01-20,130754.10014569247,158509.06449777161,159766.79657046302,145660.86624944996,162765.56219964364,148998.22677251507,159595.36148128123,127290.65320834327,183607.4168492918,161270.77718003135,114134.71479042778,181795.4680899024,152952.0723272007,152871.48890276428,152975.91396970532,152977.17590315393,119027.01494225129,94863.08934543976,159576.66177710338,146370.71134594767,130754.10014569247,108689.64233806018,113964.48712235791
2025-01-21,130368.72227615796,156710.38362451075,157863.11411685022,144653.64995641343,161271.15552116264,148154.75855781804,157737.07550168043,127103.64577495874,181210.36406195431,159831.2437482647,114163.24061942793,179461.73415658012,151145.7696822584,151031.08245059085,151119.60525426173,151255.6827185509,119056.76350981793,94491.87071607946,157843.29384665866,145443.4916413097,130368.72227615796,108716.80727343602,113992.97040614857
2025-01-22,130470.59700542252,157687.05225127804,158863.26138980724,145137.95066845673,162422.65059897263,148721.8237196984,158782.93745170988,127175.77817374199,182542.6582082327,161184.17912581217,114191.77357792342,180570.0428391679,152145.32644448374,151782.66128452172,152280.11099201159,152344.4789169616,119086.51951248049,94834.30256913409,158900.4280140474,146150.90533397553,130470.59700542252,108743.97899817742,114021.46080880122
2025-01-23,130405.78107019227,157426.6129504734,158557.43296312692,144995.51896276278,162303.8516934447,148617.4292516231,158526.9265333897,127237.42637885951,182886.4307827635,161027.76066203302,114220.31366769623,180326.58742032296,151819.12493979413,151385.37999472476,151966.26483364444,152077.75764171558,119116.2829520972,94791.26304286413,158634.83461128184,146006.20042548166,130405.78107019227,108771.15751398125,114049.95833209508
2025-01-24,130340.53160173516,157471.816217415,158666.6095115264,145000.0786258569,162809.05144699983,148877.22286712902,158639.2818119363,127334.44424866367,183760.0872967782,161585.18186610052,114248.86089052857,179140.10036085523,151835.47152623718,151349.11583128775,151906.8819236935,152222.92993693965,119146.05383052681,94672.3926449391,158843.33218652994,146152.07273303063,130340.53160173516,108798.34282254482,114078.46297780983
2025-01-27,129878.92322463806,156474.22061160163,157595.16525846094,144434.9996873387,161801.5032437307,148446.01108762628,157614.20028205158,127035.08537949133,180729.72415108926,160605.05064882996,114277.41524820328,178550.1304711503,150806.8492442236,150468.68624188655,150720.2975652525,151202.83340315157,119175.83214962852,94163.13318612515,157840.90818160924,145536.19606031934,129878.92322463806,108825.53492556584,114106.97474772557
2025-01-28,130058.57858407704,156978.90339714888,158115.28458667724,144677.73470053775,162278.99659890184,148697.37977796633,158130.84971912444,127186.1349010937,182410.95033195865,161242.37094716448,114289.39685324655,180597.73880173496,151207.510280696,150739.31781488872,151105.63320314974,151750.01187308572,119205.61791126199,94400.3411628287,158317.24267616103,145758.84904682802,130058.57858407704,108852.73382474245,114135.49364362292
2025-01-29,129947.49468666509,157717.74963253838,158815.76087134995,145077.70300557304,162801.45743057376,149024.05611370713,158834.89298716938,127075.65584480952,182356.223124745,161647.7036155974,114192.9422996935,181716.50931932137,151965.5493896786,151516.73592712462,151929.13862285455,152422.87345024114,119235.41111728737,94464.6457832292,159003.40322497446,146190.91723414036,129947.49468666509,108879.93952177327,114164.01966728282
2025-01-30,130273.66212011881,158439.47814874214,159687.2562955484,145508.5039836454,163743.53913175332,149502.84872017475,159658.85734585166,127417.52845486497,184726.78778050112,162759.219616106,114477.18908654583,182133.74543252555,152703.73285645782,152185.11698769458,152638.93023061275,153259.75981299044,119265.21176956517,94580.2377851944,159828.8432597116,146641.6701537399,130273.66212011881,108907.15201835718,114192.5528204867
2025-01-31,130306.22157598364,160034.54813123922,161424.3005891209,146529.87929453645,165445.07908492084,150524.66924981272,161448.88812255213,127333.87815947099,184156.60265896306,164280.8888689057,114505.80051056608,184035.49706514858,154516.6766337559,154291.80000191752,154399.09370564314,154828.52239844963,119295.01986995648,95267.75026657978,161685.6413267192,147584.69260842085,130306.22157598364,108934.37131619375,114221.0931050165
2025-02-01,130319.27893099192,159751.77738676264,161238.70763502156,146265.54449424145,165742.2606631199,150602.7905493203,161393.78556938405,127338.83892954943,183587.00869016448,165037.7513349115,114517.7889950719,182094.44884182326,154031.99696089086,153843.30113644397,153835.50766283053,154386.3049823385,119324.8354203228,94948.24044026351,161676.1039341504,147561.33504021927,130319.27893099192,108831.15604174336,114249.64052265458
2025-02-03,129996.62231982383,158538.5829913556,159897.93322663818,145473.22315141867,164448.93692055397,149878.48247711628,159957.0565899088,127593.68296728097,184605.56918602803,163593.65214175908,114742.39092970155,183142.53858248395,152555.32512022078,152281.78509806347,152422.22949696588,152932.22733689053,119354.6584225261,94318.27356051985,160176.48709011983,146843.64853792623,129996.62231982383,107940.03392894713,114278.19507518368
2025-02-04,130005.58074413186,160860.0813827448,162314.74248251363,146892.9711159058,166608.67122001172,150996.20552760453,162345.57973209926,127693.08984934211,186829.28198850513,165349.71852028772,114813.3789368155,185508.55442759726,155028.79924016408,154742.41283040046,155022.82857242943,155291.0511349843,119384.48887842894,94567.02504987307,162457.34803053061,148039.40835545177,130005.58074413186,108947.2063201524,114292.62486248594
2025-02-05,129542.34507710347,159951.17864737468,161282.5995180056,146350.81236093576,165606.165879841,150500.31952324786,161344.26187980856,127695.56136416241,186581.8958127693,164398.42724417735,114842.07438517662,185163.74364643428,154023.8052908881,153738.6123529382,154062.80439642002,154240.10570149022,119414.32678989405,94144.86537166183,161413.892879465,147502.55051859535,129542.34507710347,108524.6410693381,114297.0177500884
2025-02-06,129031.83686673509,159178.06571218302,160386.0003319516,145869.72838577858,164782.4127528026,150136.42751007646,160547.84079024583,127290.31844073549,184834.19193850082,163702.4259582159,114870.77700542632,185051.65041180165,153206.51574466962,152891.2836984439,153259.7936361668,153439.04195250582,119444.17215878498,93773.53481684023,160599.75110439333,147103.5106461365,129031.83686673509,108044.27728059486,113973.45602563338
2025-02-07,128936.96191361657,158214.22754195053,159433.95431861092,145469.5374721311,163806.97118976043,149693.032077499,159471.04279348292,127536.06720031658,186363.13487963195,162520.33911824558,114882.3086055057,184829.80433475066,152291.98435125285,151913.6203473902,152460.56400404035,152473.16819981617,119474.02498696542,93338.56190909215,159590.85968088766,146562.91887271914,128936.96191361657,107556.99562129183,114169.27166576101
2025-02-10,128861.09154451579,157809.73447741492,159013.0417735427,145278.74603990928,163336.0191770897,149467.44397351498,158995.73717538797,127551.15083290411,186746.471647128,162004.38360475076,114984.80686563031,184230.32899556067,151869.86883930615,151503.21163480906,152042.3428317417,152035.4292760193,119503.88527629983,93190.95250155123,159126.16243904122,146356.1001471936,128861.09154451579,107281.76431316735,114060.6405364605
2025-02-11,128719.41963919318,156217.1740783661,157274.49426988646,144355.65380611294,161528.14094809606,148568.39592225707,157187.10935424833,127407.98908712952,186172.36959122922,160009.4576863603,114820.26967194048,182958.68425521947,150099.09359943526,149647.0016933276,150346.98267051313,150275.88808375128,119533.75302865285,92552.55808503827,157295.72546889834,145367.80838720684,128719.41963919318,106963.10496620783,113915.17064707022
2025-02-12,128888.10185496497,156285.8605250682,157357.38713624133,144482.52131410743,161484.2018557274,148607.74176822716,157226.30980117831,127356.35215334178,186801.74412333334,160054.94056249224,114848.96684251147,182489.21911812876,150299.3160167163,149893.37283840711,150521.13458277177,150455.539924714,119563.62824588979,92575.54174548047,157396.67438465418,145393.87237399668,128888.10185496497,106970.25390072136,114025.16112890131
2025-02-13,128825.82843953704,155649.4261711444,156698.23861876773,144147.18462231898,160874.1046628523,148312.14593351661,156572.41649387818,127382.7427149434,186352.99143925987,159364.04748776148,114877.67118540144,181040.9409508714,149609.28873785277,149193.52862649865,149815.3644291716,149791.30957305516,119593.51092987639,92238.73311631325,156733.53706766453,145030.50612147932,128825.82843953704,106996.9891072401,114068.52790696695
2025-02-14,128850.55087658948,155776.48253516492,156826.40057750113,144199.00897401036,161128.91729010377,148433.92497897803,156743.9660797417,127419.98685815421,186809.84792476095,159669.84484551445,114906.38270240295,182062.02582329928,149679.89233796124,149224.78455058183,149922.4424061572,149865.15835856614,119623.40108247877,92187.18799739244,156888.86293691408,145166.27530361642,128850.55087658948,107023.73099572166,114108.50092159589
2025-02-17,128711.16567133291,155469.8550995085,156471.45342315725,143972.49387783412,160731.67358075394,148264.24470330245,156422.1260994532,127256.85482329708,184871.9886643372,159524.72248236949,114935.10139530909,180130.64606376507,149315.5268930513,148820.87553162622,149569.3758787025,149529.49780793043,119653.29870556357,92069.4287075288,156578.3023056725,144973.98987322516,128711.16567133291,107050.47956783617,113899.25994382308
2025-02-18,128725.44582889794,155040.50745842617,155959.95885274134,143748.0941345354,160119.74013435468,147991.9484846452,155898.39426686955,127061.00629357826,184419.40360796335,158728.20904216217,114946.72949426166,179944.22349598215,148838.0295885601,148319.6525424433,149119.95379224417,149047.98682311235,119683.20380099789,91903.20668679246,156015.56786970535,144660.8959211952,128725.44582889794,107077.23482525408,113873.4485987918
2025-02-19,128594.9374481003,154544.1062823757,155349.35302201426,143529.1311165419,159344.328827547,147644.26738663655,155359.17552727877,126666.85271482106,183336.09661228274,157631.3085377685,114810.73922830378,176248.4886458049,148393.29904532296,147932.5179141442,148717.51957234435,148502.9138106416,119713.11637064932,91828.33400637071,155355.93454719076,144194.54327692892,128594.9374481003,107103.99676964621,113901.90912921279
2025-02-20,128321.67153424631,154090.3202685914,154877.75868261943,143322.25830543682,158773.05466125594,147396.97990450595,154795.9754456058,126667.12452808037,182648.80782920384,156669.49280098054,114825.01409711239,176783.98569015122,148000.51930353016,147533.27458067102,148368.2381361767,148073.25468600664,119743.03641638593,91540.35811666389,154797.16627526755,143958.1775458963,128321.67153424631,107130.76540268392,113930.37677280905
2025-02-21,128334.56774537686,153701.40272042007,154453.42245785228,143173.08898828458,158282.69111826032,147221.64904413908,154383.0028225098,126626.75547527231,181721.70322405503,156235.91116372024,114821.87984097701,176348.39509234243,147688.631308368,147227.43865339173,148036.37319033503,147775.29490998338,119772.9639400762,91287.92444361217,154421.553774218,143774.146994024,128334.56774537686,107157.5407260388,113958.85153135828
2025-02-24,128046.88824534438,151920.515942315,152571.13032606058,142145.26910608355,156445.74236411034,146341.12216581655,152552.05878663808,126339.06453163557,178589.59720644233,154556.3440719833,114588.58238687683,171600.9406934781,145832.74437986495,145446.7193594216,146120.00727811607,145904.3757683819,119802.89894358913,90956.81590428691,152628.68071505876,142736.9883911275,128046.88824534438,107184.322741383,113987.33340663878
2025-02-25,128078.89116088851,152111.18634710912,152848.36100987255,142295.32711025726,156894.91381094375,146558.44048583592,152823.52169228008,126679.19658195622,180638.4706552643,155091.57259441522,114871.55363340504,171851.3678209143,145988.39942329173,145588.08723032198,146257.7891024582,146092.2915989455,119832.84142879407,91020.29669930003,152945.11756014384,142860.52318344114,128078.89116088851,107211.11145038913,114015.82240042927
2025-02-27,128110.90207496048,151906.5353775428,152625.50479359308,142198.9669070681,156708.6028029532,146477.3581615891,152610.53549854763,126777.62022334374,181007.83464591939,154939.5211038381,114883.35538037353,171616.76452809185,145773.3314900638,145366.43643770143,146047.32986449898,145879.3077948605,119862.79139756106,90907.81074841628,152720.79633561953,142739.40869522488,128110.90207496048,107237.90685473008,114044.3185145088
2025-02-28,128142.92098955937,149279.81102723748,149717.1667814382,140658.98830221538,153702.98785889626,145051.98442478842,149850.16095317324,126182.76690286642,175530.60025847686,152261.13811059494,114361.48811865097,164280.7693566665,143029.86938508763,142733.65409763288,143314.0385965765,143014.51406991304,119892.74885176042,89959.49166768332,149920.8851307576,141128.46246659313,128142.92098955937,107264.70895607925,114072.82175065707
2025-03-03,128174.9479066848,149415.5070454289,149831.24313024615,140802.59065275852,153642.8137631165,145070.2626874484,149883.79767708763,126392.20187478761,175877.32114748686,151900.87313277184,114545.88858737433,164604.96390121343,143167.29665121305,142924.2696038041,143426.79270305706,143122.87980437433,119922.71379326298,89979.26882893234,149967.30835714837,141167.56269149805,128174.9479066848,107276.34223631675,114085.55444737307
2025-03-04,128206.98282833684,149552.72160061562,149877.23171226057,140829.68896916375,153291.5428786773,144933.59126490925,149859.547652586,126318.40844771847,174973.2752395957,151620.50865549015,114574.51718154494,164657.30429671673,143201.99661159024,143000.83734358608,143467.99859909964,143108.7973758348,119952.68622393998,90059.8854346263,149884.84997529167,141160.9249839003,128206.98282833684,107335.6154883594,114147.81756302934
2025-03-05,128239.02575651607,150950.48053805073,151432.83745192393,141680.19876978706,154852.9452154267,145718.41678360742,151337.58540572991,126536.11509494578,176893.99716130277,152757.0590125343,114585.99409654862,166470.57610416375,144656.29885322545,144436.32510517727,144905.143967384,144598.93983109234,119982.66614566337,90215.610675185,151342.9157064945,141944.67357115122,128239.02575651607,107362.442010147,114176.34666682145
2025-03-06,128271.07669322357,151973.19320596478,152615.29308267913,142296.34403712154,156201.07396740947,146381.98644511838,152511.42584049172,126637.31688120427,177495.20623891678,154114.24596185936,114602.7247909307,167827.01325864135,145789.25337470756,145533.34721262625,145986.60563768956,145819.41346552622,120012.65356030526,90398.18966478552,152544.21934746703,142671.08139933724,128271.07669322357,107373.96496305494,114204.88290092748
2025-03-07,128303.1356404609,151980.14404649477,152664.05267845237,142321.42600674176,156183.92647050298,146387.38627047234,152531.5508172579,126678.5889203079,177652.35850757925,153895.8126149207,114631.36759024324,167815.95180635015,145795.1869933045,145455.5432603145,145992.5619265602,145909.86634963832,120042.6484697384,90354.47223958277,152477.02122655674,142698.5002653886,128303.1356404609,107392.68603090162,114233.42626712938
2025-03-10,128335.20260023017,151862.58017869166,152598.6523611816,142209.69640827223,156445.25254191642,146471.34154274222,152490.28395944752,126693.68781479886,177590.4174347376,154426.2753902343,114643.30857310454,167672.0916860035,145618.35465022043,145331.64184199137,145774.46325935784,145720.88826434928,120072.65087583596,90230.88424035894,152532.67520259236,142731.9228628452,128335.20260023017,107389.92369379617,114261.97676720975
2025-03-11,128367.27757453395,152161.51406624724,152918.77340105685,142442.72655866458,156697.17871912092,146594.38998331202,152811.2613020729,126953.79615500009,179532.23618033578,154411.18472277158,114870.69877794663,167926.2721965302,145866.61125078352,145488.04277870883,146100.93706167216,145983.6322203105,120102.66078047163,90425.59180932956,152736.7093294401,142827.4598600336,128367.27757453395,107493.86985006883,114290.53440295158
2025-03-12,128399.36056537535,151466.3794496045,152177.95461832394,142061.3580962035,156051.68159176948,146283.27398323792,152192.06551469577,127004.20710686619,179332.18648310643,153925.48917441635,114899.40855232578,166691.62755117734,145118.73447250228,144620.54444841907,145391.8475986763,145317.90786594717,120132.67818551949,90400.09656484643,152068.69639983494,142376.74267474466,128399.36056537535,107466.64143025018,114305.12548160361
2025-03-13,128396.34250958229,151233.49124316714,151877.01624490888,141910.15197710256,155624.39854001088,146094.38304210256,151887.65800347645,126917.16910590189,178497.66847620308,153499.4467374047,114895.51721905493,166353.74196320106,144811.17989068187,144325.95221331893,145098.4152213494,144983.21242571576,120162.70309285415,90334.70917615914,151728.51906058952,142213.68506098556,128396.34250958229,107493.50069951185,114242.96580988649
2025-03-17,128220.88012821296,151200.10110443013,151817.74355664424,141898.66411209895,155612.85893747362,146087.5390879371,151849.00130820426,127021.22436433936,179060.33840174627,153526.81163747527,114971.00536983558,166299.93112758928,144774.032487546,144250.49321914147,145071.99247254958,144974.0308583639,120192.73550435065,90138.96349385852,151674.52859665637,142190.099606107,128220.88012821296,107444.11706522685,114292.37340844338
2025-03-18,128262.53409182609,151243.46398595514,151862.54030384525,141935.1004795875,155675.40108079213,146134.80522659412,151901.186160827,127046.76851735024,179062.96239002014,153590.35152639574,114980.29482684171,166343.6182089424,144810.4855486945,144290.68505360562,145108.9630186258,145006.18408282674,120222.77542188455,90147.73987731634,151727.26553841544,142229.8609963133,128262.53409182609,107469.7553434774,114304.35385725203
2025-03-19,128597.76167949548,152983.5168652019,153654.39662567296,143020.28113264384,157099.3432419618,146908.0442004629,153659.97173560958,127275.63294750435,180373.44088193847,154939.24219068346,115182.24654842193,168195.74370670423,146668.66737443433,146063.9183666228,146908.2232845328,147008.64599480512,120252.82284733176,91067.56719609167,153425.43327884274,143071.57126667668,128597.76167949548,108283.53383614548,114511.01184080169
2025-03-20,128873.06829017935,154963.29407585697,155871.54335388186,144224.50806252263,159477.91324902183,148049.2025379811,155792.0563436411,127478.41109108769,185712.86087255497,157270.84890944953,115344.81291594672,170814.28131438865,148751.07988223666,148077.8878326341,149011.79879907906,149138.56044755582,120282.87778256887,91798.2648986052,155589.0770323747,144287.19270127642,128873.06829017935,109191.48365677582,114689.31479115547
2025-03-21,129508.43827658366,155698.5644516532,156668.24781242947,144729.56983074587,160217.65627414608,148438.70768700918,156587.58179262892,127518.44867844551,187087.65342057266,157861.94115605098,115373.64118625283,171662.88856917768,149529.94803888098,148808.55807236707,149780.48620110317,149976.10357469012,120312.94022947275,92018.71112659828,156343.86835841517,144690.95507338835,129508.43827658366,109770.57685020592,114725.13800702945
2025-03-24,130936.98342696138,157528.75280409283,158577.22753252788,145745.74332894693,161875.22256757694,149291.46853029745,158464.80813933862,127737.82832234775,187944.90574609998,159486.98685698776,115402.47666164389,173726.98608970564,151292.45864001525,150576.36341563633,151468.54627166872,151807.32851646715,120343.01018992068,92275.03941822589,158140.6995860568,145652.2317355089,130936.98342696138,110800.16869590603,114917.97601398369
2025-03-25,130676.3821087136,157694.42474416207,158754.58818583746,145843.08273635362,162215.21769299373,149456.91854324544,158648.69432096466,127782.14954815949,189562.23301348684,160119.47775970676,115431.31934392061,174073.88242288414,151516.9956923581,150877.3371547413,151710.11349217035,151937.6196188,120373.0876657907,92537.9354107365,158417.60879469637,145835.06965747787,130676.3821087136,110644.7698293969,114957.5499553522
2025-03-26,130113.2749632962,156645.1006463407,157636.34866023707,145287.76315944846,161067.54097310084,148904.94051126498,157514.4672019871,127630.91945203365,189428.3198514687,158912.99611571344,115460.16923488425,172811.04942471135,150431.12713149135,149725.3926971647,150732.24655010403,150810.7157581523,120403.17265896112,91998.12722396723,157279.3556820962,145248.37825458893,130113.2749632962,109923.07486928061,114825.91822209538
2025-03-27,130486.98947160631,157067.72512720103,158255.30301065114,145663.66446625686,161542.6386141228,149193.47649309845,158148.43369326257,127724.92962063284,189358.04652369127,159414.7590114136,115489.02633633642,173481.21742251958,151093.6811394056,150444.46344285063,151355.8851857598,151454.97538378302,120433.26517131072,91864.87282491106,157893.50236473713,145565.81353068008,130486.98947160631,109950.54807795907,114908.99539211215
2025-04-01,130501.130355325,156901.0525366229,156093.66074804115,144099.51879894623,159122.50704142897,147583.42569244144,155790.3159151887,127705.04891655958,185999.51098245868,156770.81941797753,115517.89065007931,171018.9138875959,148977.16082919753,148350.64776805736,149215.36493226903,149340.03254774038,120463.36520471876,91805.70515834127,155497.08224659145,144052.74486649563,130519.60224463728,109978.02815305023,114891.10952018775
2025-04-02,130733.02667333033,157844.77852835244,157047.99179122644,144766.94070606152,160181.13335054944,148323.07676536363,156769.05406406493,128192.80409336404,188888.908141221,157877.52979181596,115512.95393694587,173051.1365461087,149735.09293694256,149168.84555004793,149986.98564747238,150023.44658708872,120493.47276106494,91973.9892870346,156483.9628772243,144730.36341126752,130514.02442607649,109886.04551802095,115329.92328607022
2025-04-03,130731.55758853532,156935.7645208645,156134.691479162,144009.7197646585,159014.96913674547,147608.36814704406,155625.80773794447,128154.11318843151,188346.50792244496,156917.0157066498,115484.51142171792,172545.57197081932,148671.38773336555,148297.7944325775,148898.24181724785,148791.05884558658,120523.58784222958,91621.9205521247,155362.1883552902,144044.43062336717,130481.88822835422,109883.98496200291,115295.11463101895
2025-04-04,130898.4083765105,155200.22741341603,154452.80166915205,142644.06917818065,157779.66414274837,146832.7079571782,153868.95186225226,127725.6567312789,189186.14088460585,156359.68151057378,115107.4749532796,171940.7477852193,146558.08027074538,146351.0180751447,146814.29369232734,146481.14147705352,120553.71045009333,91266.78866314812,153702.41951546262,143038.26180803095,130055.88798185253,109052.50019711495,114893.18007123524
2025-04-07,130147.06616487284,151589.57946878255,150871.28413696785,140004.3236273165,154785.55548355827,144800.584730438,150201.06647920553,125798.70231478591,183101.97916739082,153629.7908717722,114760.22911006966,166456.76126299237,142861.95495902526,142736.31365233558,143173.12295111496,142648.78947110617,120583.84058653732,90723.26506500464,150176.09720865407,140787.80647569732,129663.54711515378,109079.75582199973,113549.26691747391
2025-04-08,130434.28174163846,153837.79865978585,153113.498911617,141663.82407046144,156844.48984318448,146204.4141672094,152435.8381756789,126909.62977797458,185483.45759522694,155472.94661805313,114725.64583005648,168813.17236012532,145161.4378409951,145035.13047012564,145457.02784031717,144964.0759083407,120613.97825344322,91394.64149697205,152459.5564537412,142270.19193364368,129624.47268325208,109107.01825891624,114175.25415265057
2025-04-09,130429.92612121307,153122.3252936299,152386.66081673346,141029.72795715436,157087.0705314084,146393.01475776042,151779.0979078347,126051.8689743431,185103.68638710407,156123.71612167498,114285.6602922321,168653.17206879143,144353.41408170084,144241.42777195032,144513.62096285893,144277.26659218784,120644.12345269314,91151.65178591979,152020.4835096949,142034.87030473448,129127.34849697186,109134.28750956697,114203.79011370314
2025-04-11,130698.64508194217,155055.42348721912,154284.08946727356,142376.44289249263,158922.9196242268,147689.97151123112,153677.71557797393,127125.26410905189,188963.4638704702,157887.00058151374,114638.43388327934,171943.38801158703,146160.10992569802,145937.57642426522,146300.29567739138,146214.9287642358,120674.2761861695,92029.01316171304,153909.5720856114,143310.21005212056,129525.93497155848,109161.56357565487,114232.33320678338
2025-04-15,130649.13849057953,157308.58808661555,156523.98802465977,144041.76245710938,160732.77522570686,148948.44530984736,155993.69131358172,128831.66987331469,194073.12257599403,159744.35652378568,115516.55229910536,176100.42543526535,148553.9007626222,148041.70528813277,148652.75027232768,148941.21665044798,120704.43645575555,93111.00827459086,156143.10802265326,144739.17039540265,130518.09008893749,109188.84645888343,114260.88343367387
2025-04-16,130956.5237008759,157880.8283295321,157102.51119174302,144440.5246230517,161451.17977917843,149464.31804609153,156614.44002074914,129161.46001156623,195890.60280922367,160507.33767080243,115677.74939779895,177474.33767771735,149084.05810168065,148648.25465320074,149219.92585876552,149357.3214248897,120734.60426333464,92961.22054524177,156766.79951188213,145197.66396007364,130700.22102195641,109216.13616095633,114225.45538462083
2025-04-17,131711.9300294345,160481.39421995264,159670.82460774237,146251.45955437698,163875.2521580908,151148.15886262376,159217.07841500864,130721.0714184106,201350.79613465833,162609.49586556287,116337.78072450911,183083.68844768088,151613.6959969951,151101.88075120046,151734.12856284133,151978.4262407559,120764.77961079087,93267.54745745353,159239.1573521941,146906.95057484845,131445.9672067804,109150.53876912355,115548.77260143426
2025-04-21,131531.5233589678,161424.8513975822,160589.6140181746,146950.0126894263,164350.43175065515,151464.42367538618,160073.83044265324,131301.7437278263,201900.27299005503,162802.08276365584,116517.04415578696,183575.4768845262,152567.67258001238,151795.13940256758,152705.21748994573,153177.55957359547,120794.96250000862,93333.51500398171,159968.575028894,147396.36537182785,131648.51065365018,109282.63097321986,115934.50861547023
2025-04-22,132282.60209949108,161969.7497799796,161146.05135220484,147277.57865184068,165349.56449807773,152167.64109115885,160691.94996371688,131388.33982332126,201781.34694265592,164411.28964292712,116529.55329608485,182677.8284709532,152797.2199970082,151944.11341868126,152990.995858981,153431.908386828,120825.15293287284,93236.65065155075,160745.66675094533,147908.30733622337,131662.64429136564,109868.87501577493,116035.51994150077
2025-04-23,132225.43344345063,162845.53483339027,162015.73417524554,148030.63733152693,166402.8167593337,152825.9428915621,161715.24507525988,131460.63444784534,201994.26274653236,165014.26729533085,116685.93338224918,184038.6151643176,154153.72612292174,153333.7562771985,154374.37952371745,154727.8915553791,120855.35091126886,93493.34031320609,161802.15668567104,148563.1987715423,131839.33265132696,109887.93534094498,116045.61181263794
2025-04-24,131243.1851839751,161597.5659737871,160754.1041254051,147153.32928792347,164611.34203926803,151631.10138275524,160391.2044614846,130491.15603695162,199473.32546233834,162966.42866575392,116698.26648816084,181698.41174757207,152738.391990253,151576.3084893357,153008.20029959784,153608.06207257602,120885.55643708265,93389.46570733852,160202.84801852406,147545.41623585153,131853.26739398,109070.55873361294,115077.62846338532
2025-04-25,130803.50949711312,161140.387364864,160294.6898682962,146848.73507638153,164493.6349729344,151521.47427518637,160052.92603959012,129931.70274205339,197882.74344354527,162986.07724436297,116612.03691891055,180431.3146150561,152433.25641361997,151293.49443910332,152681.74958833744,153301.8445290992,120915.76951220047,93089.66427241809,159902.29181938057,147329.35470895044,131755.83963610686,108583.50865898891,115106.38995595418
2025-04-28,131365.2988375231,162866.74509983373,161928.8677768698,147994.54985521603,165792.38311952964,152430.71491356698,161642.4037085628,130713.49883051391,198951.20605131233,163762.44029596404,116745.40092172401,182927.73771233766,153881.08787341067,152571.32745696596,154224.14853460592,154825.9002926093,120945.99013850914,93493.34644655089,161280.23165548505,148306.3467214875,131906.52293289325,108610.64706824439,115135.15863691801
2025-04-29,131150.45487720682,163213.78197044355,162230.3837927276,148229.0038586899,166225.9571912849,152715.94144916255,161983.49160616007,130507.67292136674,198643.4422016801,163890.18783626385,116768.95469182018,183574.25693865414,154200.95121542746,152853.69956538593,154621.7384132971,155105.66595225045,120976.21831789591,93370.26317689053,161578.09118564878,148532.59068820885,131933.1355094129,108637.79226023577,115163.93450807357
2025-04-30,131183.3685463943,163374.97704803318,162365.65793651756,148347.92946706986,166718.7081466891,153083.74958809844,162222.69094466444,130642.61760601908,201156.20021213463,164537.96005920973,116947.88074473101,185441.47714425938,154402.46436132016,153117.95347355973,154848.97629378544,155218.23545102932,121006.45405224859,93218.07145311219,161923.75501702295,148753.33310400666,132135.29776433032,108664.94423665822,115192.71757121779
2025-05-02,131470.22127986318,163577.46374227834,162510.1109297417,148453.83033632216,166799.41297087868,153202.60471374338,162360.42134870437,130653.34265467085,200357.36374701804,164351.069157641,116812.49349004113,185539.6048330606,154437.57192041617,153039.21368829205,154905.3524883498,155346.66554019757,121036.69734345537,93309.90887958415,161945.56440101485,148784.99838319083,131982.32846640015,108692.10299920733,115221.50782814821
2025-05-05,131916.75940469748,164386.3374849693,163335.15278483345,149018.61581880145,167931.95011627054,153959.02447975546,163286.98018229834,131090.3145101437,201722.4552423743,165779.5115990818,116690.33482674183,186545.74422215318,155167.63419368264,153850.5563525911,155671.53543873449,155958.61263687897,121066.94819340494,93728.35134430301,162966.80645836896,149520.04294979174,131844.30568867424,108719.26854957922,115250.30528066284
2025-05-06,131765.49212984717,164403.3982406675,163384.3229145506,149069.93117588587,168176.4922757006,154062.7039696831,163388.78544374293,131178.59556018564,203238.1724105464,166223.82482902144,116617.16509517579,186956.89030193439,155217.86476742738,154005.06265546576,155780.2219048926,155845.36297224526,121097.20660398646,93623.87975894973,163202.87730543016,149715.1856296295,131761.63378212712,108746.44088947038,115279.10993056
2025-05-07,131618.54774000714,164040.4339848656,162991.51050368728,148823.34478750624,167696.5619039144,153733.90845649145,162996.52527705472,131146.06814691742,203588.4772606079,165883.90987018388,116672.42894976836,186863.8031982561,154867.3874661327,153657.7017911098,155405.28394200458,155516.29435267043,121127.4725770896,93374.28433546839,162801.67353680465,149432.60374899174,131824.07446797533,108773.62002057773,115307.92177963861
2025-05-08,131380.548897239,163536.16235130053,162492.22805797565,148478.16667214507,167113.53597581876,153364.11612654282,162505.44497320263,130699.29835565768,202043.04343146618,165255.83898807238,116596.13818766414,185843.3896338817,154358.61031849927,153100.27803498547,154931.84631371152,155021.22862021867,121157.74611460445,93257.27925528886,162257.69232136523,149053.4253958864,131737.87621877991,108800.8059445986,115336.74082969787
2025-05-09,130075.00325578303,162240.0999727013,161396.16533826996,147726.53142759358,165343.08422941703,152229.49905583353,161028.11751037763,129722.03537496025,198063.01286253,162951.3161320615,116754.97636651089,182255.0711717152,153362.58138112887,152130.4014335272,153987.2367244854,153947.61583450995,121188.02721842157,92916.5773729478,160788.7646738118,147958.96651535947,131917.3418912197,108827.9986632307,115365.5670825376
2025-05-12,132032.8556118063,167619.67454598594,167400.35940806873,151678.14308463733,171119.89172604572,156142.9994934063,166759.10627082037,131812.78121313365,203396.17929989146,168549.37771816805,117272.79974070135,187969.17903348574,158786.77829287425,157469.30357962032,159505.34534176407,159362.63353569253,121218.31589043204,94409.57378566165,166493.58348827536,151861.59632632733,132502.4123114981,108855.19817817226,115394.40053995803
2025-05-13,131439.92226672603,165169.31956807605,164680.03274909063,149882.0225362288,168219.35501357174,154256.3170175759,164049.08891040605,130769.89016065135,199502.29954754934,165604.3939504675,116549.14018422274,184777.5025317714,156325.391691419,155042.7108402244,156989.8594138146,156920.84133410826,121248.61213252743,93686.28736398896,163751.9169409561,149965.11880072372,131684.77482746347,108882.40449112192,115423.24120375977
2025-05-14,131881.07348414834,165538.28135096046,165131.36333615117,150185.65502239708,168640.73096947797,154541.67809452367,164453.43428774265,130738.33903779238,199467.7803724573,165732.12859755944,116530.17567566564,184992.31983252088,156699.76089946952,155362.7519223197,157417.19708601944,157296.8263349007,121278.91594659968,93721.65007985302,164111.3072902078,150234.9571470833,131663.3474961669,108796.03307754581,115452.08907574392
2025-05-15,132776.53587200734,167350.7888887656,167057.97498604475,151479.28262113754,170525.92416554605,155846.50907264507,166329.3845244948,131739.5288456608,202398.38998329174,167335.29271538768,116834.88300328943,188017.04912159636,158441.94968255766,157153.9675939894,159205.36783094474,158943.301998126,121309.22733454128,94319.65276965233,165919.71668855392,151482.16558721865,132007.6255900507,109665.51653960253,115480.94415771202
2025-05-16,132567.86873855966,166994.04407061328,166607.627106216,151174.64874472836,170192.34074255347,155665.92217925293,165963.2647001602,131623.11661236628,200502.38512280537,167473.6096419014,116705.64207503913,186746.29552528274,158095.10462401854,156750.89539292178,158799.61191508337,158712.0798330335,121339.54629824519,94201.17475086774,165625.77175849266,151287.04276880357,131861.6008102176,109550.68614274803,115399.46854934152
2025-05-19,132005.89122777263,166459.24728988146,165973.13593550245,150783.05326665202,169596.4921491131,155279.95901895786,165361.58912485093,131670.5572649821,200658.48795786616,167013.78485320538,116706.50158047047,186411.55981439142,157531.10226832493,156238.6714160018,158187.3000105817,158144.4041297564,121369.87283960482,93988.15435021486,165059.13864603286,150893.88030198592,131862.57193517842,109172.45994753788,115301.93849969588
2025-05-20,131626.14634815638,165260.1217974244,164705.59181849755,149944.2541476934,168295.56899001345,154404.50567562322,164150.01832829652,130870.70397248022,198911.01120212502,165616.9318579875,116679.93946219672,184764.12951385617,156304.81315042815,154883.12361627663,157004.7472143173,157004.71968839056,121400.20696051406,93683.89817924236,163759.44740430283,150004.60108495082,131832.56033184705,108444.7941048956,114465.15749077611
2025-05-21,131959.8935924486,165911.39597766587,165438.3868154303,150440.71571455564,169018.8992045108,154882.33988183428,164837.08217733965,131267.46689220975,200195.6230276707,166388.80289414342,116733.92570904453,185723.0216283919,156980.0917265076,155567.76394106942,157708.93095532036,157641.515876784,121430.54866286722,93924.65330044685,164504.20223976832,150526.37216822515,131893.55749363388,108784.95374836575,114493.76590772491
2025-05-22,131341.23509878982,164698.8103216363,164079.45642678632,149567.01902444448,167586.9208602472,153913.40817286435,163518.13886396246,130710.48653285757,200064.56498860242,164852.0072230208,116536.92873933475,185173.5148586008,155792.49461170688,154382.80911058965,156397.73313198384,156575.17543821427,121460.89794855921,93238.41831881064,163117.22503201963,149577.99905222782,131670.97754532262,108038.83805898638,114522.38147481038
2025-05-23,131979.15503989463,166207.55289143627,165729.0146740581,150662.6382923602,169325.3146655004,155119.88935192087,165140.0812497271,131720.66600361207,200935.28546448395,166689.53027900378,116761.83860926853,186248.07220709097,157267.79704603643,155870.25826304604,157907.66934800908,158003.30108025443,121491.25481948537,93736.07035146699,164786.43006965745,150726.59908595405,131925.09529798807,108065.84033805197,114491.92054764595
2025-05-26,132493.58481948197,167508.4854743056,167159.3455298443,151623.5662558488,170832.4064485845,156144.2827897056,166523.89681982872,132642.40981785045,202334.57342978058,168225.48428733402,117290.72545178434,187405.58825406092,158587.77209273895,157181.2242331537,159269.77013560556,159289.9311119803,121521.61927754145,93953.5736014554,166244.0771093626,151739.43369490604,132522.6659420599,108092.84936583026,114724.93317770866
2025-05-27,131986.87104355768,166378.0207821917,165948.34205817553,150834.6809616351,169443.8144119871,155213.5436044527,165247.38064271066,131816.4435066148,201196.48856937262,166641.0880366933,116999.5612825187,186239.63402938336,157468.04948437828,156096.93263402858,158111.88081670174,158172.9528524678,121551.99132462368,93389.7644807694,164958.69552749136,150867.81367170953,132193.6897865347,108119.86514400791,113819.58272719695
2025-05-28,131733.0737750107,166170.11988007207,165760.66259275127,150723.30252677822,169079.06558482858,154964.3508454913,165000.51172122417,131762.30586610342,201743.02768745678,166066.67162593364,117040.54327439857,186518.46538358764,157283.9873791275,155913.75924900614,157949.89939195922,157965.93735564617,121582.37096262888,93311.59166293532,164651.73777086154,150648.7964174664,132239.99389795202,108146.88767427207,113848.02979485474
2025-05-29,131919.57680273603,166497.65233602514,166115.55160439655,150970.62525714986,169389.84166098596,155177.92391965332,165314.09963758098,131995.09579648369,202295.0136150614,166274.0773663936,117141.51566401627,187032.80372532344,157543.61188571207,156107.1193906683,158288.0148682203,158213.67756639794,121612.75819345412,93428.03843835676,164968.4133729201,150887.2943677366,132354.07905009968,108173.9169583103,113784.44353362915
2025-05-30,131645.10346315743,166623.15536639647,166211.31690189303,151054.84431350924,169271.52560804033,155161.4089690898,165297.53283090892,132051.02267158136,202104.69646024104,165899.68238466198,117017.00423572767,186989.88250381392,157559.4616318687,156181.91940187442,158333.5275970579,158140.49554784596,121643.1530189972,93408.72866120638,164902.01708735502,150834.81501290484,132213.3979659517,108111.74640396853,113858.53217584727
2025-06-02,131662.50866181296,166576.73796476063,166145.51790723286,151027.7141885385,169290.52961474058,155174.96324755563,165275.0553251233,132073.1281225336,201754.24538944697,166063.26118892123,117024.5231438182,186927.56915015337,157541.94993985278,156184.06703565686,158281.77468471607,158137.45958527608,121673.55544115619,93450.16872660384,164907.50924544636,150858.93955557977,132221.89331578685,108188.02942358039,113934.82051362505
2025-06-03,131253.52148006973,165660.64938705057,165146.14345593608,150372.077596733,168180.85447309207,154461.1207662358,164239.1095137797,131362.7224055309,200524.8759600592,164905.50874912084,116849.60921048123,185934.4636528426,156562.08959135122,155237.79209662264,157354.74679193168,157071.11515486432,121703.96546182984,93217.34353016216,163876.52123888684,150147.99577452033,132024.2642136823,107859.55776013907,113601.95848008525
2025-06-04,131360.41667004078,166260.98727765406,165712.7458725374,150778.89312807398,168908.54412887085,154947.62063405817,164858.15909314642,131653.04809541962,202317.19867742067,165507.8333548876,117230.36171923598,186605.68837297874,157090.91842740873,155688.58795656773,157877.60186139162,157684.37410013453,121734.3830829172,93255.42473221781,164513.94398543576,150641.2408574897,132454.46308345612,108033.27467947485,113790.50115114744
2025-06-05,131500.47032726265,167050.85501816298,166491.83770510642,151305.77491363417,169727.1878461856,155532.51191922385,165687.29861577076,132107.95406547067,203542.39479710543,166189.54037061604,117712.70963717745,187900.63714324552,157822.74694148792,156445.01547030488,158601.36853039986,158399.36064718355,121764.80830631778,93581.81061074497,165300.44068739947,151197.5480683481,132999.451033279,108009.27555644515,113764.84909193424
2025-06-06,131778.76714779725,167768.30057116237,167266.56227192126,151828.40622047614,170498.24942016776,156059.13334370346,166458.21469012147,132709.6081726892,204418.38192399894,167191.45870651753,117930.12456637097,188778.0258006325,158515.9498296037,157173.4724904019,159270.85147217882,159080.67086525456,121795.2411339317,93709.44535942834,166092.8286456996,151738.70519659074,133245.10051597553,108359.92276547219,114139.26083395121
2025-06-09,131989.16469871262,168035.41557745717,167631.01293108714,152071.8126975922,170797.70512771056,156279.67815933254,166721.92976148907,132943.71434146643,203428.35263773668,167422.0879547346,118050.64613331022,188760.26135847054,158862.5967575815,157466.08071247023,159590.85077749693,159508.31591961384,121825.68156765951,93731.30338501737,166381.525068742,151939.72488690435,133381.27359609574,108425.0564938513,114215.2268845291
2025-06-10,132012.0598712488,168048.4170655319,167755.93772452523,152149.083633275,170956.20614864465,156371.20574823598,166827.9820726638,133101.05228193357,202237.80579953906,167659.60730409287,118151.63881973267,187982.77812225145,159010.90871108143,157632.82495285512,159728.41900290299,159648.7931834685,121856.12960940215,93957.78090562588,166519.65620453525,152046.0925054182,133495.3816808893,108260.11271139428,114040.1538589349
2025-06-11,132107.39993147083,168343.70703911662,168109.380777857,152382.70277005484,171183.69448235587,156535.52936883594,167095.17041386227,133256.00679813063,202055.62544071203,167276.06228212727,118210.54859288105,188107.9566396456,159296.0475371596,157881.01641331552,160097.81015875787,159886.76361427485,121886.58526106118,93936.55033065831,166720.3186858528,152211.97343807787,133561.9417618982,108367.96342448863,114151.65296961144
2025-06-12,131247.53421248402,166793.34693285002,166334.97056157677,151219.012087302,169445.10323805604,155382.0854730424,165405.01549504563,131934.16087384764,200886.00572044682,165623.83695590222,117954.00144909802,186355.70032662444,157665.79568659034,156302.80258404935,158456.70532459562,158215.30700237388,121917.04852453849,93429.41958560862,164995.11500310779,151047.14486810932,133272.0781660939,107369.11183129773,113103.23805096908
2025-06-13,130690.22289758651,165573.1646715663,165103.68369679747,150395.08709231776,168124.70018682542,154480.77231973238,164165.20286601744,131091.98851677318,199489.84010249382,164382.82311273905,117804.22876676026,184604.99244233134,156561.70309221494,155181.2387377161,157380.99173257823,157100.62398107385,121947.51940173654,93136.03475601849,163773.421416945,150209.07794352437,133102.85527935467,106591.58004530294,112283.86111268496
2025-06-16,131071.03934331554,166829.68235663505,166527.40588466125,151341.37554915107,169543.4773223262,155438.90392234462,165565.49564633347,132117.87888963427,201345.1289398561,165752.20174522395,118359.56846421918,185982.9753560954,157872.12034212216,156461.4077621608,158712.77951940557,158419.84870890836,121977.99789455823,93599.8386478197,165165.4978090948,151154.29436569486,133730.31407396297,106852.50010329911,112555.37322002865
2025-06-17,131222.25599210063,166769.07298358224,166516.7401179963,151337.00924024332,169508.24045590163,155402.92078677632,165526.89494499544,132153.32343337574,200756.68875200674,165717.24238343327,118223.9654696969,185529.3665626159,157865.647937615,156432.63653342074,158710.324086106,158431.8065864868,122008.48400490696,93451.27193262168,165140.94620198908,151154.44664836608,133577.1010191831,106990.42184316847,112684.9854728077
2025-06-18,131186.1947057188,166188.15529136156,165788.909029069,150885.35720394616,168737.50275670335,154915.96945434663,164771.95186185968,131592.1133703219,200969.24489168767,164638.5766346263,118226.43688138042,185156.3798580346,157150.87327498713,155726.79116382476,158017.7690403592,157685.94997748217,122038.97773468657,93292.18706569333,164361.50185395416,150640.46303691468,133579.8933803325,107017.16209028574,112521.92763623383
2025-06-19,131035.87922270448,166011.3672711902,165569.33103522638,150751.98137893356,168504.02494537176,154792.62626395095,164570.7898433028,131407.78785308334,201427.20548395286,164397.8913104745,118170.4195340382,185221.73468819435,156929.2665084006,155460.92316390728,157816.6535975815,157488.4408671163,122069.47908580139,93144.05762007205,164164.68388613127,150500.43179005728,133516.60134952446,107043.90902062567,112498.27170086233
2025-06-20,131126.6224019282,167901.77438073937,167510.3954872335,152081.90971808851,170487.64094301988,156154.04999299825,166473.38691093284,132654.19126191197,205450.76199671102,165865.94349580145,118833.0531394067,188220.52757698062,158640.0124141254,157180.9117436125,159622.60778479764,159094.2727686186,122099.98806015623,93662.06449224452,166011.87380722942,151791.46189288073,134265.28775749053,107028.28262377775,113121.85526261061
2025-06-23,130717.09585801112,166505.74151986622,165867.33178229549,151024.43180145434,169038.42574189164,155176.232357002,164971.7270587871,131446.06382824932,204613.70199697747,164672.04648884136,118564.22356978896,186726.64008855028,157155.98545375658,155797.64587620183,158095.20669243048,157552.5042047923,122130.50465965638,93403.2768759183,164524.1488350262,150815.15620298698,133961.54668066988,106710.06433050048,112788.60803174115
2025-06-24,130627.87638242681,166645.6383146687,166039.2379476243,151146.5770502546,169098.4665333125,155237.50613259338,165090.5934146505,131715.92713925563,205059.11550340627,164758.41949979917,118603.10456332001,187129.21018846205,157267.1740517254,155851.7771798158,158229.5854053959,157697.9060354857,122161.02888620764,93384.33778095967,164628.9666711685,150860.99844768574,134005.47694793838,106744.85032677733,112821.69609371171
2025-06-25,131238.12605289856,168062.8034422915,167596.7181272141,152197.1364661297,170707.53472801656,156302.55241890726,166608.07438054538,132454.585612428,207144.23890322816,166129.12928833283,119048.11122883279,188559.1360432314,158685.39863103267,157301.45695758943,159677.52515319642,159054.44878180904,122191.56074171615,93796.03692128697,166147.45754859265,151938.1766769354,134508.2743298165,107113.19914862889,113242.44087374475
2025-06-26,131810.0126718191,169516.47923883112,169075.65550852258,153205.44859868215,172248.13856369458,157378.6721217033,168122.12133682924,132948.51568016343,211058.0560677967,167484.8311917818,119090.98776371985,190892.1185306527,160007.906047444,158813.7426803404,160999.07399660832,160186.6005957449,122222.10022808878,93894.46740648738,167634.31941319033,152958.16509640164,134556.7190187525,107715.98244841809,113932.66353498332
2025-06-27,132193.6400367533,170500.82000767876,170051.38376330066,153875.2766976502,173242.2696068932,158069.53541733953,169116.0799694559,133300.6138250521,212918.04971103757,168381.68316749702,119231.19564221709,192714.88045111255,160904.12869763531,159719.03797201443,161886.36957712806,161082.44517503548,122252.64734723253,94050.32382293393,168598.36056521384,153639.27780778188,134715.13496999643,107903.76004341626,114149.2765928132
2025-06-30,131865.49139478733,170009.8377428619,169583.50167885056,153575.04753164228,172633.0994728369,157647.2705119718,168527.2952738229,133318.56228174243,211055.65043092013,167753.41133328548,119308.46306622255,191943.80924411924,160575.40214010127,159185.4044114991,161488.25326235362,161029.50220456964,122283.20210105518,93904.75378788088,168006.8552486664,153227.66660148336,134802.43671512793,107482.67046972112,113680.76406455012
2025-07-01,132125.16839394037,170266.48087848703,169749.28738652245,153707.6411339587,172764.86283257286,157732.91326310838,168667.53858140807,133366.46132638463,211594.9290683556,167522.15756362097,119322.18110952408,192741.1605169962,160642.91662787157,159307.4559882367,161584.93302225138,161012.91555587802,122313.7644914649,93730.00843787429,168134.779258505,153366.341525549,134817.93624983387,107603.52680975136,114023.875719266
2025-07-02,131834.5317337634,169628.06489449044,169003.27590620393,153242.5057065996,172243.29608603482,157342.5568637609,168011.8928093216,133031.39781755456,211664.23936714063,166973.2750612964,119374.0377851959,191753.57533458134,160011.1634891926,158757.64779528795,160959.1060545815,160292.86206251633,122344.3345203703,93597.77103390566,167511.20269463118,153014.57331303108,134876.5272840393,107186.77404763222,113667.27190869921
2025-07-03,131661.0491421093,169403.2407081689,168731.3609499858,153068.41696167432,172070.05076748275,157226.29969699495,167768.62866529892,132968.18256169345,210788.46516752025,166800.72648527872,119427.44890371515,191386.50702772778,159729.10130357952,158521.68388194576,160717.01060952034,159924.45489680057,122374.91218968041,93502.56368034147,167292.64948414455,152888.9902324415,134936.87462855314,107050.8662407633,113532.61765263382
2025-07-04,131984.89570629428,170230.7960664417,169628.8650186624,153670.89058687366,172970.64070611654,157880.0831792887,168668.27630980423,133276.1488221265,211130.6020715947,167609.78447088826,119464.05355940106,192278.29214771368,160510.82645803006,159260.425869006,161548.31787546296,160699.68261815378,122405.49750130482,93641.38119782104,168184.14749449858,153537.591895723,134978.23294174206,107311.46932658105,113823.43050758712
2025-07-07,132071.7557676551,170736.3173376571,170059.38205082895,153989.94889524023,173804.3020067945,158519.680194522,169272.57022511424,133066.8525452763,211931.0274767901,168786.19051929825,119367.0822108256,192819.8981437798,160922.9430063627,159748.96028086584,161942.56300183872,161052.66956124228,122436.0904571537,93550.99739139386,168893.2100461362,154103.76915502307,134868.66842516395,107548.69125052005,113859.69205631863
2025-07-08,132323.86641495654,171065.6639158624,170443.286594491,154250.35231375336,174039.4532915161,158701.6922482586,169590.8186468296,133366.32725411467,212210.93806945893,168932.30484451546,119434.07682269771,193261.47191967163,161200.46990581168,160000.833373188,162222.43659495184,161353.61941499432,122466.69105913739,93721.90230928663,169181.6783046507,154283.7679672331,134944.36328112843,107575.57102659374,114061.07486283101
2025-07-09,132167.34367915374,170779.72739858512,170097.26421694033,154043.6283460665,173930.80524000726,158657.5254892991,169353.13687461967,133223.91381991087,211587.98013170008,169381.27529999724,119354.78454804611,192557.8174766511,160911.2751439186,159757.87546053567,161944.59632508634,161006.5725575871,122497.29930916704,93700.0808536253,169047.43108963463,154224.51712449134,134854.77372845952,107602.45752076278,113889.69850512354
2025-07-10,131452.87717137544,169773.66594241286,169043.90648930843,153320.89902610754,172802.6050366489,157846.86555112532,168280.5608640653,133048.15864230963,207883.85147725217,168458.98159608367,119371.13126471882,191151.27971301944,159844.42193447257,158611.16300878598,160947.6826936383,159950.34080587808,122527.91520915409,93457.03117660792,167969.15279214858,153451.76184607076,134873.24330876538,107629.35073470623,113394.39692257172
2025-07-11,131212.0584874644,169014.82998643725,168048.29122400953,152701.8376223702,172253.85358843178,157573.3744435337,167521.07191859136,132798.53805767396,204633.04686371298,168660.4763125756,119270.74689187121,189648.50296375272,159031.15583544673,157742.68285112624,160228.092896072,159099.08298293492,122558.53876101051,93358.11279380573,167403.17088588016,153182.33000182308,134759.82253608754,107568.27716892352,112746.17948887142
2025-07-14,130865.36876227766,168468.94734184296,167338.97386553892,152264.09251627864,171757.60127764413,157261.2125310487,166935.1778183729,132474.0203051211,204580.52645046983,168417.19942965644,118993.5963324481,189003.36641171947,158389.05539363003,157016.90065238223,159586.32265972407,158541.02305509822,122589.16996664873,93059.03250993126,166829.1251833914,152813.45471690036,134446.67986550884,107535.96201531253,112661.8809310209
2025-07-15,131051.96109463864,169331.68082369375,168268.71125556287,152900.75055880178,172742.0502835783,157965.20501515988,167890.0266526023,132727.40326054863,205912.2295681877,169479.33480994235,119297.77038760635,189913.59008153947,159226.1860097184,157898.8687060239,160413.86416045527,159342.44475383862,122619.80882798167,93106.85595441377,167781.57958514904,153493.9223417031,134790.3554335873,107745.27436653238,112851.77839952985
2025-07-16,131226.12841004747,169870.58492813198,168845.7936393998,153306.57698179458,173161.84302661283,158246.28285323607,168391.231829301,133187.4669038781,205972.61953755986,169641.40207116422,119524.63249031409,190464.7737099775,159731.3386866086,158435.9852838663,160862.96391690825,159871.40845749338,122650.45534692267,93176.74903067935,168251.20474403776,153850.31165333625,135046.67894541015,107772.20327486494,113072.69094239177
2025-07-17,131151.1928317646,169031.66073157082,167890.1965879881,152689.77829839895,172282.70391806564,157636.97494211476,167487.44771711726,132841.9590313601,205128.82381815393,168935.63305189204,119282.43954357572,189451.32993314104,158842.55264774233,157591.37161053342,160014.7690713815,158897.71151842712,122681.10952538573,92785.35550592933,167360.27408341508,153247.13807012507,134773.03365205467,107799.13891357252,112977.21302364799
2025-07-18,130953.99341681562,168411.09844560875,167221.65049298963,152244.68557480682,171568.44949561797,157120.13184975574,166785.80076763395,132659.60021075138,203736.8355986767,167810.85013579464,119229.50757013961,188673.71226298154,158275.01266188247,156993.0244294034,159410.72065222092,158397.83033217528,122711.77136528512,92714.13672213734,166603.87435587138,152737.12439349975,134713.22767672024,107826.08128433726,112686.47517096963
2025-07-21,130780.27602624724,168458.6654895069,167349.4929965422,152341.09156322113,171535.9854713727,157222.20149630762,166892.81113604584,132591.73596295028,206345.0833469748,168270.6044181009,118958.18184973215,188879.46471266114,158356.43206644582,157120.02644951973,159555.88391478104,158369.55924316356,122742.44086853576,92711.20588814425,166716.14681088686,152721.7719780826,134406.66628690407,107853.03038884173,112860.9460439757
2025-07-22,130605.0899336534,167900.05887027798,166729.18703447032,151941.5242870119,171095.42188138686,156946.84583050376,166376.5059825088,132422.9167614068,206559.62214653805,168297.59991852051,118863.45412324168,188116.64425331168,157802.8579426075,156509.62438611966,159040.5184261139,157835.0706915027,122773.11803705286,92598.0416888032,166255.71497034474,152414.05421610991,134299.6367600187,107879.98622876886,112792.80180042297
2025-07-23,130619.55835768575,168694.79001173322,167576.19515922532,152524.0853896498,171766.50254453789,157438.85784441352,167159.8096350865,132455.93488453323,209661.41243005442,168645.69842794168,119083.28866214526,189606.1247805744,158567.08462624208,157285.51847526754,159897.2497208493,158494.83515327994,122803.80287275226,92797.16630897552,166954.9402704111,152880.38820412196,134548.02007463656,107906.9488058021,112887.60087603194
2025-07-24,130449.15180313417,167538.94832758795,166348.36396165384,151718.58690158493,170446.0951796838,156530.87227033006,165911.73475304616,132170.04609286715,208795.293887697,167503.75385954685,118972.2988332122,188246.5888618227,157417.2255531483,156080.7167418847,158818.9284785517,157328.93072668035,122834.4953775502,92333.56894129454,165731.4340460015,152021.131525637,134422.61657008828,107933.91812162519,112726.23324548063
2025-07-25,130147.33523492543,166488.59913613388,165173.92647994251,150952.78980678067,169391.33204703877,155801.80213029624,164809.7004607501,131629.98359247012,208632.37660087948,166707.1567694127,118975.25798210353,187104.5226931988,156304.6433215094,155090.10565380513,157810.91727663612,155989.1388312943,122865.19555336343,91687.65515545248,164634.56465732996,151247.4114294799,134425.96000835666,107898.7969514191,112475.32281292447
2025-07-28,130246.81717327089,165990.31079047805,164556.3893997999,150539.72120776077,169016.7910389433,155586.6642617891,164303.98453823928,131699.01341619994,206069.0300797447,166572.41161323644,118705.32465167747,186284.62094049907,155684.68263371685,154438.78851572314,157016.95637835524,155574.98205465768,122895.90340210921,91290.43703232316,164176.80089643475,150957.50715642964,134120.97183101447,107939.6104449066,112525.45147876887
2025-07-29,130340.24320473462,166863.18227428422,165463.61933671407,151158.03915941223,169708.78280330962,156123.76736485623,165109.83226321163,131762.36922316576,208087.86926856972,166852.47378614268,118936.85917505658,188052.9719188371,156509.59378352712,155129.8567947558,157914.53649241384,156461.75524933438,122926.6189257052,91494.72198759812,164964.35254295787,151501.18521248008,134382.57454663957,107966.58792389315,112594.71949977084
2025-07-30,130364.12430403303,167370.41526383493,166253.52435038984,151660.8702343647,169871.76583858076,156296.87243797886,165586.69710173525,131768.0771651303,208988.44934502422,166664.17317990298,118857.17517699533,188986.11929147498,157236.85959863002,155598.8603775962,158690.44659362087,157400.1979114278,122957.34212606962,91975.66296873211,165431.83167580978,151706.44828942514,134292.54239946575,107993.57214539405,112558.27377717462
2025-07-31,130319.93256898926,167263.79865513716,166088.22884759403,151523.88510855314,170186.01024210735,156557.0962029304,165644.75419687649,131922.0879909642,207527.20336242803,167814.23582192988,118762.6085203803,187934.10654816782,157136.88865546696,155473.2718941341,158498.46797403233,157418.10427878925,122988.07300512116,92122.81501078812,165653.91801809543,151880.8970304764,134185.69485976832,108020.56311109447,112800.08691469836
2025-08-01,130102.23512105545,166634.25878585444,165255.49373927567,150834.31348995547,169871.4586622112,156327.99896885353,165017.75148488066,131939.93216643442,205736.6079175373,167886.80135082855,118746.2773164117,187041.13873818002,156433.72293199543,154783.32664255868,157664.2813985714,156832.87510182685,123018.81156477888,91784.32696310533,165094.32727586906,151380.67337923573,134167.24280672127,108047.56082267997,112708.96340535388
2025-08-04,130029.96967348368,167270.5318786722,166060.19818440362,151527.3755457578,170486.81819280374,156767.47892068056,165692.0133211054,131879.56907979085,205946.47908563964,168064.38918071456,118929.11300754522,187412.00884014,157228.1452458359,155576.91324536133,158589.66536316436,157496.9340978857,123049.55780696243,91930.68539202222,165719.49656398714,151988.85457085457,134373.82242437685,108074.56528183659,112524.11244859299
2025-08-05,129798.24810309992,166624.0833678704,165422.74036044543,150921.42596217163,169696.2008516872,156068.5268794638,164968.78143563127,131782.89841860146,205596.24198285374,167327.35351343133,118908.08063173275,187328.1527947567,156628.97547130016,154944.580620573,158034.97221946664,156886.7627777846,123080.31173359195,91732.83519154252,165021.0658432992,151415.8123776348,134350.05868258883,108101.57649025078,112287.51456555788
2025-08-06,129766.80838089087,166311.30263909145,164980.06350279294,150544.85430995602,169333.60707997152,155766.12208432113,164582.67964155527,131877.48673416185,205823.86740240853,167087.57763407702,118954.68935400562,187172.722256087,156113.84530124223,154446.31212789836,157579.0726932228,156295.49022007835,123111.07334658797,91681.24331485065,164632.16044111652,151086.4380235893,134402.72023880278,108128.59444960934,112277.29938876965
2025-08-07,129758.98237208606,166306.54769628216,165020.7140689072,150557.30342155785,169314.59087928163,155738.54132658525,164588.39689765233,131804.17969578807,205880.17915035092,167165.27757768045,118966.36753685525,187134.44232005664,156129.81522619768,154462.7442352344,157609.03715153612,156296.98800171082,123141.84264787167,91532.85362483651,164630.50968709547,151097.7406144313,134415.91500691962,108155.61916159955,112198.90738351228
2025-08-08,129626.09996907231,164953.62623336658,163595.85948703362,149312.042495467,167881.08199119987,154467.5602291025,163193.34099220633,131704.24494381782,202073.37706721463,166127.0184457341,118447.9602581072,185456.99780053765,154773.97275415418,153228.25377778226,156177.38901172378,154895.10209308797,123172.61963936443,91067.98837176301,163235.00765006174,149889.44802915957,133830.18485341567,108182.65062790911,111794.96036611039
2025-08-11,129887.03204691435,166217.13921030317,164948.30987816842,150454.53283267646,169042.25548509345,155486.08273893947,164478.08154521152,132121.4169535528,202990.19931289775,167264.69258585325,118572.64742955774,187454.9729949228,156024.46734660433,154565.31214530754,157359.21910959476,156126.91339239935,123203.40432298841,91493.63506421134,164509.1739242805,151026.12158086145,133971.064503582,108209.68885022613,111862.57408645235
2025-08-12,129827.41617860891,165548.22900916985,164292.5823364489,149845.36549146677,168194.47545029712,154723.95205333512,163721.85776924208,131936.6373104714,201469.06499891783,166136.4004781417,118453.46104833388,186602.75796174916,155363.16046171158,153949.77389127677,156766.09008634044,155351.43886261576,123234.196700666,91263.33974246943,163698.85852649805,150369.1021571813,133836.4000028473,108236.73383023917,111754.57590893938
2025-08-13,129918.186792037,165844.42310086804,164601.63218604188,150112.6645819185,168463.61562539867,154961.2442001743,164019.32326524286,132012.94135423237,202632.05226980406,166411.03473798983,118505.49082962662,187189.7864077777,155670.51729652757,154208.23661913382,157079.484174816,155701.91617215742,123264.9967743203,91353.21859782291,164014.58266459944,150628.9301970485,133895.18662300624,108263.78556963718,111820.147077199
2025-08-14,129846.9603935632,166020.47668735057,164766.04955540784,150281.67867589014,168449.89016248807,154960.4319900107,164145.9422114389,132117.26461134164,203541.51157420533,166299.977951168,118449.52121070318,187350.83110195125,155827.3178756991,154422.48290200267,157241.84824197524,155795.2870254109,123295.80454587468,91295.15562723383,164110.47842609344,150701.34023968602,133831.94851886012,108290.84407010951,111896.37517764897
2025-08-18,130087.98834255605,166543.82002110058,165177.4766761985,150713.15826274172,169221.03700418142,155661.72218629194,164757.30631223548,132553.91570393936,205066.4137353279,167464.85271450406,118941.51355113856,188450.34512421585,156266.478493449,154803.0720149661,157682.0458259973,156292.28798820064,123326.62001725312,91294.59320227844,164833.01558035158,151244.00885429973,134387.83336249486,108317.90933334605,112217.5718930311
2025-08-19,130028.45064364398,167451.6871839139,166008.8967516137,151520.44712187484,170322.16174306045,156619.4487596717,165682.87139269878,132776.22523044457,205309.90298921888,168153.40534579867,119025.85278786777,188791.335578877,157009.1794584666,155571.82137900338,158499.70270743614,156933.6135874263,123357.44319038004,91628.8385303078,165741.19124983987,152046.0363724801,134483.1253001295,108344.98136103692,112249.95507340254
2025-08-20,130229.16592961932,168373.6189336925,167125.6730867915,152581.40947612887,171407.39899445177,157508.66293982373,166814.17843602857,132970.3859547582,205847.82114702943,169526.01725393103,118987.31821408433,189714.0674079761,157961.8382198292,156519.35963536857,159612.625268836,157730.86995001696,123388.2740671804,91918.80569094319,166987.2177838479,153026.0842968064,134439.58644035136,108372.06015487282,112437.38196627884
2025-08-21,130162.72293751364,168590.53029259847,167360.8600894894,152767.71080483543,171551.80305289957,157623.5116377638,167010.6681950082,132983.45632318113,206423.68784077364,169400.11418498738,119122.95228263317,189797.6033013496,158159.4530099185,156653.83813428378,159836.85068807527,157965.37794006683,123419.11264957952,91924.19218552114,167113.22127712108,153165.8497487583,134592.8346045811,108310.45792645091,112342.58298506224
2025-08-22,129967.74723151827,167231.95085458527,165897.6232454822,151465.9542918283,169915.68115582824,156200.58048855086,165483.62196687164,132654.73616021316,205167.44673417584,167557.238693277,118958.30222888381,188509.78216973087,156795.03199708328,155292.4059398128,158540.12738262524,156530.47608761117,123449.95893950325,91161.5158439872,165583.2504144093,151820.6164743123,134406.80229907425,107814.30171834119,112149.20809876896
2025-08-25,130031.89490967082,167964.41010056657,166839.28932710388,152323.62925022215,170670.86587720262,156772.7110915107,166349.47432974304,132676.1239601377,204954.73456640262,168336.18772985533,118944.87095123653,188786.19229310646,157729.87850718544,156294.25081166034,159437.60357567517,157435.0839517966,123480.812938878,91378.43441352277,166450.94119581312,152557.82594545305,134391.62677079637,108368.83624493443,112143.62321451076
2025-08-26,129882.0981866081,167286.5792084454,166120.29176366603,151765.02252840405,170449.48061862538,156611.17525041607,165829.84189447743,132482.55181952994,202667.26948606176,168879.24309490173,118564.24081441661,187895.15371021428,157120.63357210986,155778.95848955365,158792.2862818065,156767.47191130568,123511.67464963062,91534.82021328415,166102.6213092283,152167.21677025632,133961.5661647683,108159.87844259948,112256.71619687931
2025-08-28,129200.86424309933,165813.00118347388,164516.57506209455,150285.8909321133,168648.6887261208,155041.36994968718,164121.37541206626,132155.53036908197,199851.6259986746,166704.8882460978,118353.60573644747,186384.83643746795,155656.17284854274,154127.4179157903,157333.2170648584,155486.24247231032,123542.54407368839,90844.47252102505,164344.8106626404,150681.4014011927,133723.57699754415,107381.6726129621,112054.20731369346
2025-08-29,128717.50237184843,165611.06030531373,164358.71499857836,150009.62743435366,168778.7352830393,155162.43411627947,164008.16654684703,132298.55740799016,199582.4985665458,167092.32284339837,118383.18599802683,186314.80672105344,155636.25482590316,153976.6376045948,157175.36744211128,155736.09156410754,123573.42121297911,90738.87788017403,164281.22243644582,150612.62802130543,133756.99869485793,107408.51064586325,112098.25103043694
2025-09-01,128980.08225119737,165997.054399021,164833.94571010175,150294.85117451218,169012.3440129587,155362.57405434898,164409.53914462117,132432.1023689287,200355.8764077612,167150.15077566926,118400.42697600141,185784.98683547133,156017.74248450354,154432.87818693733,157634.60899749518,155964.44388020816,123604.306069431,90740.60155818814,164653.50763472723,150863.6760949778,133776.47866956043,107435.35538642682,112089.14202849059
2025-09-02,129100.33967774842,165846.20302137986,164618.96515771665,150176.1460925669,168929.8648135604,155292.4269222739,164248.9103221098,132466.13022431062,198857.63528279474,167019.280299538,118374.20688533862,187361.0391732828,155793.1269878429,154176.73296959812,157452.87852360168,155728.70124735963,123635.19864497294,90564.65100503206,164493.63229106824,150777.87920003428,133746.85351119866,107462.20683632928,112208.0277760739
2025-09-03,128876.43186516094,166246.37148270215,164999.17571129664,150386.1455634029,169376.12317888933,155526.23273655714,164643.4054062529,132644.97052942836,199565.7509640053,167661.29070031445,118448.63868650228,186578.8138035652,156177.59556816917,154540.52645729764,157761.79652131145,156209.5077318699,123666.0989415341,90515.06158085025,164904.56876442238,151003.68468027769,133830.95138580113,107444.93811711154,112192.15915016423
2025-09-04,128779.40028119166,166207.8874937393,164937.83055166824,150357.98571319305,169574.9294070614,155621.5370610574,164681.65067217188,132611.5835402771,200141.53130520973,168252.36128429152,118449.3880121364,186667.2036123372,156156.3275241504,154556.92184648945,157683.69306365485,156207.20010802342,123697.00696104424,90468.50513794595,164973.8777953584,151003.76627751152,133831.79802248374,107329.73612220546,112224.37863887975
2025-09-05,128342.3108667195,165506.2839812767,164040.50369959226,149894.52662365296,168601.7009324377,155111.62753956456,163760.84366241144,132367.3635992976,200950.91242056288,166861.68683531365,118330.3853441641,184757.19464059192,155254.82473939992,153674.61609666192,156888.2563472579,155180.41428597434,123727.92270543345,90251.44219756617,164012.19203311857,150459.0245761631,133697.34109289135,106721.2122314719,112137.75539892561
2025-09-08,128205.31916520743,165263.19667932735,163686.32274091794,149702.0883303183,168324.7455277021,154952.64789413306,163449.0717416686,132331.8491367462,200802.11748108533,166623.78251972276,118290.91913422267,184110.104595006,154912.53596379035,153378.736791008,156522.0413146786,154815.41399115525,123758.84617663259,90047.4343385089,163700.75183186447,150256.1448416499,133652.749610181,106577.14136917236,112131.38778203902
2025-09-09,128289.19679130764,166218.6655521342,164798.722263868,150304.19130105118,169268.05052598997,155523.47418313188,164505.7078075449,132414.22565556917,201038.36192298026,167383.59254827566,118320.48372846284,185275.1468884843,155934.00908652734,154391.91817306762,157586.1741693655,155802.34469147268,123789.7773765727,90574.35493959056,164764.5118703514,150891.3794311605,133686.15360551918,106674.88668446364,112218.47826110087
2025-09-10,128321.2602673233,167062.09646843327,165819.75530050648,150880.6740427628,170101.13093654587,156029.54738601585,165455.1239238466,132660.70044148742,200996.15359891404,168334.91563644487,118350.0557118182,185349.24999539764,156840.46293532723,155254.33629006142,158516.0498630035,156729.51344526344,123820.7163071855,90827.9872040272,165721.60350790108,151481.631384737,133719.56594955878,106674.05876860503,112249.368531727
2025-09-11,128336.23929763118,167177.70849908053,165893.61535086474,150943.43683835564,170290.96624982994,156108.50019866752,165552.04247840052,132667.70738789035,202108.2609418754,168574.7766479423,118379.6350861356,184215.4864857932,156987.961735414,155587.29895016708,158591.4538273355,156762.41549178597,123851.6629704031,90956.12025748195,165821.61732101178,151523.09367739875,133752.98664438643,106499.04957085486,112185.65417538231
2025-09-12,128485.47764749761,167405.1779952514,166202.5684856337,151158.5387833839,170247.8882487908,156195.69504936325,165723.63674642556,132636.4266691204,201948.36176754438,168220.89481957385,118391.65879924363,181578.58912897616,157267.85405729868,155724.33227777772,158888.75083408554,157168.65488639355,123882.61736815811,91128.64280011755,165944.9128448204,151670.96675177763,133766.571814991,106447.48826462611,112053.70706913799
2025-09-15,128384.889777384,167276.29837791913,166013.5162377248,151069.80415267232,170084.49011713846,156106.31122106517,165543.31916308426,132699.17372080914,202056.70567488024,167986.54502194823,118408.28656361718,181627.29442599454,157099.76109729995,155562.21821488315,158710.19490342322,157005.0459639548,123913.57950238364,90954.01830329583,165752.26125760825,151576.5226860115,133785.35894121052,106253.14374909931,112095.17900499202
2025-09-16,128436.02136490082,168184.07400473973,167100.5044687855,151706.93667788254,170934.43142059623,156611.0133748034,166492.5730033808,133041.24721681926,203730.15118524546,168588.19510527013,118619.10512234436,181923.08832622154,158131.96372253296,156463.76857416306,159729.17166219305,158181.80863048852,123944.54937501329,91333.48691998953,166688.67851806237,152213.09946311757,134023.55541689074,106712.1283163868,112199.98736977874
2025-09-17,128499.52124855146,168811.089457271,167802.34748695482,152103.81032439912,171207.09585221444,156803.65088030105,167058.49244202432,133465.55806642288,203732.4937339147,168790.63208063183,118620.75051393863,181252.18400174804,158685.26024312244,156916.12326446953,160341.6799372754,158777.36494939055,123975.52698798114,91592.83322316097,167232.65844262484,152575.7728257906,134025.41448698984,107172.81231117062,112610.16283764214
2025-09-18,128604.08493767476,169349.48523148603,168374.85374578246,152410.12926885393,171873.44212935257,157184.47001992576,167669.6771717678,133559.79030540274,204615.01691401182,169560.91292132626,118725.07309882554,182302.613400116,159183.49148641262,157400.93387419978,160857.93813343524,159270.96959267656,124006.51234322174,91565.4142349307,167860.5379053331,152929.0850806313,134143.28490695634,107356.06979191733,112596.52066302266
2025-09-19,128803.27232574997,168938.6455214401,167940.39031321715,152205.86396270702,171263.94252101565,156848.84093783758,167144.1877476465,133459.22204812273,204367.1224321052,168807.42300336817,118628.39619597167,180816.1273296502,158798.60658087712,157078.3583935154,160454.6646640528,158841.8335287131,124037.50544267005,91230.13382985588,167360.94893813928,152666.4052621946,134034.05307424438,107306.36248105865,112703.90790867164
2025-09-22,127944.70389689336,167669.52561649194,166427.37186967942,151378.61205545353,169994.06419309572,156109.6520371887,165739.56328010143,133457.09738637262,203845.08257031953,167596.7388161185,118712.31404635156,181538.65259817298,157390.70083516865,155677.37751359624,159056.49669596204,157417.490940963,124068.50628826172,90618.71755056879,165971.28290196418,151836.93922087623,134128.86890226178,106310.6060541808,112560.57013008057
2025-09-23,128022.62782676863,167172.21892709078,165923.76015317813,151145.21650935386,169011.80492234707,155644.42373508972,165065.97467976937,133295.4490857231,202301.14940666614,166510.7647415233,118512.19760691105,178318.70479549796,156902.05908072623,155131.38442096356,158556.15161683512,156998.3934561807,124099.51488193267,90331.85980484492,165289.75112727418,151504.93924302768,133902.7643748037,106157.58873424222,112804.96324060796
2025-09-24,127836.85968146092,166738.3697617337,165473.388374903,150915.19151925467,168530.378816952,155391.04182196083,164599.12929924208,133314.6688731316,201188.7763164677,165966.0257523264,118645.47618466959,179932.24279571697,156483.98712975616,154680.18272040496,158113.2903240694,156638.56210892246,124130.53122561933,90097.32144259657,164837.0324474211,151294.617031064,134053.35115282467,105921.94705189517,112759.53053262786
2025-09-25,127436.14062838418,165928.27994705085,164489.72971152505,150380.60836075776,167640.53486040415,154884.01929347456,163647.46477817767,132962.3226958679,201146.94021286195,164973.6725047211,118658.5722281825,179284.5177632844,155520.77519468547,153765.0284089328,157081.44386726813,155695.83987458984,124161.55532125877,89614.0083202702,163910.4303201226,150737.36717598682,134068.14791184326,105948.42025379972,112670.1698743675
2025-09-26,127503.44616136809,165300.9711948739,163835.33938017426,150069.63509996378,166868.25577881833,154482.4089533316,162884.2279576712,132766.3244131729,199504.45118132394,164084.3542113674,118547.92818574276,177495.30140617353,155011.98068870782,153152.65689321354,156370.0139631205,155494.18686315624,124192.58717078845,89511.66608821406,163173.9861402783,150401.1004506006,133943.13509929358,105974.90007218404,112719.58474626862
2025-09-29,127455.52475270643,164952.9961001444,163627.97101590096,149947.78885695865,166695.5459752775,154367.08980352324,162714.8820335798,132431.59526155653,198990.44403578376,164299.16053977047,118436.21228990877,176519.57299503195,154759.72684038285,153012.81812732285,156109.771394465,155136.8067409989,124223.62677614627,89152.67793536875,163045.83887353216,150274.38497736235,133816.91123728745,106001.38650870179,112705.21510680043
2025-10-01,127469.529460735,164765.97332456114,164462.07794414865,150712.15994085398,167912.78175062992,155494.30135045777,163647.089654356,132374.2111005978,198698.3706773595,165551.291553222,118452.8984476133,176502.96141716107,155233.36438995632,153517.7632595939,156520.10641491768,155641.44960139957,124254.67413927068,89101.05448075384,163974.3261753548,151130.14345120426,133835.7643400781,106027.87956500705,112705.30924357385
2025-10-03,127542.48423504819,165083.03159462093,164775.03344875894,150998.95067495387,168006.5509579701,155581.13558208407,163933.3367229268,132845.44281928043,199814.80269067062,165671.05895368315,118627.66884275746,177280.0929886359,155557.82757472244,153800.78154860958,156950.1425586955,155902.90805539594,124285.72926210049,89228.92179657392,164292.7411737867,151423.61685958752,134033.2312634264,106054.37924275426,112907.95888616168
2025-10-06,127650.185225617,166097.17346556255,165776.9147094937,151917.06925096308,168751.2585624097,156270.76615966976,164832.4313067585,133258.74676304028,201154.213661041,166303.15435746234,118651.12820199152,177796.6010841482,156483.24526685043,154767.03868382497,157869.2980471005,156792.82896062394,124316.7921465752,89282.91831377345,165167.19416450252,152229.57355421598,134059.73716843306,106038.87379601842,113022.36361614917
2025-10-07,127529.52694519013,166063.1749451672,165741.69838944398,151884.79720547877,168814.79884024346,156329.60713059746,164893.43299138022,133008.79471350898,201467.68063251863,166326.1796088392,118680.78282372498,176176.1625103268,156450.66252577576,154724.84996993007,157863.4538042901,156743.42472739343,124347.86279463468,89473.54040598492,165150.9917057145,152214.64024131262,134093.2428826699,106030.3280056403,112915.70525059233
2025-10-08,127449.08820849232,166291.20329468697,165968.16986683267,152092.33444414748,168917.7587323186,156424.95232301476,164981.31640948245,133247.3211126042,201000.8291689972,166270.0457432319,118693.39586419673,175072.85925025883,156694.17496780437,154997.48899819926,158143.56756862722,156920.95054603077,124378.94120821924,89554.47672254876,165248.9156801753,152304.8937868082,134107.49391353797,105921.28484422097,112844.66434191918
2025-10-09,127604.9898971936,167083.59191450643,166755.55544725753,152813.89033724772,169607.03443214626,157063.25062446107,165724.0959954849,133545.02285022993,201250.80950871884,166790.69754131456,118678.90256058422,176100.6494543649,157405.540740194,155682.35433526797,158887.03374345385,157627.0431953936,124410.02738926976,89637.98833355185,165994.91044527665,152992.45444641446,134091.1184394701,106026.65047084869,112977.20193252694
2025-10-10,127968.95132825908,167693.35804844837,167365.83135022188,153373.14387852213,170178.16209375026,157592.1388710683,166353.8247643901,133906.8777517158,203269.42606919297,167463.42257047066,118728.77646132589,178150.34369978294,157945.1484490715,156219.81290630164,159423.5029140193,158171.76598049433,124441.1213397276,89710.16816096203,166635.46532830823,153582.83437733978,134147.46920600988,106333.94380281826,113279.31307157142
2025-10-13,127938.61437920584,166946.27039355342,166618.21297151057,152688.03043428287,169276.91379739903,156757.54502583892,165636.020059962,133808.16261313052,203684.0241853119,166662.46705791284,118758.45048978383,177176.99499143715,157282.23135896947,155596.63929542148,158716.1322077733,157512.9549436733,124472.22306153447,89298.04301704644,165865.07616856555,152872.79014699694,134180.99684722227,106097.37616083723,113235.31819394568
2025-10-14,127817.74413659684,166465.25359556376,166136.6119716494,152246.69387921755,168849.16024913025,156361.4272410891,165155.60181587937,133579.81041530208,202866.19917339625,166153.78662971276,118772.82147041708,176856.28837876124,156811.89126612368,155114.9767558268,158270.04702081473,157030.15012686743,124503.33255663281,89110.97201443244,165385.90406344662,152431.15180840122,134197.23411285758,106123.89320795375,113056.64929885874
2025-10-15,128194.11462120549,167405.5418274873,167075.52114390006,153107.1051734627,169790.87764291352,157233.49717340298,166187.95040679042,133958.09539860385,204448.83664510725,167309.21566163225,118693.76797440418,178485.98830127047,157679.35455561674,155938.13410536054,159188.61563084816,157891.45358865094,124534.44982696531,89155.75468424757,166431.15460248015,153394.52740256378,134107.91434777543,106150.41688250835,113395.67648994524
2025-10-16,128496.18058231028,168732.23918146713,168401.6250482665,154322.33962891536,171438.16422989624,158758.9538676245,167638.04580606817,134045.26114163725,205451.3153971978,168984.98162519088,118685.92009871066,180007.37743874724,158836.84973804216,157065.61224339533,160385.46471244964,159039.8815910084,124565.57487447531,89488.22607088496,167890.60867606231,154739.66178210708,134099.04730901442,106176.94718615735,113458.86801728768
2025-10-17,128873.85259660317,169803.02605054455,169476.2568388583,155307.1263975478,172952.66723374353,160161.44737658292,168913.38212155135,134059.24814934796,207383.12175368803,170903.02741963364,118715.5834160255,181444.62456166183,159812.71324031256,158077.30668032457,161442.38338855293,159898.53607645322,124596.70770110656,89748.42339360682,169185.4768933851,155933.1023895417,134132.5628480829,106203.48412055767,113704.6314678352
2025-10-20,129415.86858455007,171058.61845147194,170724.93312362922,156451.4066006026,173668.70733557193,160824.53064047685,170024.79394705186,134846.14800363843,210328.00319105122,171289.75775796061,118745.25414712948,182897.56117312476,160960.08302546255,159105.56273996492,162580.71346324822,161175.26754864756,124627.84830880325,89936.7262300062,170279.91222774622,156941.81011189075,134166.08676373097,106230.02768736643,114243.03234807498
2025-10-21,129375.52418057354,171078.4633113463,170744.37343844472,156469.22160009915,173622.54680114117,160781.78404324676,170007.18289306245,134864.06257910444,210422.92796738478,171168.55702488738,118774.93229387564,182900.4211479389,160978.7413331192,159119.84218943524,162604.3778549009,161193.38429144977,124658.99669951013,89969.85117644948,170273.71686244672,156936.10003234178,134199.61905805237,106256.57788824139,114258.14922039783
2025-10-23,129142.37647564271,171698.38916360476,171365.0539031991,157038.00982560116,174143.45217372684,161264.16433696498,170444.9933528556,134788.78358899037,209877.18832177413,171536.84399663468,118804.61785811736,183646.25330511926,161543.66360881404,159623.59157498265,163201.41489215728,161788.22255086855,124690.15287517248,89755.79836521385,170790.24593778345,157412.1691528752,134233.1597331412,106283.13472484052,114193.95416483829
2025-10-24,128780.7876234302,171074.61995044944,170746.80704641476,156471.45174529855,173428.9449759978,160602.5006067687,169823.32321060778,134779.56033754925,208937.72953030997,170370.83376249738,118834.31084170847,180312.8117018171,160961.25101303624,159033.1102148515,162628.55684921335,161204.6930970966,124721.31683773595,89483.83213600577,170003.87511913475,156687.3951141569,134266.70879109195,106309.69819882239,114185.97546718738
2025-10-27,129951.51371796023,172632.824921914,172300.68943900694,157895.42117709157,174846.84592544282,161915.53654852053,171416.96076456804,135804.8261402942,212642.70847153943,171795.37836214917,118864.01124650335,181853.37925931418,162343.22892091458,160401.02708915115,163998.4409450927,162612.47731028797,124752.48858914671,89927.60494137905,171546.65659738818,158109.32982528335,134300.26623399984,106336.26831184582,115058.39322529008
2025-10-28,130006.84566248972,172505.75015064076,172170.20465122134,157775.845622335,174401.80195556986,161503.40710581728,171256.88516352832,136155.15437415472,213706.0875217661,171285.54065426206,118893.71907435673,182231.68436524997,162228.267838061,160269.65269823986,163868.47991502262,162529.1027894735,124783.66813135149,89986.91530935203,171377.46341803877,157953.38962377462,134333.83206396052,106362.84506557015,115276.96187318112
2025-10-29,130511.86915499378,173268.83745199503,172934.03057840886,158475.8115764582,175200.74811433625,162243.26486696448,172037.39805618927,136511.26691291164,215195.0196494299,171987.8258145152,118923.43432712393,182742.2055654544,162900.93692324642,160928.1666266925,164547.32456951478,163209.75847584408,124814.8554662974,90056.40665069461,172110.79567567204,158629.27963581827,134367.4062830702,106389.42846165504,115305.7731853931
2025-10-30,129684.69026920095,172036.28057256836,171705.26992962108,157349.78195465062,173880.4850202124,161020.64568765467,170801.16591777903,136282.47555049334,213141.4320495205,170614.35931115586,118953.15700666058,181790.72445577622,161749.29758635798,159828.28122989455,163406.5498127629,161995.2402171747,124846.05059593212,90001.17293011914,170876.458702235,157491.6288327092,134400.9888934255,106416.01850176066,115334.59169845162
2025-10-31,129659.33772393897,171749.3378207535,171422.77816391844,157090.90802634598,173487.61755863036,160656.83388711675,170505.74137101552,136278.28287896523,212298.71991397368,170235.16193020498,118982.88711482292,181792.2586482999,161457.5693167301,159560.1276051341,163092.5891688562,161701.80273553528,124877.2535222038,89810.57093365664,170604.32639474145,157240.8127712654,134434.57989712374,106442.61518754752,115363.41741415634
2025-11-03,129551.5932406891,171605.39054534852,171269.83068210678,156950.74778010868,173137.56361546295,160332.66920614193,170311.69599512726,136183.29668048414,213834.5246053628,169925.44805465188,118979.77778090087,182473.7343035214,161357.12460258996,159424.01404199263,162985.32252230105,161644.33544844543,124908.46424706104,89535.00858700236,170393.25460524645,157046.27432998054,134431.0667700707,106469.21852067666,115392.25033430751
2025-11-04,129306.42241645427,170906.05923341794,170567.30718197682,156306.9590390364,172228.98291801914,159491.28524896735,169589.81061713913,135680.4408209322,215271.5530765289,169255.24010669673,118778.08928431841,182794.55370004565,160713.22430595508,158788.45493788258,162270.91348660737,161062.26567844138,124939.68277245293,89274.14686345375,169657.3465861962,156368.0103170703,134203.18603053226,106495.82850280941,115421.09046070575
2025-11-06,129302.39524232683,170707.0056578335,170367.43216624352,156123.79465417675,171955.27677878775,159237.82184700712,169354.2213754327,135749.53430616733,214479.99552270284,168800.48819146154,118729.3039410798,182646.49597532855,160481.91346280833,158564.22512394708,162031.48855584083,160831.91741997717,124970.90910032911,89146.32810465994,169365.55054747654,156099.07079331193,134148.065186834,106522.44513560757,115449.93779515204
2025-11-07,128588.27424363467,169745.1810830628,169406.6634553594,155243.3513967949,171133.43156208855,158476.75859466553,168368.08690749801,135493.36544623808,210375.44893240122,167781.66437978618,118597.68240491435,180723.51673433505,159554.44284670713,157695.90941999468,161133.040002506,159815.94389137576,125002.1432326396,88949.16899388305,168395.99481608017,155205.46079845715,133999.35064183612,106549.06842073337,115478.79233944796
2025-11-10,129002.39525521197,170756.09626613214,170413.22959188063,156165.76316767104,172028.84144696718,159305.9458252021,169277.88977585844,135987.08779475885,211099.61181413123,168277.2715723556,118698.75952339065,181292.51869817424,160507.25148427498,158566.34256164287,162085.4291332434,160852.3654772712,125033.38517133505,89148.99158338532,169282.604124079,156022.621600568,134113.55412343814,106575.6983598494,115507.65409539542
2025-11-11,129212.27227510043,171850.0947278434,171502.0132527263,157163.51863376753,173106.5305693415,160303.93129962205,170356.04444425754,136427.24919431208,212641.98827167603,169329.8305859206,119105.74359349206,182284.922873528,161519.1723523574,159564.64052310496,163106.6461506884,161868.51720609798,125064.63491836653,89296.97896850774,170387.92897865293,157041.3658621135,134573.39111189602,106532.51146510594,115536.52306479694
2025-11-12,129586.56807849371,172988.99574960527,172633.6036734405,158200.50198340107,174062.4846823309,161189.18503297478,171407.2201174793,136782.6938683151,214046.3132662203,170106.81193343483,119288.22593426325,183353.51241907693,162533.86712194543,160548.85233268316,164115.23596434234,162919.84110297536,125095.89247568551,89353.2091739474,171406.6015031982,157980.2453096173,134779.57149140342,107081.41966051981,115565.39924945532
2025-11-13,129470.66284662718,173099.88630866585,172741.76491994175,158299.62036549786,174132.92280554408,161254.41369897194,171570.15498846717,136719.0849832542,214712.5747215312,170049.47055195362,119365.8409698827,183812.58956535932,162660.57046605257,160660.46366377923,164224.31551302414,163079.31696867396,125127.15784524406,89291.16550750248,171540.89223422724,158104.01698728156,134867.2659906731,107091.96393597338,115594.28265117388
2025-11-14,129451.93263963466,173207.74253100404,172852.7707135762,158401.3454752236,174300.26086937322,161409.3757873441,171811.45343269943,136795.87366977223,216118.52322819835,170681.58157239936,119427.17036558392,185035.40432357008,162800.9617372933,160795.59362385693,164372.0903663269,163217.657442433,125158.43102899473,89344.06116384978,171805.37094060951,158347.77895763173,134936.55991811398,107083.75233201853,115623.17327175642
2025-11-17,129545.39076852005,173631.10351255475,173271.7118755006,158785.26089323993,174643.83291517466,161727.53795861217,172235.6937624205,137002.99773797684,217362.44286513698,171025.77110870535,119519.3815980721,185873.76844393773,163178.3519062378,161195.48128665585,164755.57729356992,163566.05117112718,125189.71202889051,89456.66727289715,172224.8397926978,158734.39062586092,135040.74614692334,107307.32990596052,115652.0711130071
2025-11-18,129363.24410798438,173211.31903141455,172852.8104789866,158401.38191603092,174164.72966128457,161283.8681857594,171853.79410081398,136638.66264587626,218424.89530563806,170665.1497171179,119331.15756253814,185960.89656595548,162788.35983711356,160829.88195915904,164350.68312834925,163166.26914667166,125221.00084688485,89428.84894278587,171803.8740777027,158346.39934466968,134828.07842842085,107175.81070272952,115570.18563821833
2025-11-19,129999.69909820035,174753.28551421897,174380.9542475779,159801.76461180815,175458.26957960165,162481.7405798119,173202.8404391575,137316.27683630082,219735.7204211737,171750.80624251542,119721.49043276912,187292.76264970357,164164.1947198833,162146.07229578277,165697.63969705347,164630.8085707069,125252.29748493177,89835.97309918348,173213.06199769338,159645.20494104177,135269.1018117155,107964.65464878158,116277.67605719219
2025-11-20,130198.01681548111,175280.8640512367,174908.02780856035,160284.7719762801,176062.36183192482,163041.1554245122,173800.97814675135,137816.8254605199,220289.98729568082,172146.54266418042,119863.8363349077,187789.18775808418,164635.49988712586,162621.91064695126,166218.07906392645,165048.5299372342,125283.60194498574,89938.90486565314,173744.3446167371,160134.87195356752,135429.9334406842,108147.36123007786,116306.73747912532
2025-11-21,130273.23225114978,175012.36878526036,174645.11061842125,160043.8360832963,175811.08174633322,162808.45949186798,173473.45967497866,137803.9013905886,219350.0098953542,171803.83632595555,119747.58424605738,187032.5697073151,164393.6115232397,162383.9480692783,165956.83099908015,164821.98230830557,125314.91422900178,89998.6714971174,173431.9136633565,159846.91385729512,135298.58429371254,107780.17490726204,116335.80616441522
2025-11-24,130126.17695090684,174495.7767107276,174125.28124103643,159567.4672495462,175220.40054575712,162261.46384539697,172914.30449652058,137571.03387515256,218777.42715492574,171178.91958317196,119760.05137902142,186439.3537416534,163906.82609506478,161870.0038221004,165458.96699945434,164373.90718726968,125346.2343389353,89810.59572888087,172866.34802032035,159325.6492254666,135312.67046881877,107807.11253832949,116364.88211487721
2025-11-25,129847.92146591855,174047.6845174739,173675.917156814,159155.67242985527,174534.35267049956,161626.1546453233,172453.35724365996,137145.62438962722,219534.5223658674,170539.81732533022,119660.83941902999,187390.38265496807,163454.06388337736,161398.81245968933,164972.91643046556,163973.06426842135,125377.56227674222,89862.76133245553,172377.06791739058,158874.69465307507,135200.57436419703,107834.05690195202,116393.9653323271
2025-11-26,130625.05728442702,175409.0516235228,175030.6013676409,160397.09772378125,175928.16553992737,162916.8840113987,173797.35918870007,138182.7282692623,219152.96458418682,171480.19438881558,119673.2018586959,188145.583636681,164695.83965007294,162660.01686824328,166221.2347653679,165188.21907725284,125408.89804437902,89953.49370644845,173694.38728101976,160088.8277984275,135214.5422500274,107861.00799981237,116423.05581858117
2025-11-27,130620.28205660044,175624.24452636507,175247.52605530905,160595.88633591385,176397.81620571596,163351.8002899226,174046.51416270388,138299.71569268586,218322.61992034718,171940.6276185065,119747.79096933872,187282.0144255657,164919.35000356502,162920.21513326524,166464.85474527944,165354.47221135828,125440.24164380254,90105.63148663324,173999.9475962678,160370.45343674262,135298.81786307832,107773.03087958472,116339.59860498595
2025-11-28,130480.66967971851,175590.26315137354,175212.78583385033,160564.05058460683,176360.02235292766,163316.8015919474,174018.1321467545,138245.84674196213,217902.59749452758,171970.15697645198,119777.71968134017,187384.25981380546,164880.87823126442,162888.93481877467,166410.01401337376,165324.98913270596,125471.59307697027,90015.7932338057,173988.23726717272,160359.66038299282,135332.6332622701,107692.57168837485,116288.55081606584
2025-12-01,130374.2696575385,175323.5962542011,174947.7771784233,160321.19808412954,176095.0585406444,163071.4339526016,173725.51145260333,138184.3371358756,216810.44315710088,171569.51209672185,119789.32436799193,186851.24896907568,164643.3385949598,162667.48698809923,166162.8783363025,165080.75105272798,125502.95234584004,89808.92513037678,173693.2883601351,160087.81495651003,135345.74498961758,107533.00098496737,116093.44291479043
2025-12-02,129911.46623152416,174509.93603938492,174129.1067597737,159570.97293425477,175160.89949676115,162206.36337033613,172821.76432573062,137760.43275748473,216392.6496767353,170846.9343084307,119882.54059858105,185741.62838742524,163900.04297585884,161922.0576458891,165378.09182251059,164381.10297544196,125534.31945237033,89630.22677731537,172835.62800559122,159297.33552330892,135451.0667304386,107066.87101418806,115658.70968534655
2025-12-03,130241.90340993727,174438.03608248162,174056.1617090173,159504.12648373,175313.81742333548,162347.97180483842,172751.88844245818,138055.7845641832,214928.08805884462,170818.82959052364,119925.94169222796,184360.76165554853,163877.07486377266,161970.1717094316,165334.95998789836,164306.1118224151,125565.69439851995,89430.42397422502,172728.31843110378,159198.4315560584,135500.10409987028,107097.96459056433,115674.82235551927
2025-12-04,130496.34264595465,175014.7554287845,174636.89003392574,160036.3027840654,175915.6120547443,162905.25895589247,173273.35023924412,138330.7936212856,215440.19072718735,171418.78930592386,119985.04119176546,184458.81145194144,164405.2956055992,162493.21098125304,165869.97013093423,164832.65986081338,125597.07718624822,89466.00607973564,173282.35102215907,159709.06652505524,135566.87854605418,107344.94910928473,115917.84988979266
2025-12-05,130364.77352814713,175398.0816735295,175023.48245259855,160390.5739884869,175905.40995279123,162895.81138019898,173644.05819564924,138772.26813227576,217218.4827754763,171048.6709218477,120487.26728013277,186660.0017676313,164727.02729281888,162811.4961938589,166163.01718502745,165186.28268400836,125628.46781751506,89202.50665864562,173448.25333047856,159861.97363094203,136134.32614158848,107119.51618155595,116173.45173195744
2025-12-08,130201.56829875913,174469.2993486971,174092.48750104854,159537.4152433458,175033.60071233916,162088.47933947147,172704.25235431583,138620.65684175622,215389.54839755874,169959.41002677233,120023.69889069402,185145.1030345202,163873.29628204403,161997.33506061803,165320.7212472814,164281.35804501714,125659.86629428086,88787.9869503808,172458.1314256595,158949.40842027933,135610.5565206039,106922.7623497832,116107.98208143176
2025-12-09,129825.92566267087,173770.24788948917,173394.06795642682,158897.38734493512,174213.45063458197,161328.9858571184,171991.86619355052,138120.04353969495,215257.10206873406,169294.50408232558,119950.38088949474,184894.03618793027,163232.65465855462,161334.92334459748,164671.27989564344,163671.7507017417,125691.27261850632,88547.77961902051,171751.71613206711,158298.32695437613,135527.71708941233,106470.4074478542,115683.57610665698
2025-12-10,129474.53903553793,173208.85631066092,172842.85906438951,158392.26249344347,173704.79233694944,160857.94687014032,171465.15285510788,137793.1581396341,214083.1837232421,168738.48557489412,119626.24588983084,184480.7760204265,162686.2326078406,160816.49817854937,164105.17849122852,163116.68501974412,125722.68679215288,88229.48480364085,171206.6374467037,157795.94452761093,135161.48835210057,106177.60099700186,115372.87149355744
2025-12-11,129684.94201856559,173602.80801097857,173233.28786431032,158750.0493369197,174078.2914655912,161203.82277939306,171835.6464973991,138122.9622782185,214132.31403517738,168959.60122580666,119728.13413317324,185025.9666743647,163038.85803316467,161202.89627279338,164463.63404750076,163429.15567600884,125754.10881718232,88334.44325244165,171570.02143393585,158130.86448367487,135276.60829516407,106260.08356608069,115492.65753033233
2025-12-12,129830.22253368674,174035.1117771868,173653.84537435998,159135.44596762786,174180.0912608034,161298.09367330064,172239.62715284317,138596.6435408933,215801.96368070276,168768.55301569335,120072.5343586418,186319.75784847327,163476.40561267963,161551.08710424163,164892.79140569706,163965.4900202556,125785.53869555693,88443.87149188151,171878.4254205325,158415.11104728284,135665.73399844827,106228.03316864194,115578.424724376
2025-12-15,129885.98818138849,174403.79325249675,174026.8276636685,159477.2449230105,174586.16730710358,161674.13717907958,172583.87109957472,138684.54651622035,215176.50460932555,169217.1142686451,120024.35170748008,186510.34868641346,163827.25555422428,161894.91088485502,165259.85584456098,164307.23131246102,125816.97642923953,88626.60315156865,172279.84574112622,158785.0879336076,135611.29411533294,106262.61663173171,115609.58858144432
2025-12-16,129674.85455659214,173907.11462906896,173531.46397733004,159023.29631639202,174132.52764409836,161254.04776284553,172124.4036015598,138295.89025195845,216068.9006284466,168958.12930782285,120125.7965085699,185936.09593113273,163365.9579527076,161459.9970648858,164783.46419739045,163834.33999625852,125848.4220201934,88345.7214633831,171820.44224710428,158361.66972190977,135725.91302858977,105935.07611936361,115258.06467712221
2025-12-17,129677.8902324778,173969.3559272301,173587.23580412264,159074.4053172318,173864.79517510976,161006.1162308908,172076.8152381659,138184.25498256978,216804.12716274135,168709.3873373957,120047.90831253362,186806.08470649447,163368.76404934406,161479.13410589655,164741.7068656478,163864.87318963118,125879.8754703823,88298.6424816065,171756.88131850585,158303.08754943789,135637.90989497124,106043.3073531836,115373.79641939551
2025-12-18,129965.127548635,174289.66010852414,173907.16336544618,159367.58520644647,174164.79345080827,161283.92725754247,172313.7062830601,138537.31480575426,215987.35630843643,168913.76389665308,119911.05559234068,186559.71187677444,163604.69877451466,161770.94897552757,164936.66319144928,164084.79513286168,125911.33678177053,88223.66942394435,171978.24879330272,158507.1152103639,135483.28481910497,106316.0631053388,115659.34174499511
2025-12-19,130189.53483241709,175088.1573692991,174702.25551157194,160096.2033547306,174877.1045814502,161943.55733720976,173085.55351055966,138976.22353739297,216976.98095986477,169355.60397421924,119956.96715722042,187785.82556116176,164362.532987546,162476.1628182383,165752.51344034213,164838.06887121117,125942.80595632283,88366.42767626881,172741.85856764176,159210.91108761108,135535.15868169724,106524.01698520087,115886.13579845324
2025-12-22,130730.75623280041,176614.4184013193,176223.38914762737,161490.16200291485,176333.96620234213,163292.6725001121,174480.654724423,139773.68028961413,219279.17855757498,170437.3329003052,120256.41077856392,188830.020637255,165724.73993285603,163806.25117047442,167160.23518289483,166187.1474810031,125974.28299600446,88492.52429916147,174140.36868593254,160499.87527929328,135873.4894989629,106901.11233567097,116280.82206129804
2025-12-23,130650.62619898403,176312.71671588282,175938.10834208783,161228.7322135677,176415.1879633751,163367.8872684853,174326.68674744226,139728.32495363557,218216.63717600267,170764.3808446201,120120.25226115069,188074.8109483832,165463.71661595404,163590.06005402203,166868.18237180822,165911.59420338177,126005.76790278117,88117.5041519979,174021.52377661335,160390.33954517692,135719.6487784045,106625.15472545153,115998.01155498195
2025-12-24,130581.03905390383,175906.78323426424,175532.416614053,160856.9585052054,175998.0907684304,162981.63771531265,173927.4616315021,139648.01835792972,217897.3722665027,170429.6908157669,120134.58935929327,187580.42842263926,165083.94396066072,163248.21823605034,166437.1133951686,165544.4695056599,126037.26067861913,87934.18007015855,173607.0448870503,160008.32697346385,135735.84776140514,106481.4050512565,115863.81942513058
2025-12-26,130375.56713920388,175169.36525243762,174792.13608503906,160178.56942679588,175180.9067453254,162224.8909243734,173158.93434094268,139356.0875087082,216731.65474648308,169520.241569142,120091.66075286001,187011.3146406904,164397.46885822053,162577.63978137806,165744.75168343587,164847.95965692183,126068.76132548519,87623.81992312217,172836.06965447328,159297.74257763542,135687.3442386603,106102.78696998463,115500.37755011073
2025-12-29,130119.19258655778,174409.4368276464,174032.30715087516,159482.2662954911,174461.5507181499,161558.73697408024,172411.250597493,139027.34927656432,215285.37696263852,168952.37596823237,120049.45952198585,186144.69733957938,163692.3672265622,161913.24706230953,164995.53285608036,164145.66521639784,126100.26984534641,87349.55261899481,172118.707080472,158636.5713367218,135639.66255198012,105662.93360114456,115045.037441984
2025-12-30,130051.51552514062,174282.78055678928,173900.12670772936,159361.13685132095,174223.3531450206,161338.15599846328,172329.84489060324,139024.29940448812,216458.05547202931,169025.52202952225,120271.85034136269,186650.46089313907,163610.43123014475,161820.5651928544,164897.418026114,164090.7300234338,126131.78624017056,87400.72099912172,172037.82161973044,158562.021670502,135890.93411800836,105447.85195861002,114951.31707996503
2025-12-31,130290.32895508257,174951.8173009558,174572.0885216044,159976.919028178,174849.33231360692,161917.8390485829,173040.71155910316,139219.43815021182,217634.88194325738,169518.69778243446,120633.65488023084,187982.2620570566,164208.43257414552,162356.4454048215,165533.33952743685,164713.82833207567,126163.31051192588,87298.70259016499,172745.06252460188,159213.86407718144,136299.7243429478,105474.20666934746,114835.55511416892
2026-01-01,129309.68147542332,173998.66591262651,173502.83507677965,158997.06094655712,172898.66076325392,160111.43511242027,171557.21532560635,139500.64028060154,218194.17624328125,166617.2806745529,120903.37453495867,189049.33039841295,163370.1851616717,161509.0286429396,164708.7815905508,163871.55747398795,126194.8426625811,86604.78429715462,171200.00368008207,157789.83038691262,136604.47109563285,105500.56796695007,115149.53814524363
2026-01-02,129654.32851908285,174710.7285046486,174166.9159759234,159605.62109572056,173388.13646225395,160564.71020589746,172115.87635226187,139750.60160772325,219549.7176135155,166791.72615638145,121037.33454050432,190443.976918796,164021.40019034062,162194.48887217298,165338.31392988793,164509.37879646465,126226.38269410528,86849.96287116889,171750.9674228501,158297.6368918889,136755.82779494682,105526.93585306403,115449.55720318489
2026-01-05,129497.12749636002,174082.87394654335,173542.03097461798,159032.97985563258,172960.74639860154,160168.92902319718,171547.48943928158,139534.4810434728,219265.19935558777,166736.2762761453,120919.12616269395,189248.27213669507,163472.26421646788,161564.28768116757,164787.67340891133,164044.11458559468,126257.93060846813,86415.94442988126,171261.69034432658,157846.6851070005,136622.26830587574,105553.31032933606,115165.46220913569
2026-01-06,129272.43432584002,173929.2764121411,173366.68400734788,158872.29284190456,172904.33983057234,160116.6941677214,171301.5340684631,139157.55443247457,217372.16709145738,167433.25923863897,120914.48097210575,188300.07503175928,163424.88066127396,161482.15154655898,164740.09445419317,164032.17625419586,126289.48640763992,85973.84879827524,171183.5343063913,157774.6510666709,136617.01986838688,105579.69139741323,114967.16183572335
2026-01-07,129161.50814739005,173823.0983781789,173257.34485763067,158772.09503566273,172546.43470473582,159785.2589612322,171079.71965062403,139311.7335369716,215566.81029611765,166795.71024390997,121100.12302524336,188278.67709475025,163315.65823859136,161411.37335887615,164646.8464708035,163868.13808522528,126321.05009359116,85681.99257628519,170923.4153550407,157534.90734977977,136826.77029577992,105606.07905894304,114702.82248478175
2026-01-08,128398.85217695,171932.7313859484,171378.35550041305,157050.19933744398,170995.34426639054,158348.88394839928,169293.0936319019,138723.5692654847,212961.9026369631,165748.91353907864,120931.94776874181,184956.71152504266,161517.90388864026,159757.3066269826,162835.92777108392,161938.39312767392,126352.62166829308,84913.41378614031,169166.07074244836,155915.21633113665,136636.75498765364,105632.4733155734,114020.50397621353
2026-01-09,128136.621688524,171013.43056472816,170453.34112355608,156202.52115864944,169819.33256648615,157259.84762996,168259.85502599686,138804.37471962572,211564.25832339103,164347.24134709968,120928.85557354192,184568.84044631346,160567.98398774923,158880.96502774226,161884.78190400082,160915.41382611284,126384.20113371733,84455.70284156188,168093.843604645,154926.97722731985,136633.26122504007,105658.8741689526,114032.0685227772
2026-01-12,128556.5104532286,171768.8610417542,171207.5276328668,156893.65360229445,170792.83314934318,158161.3501327321,169086.19987984284,139017.318901307,213475.65367569836,165593.41278458937,120935.82434453366,185339.27347524726,161250.68776479003,159477.34417373833,162558.03171735254,161694.80419162184,126415.78849183604,84606.85375126087,168964.66915125464,155729.59061717056,136641.13499431388,105685.28162072945,114219.99018219611
2026-01-13,128882.89303987859,171288.8440134196,170719.0275613545,156445.99477523108,170557.32945777834,157943.26380479723,168595.11966549003,138897.1994385553,212399.12354611402,165853.5713994565,121079.31205249333,184196.18650726503,160700.3111056275,159101.42201079582,162004.07297196338,160971.29769461983,126447.38374462181,83988.14731321805,168488.6258409068,155290.8359934442,136803.25670952615,105711.69567255305,114378.39545868417
2026-01-14,128626.67513238279,170260.7546931612,169697.82287471037,155510.16831608754,169357.36220806823,156832.04363923406,167507.89828827107,138533.6483379375,212382.9772952081,164316.8597979726,120834.63804957211,183534.6569302151,159693.03517253176,158105.48526132005,161053.04826243143,159896.965905736,126478.98689404782,83675.10551482253,167330.71112557533,154223.6212585889,136526.80815804057,105738.11632607295,114259.21798461267
2026-01-15,128650.34587220616,170263.96007788985,169700.8881989257,155512.97736264215,169358.58521945713,156833.17619924218,167509.81081920705,138559.51660828796,212383.9270888491,164317.72042532076,120845.65965747162,183535.4722302836,159693.27621929676,158108.5765856287,161049.2384254675,159898.342664559,126510.59794208758,83650.41564911594,167332.00958810042,154224.81801196033,136539.26108521095,105764.54358293914,114264.3281470473
2026-01-16,128834.13923119122,171618.75395305216,171029.19834330518,156730.23360452644,170225.3727093933,157635.8578876863,168496.52086872817,138778.15475205882,212955.5383103947,164700.36723592653,121744.59257820822,185939.70679272473,160807.17155843345,159456.5275733988,161986.14047270504,160950.4460755189,126542.21689071534,84162.40586239689,168324.08569573498,155139.18435185298,137554.93377970773,105790.97744480197,114390.69095409464
2026-01-19,128756.79103946533,170834.54154357052,170262.58873662647,156027.71670155268,169571.53653329719,157030.37807644292,167738.27901294132,138398.92598784252,210760.52981179586,164632.90101662822,121541.66371065736,184326.0819586652,160173.71445350282,158822.49760828252,161325.71925459357,160344.58051669612,126573.84374190561,83877.50683898975,167728.38195175593,154590.14235008438,137325.65158863203,105817.41791331227,114134.17740235887
2026-01-20,128414.43358556741,169218.87134093646,168635.99974440248,154537.11933455753,167971.04765065614,155548.25802559985,166129.14258917165,138150.57890075326,209308.17456773302,163136.5054618898,121338.45625885103,182410.11195204253,158642.24621729236,157354.57308268695,159775.392277031,158767.94672461937,126605.47849763358,83458.15261688395,166080.21518609434,153071.07722851427,137096.054635003,105843.86499012123,113717.11548487273
2026-01-21,128032.12242194492,168491.5882460741,167908.59831763257,153870.53259588225,167104.15167530862,154745.4758751,165326.08940357922,138029.46110420034,209200.12389524005,162121.3830617499,121178.710366753,182065.05288054372,157938.90384807473,156647.45632259492,159092.6538395252,158048.19398304122,126637.12115987473,83371.70088163218,165237.32591113335,152294.21184958835,136915.56336928206,105870.31867688049,113590.83090969331
2026-01-22,128480.21242240432,169282.86334598385,168694.7971703827,154591.00097815107,167868.5513767851,155453.34216314767,166067.7032758338,138169.29185289823,210575.03770467368,162962.46151529814,121208.99671019136,183317.20397776572,158633.43723215745,157301.6712138423,159783.19549929767,158787.33699624304,126668.77173060522,83674.82194405278,166019.92923992636,153015.51350762596,136949.7828436576,105896.77897524205,113619.22080512927
2026-01-23,128369.92472355433,168596.96221305945,168008.81436861126,153962.37004371546,167197.02396573214,154831.47952392086,165335.8260148806,138247.92611518083,208046.0955340358,162470.34182092105,121222.7518314676,181885.8898215918,158002.19414156402,156730.72642407284,159173.02337672512,158074.2328814783,126700.43021180159,83474.08133897078,165340.88854931304,152389.6623797375,136965.32427146327,105923.24588685839,113647.61779608656
2026-01-27,128775.28659729598,169253.72948479492,168646.2463272703,154546.50924775412,167774.9984320539,155366.70819979723,165948.69749133708,138242.96937723533,208822.293371554,162970.2789693136,121234.60472526151,182976.56287632263,158489.85437850392,157226.83011068637,159634.55896987906,158579.12901803842,126732.09660544094,83615.06032541163,165942.19439974442,152943.86767244025,136978.71643933203,105949.71941338234,113676.02188433854
2026-01-28,128734.53766782084,169667.63251285022,169065.0855865359,154930.33128272428,168317.67336274867,155869.2480203459,166469.5200304826,138317.43335820484,209406.81620417009,163559.9698604487,121408.93319357287,183587.153419203,158869.0145677018,157662.8342026216,160005.83662362146,158908.36115864277,126763.77091350079,83717.64583844537,166404.65372580703,153370.10235148045,137175.68404509308,105976.1995564672,113704.43307165914
2026-01-29,128644.81313970925,169801.00635878762,169189.48427870855,155044.3295723332,168240.68798239625,155797.9563187417,166625.53344155703,137993.3321986925,209809.397547964,163181.0196787982,121225.74318512078,184178.34708969502,159032.47174601548,157762.5382590333,160076.11581882666,159228.99827329165,126795.45313795925,83446.3537728842,166523.95825647953,153480.0617046028,136968.7040967595,106002.68631776664,113732.85135982254
2026-01-30,128744.03376294846,169587.06313132492,168979.3173357547,154851.73372095704,168078.80734476887,155648.04803667046,166446.4493621019,138048.73223796528,210357.49077381403,163187.95944099725,121224.86199161786,183905.62033915566,158866.21925464223,157592.05322581803,159907.2711088247,159069.66948101693,126827.14328079487,83239.22635392731,166375.22077777493,153342.9748995065,136967.70846720936,105998.71465434057,113761.27675060347
2026-02-02,128015.35458246777,168257.69478450043,167652.76328963067,153636.08675802907,166882.4843631577,154540.20261671077,165055.21501506196,138172.9100276629,203723.1085587009,161519.76575290906,121183.70726936516,180797.34982937502,157722.15372464096,156389.72257129452,158775.67410405484,157972.67476606305,126858.84134398673,82938.25909063267,164918.73380911662,152000.57521022376,136921.20919381818,105481.53115907499,113789.70924577714
2026-02-03,128710.17831586895,171556.04745306066,170925.85002948236,156635.52576794077,170140.44419970486,157557.21051408513,168413.2818801713,138477.66421881327,209617.59363071618,164368.2950225177,121396.17086282739,185073.1952043239,160675.96182285986,159221.0841371547,161624.17045667625,161154.28343867543,126890.54732951429,84011.92564721944,168204.43592474365,155028.90680124128,137161.26433639482,106200.33863905049,113818.14884711914
2026-02-04,128793.77180711413,170241.56645243746,169661.39909342767,155476.78975965103,169497.29373432318,156961.62612059765,167600.91612561513,137636.78938244013,210863.84875270823,163981.6581392042,119771.0652809434,178585.61296480626,159598.5146335777,158137.96593644886,160344.11478821124,160284.2968321645,126922.26123935761,83161.28493095197,167378.1112969122,154267.30855318456,135325.11468927612,105530.01011974066,113846.5955564055
2026-02-05,128895.27578547977,169174.67874951445,168546.15980025928,154454.79049498533,168327.75387373182,155878.58299768492,166507.16775387712,137530.98875285452,210823.17857852572,163010.71787717164,119491.38054739252,178149.83502582012,158531.47795186666,157181.82037275378,159293.68964073004,159088.6833533788,126953.98307549725,82710.93021116489,166258.71493966156,153235.59501609628,135009.1087444694,105206.10588366237,113875.04937541277
2026-02-06,128826.01609067568,170189.8614088947,169725.63816454474,155535.65809745676,169780.08092232313,157223.49895583076,167747.0226696798,137928.3022435882,210674.41499401207,164907.8211385412,119813.78851507971,176736.4085291493,159735.72116072985,158204.14931855674,160529.70886188332,160445.37991814147,126985.7128399142,82856.475215201,167714.2607328373,154577.12725259532,135373.38616908496,105414.51223100795,113903.5103059178
2026-02-09,129913.28396666436,171577.62701566733,170935.64783867646,156644.50442736666,170611.84684537863,157993.74919970264,169070.41273198344,138016.23282618576,221324.17044839484,166367.9499609263,119756.7129154416,181571.45982866266,160881.80725976077,159203.54230118246,161711.25936429438,161704.56362391074,127017.4505345901,82916.80196813784,169026.7361251517,155786.79585708486,135308.8984562232,106182.86643368068,113884.38669961048
2026-02-10,129998.06765133202,171761.14408128985,171096.85923744924,156792.23768247233,170743.68280740382,158115.83484794362,169221.33562659082,138145.07371156395,220504.26404206903,166482.27912435654,119771.6516093833,182003.55657816617,161022.04859204605,159378.68124937554,161839.19408199989,161821.6053079155,127049.1961615068,82832.83618607589,169211.33433088424,155956.934402331,135325.77716116104,106167.0177076004,113990.1820760757
2026-02-11,130064.34118901969,171771.9687293109,171000.75464132515,156704.16794966123,170578.59062376735,157962.95253913227,169241.77930119442,138225.15164042538,225677.56227510804,166589.3951011057,119781.25763776246,182733.7256157168,160831.53925040862,159126.83065788873,161680.92845741895,161661.31050815215,127080.94972264697,82780.18533161956,169218.13515109455,155963.2025112353,135336.63067481283,106479.78542790237,113970.24245787437
2026-02-12,129913.10163316135,169831.70081631132,169038.01617309282,154905.52501845153,168989.13153774824,156491.04654407388,167593.63941532574,137977.49376888678,227002.82047322489,165346.35654354934,119811.1947141294,178567.4212057984,158834.41426475756,157113.14417436338,159688.97095553955,159676.5184542067,127112.71121999348,81949.03862915808,167517.56063516292,154395.8347620465,135370.45552460704,106397.85408250129,114009.51230645478
2026-02-13,129272.78847390757,167737.57803973724,166878.9372707228,152926.95677386556,166488.40733103454,154175.2707029553,165418.92523591005,137460.83040753705,227325.63564540862,162854.36087949356,119824.92306806028,177618.5850528423,156834.25840210196,155087.53077930145,157736.6201094138,157655.34428035966,127144.48065552997,81511.07145270372,165219.80697182717,152278.06517667798,135385.96670893047,105610.06239950522,113505.7732972084
2026-02-16,129513.89292792759,169012.4616382866,168211.5425537338,154148.14905759305,167958.94031221102,155537.04612074592,166848.08545685926,137564.53154320197,229427.9596426229,164382.10096686383,119900.57473054843,178279.40321244163,158029.51328815194,156257.45046740686,158948.14268108114,158859.71468118826,127176.25803124036,81826.222368834,166636.64380154,153583.92054023326,135471.44286194482,105874.69120479104,113570.76145786014
2026-02-17,129597.15942173166,169679.921433898,168948.91433567728,154823.87257589784,168457.11326458253,155998.3752368089,167523.912057482,137560.73942154154,229948.372868536,164964.9290019688,119930.54162798243,179823.55712659087,158707.7609064124,156969.85722640512,159604.20339285984,159525.14776101997,127208.04334910915,81867.5012885003,167373.15338312887,154262.73899501792,135505.30140551395,105901.15259598389,113599.14633731345
2026-02-18,129882.48508804488,170193.32329635244,169525.8988446451,155352.61806352623,169053.69951936687,156550.83921195014,168181.39458150158,137650.82249283927,230709.42632876025,165642.27047351282,119945.50564692708,179362.42396816722,159126.40392875398,157374.3024168468,160035.0877646848,159945.87876586546,127239.83661112137,81936.39522176416,168065.82247210352,154901.1510026941,135522.208724282,105927.6206007046,113627.53831103446
2026-02-19,129384.7612981805,168139.01340137445,167419.1364487471,153421.99238290102,166784.0416144049,154449.04048908266,165993.0743977287,137433.55634955337,228054.59891370122,163379.20183845086,119835.12367706388,178034.67665188707,157279.9044069538,155561.16374032112,158169.37005354118,158085.2794961176,127271.6378192625,81140.02870523048,165826.27083951747,152837.02445682767,135397.4920183203,105954.09522060615,113609.49692966303
2026-02-20,129780.4170250532,168797.00536510264,168060.43446585903,154009.67442202463,167375.0011022346,154996.29384126025,166702.01445720164,137909.2624362237,229204.35010612977,164057.69673426397,119903.11246934811,178337.5641687106,157818.67365125913,156104.4562567115,158763.7103935351,158564.0553481199,127303.44697551847,81002.53689830804,166589.21586924288,153540.20765920583,135474.31016377025,105980.57645734189,113948.78687156191
2026-02-23,129846.3314926741,169438.52614262956,168679.2320322874,154576.73716967055,168187.74121623393,155748.9253853764,167457.59333773743,138198.22383148514,231381.67849641774,165027.58452322963,119965.42371301248,178100.9921298952,158284.94902919215,156610.12566516132,159262.2077340202,158958.21070630747,127335.26408187581,81166.65985358425,167352.629984536,154243.8232034682,135544.71344669617,106007.0643125655,113977.26623136965
2026-02-24,129406.02801231717,166935.89934737163,166157.49133715816,152265.82761699698,165955.7003251613,153681.9616002226,165035.62062843778,137879.2188280563,229403.75074622294,163222.42294487153,119889.17145911291,174410.4493328628,155769.53650187553,154274.42861018196,156758.00305020012,156250.30253027962,127367.08914032149,80388.21199605812,164954.09765636484,152033.16899141055,135458.55870656695,106033.55878793121,114005.75270905868
2026-02-25,129401.80541290049,166606.09711766476,165819.9871889708,151956.54063851436,165689.96979561856,153435.88394843249,164619.59715458588,138096.35424187462,225745.56119079006,162895.8926914243,120011.53607279652,174207.79256896145,155621.3287108261,154087.61090370055,156601.46721278227,156149.56697173492,127398.922152843,80389.44782229184,164593.00916343278,151700.36472254567,135596.81418038948,106060.0598850936,114034.24630640795
2026-02-26,129347.990311577,166944.47387881254,166109.58899837112,152221.9301724611,165925.96539400314,153654.42580278096,164898.47218774082,138137.5115031382,227211.987441776,163176.5464679019,120106.92093830455,174968.90328931695,155875.29129842628,154289.43974874305,156870.80231944867,156441.02420053715,127430.76312142832,80316.68944217358,164877.1509109534,151962.24951917745,135704.5861855413,106086.56760570762,114062.74702519689
2026-02-27,129190.86686539368,165338.04278627914,164452.84832319245,150680.5403926654,163879.28561997382,151728.02205015338,163105.19166761,137907.5687751254,224764.696564574,160900.0222888545,119734.91370715534,174369.52385246035,154426.43215736657,152906.10763547322,155372.34736212567,154975.50616386443,127462.6120480659,79792.21583904883,163015.68963348898,150220.33319739567,135284.26829739008,106056.32836940362,114029.33022560054
2026-03-02,128712.31182144624,163480.4945695619,162646.49977390983,149152.71767931676,162398.70811382166,150535.18926609607,161299.6225341181,137289.3693625207,222094.51216180538,160049.891470954,119611.7886174721,171185.8584474534,152744.7594579834,151254.74102418387,153731.54431536008,153223.06167746062,127494.46893474465,79499.01826719184,161275.20838160708,148741.07268144324,135145.15358847915,105400.84154150082,113285.47720357518
2026-03-04,128262.46153058829,162029.49301863572,161204.25788268005,147947.43433306305,160947.4487844732,149437.7835290193,159730.34831005993,136508.83784948403,218924.68163217348,158405.24297708727,119628.02156414272,167836.55408677508,151483.01265428506,149975.55611840208,152379.70437453347,152068.95426343454,127526.33378345417,79109.5366325971,159633.89991466276,147346.170810442,135163.49462406058,104862.68729160377,113313.79078158554
2026-03-05,128294.51832462748,162909.483193935,162103.91362003906,148715.90132647558,161581.26811152947,149977.52169244317,160658.7916273592,136489.21761860268,218795.14307495774,158300.8941158958,120007.61367196127,168638.91039355798,152292.99287223784,150756.26078742972,153177.32383098072,152920.62563028507,127558.20659618433,79378.53974640566,160447.8458358554,148050.2959012247,135592.3823976242,104888.8957514196,113342.11143604314
2026-03-06,128326.5831306605,160848.6307179323,160088.4157315031,147070.04018647937,159171.45362312908,148102.23046123423,158467.9504585118,136523.3305358628,214266.5460153521,155568.26970344054,120019.65560380179,164870.07455213476,150437.0152896152,148955.68630340253,151208.40458292674,151121.34262562759,127590.08737492561,78779.63894844589,158228.96793673947,146337.18599676777,135605.98815293395,104915.1107615479,113370.43916871659
2026-03-09,128358.65595068972,158800.96139583318,158129.75298891662,145510.5788274646,156981.95956267946,146451.07073445476,156350.75147868955,136557.45197900612,207302.1132918397,152743.43724768976,119580.72321417015,158905.07929753387,148688.2562606885,147257.7515544263,149310.43131638662,149469.93071735534,127621.97612166885,78288.41855311554,156042.70308429998,144638.43536501727,135110.05388176077,104941.33232362573,113398.7739813749
2026-03-10,128390.73678671809,159185.46706980476,158515.54330013174,145771.43167429243,157700.38974720647,146959.88388974158,156901.6758154426,136591.58195016347,209238.11550619692,153836.4095354449,119751.18137968783,160748.4140863911,148931.28199094662,147540.08592048916,149613.1231002295,149613.72562260914,127653.87283840572,78422.91967804029,156612.80027110517,145008.25445701383,135302.64856850164,104967.5604392907,113427.11587578763
2026-03-11,128422.82564074911,157030.23217040204,156416.83024507583,144042.73080652647,155500.98741657482,145219.77858929275,154772.32872181438,136625.72045146624,205636.12156356196,151741.33987617953,119557.2719111007,158041.60780958456,146940.38054896446,145641.37979163253,147646.7845665617,147505.61398507727,127685.77752712803,77813.05651533823,154511.5938010464,143329.83641383387,135083.5570791312,104993.79511018073,113455.46485372476
2026-03-12,128454.9225147867,155586.50209837302,154944.84973700283,142823.39964477625,154016.6043287006,144070.59788651852,153273.94951605017,136659.86748504653,204108.92788159897,150259.22852585625,119505.4776915891,156331.76258097272,145530.86790256572,144343.7468508476,146071.462561444,146147.92223770393,127717.69018982821,77108.7361961094,152923.9176840445,142047.0116999974,135025.03661194482,105020.03633793416,113483.82091695664
2026-03-13,128487.0274108353,153178.51872219087,152620.68326232146,140944.21575903948,152141.6595773173,142604.94538382694,150914.33188596737,136694.02305303668,197814.68252700966,148693.16234665635,119535.34584193643,149565.29227005297,143287.2270533501,142218.8758195466,143553.59615277444,144057.13970544018,127749.61082849927,76075.8588395485,150640.32718779982,140190.9626194086,135058.78358465334,105046.28412418977,113512.18406725411
2026-03-16,128519.14033089989,154656.9115518396,154139.56858608674,142091.65835288542,153931.73239863894,143914.71765177327,152583.61273183685,136728.18715756974,200751.1837887837,150742.32825379368,119565.22145726718,152055.20451224386,144582.6107969576,143531.5077452361,144879.93699011963,145303.83269025554,127781.53944513464,76356.09716768774,152303.49726717715,141456.57331722067,135092.53899178415,105072.53847058673,113540.55430638847
2026-03-17,128551.26127698588,154936.9235869019,154393.63446843726,142352.38070713673,154270.755913148,144259.52266338703,152927.02776046438,136762.35980077932,200848.70589505485,150763.53634441202,119595.10453944701,152472.27195211622,144843.58447970217,143675.3330211102,145192.0860556576,145632.63605857853,127813.47604172824,76250.1116349754,152567.05880435812,141632.93789760754,135126.30283544512,105098.79937876466,113568.93163613147
2026-03-18,128583.39025109928,156008.6277018432,155428.93088065292,143238.0602668283,154956.68390248748,144870.50304364713,153833.91646127304,136796.54098479947,201813.69959416662,150976.94147434284,119624.99509034217,153618.05585379072,145943.93462053573,144741.9775187931,146325.32975673984,146734.09826065955,127845.42062027453,76220.72496011372,153420.9535516491,142367.3263963687,135160.0751177449,105125.0668503635,113597.31605825518
2026-03-19,128615.52725524647,151836.53305939937,151211.84389954852,139795.20048740134,150470.3703906162,141378.63311548965,149488.20822303384,136830.7307117647,197560.44187342067,146651.25676828166,119654.89311181927,149741.64130128545,141973.71119045367,140937.81375959681,142188.81784421936,142762.1076396709,127877.37318276844,74689.06180839534,149096.37744577668,138855.78118197143,135193.8558407925,105135.99879653315,113625.70757453228
2026-03-20,128647.67229143452,152834.69874301524,152167.0177702537,140591.25130513744,150996.1467009555,141808.86682401743,150238.33927656032,136864.92898381033,199001.82895826414,146777.520097009,119684.79860574554,150771.6827128266,142900.29812498452,141797.8355601731,143106.29272403356,143764.92495254468,127909.33373120545,74937.65880316569,149883.75327666904,139527.68653058048,135227.64500669762,105362.67307591662,113654.1061867358
2026-03-23,128679.8253616708,150131.5340986987,149401.0762639105,138384.48851750093,147846.5136142307,139382.93038285786,147242.22318927717,136899.13580307193,194423.6944911238,143273.64097823948,119714.71157398852,147017.37452630923,140370.23805445057,139382.15218540226,140486.27240654491,141209.15750250636,127941.3022675814,74488.45383435811,146868.45559433594,137216.133513069,135261.44261757037,105373.40959191129,113682.51189663923
2026-03-24,128711.98646796327,152009.41322875107,151312.15577253117,139993.04562960358,149845.414960648,140961.91834853246,149221.9302988685,136933.35117168573,195254.714227091,144938.5526834239,119744.63201841623,148420.09233201644,142278.6248989571,141339.66897236402,142509.93099336055,142952.5323769352,127973.27879389284,74738.19293679374,148839.15997654755,138867.60261680032,135295.24867552132,105411.04932309799,113710.92470601654
2026-03-25,128744.15561232042,154048.3388009249,153319.09536008825,141635.33664061586,151883.33539298206,142525.8354623465,151325.8779336789,136967.5750917885,200566.67266750682,147206.32646530043,119774.55994089729,152943.65288697786,144170.29958100154,143353.0833207964,144364.26195624197,144757.24740003445,128005.26331213664,74915.96436430472,151011.79500118823,140600.33312382348,135329.06318266175,105437.39483570769,113739.34461664206
2026-03-27,128776.3327967512,151163.63058278363,150532.45408923173,139443.98096415016,148940.96712939563,140349.62696942422,148412.8343114465,137001.80756551758,194016.3953065939,144548.39661149608,119804.49534330062,147559.3512428105,141691.90019395453,140797.95915698406,141852.10397880027,142391.02592405558,128037.25582431015,74105.6334146052,148174.6216243606,138364.1622009929,135362.8861411033,105463.74693288363,113767.77163029063
2026-03-30,128808.51802326507,148212.44129874266,147610.13003698326,137010.3419694738,145777.08193001826,137841.61995714152,145382.23948013797,137036.04859501065,187493.65645106652,141087.37480528263,119834.43822749573,142198.44199841653,138997.31760144598,138123.86634938355,139178.9521966425,139655.2850690341,128069.25633241149,73322.09365496898,145125.55608065607,135925.41962230462,135396.71755295832,105490.10561627148,113796.20574873754
2026-04-01,128840.71129387202,150522.49563839842,149859.83609432343,137742.37478130445,147719.4292453116,138590.2776759246,147596.81715477965,137070.2981824062,194634.24572681234,142925.39311079698,119864.38859535253,144574.05262852574,141161.87590667824,140298.67822531026,141472.40261936857,141680.62512244473,128101.264838439,73973.60841748115,147322.13268551428,136658.6918286456,135430.55742033946,105516.47088751732,113824.64697375847
2026-04-02,128872.91261058251,150912.4462176039,150491.286267277,137957.61572405373,148260.7680798943,138801.43522127168,148180.46937026613,137104.556329843,194761.64647061712,143410.88580068923,119894.34644874146,145226.7342117042,141786.11263327184,140853.72878228492,142215.11834052426,142257.0562819196,128133.28134439161,73845.36578626698,147920.994615095,136867.3188252956,135464.40574536013,105510.45090047755,113853.09530712957
