,Breakout_20,BuyHold,EqualWeight,EqualWeight+Regime,HRP,HRP+Regime,InverseVol,MA_20_50,MaxSharpe,MinVariance,MomentumPullback,MomentumTilt,NIFTY50_Index,PPO_ensemble,PPO_s0,PPO_s1,PPO_s2,RSI_35_60,Random,RiskParity,RiskParity+Regime,Selected_OOS,Sentiment_Momentum,VIX_Regime_Mom
2022-03-17,1000100.3526685219,998760.306957371,1000249.9312242776,1000249.9312242776,1000249.9312242776,1000249.9312242776,1000249.9312242776,1000100.3526685219,1000249.9312242776,1000249.9312242776,1000249.9312242774,1000249.9312242776,1018361.9883565083,1009342.2717101796,1006823.5136433413,1010684.7659448852,1010518.5355423125,1000249.9312242774,999805.3749615822,1000249.9312242776,1000249.9312242776,1000100.3526685219,999205.2772191507,1000100.3526685219
2022-03-21,999863.6203243028,987441.3651994554,1000499.9249141722,1000499.9249141722,1000499.9249141722,1000499.9249141722,1000499.9249141722,1000162.5109356922,1000499.9249141722,1000499.9249141722,1000499.9249141722,1000499.9249141722,1008379.7979584137,999483.485285194,997302.4291447721,1001062.2430005166,1000085.7837102937,1000499.9249141722,994389.1323002806,1000499.9249141722,1000499.9249141722,999863.6203243028,993086.2797972504,1000162.5109356922
2022-03-22,1006303.4850713011,997915.2107834906,1000749.9810852956,1000749.9810852956,1000749.9810852956,1000749.9810852956,1000749.9810852956,1002525.3203859221,1000749.9810852956,1000749.9810852956,1000749.9810852958,1000749.9810852956,1020037.9019255748,1009352.2383729257,1007718.8389064198,1010465.1868668809,1009872.6893454766,1000749.9810852958,997266.9366053998,1000749.9810852956,1000749.9810852956,1006303.4850713011,1006181.8244864477,1002372.7795631683
2022-03-23,1005704.1897216961,994011.4778648388,1001000.099753264,1001000.099753264,1001000.099753264,1001000.099753264,1001000.099753264,1003518.5297442058,1001000.099753264,1001000.099753264,1001000.0997532638,1001000.099753264,1015923.134867321,1005727.194735621,1004350.7200612804,1006897.5905363302,1005933.2736092518,1001000.0997532638,995799.3132915939,1001000.099753264,1001000.099753264,1005704.1897216961,1003257.4806525392,1002323.1439295975
2022-03-24,1008827.4653502762,993246.6364295505,1001250.2809336974,1001250.2809336974,1001250.2809336974,1001250.2809336974,1001250.2809336974,1005633.4179163615,1001250.2809336974,1001250.2809336974,1001250.2809336976,1001250.2809336974,1014574.096929843,1004446.4101413202,1003155.3625324166,1005463.502631309,1004720.365260235,1001250.2809336976,997543.9582337767,1001250.2809336974,1001250.2809336974,1008827.4653502762,1003089.3779741714,1004121.239393605
2022-03-25,1009362.6744539499,989553.7151184618,1001500.5246422195,1001500.5246422195,1001500.5246422195,1001500.5246422195,1001500.5246422195,1004688.0780302607,1001500.5246422195,1001500.5246422195,1001500.5246422195,1001500.5246422195,1010465.197755155,1000733.6812479813,998865.3291838745,1002127.2111405091,1001208.5034195604,1001500.5246422195,997856.2628717895,1001500.5246422195,1001500.5246422195,1009362.6744539499,999999.1906343577,1004070.2849532877
2022-03-28,1015418.8073727736,998760.7718692827,1001750.830894458,1001750.830894458,1001750.830894458,1001750.830894458,1001750.830894458,1006255.5248536771,1001750.830894458,1001750.830894458,1001750.8308944582,1001750.830894458,1014529.9152182871,1008531.2665478976,1005866.457884953,1010157.2051602941,1009570.1365984459,1001750.8308944582,999563.5925811752,1001750.830894458,1001750.830894458,1015418.8073727736,1008054.9170508746,1005625.8483028404
2022-03-29,1017621.268923065,1003702.7445635722,1002001.1997060447,1002001.1997060447,1002001.1997060447,1002001.1997060447,1002001.1997060447,1005946.8360411047,1002001.1997060447,1002001.1997060447,1002001.1997060445,1002001.1997060447,1020615.2556458532,1012960.6383435385,1009983.4608290814,1014707.5007906436,1014190.9534108915,1002001.1997060445,998366.57204817,1002001.1997060447,1002001.1997060447,1017621.268923065,1011511.4337782803,1005325.1111118624
2022-03-30,1017522.5355394349,1010979.5460889925,1002251.6310926148,1002251.6310926148,1002251.6310926148,1002251.6310926148,1002251.6310926148,1006787.6003784315,1002251.6310926148,1002251.6310926148,1002251.6310926146,1002251.6310926148,1030803.5123080008,1019903.1079498726,1016104.7845681077,1022087.4294401079,1021517.1098414029,1002251.6310926146,1000887.1770411936,1002251.6310926148,1002251.6310926148,1017522.5355394349,1015862.9417838589,1006183.3414264985
2022-03-31,1017563.8362992568,1011720.3062063742,1001013.5042758017,1001385.0918470295,1001010.724602767,1001381.7080209799,1001010.5449046165,1006253.3323242697,1001003.2790756369,1001012.7345244895,1002502.1250698079,1001003.9478720237,1028830.0625251759,1020824.6852139324,1017127.9552673626,1022555.7062782771,1022790.3940961587,1002502.1250698079,1000697.3231341607,1001012.8424015341,1001385.8485298299,1017563.8362992568,1015086.9493653318,1005644.4466497
2022-04-01,1020440.8412516639,1023218.1041546975,1012524.7942350153,1010085.8148053021,1011217.671290815,1009098.6139678168,1012167.7155125497,1008136.9602800985,1007195.0975350436,1010638.9534993259,1002752.6816532679,1011769.4735913319,1040947.5872585927,1030772.4691825121,1025328.0415626691,1033282.1264041099,1033707.239580759,1002752.6816532679,1009471.4736726433,1011872.8776719607,1009580.7710595496,1020440.8412516639,1025077.7358950089,1007519.5776560941
2022-04-04,1021707.2173328112,1041685.5587542418,1031086.8368828999,1024082.8686938959,1029736.3125987236,1023023.063563956,1030898.7391801146,1008250.7672891228,1007672.422330764,1030026.4122828293,1003003.3008586408,1019665.9760880546,1063506.8382129006,1046954.2232257825,1036949.588590493,1053169.5560390195,1050743.5250478368,1003003.3008586408,1012329.9346767019,1029764.3853147582,1023039.1790921645,1021707.2173328112,1043601.4422439743,1007626.5003380098
2022-04-05,1017925.8029794387,1038220.6336739192,1027672.8936484228,1021607.15407529,1027971.6937078724,1021785.2901660303,1027746.0198533374,1007289.630888548,1000362.8784933431,1029687.1772966353,1003253.982701579,1021801.606378462,1057851.5791337604,1043831.5952875487,1034291.3954461572,1049737.170662655,1047466.219753836,1003253.982701579,1011026.4976945957,1027217.653354956,1021188.1342619391,1017925.8029794387,1040142.1394703321,1006652.5130700574
2022-04-06,1013878.8914063979,1033955.1548415533,1023486.8635795702,1018504.8284852314,1022978.6509831129,1018103.2547155136,1022638.8467168921,1006714.256250787,997278.2041209532,1021976.1682796396,1003355.276685896,1025013.8698336822,1049029.964059789,1039622.6477020894,1029538.5434734867,1046647.5478589614,1042681.8517738214,1003504.7271977369,1007004.2717320957,1022403.7988581109,1017640.6549444717,1013878.8914063979,1035731.3093439955,1005932.0750419878
2022-04-07,1007873.966638112,1024671.8570137025,1014479.6516905143,1011785.0168209182,1013645.8028785302,1011149.6882802227,1013335.8135056234,1000939.2424057099,987054.2747324208,1013066.2566766704,1002608.6940045875,1012265.9453935694,1039127.3927877272,1030560.082025776,1019300.2018806587,1038219.756449792,1034160.2877468789,1003755.5343627742,1002317.3173541662,1013430.8858502296,1010946.7624603081,1007873.966638112,1027456.7779348472,1001131.7691400375
2022-04-08,1015959.3337259976,1033094.1284045669,1022728.6392985282,1018021.853974056,1022253.339457706,1017667.7416209687,1021581.5373460995,1007261.3851648355,988962.8696551662,1022476.454450745,1002880.8469526314,1034760.4225051794,1047657.3395315063,1037249.3868296606,1025115.6462734141,1045563.8333673361,1041068.6808482333,1004006.4042123525,1002033.7720319126,1021810.8305912053,1017279.9844623927,1015959.3337259976,1035583.3566187522,1007102.8486043629
2022-04-11,1012251.0473658363,1025501.7538805684,1015166.8324920029,1012433.4864177728,1012536.2905211608,1010426.3695299362,1013560.8607219441,1003041.9315223616,973777.1317725178,1012691.975606506,999243.5954151133,1032047.7739316088,1041212.6775279278,1029730.5909798467,1016304.1081109012,1038622.9859387956,1034264.6788898448,1004257.3367621402,996234.5127239714,1013824.5033814581,1011333.5834516932,1012251.0473658363,1030311.7580919699,1005176.0694357482
2022-04-12,1005857.754639263,1015433.7793249746,1005301.2094357458,1005106.2189198754,1000895.3776113583,1001745.3249255308,1003597.6817503269,996310.2269808123,959599.5590703433,1001670.0928949345,997664.8094488686,1017768.4109430336,1032691.590137768,1020239.5619138549,1005947.1014872297,1029528.6631668545,1025242.9210874825,1004508.332027807,991715.6419982268,1003599.3545995336,1003733.1058952428,1005857.754639263,1021703.6597675466,1000053.703963117
2022-04-13,1009952.3557783838,1016872.8411056724,1006781.2233006678,1006260.537644655,1003151.8688405867,1003506.7042930541,1004949.0197032016,995208.9542518533,962568.9837935432,1004119.75045373,994893.9454108315,1025710.418668273,1029472.1930777617,1021264.1883301372,1006426.6245593391,1030611.003966319,1026754.9364647552,1004759.3900250276,990312.8382796263,1005279.6242968291,1005051.0477229664,1009952.3557783838,1023371.4681326502,999605.4598959128
2022-04-18,1008068.6548779932,997852.8574051241,988123.95175414,992296.4756771815,984121.8958007483,989248.8032907823,985343.290352156,985314.5642251264,922985.0183994207,983520.1424358512,984747.8773264483,1020028.8481022344,1011681.690557966,1000496.5203349246,980592.979118501,1012387.0884562402,1008509.4934300338,1005010.5107694808,980945.4143448068,986217.916355308,990762.3007235542,1008068.6548779932,1016311.2387724924,993675.5046321374
2022-04-19,1001414.3115100347,985910.2769691458,976104.2553157056,983318.1312117779,966010.9845692188,975693.3785907864,971774.9307242716,983796.4112698608,907250.5677952304,959393.4368254332,987910.1126061634,1012857.0322375064,999016.2665786413,990859.610440311,972801.4151321342,1001104.6613214654,998672.7548673347,1005261.6942768497,977452.1532650408,971930.6929943361,980114.9745049116,1001414.3115100347,1010512.0814230499,989923.0537612857
2022-04-20,1001216.6505344487,994552.439778906,984417.8225078381,989654.8520155224,977420.4841603866,984325.5907347675,980935.2772606919,989926.6258603762,919463.973899945,972708.7912306349,993114.3788366861,1020619.7897234157,1009496.1915709815,1000451.0339686461,986070.8272508943,1009646.1894892796,1005636.0851657657,1005512.9405628194,977101.3536404765,981776.2898463653,987516.3166754332,1001216.6505344487,1009725.6320772456,988675.2701412083
2022-04-21,1005200.1159571268,1007040.9867646694,996740.2594097739,998969.213714991,989777.7306339273,993671.3796070789,993656.6372735323,995516.1652987547,929817.5177804868,985577.6908810751,992700.953153631,1028412.0746005245,1024579.7588622018,1012070.5464768098,998068.1979490238,1020994.5386386701,1017148.9028427376,1005764.2496430814,980629.0553091944,994342.544680078,996991.623503793,1005200.1159571268,1009977.9940406552,992666.0410472421
2022-04-22,999514.144738027,993734.2061803095,983399.9884001876,989039.9852808772,976596.6735291308,983840.3837767673,980319.8308465149,989954.8528127606,916386.5448043154,971900.3693126467,990114.326448614,1024507.6104559035,1011581.4763111821,998952.5970162966,984277.1024720304,1008468.2547627606,1004112.4338141006,1006015.6215333291,973902.4967077553,980942.5447148401,987039.4443562,999514.144738027,1010230.4190771995,987259.8886863388
2022-04-25,994282.0288504068,982726.1958042355,972599.3758122216,980993.4636227182,964598.4240216399,974879.8909370258,969100.2828149481,983026.8028188251,906734.063546898,959423.991778162,990122.693085144,1007824.2049067752,998739.3254856342,988886.0274154013,973554.8260759935,998759.8722911489,994343.3838790635,1006267.0562492613,963000.0366796295,969598.2375826155,978596.6085518675,994282.0288504068,1009861.9836998037,982089.1308596194
2022-04-26,1001064.6068178237,998163.197045838,987818.336608779,992451.4217395297,980323.81843053,986744.8076622745,984009.9132381398,992173.2869447143,923634.3116791605,973445.8453413461,994597.7293980207,1028748.3672762938,1013281.091527594,1002229.145415604,985042.9084457373,1012974.966442128,1008669.5613589487,1006518.5538065801,968957.6602786916,984623.4218064809,989911.0337431392,1001064.6068178237,1016484.0342344848,986650.2875005015
2022-04-27,999082.643170228,990680.857015192,980362.7008528612,986950.2668771546,974433.6546532458,982379.7421565724,977057.4791810134,987835.0304925129,911876.7936872148,969011.8937932197,990831.7441058109,1023354.6016385915,1003714.2552407401,994374.3683669092,976562.5818441473,1005230.8631918896,1001329.6600646921,1006770.1142209908,963071.4618403564,977917.1828968182,984929.2253814328,999082.643170228,1016738.0853336196,984569.7992266963
2022-04-28,1002090.5176044361,1005584.5835645593,995257.6355825664,998165.709870304,991351.862362134,995147.6638910702,992365.836158199,994165.6390450688,922538.1920967238,987375.4833100564,992644.2969304594,1034061.4993480728,1015887.8125093853,1006956.7769696495,987855.9916421521,1018146.9003893271,1014867.4388774708,1007021.7375082044,966087.8687953864,993661.1526286576,996755.1804342793,1002090.5176044361,1016992.1999280567,986641.4489331397
2022-04-29,1001053.2888691447,997236.9726412949,986964.065145602,991715.1860243093,983977.3522541996,989440.1970787249,984417.0094008641,987359.5465049598,909754.7000009536,981151.8461375431,988715.7163623947,1022750.0883334837,1007493.2873137861,999439.6003603266,981069.350805758,1010110.5409120088,1007138.9093632139,1007273.423683934,959054.7229043301,985762.2816213818,990595.7243720724,1001053.2888691447,1017246.3780336654,984125.072970823
2022-05-02,1000691.4947726784,995990.7125999797,985478.8697619075,991043.5799587936,983202.56146272,989132.8816818444,982905.819092982,987035.047460412,909598.1292249032,980981.6385637646,987857.3871134911,1028848.5672960397,1005522.7139444738,998535.12186876,980776.9258825504,1008814.1287154575,1006014.3110082737,1007525.1727638975,957540.5636623276,984418.6317841809,990016.3541929133,1000691.4947726784,1017500.6196663192,985046.3335236846
2022-05-04,995017.2703709668,973491.2658888235,963419.9035028978,979872.2633687153,961575.9380608253,978208.3122247499,961201.5175879472,972797.9590247342,887389.5823114795,960387.2577842593,980843.7657991125,1007055.2017494654,982459.8605123542,978679.0789304883,963110.6736991188,987889.9569153561,985036.6061769917,1007776.9847638172,941784.8375998377,962705.07705621,979067.7203378448,995017.2703709668,1017278.0548103406,979408.0050108102
2022-05-05,993014.4278102455,975880.420303936,966364.0781118133,981582.6697638727,965012.520912701,980143.6746433943,964632.7833068477,972292.8426971814,882824.1820176899,964648.0200374976,980562.6433384859,1003343.1961462953,982757.3967261126,981445.1444427178,966572.3662125951,990203.7624277216,987559.3046878384,1008028.8596994183,938654.7333283584,966046.8542996977,980908.5530391178,993014.4278102455,1015627.1175268547,978270.8044276811
2022-05-06,991534.2808027314,966726.0802490928,956816.112521835,976695.1703982065,954712.5447138314,974926.20769966,954625.9813467958,972271.004091457,881697.8494709026,954361.1666412969,979188.6513492852,1009345.8146619645,966769.4850264846,972035.7030770935,956334.1797987741,981108.6966538485,978664.2327786592,1008280.7975864299,935231.6715437851,956174.8406051443,975957.6567477351,991534.2808027314,1015880.9544557479,976683.9114713625
2022-05-09,990316.8972289813,958574.9584166443,949507.171405891,973155.5063376706,948743.4622383141,972055.8777555284,947842.0873395728,962520.3159959571,867096.2269288572,948358.2132054663,972416.6367802746,985434.150390365,960324.8230229062,965248.2823475351,949940.3223797394,974683.0183756016,971121.506287266,1008532.7984405865,930043.892516015,949315.8802871709,972618.6117325725,990316.8972289813,1016134.8548264151,973821.9117280593
2022-05-10,993364.0403500824,959524.7664613427,950407.6677889589,973750.6203083777,951465.4009428638,973546.8612254735,948929.6744511394,962546.1493451209,863403.2971033946,952453.9890910354,973641.436948324,972207.6292806137,956684.2614963637,966312.6551193321,951496.660856182,975901.2498723629,971540.0546294532,1008784.8622776248,932951.4601088685,950850.5334501938,973524.858919246,993364.0403500824,1016388.818654713,972764.5194913102
2022-05-11,992839.8039300287,953491.1634408943,944315.9928454319,970710.353321354,943972.2052489172,969826.8779047087,942402.8846493362,959190.5680655765,859214.8573578453,944840.8884631114,972929.8137464053,959758.5508322422,952386.8421800503,960529.9132412912,945170.2803924272,970522.4915838217,965896.9677476261,1009036.9891132868,930915.3599878037,944324.5284878137,970309.4528808347,992839.8039300287,1016642.8459565013,971055.2298812788
2022-05-12,991970.1957953181,935957.5137505305,926918.9871515575,961977.6498727355,928827.8444405815,962230.5052086883,925755.110893825,957166.7963282508,840535.2670825173,931894.2323209075,970906.0105286244,945248.147085676,931232.6616984488,944767.5870119969,931088.155233904,954089.8144386517,949124.791363437,1009289.1789633174,921929.0890410985,927878.8365762243,962045.9317719621,991970.1957953181,1016896.9367476443,970064.3538195607
2022-05-13,994643.297991201,933308.0553358973,923951.7884637592,960637.4629120288,930938.6230528188,963387.6176567501,923998.1004686084,962126.4086902101,834831.1408709653,937199.9838602926,975883.7514433332,960747.8335072437,929709.8883848011,942454.3757303305,930637.6606767926,950635.5417165321,946089.9247976682,1009541.4318434657,911896.2308890464,926702.6076178155,961560.2709420783,994643.297991201,1017151.0910440098,970306.8031911389
2022-05-16,995892.7511566827,935428.8562818007,926040.2479173676,961769.7047393286,931291.02481981,963665.9568336642,925500.7932236074,961509.0897946565,837200.115350436,936057.7938992056,975381.5026891225,951579.6361589768,933253.2271346129,943759.2422297092,930621.0863935343,952607.9821603404,948048.658135254,1009793.7477694851,909916.5112430031,928070.692625817,962379.3416756936,995892.7511566827,1017405.3088614696,970411.237681396
2022-05-17,997345.9849932707,960762.8460316892,950849.1457248607,974583.8331869578,954766.8013285185,975800.0048027171,949963.5294909198,967244.0042652638,864208.1186215642,959028.2121203318,980853.3111286485,990605.6720452901,957818.2587596291,967203.2165410643,952710.409867893,976143.0612305575,972756.1785247442,1010046.1267571334,922722.9882324911,952400.4675768374,974895.5822128867,997345.9849932707,1017659.5902159,971782.8323207472
2022-05-18,999625.1479524771,958133.4692115076,947891.1259903186,973219.188136802,954138.7432436674,975567.9020592053,947623.5615136555,970343.7907399896,858428.8820534177,961614.7899000819,981738.622401065,995935.6488230643,956698.9887335493,964051.6921795735,949601.648381182,972698.7415674578,969854.686590082,1010298.5688221708,923916.9846587984,950533.7241121583,974044.2252273319,999625.1479524771,1017913.9351231805,973776.4318260513
2022-05-19,998502.2821497952,938056.4292972968,927262.1118705558,962544.0639995576,933568.2189277333,965000.4243828502,926493.9919987904,972780.0340522841,846140.8005892832,941573.4980789783,981983.9895368825,1004137.2832129,931315.1572379948,941766.3772510295,923540.4882342813,952687.1772949042,949071.4662239047,1010551.073980362,911677.687792174,929659.4821140281,963460.7038931937,998502.2821497952,1017849.9614000602,976224.0822508312
2022-05-20,1003085.3776487487,964051.1057599715,952746.8130824453,975683.8455179532,957335.7239709758,977234.9165536194,951414.5176169245,975717.0713021365,874239.2465589215,963468.3498254234,982229.4179976084,1036827.2168316391,958221.8195754675,966022.9474135695,947813.9425294927,976524.6138613736,973730.2858498435,1010803.6422474775,926343.9421003179,954425.7461753881,976205.8667288768,1003085.3776487487,1022584.6572174162,980622.8848559877
2022-05-23,1003561.7377793853,965482.12236366,954393.4074214735,976727.8862457552,961080.3601953445,979319.9609613459,953677.6114973972,978319.8505531396,868698.4729988809,968101.794342977,982326.138112779,1022429.8560666301,955190.9426570866,967596.8123147055,949619.0070846028,977896.5233325721,975274.9065269431,1011056.2736392885,925641.3742626319,956817.9472807823,977580.1901214407,1003561.7377793853,1022965.1854276325,980819.7574596218
2022-05-24,999255.5243582788,957480.5351387247,946480.3916528531,972726.4294156872,950205.1500007915,973882.9951746975,945103.1573072678,975431.5476001649,864573.5280049138,954679.0403719412,982887.355171585,1015836.6295677959,949915.6578029802,960500.7384548954,942094.1241497647,970787.2808193857,968620.8103955379,1011308.968171573,921293.9882262953,947660.4817925609,973031.1555238639,999255.5243582788,1018356.9831920828,977009.5673873241
2022-05-25,999677.4174820359,953007.8821406756,941574.0876760746,970197.5444323489,943320.9265477671,970370.4908504786,939320.2844106174,975164.8773005875,867377.0216539737,948071.4008091128,982961.6796427658,1019583.144726514,944063.0192285952,956134.8633336572,938113.2919546254,965700.6420865519,964590.6559597957,1011561.7258601108,916592.6724519783,942189.0785010536,970320.945011686,999677.4174820359,1018611.5023996438,976853.3517932523
2022-05-26,999249.0227080816,961532.0613035617,950354.6019975619,974837.7165023445,949546.8692949394,973740.9322034792,947682.3192693054,974563.9256055359,872460.4165163002,953170.1300643496,982235.188200266,1016951.9435807683,952566.5604963272,964896.6462284053,947559.0045839222,974889.111476602,972241.8226246933,1011814.5467206874,923937.0287806226,950134.1903939776,974493.8583362295,999249.0227080816,1018866.085219502,977097.4979474059
2022-05-27,1002660.081763278,971397.0715746161,960532.2551740317,980238.6097263229,960910.9349836913,979707.3662536667,958455.5909697028,977014.1339348917,870489.5074985588,965389.7032506352,981852.5797375151,1019966.1574629764,963305.6503461658,974962.684145982,958600.8689251526,984894.44456629,981392.7389465062,1012067.4307690911,925451.2929138029,960785.491589421,980063.1801731352,1002660.081763278,1019120.7316675559,977044.3742918844
2022-05-30,1003470.92460978,990727.9640250962,980064.6560312441,990487.633566263,980782.8083217145,990070.7427614887,978311.4928682002,978045.1155835403,887628.6144707939,983971.8016882279,982097.9753548292,1034571.1114006239,981505.5815653657,994450.4846801383,979029.7862686216,1003989.7090196839,1000331.9587521115,1012320.3780211147,938043.2878871224,980409.3369000521,990232.9500808587,1003470.92460978,1018452.6035382728,977926.1697799732
2022-05-31,1003466.9707109407,987869.7592697149,977085.822809952,989079.4958196861,978477.680116264,989006.6328472508,975504.804151007,978453.9799401198,882736.8479395702,983107.3599257342,982343.43230417,1031973.773125749,976978.4518659245,991419.1746680435,976151.7511812391,1000829.152223214,997276.6205996795,1012573.3884925548,935488.5714789213,977838.7369344608,989042.7299129085,1003466.9707109407,1016068.762895153,978911.2479875969
2022-06-01,1002473.7555752898,983982.4315517262,973075.0986264489,987166.1278534912,973663.6477302873,986659.5593963611,971261.5392353492,976688.6020182725,882218.0278419383,977448.7644848156,982588.9506008668,1030751.9405509364,973337.8328111116,987785.3154794215,972731.9012497759,997329.975476272,993294.0697122187,1012826.4621992118,931099.030776099,973354.9157878947,986856.1480123994,1002473.7555752898,1012532.7524974481,977749.3249913674
2022-06-02,1001182.9801046617,989448.2895107464,978584.7212922833,990148.4575350098,977076.488683383,988507.942849493,976709.7500272568,975859.8529253937,892664.3838946883,981355.6157250061,982834.5302602522,1037508.8215537776,979537.9996661065,993009.028606865,979187.1655508444,1001887.9610783564,997951.959191396,1013079.5991568897,930793.6207680722,978717.9156680006,989709.2657158128,1001182.9801046617,1018083.6171085578,977619.1698158979
2022-06-03,1000139.6155299762,990221.8318803856,979401.0285760901,990687.4432459802,977379.5423768195,988793.6081960156,977713.5899234315,976395.0920501326,892397.6038572247,981533.688563941,982924.7571088196,1038350.7552761524,976963.7246287392,993913.4683248402,980493.4778184707,1002629.925664965,998617.0014910866,1013332.7993813977,929931.0607217482,979608.3232142085,990301.4867326048,1000139.6155299762,1019278.7603421833,977796.3285854143
2022-06-06,1000206.1648499765,989193.0427152988,978347.1667792195,990280.1157558386,976011.10795918,988226.3077324282,976678.0083716002,976106.7217498906,892889.8837592147,980945.9082183287,982626.9270690731,1040558.8712041796,976094.8176348087,993163.21209038,980171.5932509793,1001618.8543332014,997699.1886869615,1013586.0628885478,929349.7843135712,978600.9890429995,989908.9081621263,1000206.1648499765,1018769.3415816139,978334.7390867432
2022-06-07,992517.7557966886,977464.6222108888,966538.8761971623,984397.840489784,962854.7309627144,981637.4941031331,964290.3698127762,973274.341647699,892948.5389693152,966515.093047577,979732.0861604005,1032860.5923115262,967069.8976537564,981762.3843806981,968721.0834042084,990319.4495181602,986246.6202197273,1013839.3896941562,926499.5690038243,966195.217292583,983671.4253977973,992517.7557966886,1006240.5089137882,975386.4424697505
2022-06-08,988490.3669995533,970923.8184446371,960603.8128053406,981534.8536310751,955886.4361677199,978224.1415589792,958655.0488198086,972848.7662103417,871642.1512136052,958918.8476354594,979294.1908174284,1015100.3437996426,963529.4928457276,976934.4707796306,964746.2331116443,985106.6916301243,980950.4875971245,1014092.7798140433,923952.5416928304,959941.0824563933,980634.8348034987,988490.3669995533,1001751.2829495572,972547.604069365
2022-06-09,994234.0991636901,979256.1210864341,968714.565745681,985794.2683160964,963527.9661126717,982220.0378578979,966617.8785379349,973096.3704514807,887287.7053706292,966799.7248231956,979386.4532633914,1027253.7510958095,970707.5252385159,984103.6743959333,971501.9761623433,992529.0681888532,988279.9788366051,1014346.2332640334,922860.6941871697,968074.2356575034,984885.7341499734,994234.0991636901,1000949.8371570929,973900.3581018699
2022-06-10,985631.8324349669,966240.7459261643,955532.9534691917,979170.0616338719,952486.8540617536,976722.5784543557,953580.005146449,973412.7012597823,877981.3246093368,956531.3429274695,979103.3164388932,1018081.2242647588,954430.9942070191,971868.3209635266,958947.9843911123,980256.8881377744,976400.0903616952,1014599.7500599546,915219.4358930193,955357.753281437,978529.8317884114,985631.8324349669,988532.7323989263,973848.2833874287
2022-06-13,971387.2363953231,942599.067063649,931637.599846803,967076.9460860245,930676.3106625723,965749.4784134164,929730.5576585078,973359.4764951074,865093.0604891811,936194.9986554672,979201.4867932348,999569.8411873841,929253.3440320583,949586.8403696523,936901.6738732441,958050.7703542144,953808.0768815,1014853.330217639,903189.6886915006,932127.3247203103,966810.3310498619,971387.2363953231,967031.8897421958,971809.4365614413
2022-06-14,970492.7313828535,942244.1084552767,931662.1461139474,967218.6800420994,930507.5358968405,965777.715464941,929584.8457971076,971194.6401024442,867644.989517735,934408.4914151811,977988.8876174594,997344.0903891104,926761.449477696,949785.3506093887,936934.2942102683,958463.3538160343,953958.4038018653,1015106.9737529221,904721.159959151,931903.2874985628,966806.6949241904,970492.7313828535,966238.240805215,970944.667931182
2022-06-15,969434.6260827507,940213.1537467676,929741.1488197775,966352.116689759,928993.9644111884,965123.4083605205,927578.7610876118,970037.9592005993,862142.8542334549,931243.8205505165,976069.4182731772,991265.7125926287,924408.0829981075,947746.9374457868,934292.5546849816,956853.2141834757,952095.043468905,1015360.6806816448,904704.5090788516,929690.9549707134,965799.5233488957,969434.6260827507,966479.7339116832,969919.6037293648
2022-06-16,969676.918065705,923924.4374505403,913241.8562553899,958051.0884952316,913173.8610829586,957226.0111788965,911435.7230400041,968974.5418340263,844056.0585212335,917285.9326710034,975228.2418559624,979473.9658851315,904876.7750203975,932718.300464485,920438.5273729425,940894.4327273616,936821.9412931529,1015614.4510196508,900774.93841562,913612.771259102,957754.6467912638,969676.918065705,966721.2873748192,970162.0169233758
2022-06-17,969919.2706049909,920588.8669153178,909502.0084110998,956260.2234569745,908047.6723233074,954749.9626484709,907295.1703750826,968597.2451926903,845902.0501960163,911979.9417293123,976311.5329401197,983899.7197734892,900924.0075711814,929453.0897939925,917645.20400877,937264.2843264192,933449.7810467902,1015868.2847827883,899821.6458221211,909375.2846425634,955694.6926393592,969919.2706049909,966962.9012097081,970404.4907040132
2022-06-20,970161.6837157437,924636.8983789833,913519.2710889893,958437.3112250582,914034.0652159988,957953.7303062411,912208.6465194569,970973.2321306221,841982.6246984821,924125.0562215697,976401.1030852103,988785.1804039767,904261.2225286698,933691.3584063051,923658.4612148643,940886.7151077652,936528.8988962879,1016122.1819869089,902889.6432437696,914938.306369903,958700.0139892553,970161.6837157437,967204.5754314384,970647.0250864193
2022-06-21,970404.157413102,942806.7912562991,931785.2647115032,967898.237000092,931247.4206662073,966821.2838559544,930323.1684562545,973007.379613183,858956.1623539524,940564.3293857242,978732.8008920354,1005762.2437422047,921265.2560658103,951095.6565175349,941163.5386767474,958485.1926651411,953638.2382107184,1016376.1426478691,913247.1877885369,932939.5294648284,967990.311852678,970404.157413102,967446.3100551032,970889.6200857407
2022-06-22,970646.6917122089,932141.5675505295,921479.0364283802,962803.111416037,921471.0239522771,961973.6557760183,920521.1481728755,970099.7738401127,841328.8572542291,933051.2542332835,976881.9511346006,989665.0321331784,907981.2881247047,941892.8711174286,932982.343815559,948726.3791171723,943969.8904195564,1016630.1667815272,909296.5235775369,923097.9023831761,963122.7365974335,970646.6917122089,967534.2775355257,970979.4342309593
2022-06-23,970889.286628209,942197.7350895234,931639.4031952673,968132.7958697953,933065.8358744028,967988.7879381528,931104.3671788153,972858.0203334041,845213.1728545168,947378.8715510243,979169.1446067079,994220.8151386998,916425.9204436956,951875.6192960249,943491.2058071869,958691.6799802765,953443.9721006136,1016884.2544037487,916368.4861305737,933979.032211154,968810.6875995086,970889.286628209,967673.83698637,971120.5102313143
2022-06-24,971131.9421762543,950501.1877484923,939399.8292456442,972168.3644047559,941915.4158045555,972623.9777438651,938648.7394908927,976642.2439012477,853059.7869654888,956292.9027287499,981636.4373992059,1004014.0039221337,924826.3135228606,957976.9148560067,947735.7783102246,965495.3100558243,960699.6562019741,1017138.4055304002,916186.5326839013,941832.1191746178,972932.2292739551,971131.9421762543,967621.4342981788,971228.1345888888
2022-06-27,971374.6583714975,961237.6749629517,950370.9287458513,977868.1918760766,953180.4575751567,978480.6768915389,949546.6102172359,977755.8419557097,863353.1667654946,965981.624606704,983311.3179058734,1014057.0998873231,932649.4104100174,968562.1564727861,958679.4392213776,975668.4822237615,971338.5479732213,1017392.6201773547,921573.9993352453,952736.6104171487,978611.2125653675,971374.6583714975,968896.6638012347,971964.4647162916
2022-06-28,971617.4352290966,963098.0148482256,952192.9545951393,978909.2670305195,954661.4067733879,979356.6715216992,951258.9303772273,977096.5086617889,867830.4889818337,966035.6270286696,983377.7237152716,1018220.6431649181,933718.6308409754,970162.6340521429,960280.7110101014,977329.5468484641,972877.6442978653,1017646.898360486,920456.1303860674,954380.5024902862,979571.3035581121,971617.4352290966,967420.1603386985,971185.9462797394
2022-06-29,971860.2727642129,958951.4563362896,947972.2687625835,976894.2004410197,948651.6430379449,976380.041109833,946440.8730666658,973394.2120492335,877948.9852429285,957592.4505525414,983466.5820151392,1019382.6341516814,930708.3490433458,966115.4338296488,956039.6284334335,973590.4986243135,968716.1744312017,1017901.2400956759,921922.5450312236,949325.9478903944,977065.1808792828,971860.2727642129,961427.081211968,968758.3495474369
2022-06-30,972103.1709920117,960933.1286844355,949946.6361539651,977998.7702754093,950086.3389430088,977242.0592673402,948080.6872284418,973743.6551331455,876992.1713781445,956183.4058754964,983814.7103131246,1018530.8080725777,929597.938370885,967443.9506692825,956305.089424304,975607.1984026725,970419.5641808733,1018155.6453988068,922762.6329780383,950705.0525968082,977883.1801288441,972103.1709920117,960684.4281595248,968888.4506917414
2022-07-01,972346.1299276619,962027.2541827925,951004.761399587,978699.0555652177,954292.5717283788,979516.3727428555,950232.6073843593,976509.3571181155,884277.968812087,966745.4268583658,986627.3727378899,1052694.2929039483,927936.6945107335,970417.3293594352,962605.5239024857,976578.7557844913,972067.708391331,1018410.1142857663,929365.5476528744,953557.7412375789,979536.0920174078,972346.1299276619,960924.5331947992,975405.2428307986
2022-07-04,972432.9179689045,973456.2588568416,961417.5707247737,984115.8415909472,967692.5212276847,986479.1188633546,960478.6826628057,980716.772347869,901546.334494823,980647.3086172913,990919.8866725622,1086095.0656076018,932843.7984352085,978923.413333927,969192.7602642792,986196.631374901,981380.8483626025,1018664.6467724462,938265.4558376465,964570.9807139067,985340.4091822597,972432.9179689045,961164.6982398191,981921.4537662067
2022-07-05,970565.6817095766,971103.1740482257,958976.5770384908,982955.0797457923,965746.2113667555,985601.3613571676,957964.3113182139,980961.8840914515,894275.8878111215,978945.2574511311,991167.5484929992,1078846.2292719248,931400.5291910529,976630.2715649998,966665.2924132469,984014.8492084033,979210.673073351,1018919.2428747423,937435.2201707171,962254.7624198708,984268.2569667441,970565.6817095766,960261.9551438417,980264.5703956013
2022-07-06,977238.3605311101,982480.0964214638,970047.3430086148,988696.9217555918,978868.5955758153,992501.4322631728,969372.1159702516,981046.6118644229,901456.6870495594,996205.8521868195,991415.2722118584,1100878.0906291022,941942.2970739171,986493.6329774531,976402.7771438323,993774.2241875955,989303.8976009327,1019173.902608554,942824.1993829742,974438.8478911523,990684.929766331,977238.3605311101,970537.9823024895,981243.1340568869
2022-07-07,978616.2319605111,989848.6871247175,977823.4427165966,992867.4502849063,985726.2651940228,996136.4157869988,977107.4419558715,980175.4699906802,902467.7802448075,999269.2029012906,991663.0578446101,1102770.2272853432,950372.2021557228,992751.1792703843,980498.6698901559,1000967.5394645056,996787.3284564929,1019428.625989785,946596.5374652438,981326.0337281292,994357.395346854,978616.2319605111,978139.5654646939,981484.2507476178
2022-07-08,981384.2896302962,999518.2594820516,987740.303255972,998106.278592171,996508.6095646882,1001765.4133156724,986866.5680226707,981417.22695536,907882.9486468686,1004899.3855833437,991910.9054067279,1109393.6696971986,955538.4709376964,1000852.8181312728,988076.5999463564,1009307.0398942531,1005174.81455321,1019683.4130343418,950563.7584714092,990644.0971525181,999265.216917874,981384.2896302962,987902.8030724301,982981.4417195068
2022-07-11,977245.8480580089,991291.8705614273,978448.0971426398,993463.5458452468,987405.3547315602,997107.1775728923,977189.9733576995,981368.2084557029,899257.6292674645,993856.052820899,992158.8149136906,1112899.6305721947,955267.5127847958,991298.3144569758,975734.3570225656,1001287.6554534516,996872.9308949119,1019938.2637581371,950727.7364436719,980744.6203481932,994313.2178513072,977245.8480580089,977387.0244066397,983674.9681541605
2022-07-12,969444.5383766916,982457.2646714074,969505.0871787543,989026.4819560148,978449.3142933197,992606.6308685408,968032.4519063088,979688.0657504447,895883.9503414613,983622.9916928442,992406.78638098,1100562.621842713,945977.5600626789,983549.1936805905,968511.8938135951,993205.3132763295,988930.3739518479,1020193.1781770859,944176.8255320154,971531.065046148,989668.7318492723,969444.5383766916,968712.4105267766,981340.969712804
2022-07-13,969202.7933269109,976692.0840850306,963457.7363465229,986035.7108945856,974043.1578361965,990421.3953110863,962310.3523013497,979507.0568022252,888873.3708532369,980269.4406635644,992654.8198240816,1111887.2115629604,940578.5894275241,976780.5406786477,960502.4185983383,986985.7010467135,982853.502390893,1020448.1563071071,939796.314627699,966162.8452173664,987044.0128867166,969202.7933269109,968262.3951039821,981416.6758102926
2022-07-14,966025.4509229633,972093.219473164,958756.840651225,983744.2144038992,969666.1232142422,988275.4358739886,957565.5909246972,977832.1524865871,883157.6843208605,975400.4805741538,992763.8229995742,1104405.5001662935,938929.1388627748,972277.4424845265,956110.9009196023,982596.3096183041,978125.1169156748,1020703.1981641246,935428.3090589824,961421.0168921582,984721.9261599033,966025.4509229633,965137.9605800648,978474.0594745157
2022-07-15,972654.316510844,980798.3786148287,967152.5351789495,988154.38648886,980432.9934475246,993915.1383681126,966141.4164336161,981585.5835862346,892248.2445651358,986396.2819263517,993743.7541424296,1122701.3911256206,945441.5116404435,979067.2649795224,962056.0499657309,990256.855304599,984888.8896682389,1020958.303764066,942140.9165422496,970437.3413010285,989480.6679503022,972654.316510844,971718.198976239,982660.5797129452
2022-07-18,979170.5953578202,994785.0343647293,981897.189207681,995859.3922725389,993147.9274716388,1000617.6957332307,980640.879914571,984887.3936350517,900713.3883170226,995254.3155148653,992973.5638942624,1124257.0708728344,958949.3220811109,993888.4500529162,978044.7858551241,1004505.1041686665,999115.4601349595,1021213.4731228622,952909.7538229381,984232.1530387409,996693.1130061819,979170.5953578202,979325.3699367391,987769.6962847175
2022-07-19,982330.2218849082,999999.905656062,987002.1455108864,998592.7830321831,998396.510308605,1003449.6881771842,985492.6489701397,988102.8252725375,903931.2892825787,999347.0152996858,993232.9263413897,1125066.2385046214,962604.6108448388,998398.8982809206,982006.9038473731,1009353.9611517815,1003835.8298436092,1021468.7062564485,956248.3978030661,989088.6518733979,999301.3845651927,982330.2218849082,982350.6411536076,990595.9299852244
2022-07-20,988391.4041776289,1013914.3510094244,1000886.7900749244,1005804.1280504126,1011265.9017485107,1010239.4380342806,999513.766630146,993772.1651396153,912408.8622567287,1013484.7553653155,994481.5167218655,1139684.4474877873,973225.8827971953,1011952.298711623,996181.7062376507,1022195.2990176231,1017479.8908795974,1021724.0031807646,961960.4649035813,1003079.087744001,1006616.7716364717,988391.4041776289,989985.1782823668,996347.3224631004
2022-07-21,992745.064557016,1019747.523455303,1007089.444265181,1009137.1316348745,1017695.4044037083,1013659.4087521109,1005683.8903042962,998650.1329030353,917172.9200446514,1016920.434301872,995352.317406718,1143344.3686292237,978197.8210822478,1017869.5935945634,1002651.9853567788,1028150.6615473924,1022806.1338795209,1021979.3639117529,965956.0743043406,1008956.1829406262,1009753.2494321606,992745.064557016,996172.2113803274,1001959.2014474545
2022-07-22,995107.3276102534,1025442.6574908588,1012249.899127829,1011894.2657781538,1023858.7894229279,1016941.3666652312,1010793.8656957543,1002897.7865306487,919904.5626219353,1023862.9103247179,997756.8779663222,1151300.6410280596,984925.177005859,1022061.7291830037,1005496.8008772085,1033232.7628414568,1027455.6238303474,1022234.7884653619,967686.6709631865,1014201.8769469523,1012584.4136630602,995107.3276102534,1000995.6228446857,1006223.5877263837
2022-07-25,996355.6026104992,1023289.874957613,1010451.623885921,1011136.3141336043,1022412.9374519693,1016304.7715286086,1009063.1782781916,1004158.4911714665,917208.5944929782,1021136.5546191853,998119.9778856544,1149708.467412574,979714.7265123297,1020661.5135572627,1004311.953622202,1031834.187929818,1025838.3991197695,1022490.2768575423,964045.8662518717,1012258.5853819124,1011718.6300442454,996355.6026104992,997881.7710927277,1007395.7503949665
2022-07-26,987433.1481085755,1013529.9079113198,1000152.0375458342,1006014.0783446936,1011739.0629073844,1010916.2287576137,998302.149890026,994392.6681573627,921946.6300376655,1009980.8660256364,998224.4698001099,1139910.212040587,971046.2516937766,1010712.5332052481,993832.7448513815,1022371.6223328739,1015933.23243149,1022745.8291042492,955888.8159047057,1001517.7120541368,1006288.5363397435,987433.1481085755,990439.5494573946,998344.6150129173
2022-07-27,996903.4558706373,1024262.8164716989,1011218.0257277162,1011827.1072472744,1022538.437883948,1016605.822893595,1009581.524671921,1003895.015248435,921338.3747003363,1018915.6708990814,999628.1714532885,1149793.0331152317,980350.9891813489,1021420.0024533992,1005000.3521954154,1032709.4458335708,1026550.2093312124,1023001.4452214424,963071.8217351385,1012368.9898738182,1011990.6156504981,996903.4558706373,990687.0912265636,1008285.824181131
2022-07-28,1003906.4331054677,1034552.4569010476,1021886.3324196339,1017384.7823188031,1031925.8410987491,1021603.1487623267,1020504.3791620014,1012215.4714462388,918523.019032751,1029601.4679578122,999730.4642971498,1154616.8650237222,997304.9155950977,1032265.1217064392,1017835.8365386218,1042187.3428375567,1036772.1857431398,1023257.1252250844,965458.6249751791,1023069.4277826439,1017645.2694124152,1003906.4331054677,990934.6948641498,1013350.7545790259
2022-07-29,1007345.992076068,1042992.5586916447,1030486.8860151035,1021193.1294736882,1039789.6131883339,1025135.5124023309,1029179.0962420122,1016347.7230057478,923958.2749896322,1038438.7837621311,1001898.8532811155,1154712.702641684,1010774.4697360457,1041184.8662481434,1027504.5084335956,1050935.2717111749,1045114.818599661,1023512.8691311429,969746.7181564777,1031781.7297216143,1021569.0516077662,1007345.992076068,991182.3603856165,1015047.4410013933
2022-08-01,1008833.7608361973,1050976.8741934337,1038771.6998428766,1029434.0332651903,1047254.3427371171,1032620.9513668774,1036866.0282005,1017484.8916067427,938709.2946071086,1044777.2866020746,1002149.2590881182,1156800.2553370348,1021484.1626397839,1048201.7739427307,1033566.9544785246,1058954.3583007692,1052084.0090488992,1023768.6769555887,973391.0371525763,1039523.5923551664,1029364.1633591497,1008833.7608361973,991430.08780643,1017950.7598428177
2022-08-02,1008392.9165345645,1051353.7936195189,1038324.7708841392,1028978.4471743475,1047604.3389844765,1032915.3166151688,1036421.317001069,1017475.9059358416,941617.630276086,1046249.7840135592,1002399.727479351,1160952.111833174,1021802.1789177532,1047233.027756957,1032109.5414986736,1058148.0269553447,1051441.514816854,1024024.5487143975,973347.4976681125,1039479.3704582028,1029261.6866120718,1008392.9165345645,990202.5238100144,1017768.6294660105
2022-08-03,1011436.0552040902,1055213.4091330757,1042854.7835871822,1033508.2342993886,1050837.4255388386,1036109.9223562655,1040902.0545016789,1019265.0329059825,940908.1265400666,1050135.7988238027,1002650.2584704558,1160126.0567980967,1024317.6600629201,1051546.4163304144,1036463.5630342818,1062269.4708387882,1055906.215118175,1024280.484423548,975234.1577843917,1043806.4422045832,1033571.0624676915,1011436.0552040902,992637.9148851626,1019622.0893136252
2022-08-04,1011713.9583517811,1054076.3939519692,1042105.9357669953,1032810.9219231127,1049885.9836868532,1035161.712010654,1040451.5111491566,1018794.9089979755,942600.1281866924,1051076.059853676,1002900.8520770773,1157643.816977434,1023955.3470168543,1051486.525097575,1036514.3811731816,1061795.4159524392,1056149.7781671062,1024536.4840990232,973482.7695268873,1043512.083900491,1033236.0160237493,1011713.9583517811,992886.0060944945,1019031.2322264852
2022-08-05,1016583.5666177969,1058546.4859760702,1046441.360907514,1037099.6769309797,1055023.5095070389,1040196.2740336101,1044952.7730183807,1022611.8000871643,948754.3949358574,1056464.595209937,1003151.5083148659,1164379.4277563454,1024868.4357223406,1055287.9676971892,1039946.7605688539,1065571.1614801087,1060345.9810426054,1024792.5477568111,974914.5072427965,1048084.2887710553,1037669.8101282303,1016583.5666177969,993134.1593095658,1022852.8965288119
2022-08-08,1024318.4522492206,1064680.22022439,1052682.5314819315,1043226.959390823,1061564.73919022,1046657.9612236719,1051376.2073426775,1026385.7853728682,954429.6988060386,1063497.091263506,1003402.2271994752,1171626.8172201826,1032385.1945703897,1061158.4549192658,1045181.9186712151,1071915.9893186062,1066377.4567679772,1025048.6754129028,979303.0855513111,1054440.339592186,1043994.3153866875,1024318.4522492206,993382.3745458742,1026479.3721744677
2022-08-10,1026879.1567212765,1066362.9946309798,1054424.2195850234,1044913.8034976732,1063919.678031224,1049019.2765258618,1052937.320729152,1026993.7359651749,954977.5644097078,1064368.326121142,1003653.0087465621,1172938.4287130896,1032953.688937049,1062278.9946247912,1046077.3945483342,1073623.4364316256,1067136.1528944143,1025304.8670832932,980800.0358088017,1055929.3310294421,1045501.7290343133,1026879.1567212765,993630.6518189203,1027170.4891496651
2022-08-11,1028328.1203234377,1070851.332724983,1059811.048019572,1050272.504356595,1066726.9265244645,1051748.567260813,1058290.5584293192,1030194.7585483664,945007.9144153671,1064827.9312526402,1003759.0640578475,1174167.7955908044,1040273.1258181239,1068116.8594382005,1052750.8929514836,1078797.9057767193,1072801.7795863992,1025561.1227839807,982602.6875477742,1060319.4906219174,1049872.6383819834,1028328.1203234377,993878.9911442092,1030412.4955840574
2022-08-12,1026534.3143481549,1072649.7780245573,1061001.2343149232,1051452.6026476047,1067828.3834126447,1052904.7400448117,1059141.8563257963,1027756.9039606118,951356.735303774,1066241.211650747,1004933.8598376418,1176092.5080022803,1042579.4341726439,1067976.3175864143,1050938.5262029439,1079607.5426715212,1073382.883884778,1025817.4425309699,981870.497048059,1061256.048350112,1050858.7484773898,1026534.3143481549,994127.39253725,1026820.5635470382
2022-08-16,1030214.6352832544,1076686.2375732493,1064445.4460126297,1054821.3167240573,1072351.427968254,1057335.5792407277,1062829.8615438777,1029614.2217495614,955251.5597592996,1072676.7234068406,1005185.024187549,1184894.1081228356,1050066.738546323,1071006.1136235783,1053190.4704376876,1082970.4562623033,1076857.4141707448,1026073.8263402666,982996.4248079321,1065292.0068996043,1054794.2116338497,1030214.6352832544,993046.5314567764,1028203.2367393852
2022-08-17,1037619.8264793562,1085258.754339901,1072897.788215279,1063193.6751504904,1081953.1519271606,1066808.2567846722,1071173.1066153515,1036118.6097046843,965276.031458747,1082773.427153315,1005436.2513112698,1193902.6811575752,1057076.9034465072,1078271.8709917096,1059926.0092791684,1090402.8001085094,1084486.8035874516,1026330.2742278834,985116.9391425198,1074101.0782455232,1063483.9705394355,1037619.8264793562,999309.401842516,1032834.8444850657
2022-08-18,1040515.258953585,1089634.5194256774,1076883.0250830762,1067079.853494616,1087182.731131677,1071972.2334921507,1074950.7638730307,1038563.2924279206,974068.400798889,1085601.312209087,1005687.5412244932,1200712.2788033024,1057798.5380685856,1081365.8975399486,1062240.4536400163,1094444.0435067047,1087413.1954731254,1026586.7862098342,984568.3397134435,1077866.2838722747,1067228.5605641056,1040515.258953585,1003533.3338274581,1035275.8628908821
2022-08-19,1035385.523807767,1081315.5977110402,1069634.6738279844,1059892.8370165278,1079126.346856246,1063999.9876957592,1067865.5177957246,1034609.952664517,963801.1360720074,1074957.6264379963,1005938.8939429121,1188491.5459575052,1046131.5747478053,1076238.54881632,1059626.8106691306,1088690.4777855924,1080398.3579942377,1026843.3623021387,981703.1932059453,1070209.0638433676,1059668.5409425637,1035385.523807767,996613.3383135501,1031545.9247826108
2022-08-22,1031476.0455880505,1070011.2196037953,1057877.2661883326,1048306.3255454117,1068204.7577068526,1053304.099046453,1056183.3957272335,1027988.6693951135,965077.3361550999,1068787.6074499758,1006044.2441012883,1175523.6131133733,1030358.7037223905,1065626.186904019,1050103.276960764,1077408.7998791684,1069366.4838721254,1027100.0025208201,972250.7142011654,1059343.4415352975,1048972.9764331952,1031476.0455880505,985554.7603525245,1024789.5650392646
2022-08-23,1029195.85445887,1071551.3580959772,1058891.0129796003,1049294.4323320847,1069486.983977714,1054678.7490323451,1056494.7298514447,1026995.521509066,972028.9116622255,1066760.9177206813,1008140.1541512241,1176782.3878331892,1035472.0464957295,1065453.884577225,1048323.5352615846,1078297.1044744465,1069741.0139956456,1027356.7068819058,972465.0560246586,1059637.9262864746,1049341.213654737,1029195.85445887,983654.3433684737,1021796.014884885
2022-08-24,1027690.0122277905,1071571.4572184384,1058896.5156422656,1049267.1002782425,1069774.2897679806,1054974.1518869102,1056463.39513789,1025651.0758146793,969616.95002629,1065227.5615226435,1007217.1234412272,1178417.020141393,1037089.0511160549,1064827.2644276735,1046569.8916366821,1078098.0817169235,1069813.819929417,1027613.4754014263,971422.6149828662,1059395.3927917548,1049086.3690318353,1027690.0122277905,983900.1893027775,1020840.1413397621
2022-08-25,1026797.8005051205,1066800.6974217093,1053992.1195743266,1044420.4185868506,1065189.6036360292,1050502.4492423052,1051368.4417270008,1022601.3703421819,966443.023848657,1059966.2137216553,1004609.216892084,1173250.5405861074,1032229.0628449187,1060041.758899891,1041123.0602718444,1073608.184350135,1065394.0320776957,1027870.3080954179,968923.7855914329,1054377.573228904,1044149.6838975821,1026797.8005051205,984146.0966816568,1020526.3185020803
2022-08-26,1025017.0743632948,1067259.9508982638,1054392.505012648,1044771.5056661966,1065331.9797811068,1050578.6152196997,1051894.6942648226,1021760.1272038366,964314.7819330823,1058040.6974989378,1005488.8593604227,1176479.243723022,1034376.3630604541,1060420.353647527,1041717.2960638747,1073829.5835746378,1065714.1813040702,1028127.2049799187,968473.1561645091,1054475.644416801,1044206.8394044059,1025017.0743632948,984392.0655204686,1018913.101825019
2022-08-29,1023166.2512183514,1052845.4970061036,1038840.9240324743,1029327.1842092357,1052174.806997187,1037651.6284568653,1036378.9318041394,1010139.3742262619,961023.2771970915,1046629.7426519251,1000264.0141172401,1166547.5724842928,1019884.761670157,1045518.0508763466,1026183.6822084036,1059177.5141971612,1051192.9562234771,1028384.1660709722,960136.319548325,1039612.1534135827,1029521.8924981928,1023166.2512183514,984638.0958345731,1015361.9531730973
2022-08-30,1028034.6976795028,1079149.4557404362,1064367.794501118,1054200.0242708928,1078025.389294064,1062864.934866568,1062105.2688699036,1024263.6009629527,980247.5809396798,1072613.139716331,1008747.1756987846,1200274.2787702605,1046181.7393994677,1068335.1180329227,1046960.9210296163,1082816.8915280346,1075227.5415411198,1028641.1913846261,977083.9302138112,1065262.6990829285,1054423.79095277,1028034.6976795028,984884.1876393355,1020512.3508672278
2022-09-01,1028454.774386189,1066865.6297746932,1052128.507375389,1045058.0279901342,1065515.5452448898,1053607.2678903434,1049711.3908703555,1018282.2425432756,972231.0139157858,1058152.200009469,1002618.983269763,1190385.5662702152,1033427.9519970313,1056177.2442639016,1032529.5131000491,1072418.5286176011,1063583.6910740566,1028898.2809369311,976436.9729408983,1052743.283723072,1045035.8590938973,1028454.774386189,983919.3841796619,1021272.9101815486
2022-09-02,1030629.1719414764,1070086.728337481,1054775.9694012671,1047079.1700675872,1068691.4500249752,1056020.4179000454,1052550.3693009538,1018156.0869378063,984168.9516693963,1061585.841501065,1002566.2962184878,1198235.0619124728,1033230.5149735161,1058280.2435617866,1034328.5181659787,1074673.9816312222,1065838.2308881609,1029155.4347439433,978903.6468077914,1055553.3523971739,1047161.1310434521,1030629.1719414764,986202.0388272327,1021510.5169446662
2022-09-05,1033489.5287268428,1079216.8139288905,1063505.3312135867,1053643.793891104,1076749.3895230582,1062076.8587156953,1061137.755919591,1021745.4928568692,999518.2355701517,1069436.4363835533,1004087.1784585095,1209301.1483874968,1040673.7526921796,1066110.235928215,1041950.5852884678,1082705.444211368,1073674.6782848116,1029412.6528217209,983512.075202839,1064134.6920315556,1053636.2274719686,1033489.5287268428,986448.5215101821,1023450.2521028031
2022-09-06,1036813.1400106886,1079885.285688418,1064569.5301598308,1054466.5524493672,1077483.5659181592,1062688.0232027252,1061861.7778686816,1023357.4723005845,998528.1504081031,1070191.2177502469,1004131.1307145675,1207142.041210458,1040072.8123810968,1067054.9084790722,1042480.2493292402,1084306.4515879676,1074378.0245200112,1029669.935186327,982149.6878411211,1065017.2150103021,1054355.9400399728,1036813.1400106886,986695.0657968499,1025773.0841323085
2022-09-07,1035835.1221020716,1075319.6816410562,1060369.0871751283,1051404.8828191974,1073709.6211170822,1059923.9582097235,1057847.658048696,1020237.9090952462,993701.2106180771,1066930.251885376,1003419.493331189,1200500.6007939866,1038234.8992029924,1063597.2721777447,1040159.7999542948,1080310.5723098656,1070321.4442690758,1029927.2818538301,980947.193264586,1060934.1957780463,1051386.3453200995,1035835.1221020716,986941.671702633,1023477.6792737434
2022-09-08,1038543.2628572088,1088962.0758225413,1073740.5778210724,1061474.6474314176,1086461.8701833703,1069478.9717852306,1071028.2828122536,1027683.1674443476,1008730.7182630731,1078590.491486746,1004279.6375366934,1218194.0737201485,1048505.6514046856,1075843.2545540899,1051586.9218510801,1092680.8841544837,1083261.9576567088,1030184.6928403008,987802.6643465162,1074007.916866578,1061225.9931821052,1038543.2628572088,987188.3392429323,1029105.877138034
2022-09-09,1038000.8118671848,1092588.1759966363,1077943.003867753,1064747.4430918538,1090679.963507714,1072658.9984121132,1075259.681395274,1031031.2297817604,1010062.2607759648,1082166.5242619282,1004371.0480847934,1219871.8761266721,1050543.8780198176,1079643.7841227164,1055308.424910418,1096509.5110873594,1087113.416370374,1030442.1681618141,988469.1540086393,1078112.7932844944,1064414.6872494088,1038000.8118671848,986508.9230983434,1030480.2566244385
2022-09-12,1039029.992942126,1097474.6612710985,1083303.784779352,1068829.1704088217,1095149.581845795,1076035.5468530252,1080433.3538893906,1033399.7732212571,1012562.866873805,1085259.5294712267,1005281.8800172907,1222944.2179745284,1056611.4997401452,1084380.731583994,1060038.3830044765,1101313.5827054149,1091790.2290420935,1030699.7078344502,991088.8263527871,1083089.7966505003,1068238.2115226276,1039029.992942126,988557.2730415179,1031067.186457658
2022-09-13,1041942.7431754393,1106284.0726311267,1091982.816643586,1075359.1780497208,1103966.7562340559,1082679.9443215486,1088942.2485063537,1038392.2790309294,1022749.8986781873,1092838.8987772919,1006249.5377866356,1233421.6896568185,1064487.6952207473,1091602.1798716572,1065843.6806355556,1109302.2082738017,1099660.6507056165,1030957.3118742923,993188.5981716637,1091704.9181450668,1074715.2457848506,1041942.7431754393,995447.8671473314,1034968.8091311946
2022-09-14,1044904.1938975232,1100703.5436827694,1084615.9161109154,1069841.0247954773,1095403.8988429725,1076398.457667497,1081395.3690914582,1033444.2246361661,1026379.877856604,1085541.5867089827,996681.4892155683,1236201.296605704,1060581.9858965997,1083858.0578972518,1055899.6447384853,1102578.3170236242,1093096.211929649,1031214.9802974268,983691.7586109509,1084243.8668746923,1069084.9332896266,1044904.1938975232,994037.8894770229,1034262.3599842878
2022-09-15,1044432.3965752829,1094168.6099234165,1079133.1484585109,1065765.9305903476,1089897.947752445,1072364.7534904415,1075989.968666024,1028566.9665185417,1023715.1337242529,1081389.5679977953,995352.7474164536,1234615.8970365506,1053138.863234477,1078333.3834361052,1049628.6478061513,1097341.8854160612,1088029.6170861064,1031472.713119946,979868.0465114609,1078828.6513843506,1065067.4580619903,1044432.3965752829,989209.8773847428,1029947.0156705099
2022-09-19,1044693.4328428339,1092814.9288023673,1079402.8575274637,1066032.2987741733,1090170.3472808646,1072632.7709261535,1076258.8921562033,1027598.9954287055,1023970.9921009361,1081659.8410164462,995304.5693635297,1234924.4660992096,1058629.6013120268,1083632.1873221481,1055038.004042021,1103031.5208548626,1092820.3560800352,1031730.5103579449,979383.4792543266,1079098.2843499768,1065333.6516757219,1044693.4328428339,989457.111820465,1030204.4315890772
2022-09-20,1044642.2089812602,1099747.153716525,1079672.6340051345,1066298.7335317254,1090442.8148904317,1072900.8553477915,1076527.8828587597,1033756.999132561,1024226.9144246167,1081930.1815847633,997685.4713895003,1235233.112282912,1070283.8533317482,1089959.0241859567,1060875.5771608914,1109493.1377391028,1099513.612249358,1031988.3720275233,982725.0463587674,1079367.9847053003,1065599.9118195493,1044642.2089812602,989704.4080477926,1030461.9118439209
2022-09-21,1045438.5299662865,1096112.771616217,1079942.4779083703,1066565.2348796427,1090715.350598162,1073169.0067720972,1076796.9407904916,1030979.9992143272,1024482.900711277,1082200.5897196296,995845.8622103313,1235541.835606933,1064402.6377380732,1086505.568022316,1058477.716708459,1105571.1586493321,1095434.3679163735,1032246.2981447846,983508.8220081892,1079637.7524671638,1065866.2385101006,1045438.5299662865,989951.7660821691,1029797.7440369024
2022-09-22,1046977.0812418406,1094697.603509513,1080212.3892540233,1066831.802834568,1090987.9544210755,1073437.2252158164,1077066.065968202,1027483.6305617015,1024738.9509769033,1082471.065437932,995948.2196382215,1235850.6360905527,1059083.2028977652,1085113.4398366204,1057229.8034198186,1104177.7978964252,1093895.534818994,1032504.2887258355,980994.1932187385,1079907.5876524143,1066132.6317640077,1046977.0812418406,990199.1859390414,1027153.9055370013
2022-09-23,1042687.4631214722,1079408.3499166893,1080482.3680589495,1067098.4374131486,1091260.626376196,1073705.5106956998,1077335.2584086973,1014638.9378779796,1024995.0652374859,1082741.6087565622,994400.5218336973,1236159.513753055,1040913.913306573,1070873.1296973648,1043367.5941672473,1089640.7502500534,1079573.508833614,1032762.3437867892,976103.3711378393,1080177.490277903,1066399.0915979068,1042687.4631214722,989706.5735500483,1017797.9181621649
2022-09-26,1034083.6030091889,1064993.3758796928,1080752.414340009,1067365.1386320363,1091533.3664805521,1073973.8632285015,1077604.5181287888,1000513.2170688318,1025251.2435090193,1083012.219692415,992523.4033658145,1236468.4686137298,1022228.1327219973,1057426.2283808596,1030538.0916716573,1075093.3878120317,1066592.850627814,1033020.4633437594,973191.599384834,1080447.4603604851,1066665.6180284384,1034083.6030091889,978618.2263804979,1007378.6967226224
2022-09-27,1036278.439014972,1066122.8269083695,1081022.528114066,1067631.9065078858,1091806.1747511767,1074242.2828309806,1077873.8451452919,998885.0073850073,1025507.4858075017,1083282.8982623904,989648.4754006086,1236777.5006918712,1021693.4554260297,1058382.678130033,1031305.7326613313,1076262.1104187425,1067533.4707454583,1033278.647412867,972648.3283371706,1080717.497917021,1066932.211072247,1036278.439014972,978862.8136319176,1007630.4721136058
2022-09-28,1034307.9765490171,1057282.7763776474,1081292.709397989,1067898.7410573573,1092079.051205106,1074510.7695198993,1078143.2394750258,992704.5177411278,1025763.7921489355,1083553.644483392,987299.7741713165,1237086.610006778,1012754.4770475818,1050189.1745158324,1022501.9865455263,1068174.4830511534,1059876.7629737991,1033536.8960102345,965121.9500158526,1080987.6029643735,1067198.8707459816,1034307.9765490171,979107.4620133283,1007882.3104311203
2022-09-29,1036808.6013682685,1056009.8149746035,1081562.9582086515,1068165.6422971142,1092351.995859382,1074779.3233120248,1078412.7011348146,993904.3015284708,1026020.162549327,1083824.4583723282,987054.6417373804,1237395.7965777547,1010321.5017548049,1049021.6005014828,1021274.9320062873,1067187.2040561642,1058593.3923386026,1033795.2091519904,964286.2335599423,1081257.7755194113,1067465.5970662949,1036808.6013682685,979352.1715400084,1008134.2116908942
2022-09-30,1036882.079748265,1072665.3394080873,1080225.0611448688,1067645.27315798,1090995.3645570804,1074251.8211139108,1077077.1742058992,1000144.4421831267,1024741.7378491745,1082478.2780816942,991590.1501229627,1235859.8054594644,1026916.7961901037,1065537.168263853,1036009.1330491778,1086002.8337634616,1074656.4006564945,1034053.5868542662,970575.9447430475,1079920.2215845354,1066941.7080206904,1036882.079748265,979596.9422272405,1008386.1759086583
2022-10-03,1034088.3404919268,1059019.480402083,1066526.326443444,1061081.2801170049,1077103.931144615,1067579.3086261945,1063310.7556193671,996864.9547198606,1002408.9193490975,1068263.2238793215,989605.9912730589,1217470.3368267913,1014481.5891381331,1053536.3347958277,1023374.7098604608,1074781.214252691,1062553.218228026,1034312.0291331977,962266.004731684,1065965.7606248867,1060213.3288779743,1034088.3404919268,979841.7740903102,1008638.203100148
2022-10-04,1036735.0522573442,1083504.6384356248,1091276.5269115556,1073329.3496572175,1101577.2902759374,1079653.837403069,1088116.7336140145,1003115.490682451,1027622.4011826869,1092200.081871635,994389.4545132229,1243532.8730917894,1037727.0864389463,1075738.8867499616,1045438.7724932664,1096615.2152064485,1085239.8055532174,1034570.5360049235,975814.9993707709,1090484.5076174012,1072396.6088298343,1036735.0522573442,979798.7161292932,1008890.2932811017
2022-10-06,1032321.3593657208,1086684.9601496963,1094781.1799461285,1075203.0492007611,1101036.515646454,1079509.0219894627,1091174.6022358437,1003885.2887824947,1040087.3614797113,1087320.9870517787,995597.530799381,1248463.1745678233,1041181.3106200491,1078679.7491987147,1048834.7707304382,1098886.4858200925,1088369.4864929058,1034829.1074855889,976310.1404416194,1092672.6542771766,1073581.3519393743,1032321.3593657208,975374.6805662159,1009142.4464672634
2022-10-07,1032386.6077437773,1083212.6148068556,1091262.266606076,1073629.176630223,1097280.5693644253,1077804.8713902156,1087493.030326451,1003900.4199608683,1033144.6693199665,1082299.9468618638,994416.3626536417,1245797.4383426278,1040151.0272459233,1075367.387761541,1045515.2857881726,1095755.5616724095,1084888.3329578436,1035087.7435913408,973317.2795246759,1088986.6707627967,1071893.3776649358,1032386.6077437773,973685.4678259772,1008944.4215748869
2022-10-10,1032525.5689716821,1080991.4513730975,1088871.2723795625,1072550.3019595763,1095203.1153671874,1076911.5084675935,1085266.3763856348,1001474.1744374163,1016992.6284132362,1080535.8515476682,994332.8064113734,1239733.8580320177,1035726.5931547137,1072722.8270249877,1042893.3296703233,1092748.6286664938,1082582.6088092108,1035346.4443383318,971952.5669578486,1086556.2076500924,1070833.9109247285,1032525.5689716821,973497.4985916899,1006226.2518957894
2022-10-11,1031245.7767798146,1064914.1532576645,1072818.1836438014,1064840.3035623624,1078878.824477977,1069076.6568403891,1069337.9621050926,995776.1724810549,1010746.974228631,1065511.6937374305,992661.9907318584,1224157.2139230496,1020260.7267753691,1058350.2782311284,1028885.1837368673,1078116.891863661,1068105.4610632719,1035605.2097427162,961272.8076565022,1070602.8916112422,1063130.8177133296,1031245.7767798146,966468.5828474351,1003016.6225923363
2022-10-12,1030882.6095602263,1072880.2642711548,1080847.371013469,1068903.3432790004,1087064.8254082275,1073203.8199681817,1077452.6848523952,999790.507104774,1019957.0984278645,1073705.7003523808,995073.6735235525,1232889.6003470127,1028673.9450126648,1065445.5420963536,1035912.2075462906,1085084.7884892044,1075389.7765865633,1035864.0398206558,964786.1754782236,1078734.8774253167,1067257.8903941659,1030882.6095602263,968734.0958879531,1003267.3077647915
2022-10-13,1030280.9544205347,1062880.0115466865,1070639.9583559586,1064030.3081379526,1077754.330859964,1068781.616720693,1067384.8274778544,995770.86414147,1013443.4853704,1067079.6154723424,991956.6668526793,1216223.2840473398,1022110.9190685693,1055782.1829230022,1026944.1945979212,1075242.9474326747,1065193.455541072,1036122.9345883133,961384.2478622373,1069020.091746571,1062622.852505047,1030280.9544205347,968122.5280701169,1003518.0555912992
2022-10-14,1030143.9290784191,1075950.269372954,1083905.0867111902,1070677.2227802002,1089943.4039921379,1074890.2795938412,1080383.5758659628,998699.9935443563,1025197.6118454527,1073399.80097672,994463.2318882332,1230692.0384887678,1032404.483662059,1068173.4834766136,1039167.2404550536,1087739.8498604712,1077640.5394004474,1036381.894061857,971221.3592481086,1081461.909545842,1068843.284209814,1030143.9290784191,968364.4921188082,1003768.8660875177
2022-10-17,1030228.1669812757,1084088.9033537728,1092311.144770338,1074922.7717139332,1096564.3779838567,1078276.7913870323,1088444.3039749684,999505.2694599775,1028271.4057408251,1078693.2259107819,994713.0109017744,1237186.7325932384,1039979.8413396652,1075500.3717288955,1046127.8113920138,1094769.7226595143,1085633.4101332182,1036640.918257459,975589.5897323508,1089308.4758434207,1072855.979143241,1030228.1669812757,968171.2905313165,1004019.7392691111
2022-10-18,1033389.0115274619,1100440.2819438428,1108935.1579323558,1083214.7540035695,1111957.9850800808,1085933.205928548,1104803.4503006088,1004840.8530420316,1051364.0075914713,1093385.3449343026,999383.0826084167,1259725.255775522,1050501.6146978377,1090902.4850941845,1061116.409458601,1109191.010976176,1102419.365043578,1036900.0071912957,985773.1127491607,1105571.4938823087,1080994.3127182717,1033389.0115274619,971614.3587269231,1003979.0713565409
2022-10-19,1031574.3470091496,1099274.5835377215,1107824.8403988793,1082837.27087661,1111545.9421159276,1085869.4940785337,1103719.032835661,1006142.2959500153,1065986.6009612,1095745.6194977965,998757.880333211,1257276.2352410709,1052021.5202699169,1090223.8440481639,1060467.1615381283,1108173.6085297933,1102046.9045541894,1037159.1608795461,983601.4961264681,1104974.3844757644,1080845.5248352888,1031574.3470091496,967651.8041093666,1001652.6076680751
2022-10-20,1035199.5174403426,1104398.277399019,1112804.3656183393,1085394.2891962943,1117636.7025683024,1088981.1105609771,1108820.878807759,1009284.5288749035,1074154.9734226058,1103555.5663735324,999007.5011129996,1261679.2473868988,1055127.2714273145,1094587.525774374,1064697.5781372986,1112233.6799792682,1106844.858238964,1037418.3793383958,986669.4559675367,1110381.448826203,1083644.4587170028,1035199.5174403426,971329.2922566995,1004303.667797287
2022-10-21,1035109.1538711871,1104885.316146028,1113189.1293889817,1085687.9712790914,1118328.0506667513,1089487.7868264425,1109243.2005834526,1010879.3016336451,1067095.3445554385,1104874.2675087117,999257.1842808155,1266302.3568108433,1055869.272572739,1095055.3767817423,1065046.2630344362,1113009.0835325825,1107130.7668722533,1037677.6625840316,985511.7472229764,1110940.1584256669,1084071.4153604184,1035109.1538711871,969812.259963712,1004685.703084305
2022-10-24,1038333.2139127303,1113066.1512387581,1121857.3278151327,1090106.8093466829,1123777.75871747,1092265.9036732404,1117487.320101732,1009131.8436678638,1076018.6963067434,1105626.759112795,999506.9298522508,1277617.3279614805,1065147.5721581078,1102537.865881047,1072461.9255994519,1119770.2457980055,1115389.3264871968,1037937.0106326469,987444.3111733494,1118164.7010771576,1087741.2236920348,1038333.2139127303,979812.6690269306,1005906.6219981312
2022-10-25,1038223.1426266418,1111709.666082029,1120709.5970672527,1089701.1631280794,1120359.1435375162,1090711.1836529637,1116095.6095732944,1006246.8078615965,1072216.6963243943,1097584.5681053768,999756.7378429029,1279627.0909714333,1060678.0829688837,1101439.2353790225,1071324.8430655117,1118097.6499479383,1114900.8836406844,1038196.4235004375,986922.2983152181,1115903.4241793652,1086737.8258739153,1038223.1426266418,976310.6005878263,1002903.0254235556
2022-10-27,1041059.3933908301,1116767.4427148693,1125706.564195526,1092284.7349066676,1125857.6282204317,1093535.605475289,1120990.8942937206,1008735.2731715278,1071158.6923098725,1101825.1411258513,1000006.6082683719,1286075.7300836009,1065519.9807026328,1105818.9680159865,1075442.7538009714,1122422.2996384369,1119601.7119884803,1038455.9012036033,988235.0287901198,1120860.4586002445,1089303.8781724672,1041059.3933908301,980210.4676524313,1004795.1954081081
2022-10-28,1038026.4079266727,1116815.0651976326,1125730.882725908,1092444.875708951,1126295.3488850333,1093859.1184080355,1120928.0737649724,1008789.5547458918,1068177.384519323,1103275.9421321307,1000256.5411442621,1280658.6854646334,1068514.7367487766,1105869.057361565,1076191.7830959575,1121809.3391389395,1119584.6572573027,1038715.4437583496,989816.0142922157,1121116.4382845317,1089563.1220816365,1038026.4079266727,980200.5386961708,1004818.9691393193
2022-10-31,1049320.9090184318,1131140.403619626,1140099.4831891083,1099245.903456763,1141286.9866180816,1101019.29802322,1135253.721462763,1012346.3501271508,1075604.835620541,1116147.987677079,1000506.536486182,1295753.0970191094,1082055.2016739124,1118574.9661789509,1088317.726742631,1134783.0985188412,1132611.8971347364,1038975.0511808841,998876.5159516336,1135343.936143452,1096307.2252212828,1049320.9090184318,991878.936618526,1008215.6777951823
2022-11-01,1055704.6915564972,1138811.5540095482,1147655.8578530683,1104784.3416205365,1149435.0811100246,1106910.2134470658,1142949.453793622,1013454.3245912457,1078368.7542508175,1124539.0746495763,1000756.5943097438,1299708.4023844935,1090057.0574798582,1124919.4657383454,1094225.3255279576,1141341.6651409538,1139189.9032744735,1039234.7234874195,1002307.7569168141,1142998.1038116184,1101870.3813147082,1055704.6915564972,997862.6033660598,1009291.0619540352
2022-11-02,1051220.6450701249,1132386.4982477624,1141331.6695548107,1100284.3950372885,1143036.5149800568,1102420.0855282177,1136689.980648206,1009422.3501995992,1087391.2260876794,1118097.9667292482,1001006.7146305635,1288817.6591302839,1086299.4153730646,1118958.3868257985,1089354.6384581989,1135860.582121997,1131629.314792702,1039494.4606941728,998343.5847907482,1136605.3062084047,1097330.6578523584,1051220.6450701249,993575.4887640604,1005318.1393552693
2022-11-03,1051319.0252056243,1133705.1321598727,1142888.3244811238,1101493.0279570424,1143921.7172148556,1103131.941713522,1138101.9326111923,1010806.7376510041,1086460.245461973,1119508.763424226,1001256.8974642615,1295024.1122795476,1084488.1769666893,1120701.2319188009,1090828.2603874372,1137308.783963976,1133941.4174613748,1039754.2628173642,998805.0216210708,1138175.1116221608,1098552.8629148519,1051319.0252056243,993845.0142302294,1006688.96907602
2022-11-04,1052499.9169153534,1133885.648573441,1143207.2586419485,1101743.2565860965,1142720.9634122374,1102353.08053649,1138150.6152983129,1011293.8798975706,1085788.2636466583,1117409.572877932,1001507.1428264612,1295623.9458020285,1088359.982121316,1120865.6380869476,1090894.2930571502,1136925.6736002746,1134750.4816389473,1040014.1298732178,998356.2655713796,1137941.3330485956,1098450.0228841503,1052499.9169153534,993785.3307435567,1007211.670678594
2022-11-07,1059739.5333668888,1142222.1258933882,1151869.5161768948,1108058.5709113867,1149240.7382126148,1107086.276458069,1146598.2550509982,1017092.0801567263,1086661.1923772646,1122897.5362609166,1001757.4507327909,1307231.243214881,1093505.297780756,1128623.8504032036,1097851.4820299186,1144650.3254584474,1143363.5824662496,1040274.0618779631,1002681.5521549603,1146002.0889814696,1104320.3390835219,1059739.5333668888,994033.7087279386,1013002.3157539867
2022-11-09,1059695.719842374,1141186.5081684291,1150779.6555206978,1107348.8406855462,1148907.7697588145,1106955.2475565586,1145563.1789550916,1017354.1978289242,1105105.8397323505,1123456.0869504854,1001857.9376416929,1308022.1154540584,1090753.8861962839,1127546.817529234,1096766.5119613595,1143744.8994835226,1142125.8365837988,1040534.0588478323,1002959.914110599,1145191.3192975784,1103823.8176709209,1059695.719842374,994282.1487897342,1013151.205536321
2022-11-10,1055030.7997674833,1136211.5943847187,1145722.7849314723,1103833.8153311242,1144835.0887763798,1104055.7637791561,1140780.4675270244,1012987.8699411718,1093845.5308192202,1121116.958101637,1001322.774382607,1303033.2264117587,1083016.3770982195,1123246.33665826,1092140.3068223202,1138680.9969734857,1138924.7712693198,1040794.120799063,999441.811088292,1140615.4895014598,1100608.3371868783,1055030.7997674833,994530.6509444583,1008849.3540314744
2022-11-11,1072801.7654701106,1154724.5974122297,1164215.0384632556,1117184.6743037745,1162592.8343234642,1116830.3852504932,1158923.9202992364,1021496.8990442749,1094981.7994772391,1133067.1145881892,1001425.7284432157,1309448.0943124914,1102329.9957803865,1139085.8574895489,1107175.3988722628,1155647.1536763713,1154463.2808206105,1041054.2477478952,1010072.4403776824,1158244.7982089948,1113293.535585613,1072801.7654701106,994779.2152076305,1017305.3155194323
2022-11-14,1066490.0622265593,1147071.4378355925,1156280.9773364807,1111519.6207822217,1153413.3838963297,1110251.6270612092,1150805.438022219,1016172.8900710179,1069800.7071481163,1121255.6603633305,1002310.0291104958,1294376.002396818,1101095.556493383,1131489.8962015656,1099213.7875959813,1148438.9813676325,1146870.382686117,1041314.439710574,1005138.4437137932,1149685.6013515508,1107172.4356135963,1066490.0622265593,993683.1449914235,1012193.693475449
2022-11-15,1070164.5054961082,1152053.6352286271,1161333.000306876,1115242.2308923218,1156873.816309286,1112771.7862028375,1155763.1706061363,1020654.688651365,1067038.193346668,1124044.1775878163,1004168.3148584532,1304947.9138349125,1105556.011196807,1136120.8211829332,1103424.7024004578,1152691.7800857176,1152306.3987142749,1041574.6967033485,1007920.2094639577,1154350.4104965546,1110605.2328910632,1070164.5054961082,997779.0281793058,1016315.3826155362
2022-11-16,1072234.4103893735,1155650.2097634245,1164908.528693075,1117907.4685629418,1161092.7121276802,1115855.541345095,1159467.3687357819,1023065.3117404754,1065061.6470925426,1128512.1770393103,1004074.4441328584,1308417.395016022,1105931.470346927,1139230.7386487788,1105989.5764522385,1155724.6942208637,1156054.1561145037,1041835.0187424727,1008229.6040624508,1158092.6693298162,1113364.0926184542,1072234.4103893735,1000100.2262749803,1018705.377794346
2022-11-17,1073220.6261174066,1155333.8841896432,1164610.684077827,1117714.6311898888,1160347.431327935,1115413.9312596275,1159148.4961617093,1023616.8408208868,1064894.378132272,1127418.1965084393,1004177.1487733506,1313847.2681173643,1101981.6400876655,1139113.625232871,1105908.3024787863,1155039.54236566,1156463.241582354,1042095.4058442025,1006827.2318840094,1157546.8897628267,1113044.3545863149,1073220.6261174066,999549.0301738741,1019335.2868443597
2022-11-18,1072743.311473709,1154614.7663005977,1163947.2464580473,1117320.5271420504,1158886.2190951554,1114417.9888403926,1158350.0756964982,1022006.1856354087,1056264.5139778703,1124818.5618932487,1003593.6591489176,1308139.3791882566,1099803.9770169703,1138293.1542320922,1105348.4434702583,1154807.751606872,1154789.8612221796,1042355.8580247987,1006732.5669304881,1156664.8726046677,1112468.2279707594,1072743.311473709,999798.8486867109,1018623.5816164911
2022-11-21,1067472.2344837014,1147208.810827903,1156471.4281017664,1112050.7253961368,1152514.7526526065,1109911.168795138,1151098.4810167626,1015096.0867346679,1048560.090809922,1120760.391754306,1002644.2179609034,1308502.3636978483,1090931.0559827466,1131701.453356563,1099125.5471229146,1148023.3245746163,1148014.3592550855,1042616.3753005282,999018.097865338,1149806.4142547455,1107639.4174171754,1067472.2344837014,1000048.7296369947,1012665.512202737
2022-11-22,1070909.0330185182,1152704.34413026,1161961.1158856084,1116054.665031058,1158302.7959977542,1114153.4138436802,1156589.4765332036,1019403.8568759876,1056002.5268376498,1126285.9908974462,1003494.0579098144,1311869.769994911,1095992.2453263628,1136522.9469732582,1104117.3524127803,1152652.5349361289,1152844.5449665694,1042876.9576876586,999365.3219040765,1155279.1153415754,1111636.5127807264,1070909.0330185182,1000298.6730403301,1015960.2849487646
2022-11-23,1071348.245197764,1152977.1960583355,1162338.8411067808,1116401.919562203,1157320.0815735597,1113508.5500171536,1156849.7423589318,1019947.8114998562,1054022.723208765,1124008.4317958865,1003408.7370446167,1312247.1253308714,1097376.985604399,1136980.5657918053,1104169.8629788975,1153334.6562388928,1153498.981607135,1043137.6052024647,998574.6646911766,1155222.64733012,1111661.481081345,1071348.245197764,1000548.6789123266,1016882.1062673529
2022-11-24,1079328.4996632584,1168070.8966973173,1177453.8065629017,1127354.9720471704,1172359.711350901,1124350.7131913537,1171903.346405368,1031505.9083463596,1057464.7603035728,1137462.2253737133,1004492.3477307158,1322692.2687075902,1110403.8928107615,1149863.1419111344,1116854.4343063445,1166408.688178879,1166382.502235182,1043398.3178612229,1007597.3340109676,1170138.9027271261,1122435.083873151,1079328.4996632584,1000798.7472685962,1028042.5340898302
2022-11-25,1079265.8635667895,1168344.5925071426,1177678.3953944312,1127539.6722852031,1172240.0356594278,1124348.5484156804,1171873.1625173818,1032131.3100150556,1055999.7824281403,1136117.3777287004,1005907.8390845706,1319999.5995039186,1112125.0210211081,1149862.2409524147,1117134.253476144,1166039.702259005,1166455.5732492928,1043659.0956802152,1007285.1014424631,1170116.3084361902,1122478.6804568057,1079265.8635667895,999702.570247043,1027306.8503235559
2022-11-28,1078592.9479194772,1169485.2620453762,1179032.1967900344,1128519.1827867732,1171593.0006372486,1123955.8859422714,1172832.257985563,1033502.661156643,1053629.4977261152,1134599.6403612993,1005902.174681313,1316840.9021494675,1115128.6942220672,1151008.9683416972,1118025.3329542263,1167139.6926249214,1167912.3535862041,1043919.938675727,1005168.0039869954,1170893.271526583,1123091.4784099085,1078592.9479194772,1001035.65715642,1028985.4600400105
2022-11-29,1079082.0776058473,1175459.667086065,1185186.7193650329,1133106.9668930296,1179872.5463906159,1129963.5497341042,1179270.6837180387,1034761.7825994348,1059319.5876555203,1146539.7360150677,1006153.5810433349,1318362.2466149346,1118450.8037147222,1156541.960900606,1123467.328204874,1173184.3004162514,1173026.1828741108,1044180.8468640482,1008543.8647712719,1178144.9201085528,1128394.1192015677,1079082.0776058473,1005548.9238730095,1029594.3393030232
2022-11-30,1082485.8850136467,1181405.0390344025,1191161.7722943148,1137090.406207687,1186590.6242738853,1134512.3075161118,1185185.9009091225,1038130.7855478963,1054923.580492823,1152793.8938662265,1006250.3348895285,1323983.9355469842,1126879.0403180227,1161740.7881479748,1128910.6489605343,1178536.0936805473,1177814.0630760798,1044441.820261472,1011795.1940483798,1184359.2841732216,1132561.4022300944,1082485.8850136467,1009906.3638068252,1033605.1873357086
2022-12-01,1086913.2460223301,1186774.4242793994,1196348.210637534,1141943.973485796,1191478.942362913,1139114.7069579836,1190157.8375512185,1043604.1816346094,1051087.7441943625,1155978.223863031,1006185.028691732,1330935.9289384196,1130132.0418608582,1166077.5209334854,1132765.8014779468,1183248.7632737167,1182272.3761399596,1044702.8588842971,1011113.6161426975,1188955.0720963217,1136871.59999828,1086913.2460223301,1010158.7709407373,1039252.7461172944
2022-12-02,1080473.6695497,1177904.9223594673,1187398.3957707996,1133441.2700264817,1181908.3440359633,1130079.5362934351,1181115.6542777265,1037639.0513475833,1043009.1983868754,1146401.3294796676,1006436.5057478027,1322447.7600221701,1123139.4671828288,1158241.3700159725,1124873.135468759,1175108.197519312,1174805.443168965,1044963.962748824,1006696.0234250373,1179840.6657955388,1128287.9409259504,1080473.6695497,1010411.2411590733,1034061.9319746911
2022-12-05,1080296.1164258642,1177944.1437073757,1187521.3564203891,1133568.2770882668,1180981.0046423073,1129178.7500687293,1181160.2256471026,1037525.1631193631,1042652.9072703714,1144031.8957080813,1006688.0456558418,1323073.6077712325,1123436.9012283143,1158611.1664216518,1124912.0050972705,1175337.0826727743,1175657.5733973994,1045225.1318713599,1005694.3148874429,1179584.067803899,1128050.6370661836,1080296.1164258642,1010663.7744775999,1034071.1834373042
2022-12-06,1075184.280032698,1172277.0692372734,1181946.2988820295,1128344.5023940967,1177198.287895952,1125577.3147509724,1175761.7427490393,1031263.2665853583,1041768.2267279868,1140664.2466304656,1006939.6484315583,1312913.082701029,1119934.5713436024,1153810.831628187,1120453.218213528,1170907.3764391365,1170141.1047933542,1045486.3662682143,998726.9380643454,1174634.245099726,1123314.1536470503,1075184.280032698,1010916.3709120881,1027743.6294140476
2022-12-07,1076027.4102205369,1174293.7468572205,1184107.5561660759,1130473.771302694,1181553.6538693001,1129700.3280326666,1178282.1388960348,1031270.9547321923,1048723.711441049,1146212.1345702547,1006885.51697385,1312843.143640157,1114993.5289280247,1155864.9443456435,1122830.2357226529,1172946.5222492146,1171873.0313032488,1045747.6659557013,998313.3748249103,1177444.0221845796,1125962.475531945,1076027.4102205369,1011169.0304783125,1026507.023341644
2022-12-08,1079150.4391166389,1178684.3135419416,1188510.1921603845,1134647.6558965018,1183723.5686791856,1131720.2993554994,1182271.1995357343,1035118.4840702224,1046550.0711241211,1143065.0666539501,1007940.1511657074,1318221.0186005558,1117928.0941791649,1160078.8184966324,1127169.5358942137,1176896.6820288654,1176213.6329389175,1046009.030950139,1001505.520615128,1180829.5876497468,1129095.794422298,1079150.4391166389,1011421.7531920515,1030071.6021977098
2022-12-09,1072831.4776516322,1173632.828315057,1183854.371295561,1130352.781372474,1180805.883548597,1129066.5137683616,1178080.961184874,1030339.2961407268,1053619.0753925855,1143049.380106203,1007774.7426092925,1311278.0202681299,1111154.8111110022,1156302.0908493977,1123182.0306868295,1173459.3976881306,1172323.0745501993,1046270.4612678499,998136.7433275544,1176955.493349574,1125546.862826744,1072831.4776516322,1011674.5390690878,1024011.8073288336
2022-12-12,1071014.8045561323,1172180.4687926865,1182538.4330062023,1129134.2208376268,1180198.5146230664,1128529.802167801,1176942.1252920337,1028963.7486091185,1058161.1340241246,1142830.9503724591,1006793.8734406843,1307589.5641007714,1111187.8984486065,1155073.058169185,1122080.1294740504,1172395.625292385,1170799.7821971723,1046531.9569251604,994746.7699977823,1175793.6680451338,1124454.745399899,1071014.8045561323,1011927.3881252077,1023068.2201794081
2022-12-13,1072065.8879915455,1179994.4836274516,1190303.5760151579,1136474.7682226002,1187943.4917169258,1135910.0047503966,1184636.699564048,1035161.652465074,1064680.8970852261,1150833.7957851847,1011858.3376426955,1317938.4010329274,1117847.0184689362,1162124.412609369,1128778.9714391623,1179381.8419383361,1178273.208881363,1046793.5179384005,996221.5455649453,1183447.6315168,1131753.901938546,1072065.8879915455,1011278.7061785755,1024583.3841743941
2022-12-14,1073840.679596883,1181575.8322126525,1191833.9395210072,1137886.9403020493,1188375.5432264654,1136302.3007684026,1185873.1836043727,1036541.0532654325,1061765.8821384632,1148291.1449031834,1010626.9170431681,1319851.0554474953,1120988.907569533,1163597.7084682323,1130131.3189702744,1180617.6812727246,1180105.6642056017,1047055.1443239042,994018.0954564044,1184212.897144957,1132453.9563858612,1073840.679596883,1012579.8227258367,1026078.5448835543
2022-12-15,1068666.977536691,1164731.7659845138,1174838.187478287,1121778.8085172037,1171838.0319086413,1120576.8773315125,1169040.2364352639,1023873.8438696542,1042716.1516188055,1132800.430948231,1004373.7118944767,1301045.849022777,1106246.856033029,1148364.146481659,1115427.1935795369,1165189.3909822179,1164533.4863647928,1047316.8360980114,986191.2435794582,1167483.2850740408,1116559.7848719868,1068666.977536691,1004099.7507995424,1019404.5330722253
2022-12-16,1065721.1612787927,1156254.402455793,1166285.1170680325,1113706.918189249,1164017.3171685594,1113130.0236148213,1160485.9428032255,1017488.1251630695,1031976.3898115781,1123769.3544773003,1001225.1230800892,1290144.6769082742,1097482.1141664335,1140429.9732567812,1108106.9637814641,1157523.3588553923,1155705.9566659306,1047578.5932770638,980509.165706757,1159133.9711018605,1108580.4920890334,1065721.1612787927,998867.6042573279,1015802.219513019
2022-12-19,1069595.188182624,1162987.0322724609,1173343.5354660368,1120517.0406853089,1173024.2386598364,1121800.0990022155,1167779.2143902648,1021996.0882928678,1046441.695741055,1135065.3447673419,1003494.8224948172,1296940.538095425,1106580.1933597447,1146597.7212774707,1114140.2267000019,1164457.010526781,1161246.77661628,1047840.4158774086,979216.9300689745,1167094.1958836836,1116233.6106637046,1069595.188182624,999117.2524605513,1018460.073207526
2022-12-20,1067083.067450943,1160308.6469949614,1170572.2014728875,1117807.1086839885,1169072.238769236,1118036.935943624,1164997.4201995416,1019699.2515289596,1046162.8281556328,1132018.5903809164,1002928.2958325975,1294017.7189613567,1104468.704964258,1144274.9419765947,1112017.8980296436,1161825.2641917472,1159025.1678024696,1048102.3039153964,977739.7728056982,1163997.3504206578,1113302.826703406,1067083.067450943,999366.9630586558,1015165.1577013397
2022-12-21,1066082.4542697787,1149382.097019754,1159286.228718999,1107042.338344673,1158596.678468714,1107972.3785407697,1153779.107557875,1011509.5588940532,1030029.360238148,1122097.292353903,999794.2990819543,1280688.5582698758,1093282.9555652956,1134263.3439688457,1102450.3458741372,1151429.2134415791,1148945.7163786085,1048364.2574073828,971563.6589402054,1152850.8872011346,1102628.081934097,1066082.4542697787,999616.7360672357,1011189.1537824505
2022-12-22,1063583.3660097453,1145704.1490678675,1155436.4181754524,1103351.7532773474,1153899.1762242466,1103501.9391369764,1149780.796542082,1009069.2449360061,1022945.8626776546,1117610.3028273468,999443.5046289604,1278870.1574927294,1088972.684521919,1130818.6076997144,1098628.0033967064,1148333.5139261496,1145550.1964713214,1048626.2763697251,969123.5078007701,1148871.452902546,1098881.907004474,1063583.3660097453,999866.5715018891,1008314.2130598896
2022-12-23,1060068.7083077445,1126526.9383663875,1135960.8559316536,1084870.2748926722,1136339.7040893685,1086786.6032015756,1130751.0151255638,994005.6623574363,1006126.2160338074,1103405.7918658073,990576.547199375,1257006.8760049758,1069716.206029161,1113504.390550364,1081589.052875864,1131586.5158017634,1127407.688594769,1048888.3608187882,959922.0897897725,1130128.5227612532,1081090.0049757978,1060068.7083077445,1000116.4693782192,1004989.326658737
2022-12-26,1060333.65257783,1141542.51373141,1151420.1455910427,1099566.4124251648,1150237.1255010185,1100096.673627263,1146056.764935439,1004891.98288729,1028768.6775486411,1115551.287582298,998058.4015113583,1274290.0219902906,1082199.4014537563,1127103.179118412,1095246.6029751115,1144706.1319033746,1141405.3940286064,1049150.5107709381,970719.942920921,1144950.8444694325,1095267.573708696,1060333.65257783,1000366.4297118312,1005240.5048715348
2022-12-27,1060598.6630657616,1146501.6633150207,1156343.2896379055,1104201.1127456543,1153061.09539691,1102768.9161576817,1150624.241495676,1009680.4698638289,1026693.9473682537,1114882.7865934395,998725.1935806586,1281288.1391481673,1089270.1185674048,1131564.8065806841,1099631.5498823037,1149173.2049034056,1145936.0955713715,1049412.726242547,970356.2114499685,1148951.3334535677,1099020.1994053368,1060598.6630657616,1000616.4525183352,1005345.0343842241
2022-12-28,1060863.7397880887,1143878.68567738,1153735.1866868963,1101719.8959746507,1150448.1133132572,1100290.1916753964,1148052.0099171966,1006970.166552402,1029413.1823514203,1112263.4857527134,998266.9834885122,1277072.880382606,1088681.351687623,1129125.9728507658,1097514.744839102,1146152.3379591147,1143743.285572689,1049675.007249989,969249.2915206867,1146325.4537913417,1096539.8905910226,1060863.7397880887,1000866.5378133452,1005493.9085477951
2022-12-29,1061128.8827613657,1150234.65464255,1160195.3175937051,1107850.788392055,1155939.8765363428,1105577.9451750356,1154440.34032167,1012270.8133763989,1033679.8324688605,1118189.7113282722,998891.4582965479,1287525.3792302937,1092796.383972937,1135234.2938775923,1103038.139413734,1153123.1372787703,1149595.9110818475,1049937.3538096447,972933.3884272502,1152544.183380891,1102532.466863079,1061128.8827613657,1001116.6856124796,1006410.3863555802
2022-12-30,1061394.0920021506,1141578.742986162,1151370.9588482815,1098680.634018938,1146352.379609436,1095681.170085485,1145395.6422710847,1007258.9766548275,1019974.1066590844,1107635.5332485212,998041.0751342434,1275865.437159253,1087648.1350388872,1127444.7105652208,1095713.400511105,1145279.7652313993,1141386.5605706747,1050199.7659378971,970814.1853663004,1143527.7031040192,1093195.0781600613,1061394.0920021506,1001064.2216645556,1005693.757084626
2023-01-02,1061659.3675270057,1146935.256865747,1156843.101063368,1101486.738953943,1151387.6257664824,1098264.686787496,1150824.2186117244,1008425.2194467857,1023605.3939428484,1112740.0832678122,998289.6093391817,1279356.084886473,1093183.810883467,1132181.789337043,1100421.5933746388,1149962.0461450075,1146202.5928905054,1050462.243651134,973142.7976025325,1148918.6526041706,1095958.597017288,1061659.3675270057,1000900.7267007184,1005528.7591253488
2023-01-03,1061924.7093524975,1147752.7960307596,1157520.7727211192,1101931.771189407,1152070.8261177083,1098719.949173766,1151601.229192093,1009036.088943478,1019758.4534188627,1113813.134493219,999122.3285031609,1281858.4591973254,1095292.483335328,1132627.3285096094,1100724.6995762212,1150742.1588859395,1146463.5411249308,1050724.786965747,972749.5297513694,1149413.0288073244,1096347.6557148295,1061924.7093524975,1001158.5784550502,1005787.9944519128
2023-01-04,1062190.1174951969,1136825.7601825173,1146559.1318159574,1096764.3544604704,1141743.2069098228,1093846.073444079,1141000.8522868664,1005310.0488380106,1007647.6026229912,1106059.4600557105,996482.8750606737,1266735.1744430324,1083902.460692504,1122680.1008066093,1091189.2807308708,1140587.7754628821,1136306.011638309,1050987.395898132,967854.0473349552,1138827.9264677668,1091340.2748964208,1062190.1174951969,999906.8818339882,1004655.0768789985
2023-01-05,1062455.5919716777,1136191.2876709518,1146068.9416405796,1096648.4919387312,1144848.9533482816,1095479.8140325882,1140896.5376681604,1005697.0681271347,1022999.5999101058,1112136.9225328,997070.8726516648,1263506.9347365599,1080850.79911892,1122236.2077876066,1090894.837166695,1139643.6215132698,1136203.7158293924,1051250.0704646893,968826.3378480951,1139603.2555215212,1091849.528905431,1062455.5919716777,999012.079655022,1003915.9424018962
2023-01-06,1062721.1327985201,1127833.2924243405,1137806.598987792,1092773.2990325163,1137077.1167926514,1091871.9652798395,1132578.6849659125,1004762.1557161668,1024915.7788161434,1103718.4109761298,995952.4586092598,1254440.9097500397,1072878.980044984,1114628.000428863,1083778.2706325834,1131519.2788152755,1128606.1837670158,1051512.8106818225,966650.7459761327,1131662.5550037764,1088096.499616438,1062721.1327985201,996139.9384775697,1004166.8523424525
2023-01-09,1062986.7399923063,1147308.098708575,1157416.6369715056,1102435.9283510349,1157296.4957911242,1101795.7389823492,1152059.1242747584,1008090.551344462,1036058.5285805197,1124789.2480556981,1000419.8708949966,1273272.1889992093,1087401.7399716214,1132168.6986376967,1100857.786241503,1149890.2693024944,1145781.9842826396,1051775.6165659393,973361.6239111165,1151357.0552243795,1097853.3202452003,1062986.7399923063,996388.9049519453,1004417.8249932372
2023-01-10,1063252.4135696234,1132118.8850237036,1142105.533805495,1095174.0078104106,1142398.5189991225,1094704.4574036216,1136765.043752392,1003634.9457064855,1019433.2640491566,1109638.7622847003,999633.5962734178,1254954.8690720682,1076165.0689254242,1117621.785337124,1087335.393370279,1135007.2406231868,1130522.6743104153,1052038.4881334533,964862.5168350744,1136198.5670423894,1090602.9728330863,1063252.4135696234,996637.9336508167,1004371.3854938947
2023-01-11,1063518.1535470632,1129507.8224086543,1139190.888201872,1093822.5772318197,1137155.3257974852,1092275.2727262832,1133747.6716881453,1006370.3660022725,1013080.4968604316,1100326.5137126301,998777.2378644145,1262105.0712720254,1075056.6431156797,1114453.9522014041,1084522.1382615312,1132151.7377370938,1126681.170039387,1052301.4254007796,966381.3665596679,1131897.865587707,1088641.819754807,1063518.1535470632,996887.0245897353,1002828.879501486
2023-01-12,1063783.9599412205,1127664.7404510889,1137090.8800322372,1092910.7981814684,1134715.6108029652,1091205.1578837454,1131511.2568240156,1008336.6345004166,1007058.8753345374,1094601.570350905,1000349.2147001614,1264737.0222124325,1072803.8882149605,1112105.4870562414,1081595.8931570146,1130404.155650877,1124338.4777024128,1052564.428384339,966107.4105018468,1129114.2222303366,1087427.6123992836,1063783.9599412205,997136.1777842578,1002644.9824762029
2023-01-13,1063886.5641851332,1135100.8452581489,1144602.5670569497,1096715.4437346952,1141401.261271182,1094570.388746576,1138927.993052504,1008291.6650114122,1006152.4360125955,1101322.2333879624,1001694.7256224573,1271295.353338496,1078715.1405406448,1119066.4600676247,1088198.077450612,1137547.7963571476,1131482.4277990935,1052827.4971005558,968868.6553217547,1136461.746716444,1091137.891667888,1063886.5641851332,997385.3932499429,1002574.529661252
2023-01-16,1065263.3228409644,1133216.7204483768,1142522.1332088956,1095844.35539639,1139417.7538200493,1093732.8221490518,1136889.7390064553,1006755.3321502978,1009785.4113305534,1100092.9509824472,1001799.7565678835,1270258.844388286,1075005.6041374602,1117288.462001502,1085975.16004775,1136570.612973374,1129373.6053056063,1053090.6315658593,967844.3851135115,1134366.1953379319,1090257.8627734587,1065263.3228409644,997634.6710023545,1001902.3277172374
2023-01-17,1066802.7189246535,1146083.9599728384,1155523.3775905874,1102279.388696135,1154199.3356469292,1101019.6266440728,1149791.1212860986,1012201.9770686456,1013441.8311844732,1112995.1832912122,1004653.995091713,1282204.3581298026,1084524.3149098908,1128112.559247133,1096555.7552908629,1147119.0297087529,1140711.2935660565,1053353.8317966817,975758.606022007,1147384.5461175924,1096758.8587954906,1066802.7189246535,997287.9557748284,1008077.3728658616
2023-01-18,1067647.9420519616,1155204.5794313175,1164687.2867634632,1106827.7872514017,1164193.3485415238,1105989.2671740013,1158965.0402713835,1016481.2636765641,1020120.759877086,1121268.2865052677,1005425.6451432522,1293295.9917159914,1091255.4761546494,1135833.465318437,1103704.9754138014,1154716.992620828,1149138.0264718614,1053617.09780946,977817.1527658143,1156367.057828337,1101278.0357626295,1067647.9420519616,1000093.0592621852,1010647.8814504493
2023-01-19,1066988.453300738,1151146.1709673896,1160459.8538001017,1104892.078959209,1158892.910797862,1103559.1350544463,1154567.498717788,1016735.31408325,1013199.826118009,1113849.1681439187,1005676.932405663,1292699.8192931984,1087801.2519735466,1131931.9077512785,1100121.534103197,1150686.830843857,1145038.610424884,1053880.4296206357,975940.1413348339,1151553.2500177394,1099072.0304052052,1066988.453300738,998047.7371640246,1009856.1838725144
2023-01-20,1060828.0154059713,1144823.3308580837,1153949.8842218288,1101808.2768305494,1151558.834295098,1100144.5267311726,1148353.9212893853,1016989.4279850653,1018937.203901692,1106868.787357583,1005928.2824726067,1291161.763257873,1082983.4070916018,1126390.4791848485,1094631.6687829173,1145095.2442848836,1139499.6901567574,1054143.8272466525,974619.1000112948,1144671.6257857624,1095845.9839940874,1060828.0154059713,993843.5822724119,1005236.9725134186
2023-01-23,1065949.6815734443,1153798.3307304836,1163008.041351346,1106351.245005458,1161658.1420382133,1105159.6203625423,1157501.041120694,1017243.605397879,1029173.041690389,1118861.5896916853,1006179.6953597803,1299173.4011156494,1088444.1084371423,1134496.563524374,1102190.5779115718,1153350.6338551908,1148015.823088151,1054407.290703961,977455.6263073917,1154248.109363384,1100632.559399444,1065949.6815734443,998299.5544907866,1004695.5029542581
2023-01-24,1067435.0786625736,1154111.9683324648,1163309.768224701,1106639.4333996703,1163407.4643917,1106141.806481024,1158020.406003551,1017339.9627174613,1031180.6319397838,1122633.2857731273,1006431.171082885,1296874.8579837775,1088429.0900711373,1134414.1873643254,1102198.1065440841,1153411.5604240284,1147698.258857629,1054670.8200090139,977108.9942788898,1155085.9279198514,1101170.1444739376,1067435.0786625736,999626.5723208471,1003555.8282306885
2023-01-25,1061652.9343732833,1140862.522292724,1150122.3598137149,1100457.592145578,1154813.0103415488,1102117.9993324764,1145512.039063465,1017220.3772413286,1026806.9630999523,1120779.158488941,1006682.7096576247,1268232.5301701962,1074831.3676256079,1121770.3523103273,1090575.222960896,1140405.1760269662,1134369.7982403887,1054934.4151782684,976927.9586690997,1143769.3992899253,1095820.752551783,1061652.9343732833,995442.6974421227,1001886.3222626877
2023-01-27,1058448.3982180227,1124553.2393916065,1133755.633801391,1092681.4547064817,1145866.055248403,1097922.9538783778,1130132.4693522805,1014899.9131002714,1037362.6002972813,1119748.7570626726,1006779.1099935496,1238365.8267360388,1057554.262839888,1105995.5545760144,1075224.4409261048,1125557.4711261047,1117253.9693343055,1055198.0762281867,973865.9192581187,1129919.0202787316,1089241.651095519,1058448.3982180227,992276.9606234082,998875.7034545917
2023-01-30,1057806.2614112485,1122694.1650738115,1131803.1502024739,1091893.8526952174,1142452.2599030172,1096414.2745905423,1128078.8387941169,1015697.7256355038,1033629.6894627755,1116970.4949918813,1004755.7455240686,1235829.2234889097,1060233.5158689467,1104475.8379221808,1073879.0188095656,1123873.243499311,1115718.40379039,1055461.8031752338,973757.312195364,1127693.384002077,1088290.0126906496,1057806.2614112485,989247.0059623555,996994.5228397871
2023-01-31,1056642.4816474738,1125941.372017915,1135259.5491188953,1093689.4496476126,1145879.223310236,1098218.1249730072,1131654.0936572703,1012830.1218155955,1054718.1916339132,1120447.977688691,1005379.8086946226,1239008.8402383823,1061026.5559925905,1107918.49048737,1077736.2296303967,1127033.6987384283,1119007.2661714493,1055725.5960358798,974325.679237347,1131466.4381120556,1090222.3433170554,1056642.4816474738,989494.2496776689,997243.7029014785
2023-02-01,1064103.2257435306,1131102.2425093418,1139961.1732119848,1096086.6938448397,1154670.057282026,1102555.9297626028,1137274.411823747,1014578.3395680863,1081766.8855533646,1133881.2631573947,1005484.1341479484,1253760.5012621623,1058272.2111335078,1111436.677795126,1080486.5850885755,1130814.5252372243,1123057.0137019954,1055989.4548265983,976606.745823311,1137384.734712251,1093222.0529306123,1064103.2257435306,989741.5551869065,997492.9452410478
2023-02-02,1071714.0453891407,1143907.908813344,1152797.8124581873,1102475.1765551835,1172880.328739985,1111448.0892647249,1151103.6738072676,1016400.1346012341,1133222.4756868915,1160209.7381293303,1006906.7896719686,1257809.210622055,1057917.754229598,1122576.6807553642,1090326.9113190402,1142503.4437098799,1134987.4696197973,1056253.3795638676,980021.3529127892,1152543.4825010602,1100682.1980133534,1071714.0453891407,989988.9225055127,997742.2498740603
2023-02-03,1077933.063750047,1158409.2124465888,1167438.669209237,1109690.5944732428,1186277.8472077772,1118017.967113687,1165437.1009440126,1017140.3714718552,1139370.3393852003,1170375.159014387,1008149.6867868891,1277852.436908968,1072554.6772040683,1136120.0289550836,1102883.0360812813,1156822.5619135217,1148769.7568329617,1056517.3702641693,986903.139856537,1166481.028150349,1107613.7438740477,1077933.063750047,990236.3516489358,997991.6168160848
2023-02-06,1075330.4147574787,1152336.39303651,1161314.2144831626,1106853.4064899208,1181794.7432102142,1115993.5824674095,1159672.017167867,1017418.621622613,1147598.4982443633,1168260.7826827115,1007885.641213349,1270413.5299009858,1067181.035448962,1130709.9920439806,1097622.269399002,1151083.930750567,1143536.8723759092,1056781.4269439895,986139.1126074069,1161145.3577141976,1105140.226166255,1075330.4147574787,989469.5715644729,997938.4478969348
2023-02-07,1075434.8437285435,1147584.922213594,1156428.2953230708,1104614.470864173,1173485.3126491732,1112125.1766621086,1154269.6362051342,1015052.1792378457,1117235.8589429362,1155519.146344552,1008544.1581151877,1271602.7205772754,1064591.892615932,1126417.4005122706,1093641.6248147856,1146412.3706321684,1139301.4964299079,1057045.5496198195,985290.8226373253,1154721.1741817512,1102198.3181329572,1075434.8437285435,985154.0428888601,995753.1832679048
2023-02-08,1079192.0968335443,1151294.2876896248,1160203.6999124407,1106543.339046422,1175832.0124204087,1113421.853431932,1157862.6863221675,1017311.6986805657,1124119.009775883,1158942.9612582077,1007153.5098166071,1272402.919619236,1073614.8799792193,1129494.7801995734,1096574.9780877067,1149158.199702674,1142853.4514293855,1057309.7383081533,986033.1407590779,1158238.3965643626,1104068.9358161022,1079192.0968335443,986765.3399369564,997924.004989399
2023-02-09,1081952.7905841337,1153976.5929547916,1162698.000111684,1107904.0950676478,1176901.9117742223,1114069.883423328,1160017.5721666939,1017566.5635637952,1120230.7575374173,1157267.5689115676,1008005.9573769926,1277514.014958342,1074921.4778216367,1131536.7964357566,1098561.9708554985,1151192.7287362004,1144957.63369304,1057573.9930254894,986004.0802294812,1159991.0679574453,1105072.6451628674,1081952.7905841337,987393.5996660867,998182.8314849868
2023-02-10,1081462.551706539,1152760.9698437122,1161328.917040852,1107381.4004693911,1175204.9002275448,1113374.8787882517,1158540.949723412,1017066.9761014284,1111557.5114691006,1153680.7072147415,1007956.7826793962,1280181.237422722,1072701.8102585217,1130474.9598148027,1097483.6580096344,1150390.261140254,1143656.9010656541,1057838.31378833,984525.5660901077,1158272.0768079488,1104379.5677076047,1081462.551706539,986274.5923352073,997735.3864189301
2023-02-13,1076965.9777814874,1146544.4351579288,1154994.1292959691,1104465.1457235978,1171932.600379264,1111910.7058069594,1152788.0121703085,1013848.9415307217,1120068.7286305951,1151859.8768586454,1009936.5263090194,1278210.2130895949,1067559.545204677,1125264.88398642,1092633.6255002131,1145571.7686517148,1137691.202738089,1058102.7006131832,979169.3304697245,1152889.7671713298,1101867.9377234268,1076965.9777814874,982540.6205342989,994429.2509811657
2023-02-14,1079577.0247798553,1159287.3307974886,1168086.9723435487,1110913.0097103198,1186558.1190788003,1119103.7319837033,1166265.5993543046,1020414.5398377334,1156718.4118829272,1170433.1213717575,1009314.4819497963,1283342.0128449579,1077108.175378132,1136640.607453103,1103463.241328487,1157047.9270241288,1149520.6504086978,1058367.1535165587,981144.9301826933,1166892.1192890787,1108813.480277745,1079577.0247798553,988574.6394975631,1000642.0297566392
2023-02-15,1080735.101766888,1163170.3593834343,1172265.2680771726,1113035.1769877595,1190425.565988444,1121124.397254254,1170523.091955835,1021794.2598974081,1162743.5318270926,1176454.5879054347,1009628.7859102442,1281195.2398618923,1082274.4932837815,1140096.9999879615,1106878.9882621677,1160318.8929110079,1153199.1454829194,1058631.6725149727,979619.3711408437,1171214.6075427807,1111074.6892997364,1080735.101766888,988603.3928254667,1001186.7979713725
2023-02-16,1082515.8823627674,1163090.777526437,1171961.9935116228,1113015.1477114526,1190290.5199378938,1121189.6752597305,1170337.322813358,1023137.5143205008,1163805.7162379927,1177045.2636275135,1009727.7273439431,1283467.12237209,1083475.9625641652,1139640.216174705,1106501.055926452,1159739.623015976,1152782.5852130773,1058896.2576249433,979307.1452059998,1170891.456544598,1111072.624866348,1082515.8823627674,988318.5227355191,1002469.8073562271
2023-02-17,1079586.171183631,1158346.1772295928,1167065.5408620504,1110801.974258394,1186312.9379528644,1119394.7724810664,1165524.7368647207,1020193.5243122728,1166381.4338959765,1171209.4200526327,1012210.3323250873,1280563.46242509,1077970.2061206105,1135446.1077505392,1102330.3114334496,1155493.4782132725,1148620.5648467836,1059160.9088629945,977713.3839584875,1166062.2941075992,1108853.6361748534,1079586.171183631,987378.4251871948,999372.0582310865
2023-02-20,1079950.6953636485,1154216.5735684403,1162635.9408280726,1108805.40339647,1183405.9695552168,1118126.4389977297,1161232.1333979068,1019747.006061764,1168352.3179604143,1168949.8752082947,1011941.6230364699,1275431.8061573268,1071986.9125704968,1131396.364682618,1098058.720044391,1151447.4288659005,1144801.6738976089,1059425.6262456537,976490.7595162042,1162091.311079434,1107035.846004489,1079950.6953636485,984752.6741920155,998874.5807662663
2023-02-21,1078055.7430197247,1152916.1938665381,1161564.9040707836,1108421.3028397574,1181786.6469269386,1117492.360424951,1160029.3133617095,1017833.5534925777,1162877.7514814278,1166284.833900143,1011560.3281498047,1273146.8725896392,1070911.5740983565,1130381.5822969773,1097193.4298805327,1150638.3050849147,1143429.156813391,1059690.4097894526,973958.6188231307,1160853.2942311785,1106562.6298363842,1078055.7430197247,982943.0557435413,997009.8961775602
2023-02-22,1075224.772237152,1138505.5528456916,1146858.6719329963,1101439.7080564685,1169526.9405995142,1111727.8678348623,1145809.6683154257,1013971.6800660184,1167735.9726721335,1157511.3273653665,1009531.852135441,1253416.5810754718,1054547.6563643187,1117610.1043222658,1084566.5231220808,1137799.1504416782,1130589.2692355828,1059955.2595109262,969657.7108636732,1147278.2320803872,1100059.9443781888,1075224.772237152,983188.7239048586,993277.7910372538
2023-02-23,1074521.938745725,1135534.0142757262,1143951.073292039,1100155.1690578104,1167357.1262336415,1110830.8707391943,1143222.578421975,1014239.8030401702,1179142.6582103355,1158912.914207661,1008401.8110744893,1246530.5882524864,1051961.4468058993,1114816.8658197687,1081864.10639136,1134446.1520780497,1128260.0339795586,1060220.1754266156,968399.1355263348,1145043.1322963438,1099104.7614610784,1074521.938745725,983434.4534663201,991692.4039487388
2023-02-24,1074790.4953293889,1131373.4962060833,1139938.030170688,1098340.5688408122,1162241.2008972957,1108528.0666901174,1139023.4967108087,1012455.593859265,1171541.2463972012,1153872.8565227324,1006989.9576328727,1237894.0794979488,1049231.1547986213,1111127.0012855304,1078263.950896182,1130654.1172549718,1124582.6270982258,1060485.1575530637,966136.6843806033,1140842.3984703596,1097197.6487750069,1074790.4953293889,983680.2444432718,991787.9241176661
2023-02-27,1075059.1190337287,1125125.2993690537,1134258.4608105267,1095721.3036890808,1154595.3830728908,1104988.6828918394,1133428.0354423262,1007219.9218072743,1162729.930799178,1146230.9227731968,1001482.5684109769,1225958.1349000696,1044839.6907140316,1106515.4586997668,1073667.3812539892,1126150.431795393,1119853.8029060622,1060750.205906819,959061.9821724431,1134807.1123331666,1094412.2849246117,1075059.1190337287,983926.0968510632,991245.6494172275
2023-02-28,1075327.8098755197,1116259.3192750409,1125139.3719706975,1091445.9495149988,1144675.8365381819,1100342.9297850893,1124268.2991471624,1005651.1139399353,1146001.95809154,1134739.281761317,999496.4460555516,1220160.712754037,1039508.1707823293,1098577.2225459025,1065782.151597573,1117957.8721419298,1112121.7046687414,1061015.3205044342,957086.7595416054,1125262.969174709,1089907.249606477,1075327.8098755197,984172.0107050478,990017.7580613506
2023-03-01,1075596.5678715415,1125570.3621181382,1134715.465997584,1096225.2775754277,1153639.3073865562,1104771.9812931076,1133776.8965123268,1008533.003135514,1152096.332244769,1144184.1656022735,999746.2514259752,1226410.5041461496,1048336.0367185388,1107199.536672335,1074511.0444310966,1126769.9211599499,1120435.7291539668,1061280.501362465,958753.2690706309,1134646.00443604,1094578.8148605106,1075596.5678715415,984276.4667387317,990767.7921185096
2023-03-02,1075865.3930385783,1116205.5722314692,1125375.2404855115,1091843.8957027793,1143774.343844496,1100191.499675418,1124426.0255895953,1005073.5080834889,1142515.8702283849,1132997.3728238435,999852.9155640301,1217289.1677215488,1040586.5598600643,1098758.0783924784,1066369.5625837862,1117933.6648136536,1112084.2512172558,1061545.748497473,954355.0708464802,1125179.580087991,1090139.9325307372,1075865.3930385783,983422.0668788068,990159.7667972528
2023-03-03,1076134.2853934185,1138221.5365243617,1148288.5823624001,1103114.6272977325,1165988.1365732462,1110976.9453087975,1147279.045199103,1010336.9988650712,1171123.4149397463,1155213.7942895049,1000529.8408246546,1246732.9472411848,1056953.5281996967,1119394.4247167201,1086968.6884353922,1139989.4219361355,1131328.629919213,1061811.0619260217,965463.5694501114,1148111.6682567287,1101396.7262173546,1076134.2853934185,992216.6522144246,992709.1242158848
2023-03-06,1076247.097179391,1144679.7211901946,1154655.4947775141,1106326.355365379,1172626.8450087977,1114291.8746372496,1153493.38287748,1012979.0882998131,1180853.5872670703,1162174.44850796,1000626.0471109736,1255795.8408468852,1063988.107370146,1124906.7622131705,1092565.532958098,1145448.5056306564,1136799.977578351,1062076.44166468,967878.6922856515,1154561.263404867,1104652.70361153,1076247.097179391,991860.4963963645,992805.7056901373
2023-03-08,1076892.205734414,1149019.6167141339,1158943.3888329943,1108552.4441841515,1177652.4163914076,1116847.408464561,1158035.3084769081,1015107.0186314266,1193779.2733328608,1168024.3766452922,1001968.7291988713,1269825.7289457074,1066568.3330483607,1128757.4991227773,1096394.5868861333,1149017.389632289,1140948.3255854887,1062341.8877300217,968306.0340439999,1159105.256712205,1106991.4065505133,1076892.205734414,994496.7123342546,994134.700290021
2023-03-09,1074424.9795093667,1140135.8469287814,1149732.8350030612,1104235.313038418,1169302.7312071347,1112955.2246830433,1148836.343095728,1012272.8102829128,1178874.8971602104,1157278.9593768758,1000355.9715913588,1256205.7884071197,1056668.1792456058,1120608.5488902018,1088144.7334651232,1140780.4214331345,1133000.396287904,1062607.4001386235,966329.3779231509,1149806.094141727,1102607.4975788062,1074424.9795093667,987830.6520399557,992938.8848616295
2023-03-10,1071033.649762384,1129172.3825889996,1138413.3676835934,1098869.6495587148,1160740.5890491968,1108999.6101099923,1137951.2285392974,1009995.3762446075,1180384.0851707724,1152995.494746805,995912.5797566172,1256102.3070063773,1046053.2450858102,1110489.6319683034,1078499.4091063575,1130772.0844966378,1122292.2870556156,1062872.9789070664,960592.2996530425,1139730.160121193,1097836.085736885,1071033.649762384,980673.7874909418,991584.3120611102
2023-03-13,1065033.8760572544,1111978.4854898488,1120849.2294683983,1090471.399822489,1145010.5641234447,1101621.0144219792,1120702.0396085344,1006290.512977072,1167141.0541839467,1139394.7003168298,994654.7752008776,1242029.2380655487,1030518.2707566465,1094732.9257293048,1063063.4688020532,1115195.7925079705,1106041.8986224928,1063138.6240519362,953240.6896892618,1122916.5444093144,1089814.8068227386,1065033.8760572544,972419.3446773,988105.7048794618
2023-03-14,1063151.4333161765,1106686.7844175128,1115789.1826595971,1088173.0702058321,1139732.7252278663,1099223.9036271558,1115648.4550324797,1002779.4527971623,1155126.5509081578,1132842.6255937128,995213.2152157669,1230701.9354804778,1023850.1162505173,1090124.632269758,1058464.1744611193,1111049.2033958954,1100971.6678841268,1063404.3355898228,950989.6124782444,1117738.3108505504,1087453.7327455864,1063151.4333161765,972662.3826346265,987151.4795080656
2023-03-15,1063301.5080029352,1098848.6172568575,1107229.490603072,1084180.7426331807,1131386.791397968,1095341.2547187698,1107225.7448090748,1002918.9230155892,1154207.0069022807,1122660.6030458214,995305.0226009515,1231271.628223171,1019575.8658193557,1081547.0275585637,1050712.5638508308,1101268.458146605,1092740.4170071846,1063670.1135373188,946118.3241749317,1108943.332447901,1083341.1982523894,1063301.5080029352,972905.4813347271,987398.1994858865
2023-03-16,1063972.2757774289,1098062.2194379359,1108245.3064174838,1084798.0589025007,1132646.4701570435,1096114.001577609,1108186.8533380507,1003558.8933078949,1160446.8630530694,1124170.3113938319,995629.0102526752,1237255.3192443026,1020383.8069780198,1081898.7081493114,1052228.8683008344,1100771.5612551584,1092725.8468112356,1063935.9579110225,942814.0701344887,1110246.7294008266,1084085.8611203402,1063972.2757774289,973148.6407927835,987644.9811267335
2023-03-20,1064238.195670911,1096699.8057644516,1108522.2915237164,1085069.1838094562,1132929.5538760035,1096387.954691971,1108463.8238350337,1003659.4021878658,1160736.8949582614,1124451.2766560554,995728.7249354449,1237564.5479809854,1013721.4729245187,1077782.7192491896,1047971.2732833081,1097242.767160379,1088178.7654394186,1064201.8687275362,942346.8140519753,1110524.214725156,1084356.808026832,1064238.195670911,973391.8610239808,987891.824446018
2023-03-21,1064504.1820260782,1100881.1336213478,1108799.345857176,1085340.3764789915,1133212.7083464242,1096661.9762757705,1108740.8635555923,1003395.793770165,1161026.9993514826,1124732.3121402704,995467.1994885978,1237873.8540035847,1020828.3122186399,1081465.5013217737,1051285.9501230288,1101709.7341681598,1091461.1128056094,1064467.846003466,945449.3761973851,1110801.7694017324,1084627.8226514158,1064504.1820260782,973635.1420435087,988138.7294591558
2023-03-22,1064770.2348595408,1103730.0967203728,1109076.4694351645,1085611.6369280429,1133495.933585988,1096936.0663461199,1109017.9725170273,1003833.2839650279,1161317.1762508499,1125013.4178640281,995901.2327402696,1238183.2373314172,1023477.745264004,1083902.0966685903,1054032.495692478,1104055.7044374791,1093662.9771157508,1064733.8897554222,945606.0145373669,1111079.3934478888,1084898.9050110166,1064770.2348595408,973589.5745495816,988385.6961815659
2023-03-23,1065036.3541879132,1099430.5553132906,1109353.662274988,1085882.9651735504,1133779.2296123828,1097210.2249201362,1109295.1507366444,1004826.3732851703,1161607.4256744848,1125294.5938448836,996886.4749054273,1238492.6979838035,1019002.3909798365,1080479.4669639699,1050550.2034582857,1100626.2794617033,1090313.005216243,1065000.0000000182,945972.1638479325,1111357.086880963,1085170.0551225636,1065036.3541879132,972790.674045895,988632.7246286706
2023-03-24,1065302.5400278163,1092506.672954578,1109630.9243939572,1086154.3612324584,1134062.5964433004,1097484.4520149403,1109572.3982317534,1004536.4788847211,1161897.7476405136,1125575.8401003962,996598.8711813989,1238802.2359800697,1011134.7414574065,1074526.014667191,1044521.8253195301,1094790.577071255,1084327.349947492,1065266.1767538742,941308.8025438766,1111634.849718297,1085441.2730029898,1065302.5400278163,970561.9772879943,988879.8148158984
2023-03-27,1065568.7923958711,1096431.3741658432,1109908.2558093874,1086425.825121716,1134346.034096437,1097758.747647658,1109849.715019668,1005159.3161548278,1162188.142167067,1125857.1566481297,997216.7869399259,1239111.851339546,1013560.2902428781,1077839.6174952183,1047439.787531905,1098471.7011350782,1087683.1578759588,1065532.4200336116,942671.3312541589,1111912.6819772366,1085712.558669233,1065568.7923958711,970375.2781902279,989126.9667586786
2023-03-28,1065835.111308707,1093326.5342913962,1110185.6565385978,1086697.3568582754,1134629.5425894933,1098033.1118354192,1110127.1011177069,1005266.3742746246,1162478.6092722798,1126138.5435056526,997322.9991119904,1239421.5440815683,1011531.4629673886,1074756.6135461538,1044371.2275706194,1095214.2524091774,1084761.8849180571,1065798.7298558585,941366.1802675175,1112190.583675133,1085983.9121382346,1065835.111308707,967729.97980102,989374.1804724467
2023-03-29,1066101.496782954,1098679.2203945208,1110463.1265989118,1086968.9564590943,1134913.1219401741,1098307.5445953577,1110404.556543193,1006286.1352433441,1162769.1489742917,1126420.0006905373,998334.7021727184,1239731.3142254767,1019229.0723361572,1079111.7099556134,1048205.3346895432,1099515.1866135548,1089706.757648533,1066065.1062372443,941045.5900180314,1112468.5548293411,1086255.3334269412,1066101.496782954,968859.181323716,989621.4559726405
2023-03-31,1066210.9758915312,1118815.6271510816,1109087.5928715018,1086435.1327854823,1133507.7794477101,1097770.7760422311,1109034.4075540327,1006710.7222530176,1161322.3868279548,1125022.309968094,998604.9598394646,1238188.578935976,1035880.4204610575,1096922.7939010873,1066706.248379802,1117348.4860462192,1106758.8359378336,1066331.5491944058,947277.7299718842,1111090.0510656259,1085725.805961959,1066210.9758915312,968519.1779237358,989720.9374101999
2023-04-03,1065300.449629457,1118448.8551701063,1108749.98291735,1086410.8428885408,1134616.8715883696,1098443.6125938063,1108840.8622949508,1005720.097050625,1152531.4258173867,1123855.6171130235,998854.542399647,1226436.7111968172,1038165.8813337795,1096407.5135004725,1066918.8692243304,1116202.52257897,1106114.308162921,1066598.0587439819,945813.7438153719,1110457.9987190762,1085568.132015011,1065300.449629457,967054.8117615627,988761.3383153685
2023-04-05,1067517.2594237893,1131845.1784334006,1122164.6761271663,1093078.3427759018,1147953.9349522144,1104961.5756045256,1122406.139478835,1007930.4597266414,1173127.5524430173,1138293.3795504388,998954.0090939944,1254745.3872764169,1047653.6324162149,1107967.122859885,1077433.7617272746,1127822.7079661114,1118685.3565739987,1066864.6349026163,951086.2160233201,1124273.0099969213,1092347.9957197614,1067517.2594237893,973599.808498192,990762.8639816928
2023-04-06,1065543.7488729309,1133137.6709680185,1123512.2012549662,1093876.3810119808,1149543.1543400493,1105860.130296585,1123470.6327422915,1008259.8350014697,1172193.9395268594,1137134.1086685793,999274.248477635,1258480.9481541906,1050165.7746452575,1108719.529212696,1077962.6805454057,1128671.3330113592,1119573.467280962,1067131.2776869554,950567.2596413535,1125360.542460007,1093018.2020525336,1065543.7488729309,973941.3121537975,990715.687599747
2023-04-10,1064695.582674881,1133776.4365504927,1124284.3535115984,1094408.3846156097,1149559.3421424525,1105973.402013984,1124276.9764201534,1010319.9473126234,1171856.6553300328,1137477.7175722767,999523.9983139461,1264390.689805939,1051651.615576738,1109011.0119982946,1077992.378564711,1129092.569133288,1120007.6684671333,1067397.9871136528,950378.2903243451,1125832.5371820254,1093368.8085131387,1064695.582674881,974568.88042331,992738.1695583005
2023-04-11,1067044.1471678724,1137338.869236135,1127764.8511248687,1096234.003200685,1156060.473618,1109279.3276322451,1128303.5014340512,1012136.0530080586,1189353.959799851,1145258.8309471426,999773.8105705396,1283202.4333865526,1057514.329688998,1112551.3710735654,1081495.5426340993,1132253.919010291,1123958.803589582,1067664.7631993636,952075.2543151086,1130475.490960654,1095785.9414214042,1067044.1471678724,977620.95296652,994494.603924507
2023-04-12,1067882.458553417,1139701.4231904726,1129994.5385706176,1097469.469982862,1156985.427712305,1109852.2464273174,1130332.4082299229,1011124.600351339,1184658.563892896,1145539.1995828897,1000023.6852630166,1275352.9697734155,1062890.6986599078,1114523.1722081844,1083809.3711230266,1133882.5962462192,1125913.7521547703,1067931.6059607486,952976.67991724,1131889.8338469458,1096609.4349884596,1067882.458553417,979479.2915761176,993509.3596443431
2023-04-13,1068296.756410819,1136796.0511662518,1126997.729246885,1096133.5468806273,1156704.9859110995,1109890.2667843674,1127778.8985561074,1010424.973151716,1189801.6346120874,1145567.971372779,1000273.6224069808,1278020.537800955,1063821.549041878,1112456.7248317762,1081987.2263279299,1131035.5425253916,1124370.8874627615,1068198.5154144706,951953.8686683881,1129781.1001033122,1095749.8053259847,1068296.756410819,978348.018823357,992812.3407272412
2023-04-17,1066181.4468214493,1125005.134403055,1115174.9276611845,1090480.9079401419,1151208.030375039,1107415.0710626962,1117310.6405098236,1010116.8587973848,1198345.6639898117,1144500.1369154681,1000523.6220180416,1285910.1918310341,1056592.336779049,1101911.3047193738,1072752.9085829342,1120408.141757663,1112557.4671443817,1068465.4915772001,947955.1257818773,1120772.6495741853,1091530.1692904083,1066181.4468214493,978592.5385414711,992490.2624303526
2023-04-18,1063642.179930895,1121959.7211921064,1112237.6887563104,1089186.408803195,1148027.7524737346,1106025.3732743142,1114323.1444363212,1009473.3858112806,1193652.2475600028,1140301.879449871,1000623.920282034,1281706.975698324,1053805.7294630478,1099168.828602747,1070012.6478326411,1117666.5559514575,1109814.9744056514,1068732.5344656084,946445.303735144,1117608.626139589,1090140.421932425,1063642.179930895,978837.1193726977,991863.8460874641
2023-04-19,1063422.523064576,1118126.6486702615,1108456.3734906316,1087475.9770353814,1145919.3144911162,1105160.863954579,1110812.5982906132,1009294.1643761422,1192503.0847904147,1138790.4351409527,1000984.1706890819,1282493.0862316743,1051335.3105890502,1095283.7683551386,1066326.5537170388,1113600.5628862167,1105907.388394963,1068999.6440963724,944289.2637817624,1114479.3130411473,1088768.8263886932,1063422.523064576,979081.7613323109,991686.4425134714
2023-04-20,1065273.9985667798,1119912.340694906,1110286.0185438488,1088520.1853817566,1148689.5114179286,1106623.0451428564,1112835.6089469576,1010584.1823166896,1193473.5862088664,1140812.542186322,1001655.1931250171,1287150.996276073,1051675.390896373,1096470.6637489656,1067689.6130897077,1114535.981848422,1107159.6071907603,1069266.820486174,942010.3424959383,1116184.129619325,1089743.2426723863,1065273.9985667798,979326.4644355886,992949.590761251
2023-04-21,1064682.929616833,1121640.6384680911,1111956.3274623447,1089475.6605150138,1149241.7092572493,1107009.8455224978,1114653.5668738845,1011160.7297176432,1206243.5857864793,1146697.2104626808,1001128.2980106766,1306237.3200824976,1051651.6155767383,1097920.5156101596,1068976.680622875,1115974.0757809898,1108788.5057136961,1069534.063651698,942506.5440447872,1118581.562256731,1091025.1462174044,1064682.929616833,979571.2286978124,993338.4225962128
2023-04-24,1070638.0247721802,1128526.0585149364,1118700.2179936878,1092905.576195195,1156750.8403650862,1110756.297764762,1121397.8894277986,1015016.9992060662,1211625.2206458296,1150984.9980407183,1001970.6536787234,1308705.9101015849,1058773.3727184732,1103895.3354804658,1075495.7924147502,1121426.8313852372,1114709.43253301,1069801.3736096325,944995.9347170166,1124784.758368449,1094170.3587138935,1070638.0247721802,979816.054134268,996942.9173783248
2023-04-25,1075820.3571517668,1133482.8432335297,1123669.8177341525,1095475.4759000915,1163128.553763017,1113968.4570884684,1126530.7807516507,1015893.890703365,1218691.4547495719,1156652.9857914308,1003054.0645066838,1317733.8964619904,1060315.8548526126,1108192.8073759046,1079906.5082363703,1125956.6790485387,1118653.6608319676,1070068.750376673,947893.5840672883,1129907.45484264,1096803.481604807,1075820.3571517668,979036.1061191801,997244.3519994773
2023-04-26,1078436.7308821687,1138069.3513132709,1128281.679185311,1097854.513752178,1167662.7355558856,1116274.5347323138,1131129.2865593887,1018861.2385170999,1222784.2681655167,1160392.9506528808,1004395.8815294849,1322477.9168710948,1062962.25771018,1112175.6175416687,1083634.69830503,1130027.830961133,1122808.5940697996,1070336.1939695159,949687.624163293,1134422.4031598628,1099110.5838057469,1078436.7308821687,981814.6825512177,999394.8009533071
2023-04-27,1084045.414123099,1143293.2189735372,1133545.1935793103,1100580.4149346913,1173436.8936730162,1119191.5106697737,1136397.7715262093,1020538.2415847359,1228385.221295601,1164973.8757388606,1004498.3556605924,1334317.270956144,1069015.9901993081,1116604.7283428838,1088119.5521692105,1134588.1619612298,1127044.4393169687,1070603.7044048633,950927.1386117588,1139406.2332030593,1101684.4953031002,1084045.414123099,986544.1846771026,1002680.2073993704
2023-04-28,1096129.674857525,1157300.5700437436,1147477.3779996184,1106748.3343973476,1188229.1955796103,1125728.0617046254,1150189.6836892713,1025284.6817941575,1246065.01774455,1177789.8142665317,1004109.4773841487,1362485.3973568135,1077963.6685798473,1128282.3437146074,1099271.0163594366,1146750.5097976495,1138773.777586332,1070871.2816994216,958033.4414981429,1153358.7157948818,1107816.0430577006,1096129.674857525,998324.3936712737,1007954.7688340624
2023-05-02,1096429.1898237546,1159287.4833330405,1149727.4608911595,1108921.6959120329,1189207.8155447682,1126656.4197861955,1151986.8399663058,1025716.8067163633,1245663.7079412602,1175395.2959761594,1004360.4356951399,1363152.536106509,1082895.532310137,1130286.7813750785,1101496.1618623985,1148718.2862428708,1140583.090998394,1071138.9258699,956195.4541519933,1154706.4572067806,1109129.2139746184,1096429.1898237546,998598.3436888406,1008312.2429834066
2023-05-03,1093019.7288754731,1155023.301261035,1145498.6937207526,1104892.609772915,1185736.3465281846,1123415.9638998131,1148191.651249358,1023278.6301386075,1249103.6848222848,1175363.3277546375,1004611.4567284494,1361869.2768567805,1079446.4793235313,1126458.5835577617,1097594.2706896376,1144612.0966720623,1137111.8045466226,1071406.6369330145,954367.8880886143,1151509.3756766883,1106150.2989933204,1093019.7288754731,993173.564630872,1005267.7112566022
2023-05-04,1098966.3095434972,1164054.7220852403,1154449.543943598,1113518.7927771476,1194813.1914539684,1132070.7333202271,1157046.295038006,1030200.1361739686,1247651.3934591122,1184225.7573129865,1004712.8683112027,1364425.5897851083,1089349.0164970434,1134363.2797076006,1105034.9545609807,1152616.5884652727,1145390.1744824487,1071674.4149054822,954312.7491902075,1160250.6404436133,1114525.7568648048,1098966.3095434972,993421.7897158004,1010616.0210069357
2023-05-05,1094054.8171643708,1157453.2989803648,1147805.3759974309,1107120.7053327959,1186563.2013917672,1124123.925526691,1149962.418179659,1024314.7036803319,1247242.2636191167,1175114.3056721592,1004415.1272047897,1365953.5339747618,1078202.3541416696,1128940.2743313054,1100055.216413607,1146886.6755456293,1139817.7702886963,1071942.2598040262,952550.6052637502,1153708.9547313477,1108153.218370788,1094054.8171643708,993670.0768399282,1006116.69709802
2023-05-08,1100300.386192773,1166176.41351988,1156352.7513849663,1115358.5832196898,1195507.9765866417,1132623.1010960639,1158602.4490539145,1030127.9329153366,1253491.608606369,1184519.9771128246,1005250.9417456886,1375598.7557925407,1089862.1671458248,1136500.0829841692,1107644.1696758997,1154303.3115986243,1147480.7065088009,1072210.1716453743,955198.8134102697,1162360.8659776107,1116444.6403517923,1100300.386192773,993918.426018761,1011776.1589237315
2023-05-09,1096674.0513637704,1163685.364915371,1154203.6624379214,1113316.5848961435,1192104.3045909246,1129432.7364550545,1156267.3060054253,1028723.5434175637,1239002.1497713458,1180856.673716673,1005307.9903986622,1363593.7006947761,1089954.5878736204,1134419.4864764588,1105605.1259142244,1152402.3409518483,1145181.0483521298,1072478.1504462569,956700.9067867942,1159672.819824039,1113865.2905803828,1096674.0513637704,994166.8372678079,1008324.4531278692
2023-05-10,1097637.2432563126,1165156.0754133377,1155536.4607710969,1114599.3521488123,1193730.0280762657,1130978.0445229223,1157834.7077974796,1030070.2429030868,1241988.0178456386,1184579.5088505473,1006241.9921558574,1365931.0891635828,1092887.4600236486,1135583.0991589047,1106782.7532877517,1153590.3022993351,1146304.5921867196,1072746.1962234087,956390.1405340374,1161455.2778410395,1115565.59096923,1097637.2432563126,994415.3106025825,1009595.2983841856
2023-05-11,1089455.7926982574,1158812.0569871808,1149456.6127355555,1108949.7191527048,1187272.538608201,1125054.5176923207,1151990.192870748,1026603.5382645904,1220990.9287658974,1184044.2713320984,1009241.4125183666,1349633.4867403612,1091807.4311655397,1130258.522213556,1101977.175208608,1146543.4646689023,1142156.864520863,1073014.3089935703,947654.6094149657,1156493.5444361048,1110928.1297170864,1089455.7926982574,994663.8460386018,1004846.6217825864
2023-05-12,1090155.6123846355,1161317.0773049477,1151797.154527055,1111214.344501843,1190502.4796380014,1128146.5120068474,1154605.4345838844,1029804.0921620417,1220679.3593975184,1188980.254844309,1011237.8793290948,1351621.5715948571,1092869.6285339224,1131739.0634246645,1104041.1218184007,1147390.0029955117,1143659.205591671,1073282.4887734842,949010.0213484338,1159437.2291820496,1113775.8499511026,1090155.6123846355,994912.443591387,1007002.7770307524
2023-05-15,1095007.9971677307,1169335.7967706064,1159812.6970271168,1118919.6149727358,1199293.8314783338,1136476.9201735782,1162640.5748730851,1034728.2019853634,1238583.5369997653,1198439.958642956,1012955.6045840804,1365340.987298189,1097884.9389743023,1139013.177268032,1110767.9044546874,1154892.648413194,1151266.4522334808,1073550.7355798995,950936.9259985809,1168039.7759441007,1122069.5321078917,1095007.9971677307,995161.1032764628,1012178.7957687485
2023-05-16,1092674.3026364613,1165585.161802965,1156295.4620612327,1115596.8711745406,1195317.644525424,1132763.5691630996,1158884.4991988637,1032061.0036997017,1228079.1336093566,1192761.916241797,1012445.473977003,1357821.1056553032,1091180.8815657557,1135851.3506425116,1107858.9252252292,1151432.5504740702,1148141.7903100282,1073819.0494295673,948797.0319122168,1164139.6016843326,1118382.8717344308,1092674.3026364613,995409.8251093582,1009849.0368513813
2023-05-17,1090808.1330312432,1161033.9888191398,1151503.560762239,1110941.2558770229,1191611.4434129505,1129195.2632645762,1154359.9849932848,1029964.1741777159,1233761.4391076898,1190736.4108516958,1011451.468357701,1359204.7774717489,1084930.3034155348,1131343.0761322351,1103666.9314262802,1146914.0814836433,1143320.3898737256,1074087.4303392435,948441.3169907037,1160075.792647418,1114468.6168111858,1090808.1330312432,995658.6091056057,1008905.6023536709
2023-05-18,1086379.025880826,1154947.0791202895,1145597.6219370598,1105261.2530990182,1185727.5984065975,1123631.763822986,1148713.4701919958,1027103.4860409232,1215758.1877998277,1185266.4718623466,1012797.4749210136,1346506.0421209217,1081839.2787716626,1126321.5132086305,1098986.6258246698,1141529.718247815,1138310.3846170937,1074355.8783256894,941117.8986370591,1153816.2263780416,1108456.9357935663,1086379.025880826,995907.4552807421,1005038.9130046227
2023-05-19,1089646.403280328,1160937.4034561794,1151814.457516227,1111283.265288027,1191520.2986531658,1129156.8918154628,1154723.404372443,1029955.678206057,1216427.9677341995,1190258.1333007135,1012993.0148751178,1350140.1771291716,1086222.212328035,1131821.700766044,1104503.157072489,1146870.978409468,1143945.0120194154,1074624.3934056696,941418.4630632472,1159695.2372763704,1114112.6440564862,1089646.403280328,995422.3784754231,1007696.6566291923
2023-05-22,1089054.7477823677,1167593.7879886343,1158637.071883902,1117897.6079319254,1196946.8240407025,1134327.9108340335,1161182.1997886929,1032960.4879170586,1228055.8632329241,1195567.6103390208,1013071.013562733,1357586.982130795,1092845.736668603,1137800.6638890784,1109922.864734623,1153029.059424246,1150320.0396488777,1074892.9755959522,945181.3189088113,1166038.0359563143,1120173.8200107971,1089054.7477823677,995288.5500318613,1007638.9265209651
2023-05-23,1089494.4798310725,1168779.0681394364,1159745.5929587344,1118987.825547661,1198108.1555127974,1135431.8832866135,1162281.2485814996,1032376.9574765189,1234725.0123019468,1196980.4721888625,1012842.2560148507,1363013.2133319296,1094850.6720787734,1138788.519022416,1110894.5729439047,1153987.6331525536,1151352.5894705015,1075161.6249133097,946624.455897033,1167198.5813304896,1121287.1589439767,1089494.4798310725,996131.3530332971,1007919.4885185967
2023-05-24,1088049.3724561653,1165501.5511362,1156467.171484362,1115864.7824751926,1194477.8153956984,1131988.170609628,1158913.4348363676,1028626.5732315145,1240042.2934073037,1195451.7459916198,1011754.3452109142,1362551.8893053574,1091115.2663453915,1135586.306110278,1107435.3831187196,1151011.5420660588,1148196.4734865997,1075430.3413745211,947214.0789451696,1164289.7854252702,1118475.270136184,1088049.3724561653,995281.6079586125,1007138.1615741794
2023-05-25,1090020.2769313338,1170244.0082225616,1161084.8762243527,1120261.0641178594,1200184.4219319676,1137332.8702648652,1163752.1435757796,1030514.5739008954,1256497.5206333655,1203103.674878484,1011301.9858235688,1374456.5023842487,1093248.5185541783,1139713.6028367002,1111430.6323647306,1155284.1984374784,1152311.8351936138,1075699.1249963662,950370.6385970133,1169469.6709572962,1123395.7622482937,1090020.2769313338,998695.9781074057,1010319.2382842045
2023-05-26,1096651.1565339284,1181727.5743048294,1172550.469053679,1131331.1159088074,1210481.462572922,1147124.9571542202,1174882.5867997473,1038974.5470384168,1263313.421097428,1212926.2700936256,1014113.5783887792,1384847.5066522649,1103881.9137150866,1150100.0894972607,1121679.5594979923,1166085.8253009273,1162417.0723996302,1075967.975795631,954156.1691788684,1180880.7224374947,1134350.1667506557,1096651.1565339284,1003736.7252926597,1015623.7385015301
2023-05-29,1099291.6258443198,1187140.8389209504,1177638.745396363,1136191.5655387857,1216503.8904764242,1152810.7446345494,1180092.5926637754,1042427.2692265714,1276952.002311882,1219266.3267686865,1014503.9975919717,1395516.72589965,1109807.329405598,1154638.5609278532,1125685.5040656228,1170855.680598892,1167273.630982885,1076236.893789105,957222.0745104646,1186275.4209221893,1139509.4256854425,1099291.6258443198,1003987.5904412646,1018294.6122953494
2023-05-30,1102409.018295146,1189899.7717646752,1180334.9845280265,1138821.2954345415,1219725.0410269706,1155881.1273116483,1183136.002295988,1041513.6480674434,1297656.7671655675,1226431.3463450533,1014610.0965874277,1407558.1823000547,1111907.7157313605,1156819.9407497798,1127806.4368547257,1173062.8187627099,1169489.6944912884,1076505.8789935824,956472.8142277912,1189879.9171309522,1142995.5710163917,1102409.018295146,1003046.7677752695,1020655.2429552788
2023-05-31,1102174.7605072376,1187243.3636120795,1177838.645616188,1136400.988758584,1217996.7982871765,1154228.95905583,1180732.4730083547,1040961.4138619914,1284669.2034152644,1225552.4795964602,1013283.5360585564,1399288.291336721,1105973.442568828,1154018.0625602528,1125363.5046400242,1169895.793855819,1166680.7698521551,1076774.9314258615,954298.3391865054,1187809.2198348742,1140997.6352331091,1102174.7605072376,1002634.5804729892,1020863.4385273318
2023-06-01,1098757.9017293584,1183162.1760426196,1174198.095110827,1132876.7265681967,1213089.7101850358,1149584.6575448029,1176616.6609223192,1038944.5330175535,1269870.7321059112,1219682.9178405623,1012956.6685808484,1387879.8676761803,1103189.7488949385,1150794.2729731135,1121795.3142475265,1166769.2450562504,1163721.8297052062,1077044.0511027442,951559.1156954252,1183775.0784525527,1137098.5586920585,1098757.9017293584,999811.7192842325,1017712.728793198
2023-06-02,1101479.5220783825,1187768.547866576,1178641.394367305,1137142.2358179204,1218101.6812686122,1154330.1666756663,1181173.6899562536,1042269.330976838,1280256.3328606873,1225244.9491581249,1012904.4928895982,1397230.809921418,1105955.4945334168,1154681.6806801634,1125613.5954792744,1170630.9687235374,1167702.0303491463,1077313.2380410372,952488.6088426295,1188676.3767722526,1141803.4239184214,1101479.5220783825,1002053.888928609,1020384.2407748001
2023-06-05,1100637.0084643173,1189359.2695532728,1180344.4226136059,1138775.0118062906,1218074.3024854432,1154307.1165627968,1182608.49156197,1043787.5149743749,1279954.0191094584,1223846.7648694892,1014953.612888521,1397216.2760377033,1109520.8601131372,1156178.5734464044,1127585.4782201296,1171960.0635348621,1168870.4947165968,1077582.4922575518,953607.2575804354,1189643.2683375657,1142737.54782269,1100637.0084643173,1000438.6901629006,1018252.327315848
2023-06-06,1096057.8733157057,1184311.5089929963,1174998.8284659125,1133579.095897714,1213595.7003078198,1150064.8485149296,1177578.1062949258,1040233.1396558662,1283469.713427824,1220643.253117972,1014291.7235900355,1395930.5606878407,1109828.1910831202,1151566.4313625745,1122883.6575268412,1167385.4662622788,1164319.5397436975,1077851.8137691016,952695.229826697,1184970.8774752007,1138269.1443048264,1096057.8733157057,995941.7735381082,1015825.2128113771
2023-06-07,1101740.744273722,1194104.6467727243,1184867.7364958618,1143118.8901605927,1224029.0983484518,1159932.874296434,1187245.6679113158,1046100.9151760003,1289886.039790428,1230907.5324813684,1015821.8928515883,1406037.6909773496,1117430.3495362964,1160118.6837104722,1131062.6833575582,1176413.1689690528,1172777.5290761304,1078121.2025925068,957831.21895871,1194950.4508576621,1147834.6164691376,1101740.744273722,1003428.3860085924,1021170.2546110139
2023-06-08,1098972.583313174,1190139.0905552753,1180935.293879658,1139304.3069073767,1218965.160900453,1155133.3813143503,1183208.2652133899,1042216.7676595333,1289173.676891069,1224631.882459073,1014725.8365544194,1401095.2528353636,1111949.5556320895,1156701.1639538417,1127663.0627312195,1172938.7626017223,1169401.8396720137,1078390.6587445901,954489.4986662872,1190502.2796329765,1143574.7932995127,1098972.583313174,1001494.6328598298,1018516.2893323405
2023-06-09,1093010.1856077,1182599.9946699382,1173502.988149461,1132122.1874244907,1211236.692140241,1147806.1352668544,1176023.4275906184,1036989.4149659078,1282972.8126076038,1216840.6558236438,1014116.3316562078,1390712.7275577493,1107703.9128920387,1150073.6551016083,1121341.042190527,1166279.0564200825,1162496.702594675,1078660.1822421798,949422.4763031356,1182822.7763732201,1136207.2493421629,1093010.1856077,994884.0348462821,1013095.6979846944
2023-06-12,1092316.0582205509,1184222.1366450163,1175417.3960392082,1134003.1714901642,1212565.1994410728,1149063.170605775,1177494.2777979127,1038748.2936858961,1277859.5663687263,1217116.9770494255,1014940.2957625316,1389314.82695029,1109977.369559259,1151705.4413426823,1122789.920838277,1168156.738894757,1164072.452166205,1078929.773102107,947472.0911662513,1184243.3562255828,1137565.0991760548,1092316.0582205509,995132.6874311257,1013398.5271085282
2023-06-13,1095831.9482915676,1191975.4772543753,1183061.7744138453,1141365.3503968036,1221602.7895360386,1157635.762469445,1185306.6828207327,1041735.7265612981,1296094.0804388146,1227252.9890948357,1017078.0767468563,1400236.692343517,1116818.717784127,1158451.3919929157,1129180.4643603151,1174989.5114910628,1171093.5089086725,1079199.431341208,950421.8504625165,1192504.6437171604,1145501.5014476029,1095831.9482915676,995381.4021620139,1016476.6529872726
2023-06-14,1096516.5672653185,1192656.459895641,1183749.9451609727,1142023.3012327962,1222516.8906670879,1158504.6796354337,1185888.036953247,1042882.2398640327,1293244.4790722942,1228655.8295986103,1017514.9755878295,1399512.1357281378,1119190.6555547358,1158788.7576774997,1129402.725710841,1175181.456875513,1171694.3766429138,1079469.1569763233,949942.1073585809,1193420.2328981117,1146381.7350554338,1096516.5672653185,994742.0517969371,1016363.0639789907
2023-06-15,1097255.9254766153,1187194.550808436,1178178.868561501,1136649.7324081575,1219151.0223519825,1155298.380576168,1180549.4915995854,1038207.1989527881,1297913.7322833503,1226788.5445387908,1015485.431045281,1395756.6599182428,1115144.8886635744,1153608.4500104394,1123674.2336064072,1170356.6633378104,1166736.4194146327,1079738.9500242968,944603.6665973724,1188653.8154817745,1141809.9307279661,1097255.9254766153,994852.1086571591,1016270.8549052832
2023-06-16,1099890.8591421258,1194891.9374600253,1185639.9077068593,1143824.1429577563,1227217.5498178408,1162951.9249405714,1188163.9823149573,1042148.5618698661,1309774.026723909,1235582.2970323802,1015888.0271111043,1408703.2498494792,1123373.5967165343,1160358.9613490156,1130496.331051908,1177123.3420497933,1173388.742863297,1080008.8105019762,948402.2456204135,1196606.7393484183,1149470.4106467247,1099890.8591421258,999391.3381449769,1020853.5645378849
2023-06-19,1097439.928647807,1191468.179788418,1182438.820763262,1140749.5876154627,1224321.7500715514,1160199.5037621392,1184947.0846756531,1039156.7073374685,1307662.3176006665,1232101.9726296086,1015559.314190291,1401427.882292283,1119163.7335016201,1157203.5992487948,1126721.7350523926,1174248.5259918035,1170601.596270905,1080278.7384262152,947075.0509318615,1193224.9800714168,1146201.9850895796,1097439.928647807,996988.2702697162,1018385.9703962485
2023-06-20,1098750.8462606883,1194002.6295738465,1185122.9080941014,1143351.2310862213,1226655.3595971682,1162406.142526651,1187512.7296966386,1040685.698854025,1308479.2404105528,1233768.0641323924,1016176.2418789164,1402128.7097151878,1122818.6061670238,1159507.6951869482,1128947.8660485903,1176648.8764956922,1172888.4453098506,1080548.7338138712,946229.6818037296,1195569.3107177864,1148447.2343586185,1098750.8462606883,998436.6991736869,1019051.782090092
2023-06-21,1099359.5411394658,1196815.857757987,1188117.7962564372,1146258.6928501625,1229579.0400640692,1165168.645384768,1190544.40511935,1042917.3856072478,1299449.159762972,1236542.2630892457,1016347.838050919,1400473.1522657557,1125214.4358029517,1161796.111286242,1131398.0214254074,1178841.0929831914,1175101.750440207,1080818.7966818048,947521.9115229157,1198360.7509557332,1151122.047068843,1099359.5411394658,997590.7488813271,1018028.0410906171
2023-06-22,1099908.939192769,1194116.0253180685,1185292.5058837533,1143518.447352361,1227402.1035056238,1163099.6142265408,1188155.8882719532,1039814.5213607273,1303106.8539204,1234993.7039609442,1015219.8145830507,1399456.417943102,1120106.588089092,1159409.9848715276,1129168.1701532158,1176515.87190542,1172495.630367624,1081088.9270468818,947516.4963010799,1195799.7274968089,1148661.5862540333,1099908.939192769,995139.8062343334,1016151.5347304657
2023-06-23,1098746.670922865,1187910.9813122898,1178976.8686021592,1137432.475601729,1222398.5668117048,1158354.295182995,1182247.4123269534,1035223.7033767246,1295772.8419841973,1231620.4365139334,1011675.5169300067,1394304.5912312388,1113796.3385484156,1153956.60943164,1124041.6459130817,1171498.9775832372,1166275.8325912417,1081359.124925972,944535.6466315949,1190044.4949972483,1143153.2206642723,1098746.670922865,995388.5227444329,1012231.4687465015
2023-06-26,1096859.6794614852,1186662.6561247532,1177724.4846360637,1136204.1007010534,1220616.199266334,1156678.023113942,1180957.8000234277,1034510.162697734,1296962.1972207376,1229797.91734626,1011586.2266117273,1395109.0130219492,1115329.8466648501,1153133.195126726,1123417.2279896333,1170469.0143935692,1165451.7534648646,1081629.390335948,944628.9904146197,1188803.0710764062,1141966.7636253906,1096859.6794614852,995637.3014165544,1010881.2015413466
2023-06-27,1100612.6454845099,1194573.2531097531,1185574.421579069,1143786.850570827,1227541.1154903185,1163238.2404902128,1188721.3503987445,1040154.7307227412,1299610.4547111131,1235730.7938470268,1011708.2392554448,1404537.5126808907,1122860.4460677535,1160427.2440010465,1130689.3158840102,1178025.7436764396,1172499.42280167,1081899.7232936895,949123.8187742714,1196239.090699407,1149107.1037631046,1100612.6454845099,995886.1422662338,1012798.4500433989
2023-06-28,1106707.2807841543,1204584.0060923144,1195587.3764176096,1153456.3895226875,1237891.5399922058,1173036.4781334552,1198597.725552778,1046749.6656760698,1311389.6715456173,1245495.1905411934,1014606.5567749399,1415441.2477015066,1132091.563552956,1169011.1999260013,1138661.4751722119,1187077.077823229,1181244.8441600092,1082170.1238160776,953729.0317218234,1206193.8529633218,1158663.054691066,1106707.2807841543,995531.2961234087,1015967.3269234371
2023-06-30,1112359.3716960324,1219083.6273197436,1210613.0360302744,1168003.7791127986,1252235.6930896416,1186604.3239735537,1213061.3615220473,1057598.5050097436,1319869.0211821254,1257530.8189737129,1018963.0986517526,1423334.5114334829,1145037.3416397024,1181624.070736409,1150496.430325017,1200403.087501132,1193943.0747174325,1082440.5919200003,961326.1670922005,1220407.8861169382,1172274.7196969842,1112359.3716960324,999541.094981815,1018344.1062076408
2023-07-03,1118295.7524792042,1229622.3894823883,1220593.5031475849,1177598.1087724837,1264105.1733870162,1197884.0811276776,1223161.106186853,1062467.3424932424,1334574.5474544677,1267933.2630666122,1022540.9949956761,1438947.9031742744,1153003.4722655206,1190381.3075075406,1159007.0955146025,1209070.8332175773,1203035.0943787117,1082711.127622346,967926.7312516549,1230919.5179899712,1182325.594951806,1118295.7524792042,1005459.8389511242,1023485.9698074973
2023-07-04,1120815.2170918966,1231400.6662382733,1222582.7047162896,1179496.7399931576,1265062.3897701083,1198790.0174678315,1225107.9867268591,1062697.699522357,1338526.804462151,1268560.471213994,1023317.2089672264,1438545.73670774,1156968.5895430194,1192058.7968729993,1160598.5325739617,1210516.1109759528,1205030.5246152838,1082981.7309400118,967971.0994322501,1232441.8245747704,1183795.025963799,1120815.2170918966,1006369.1700306479,1023689.1972872593
2023-07-05,1122320.0389314604,1235567.035113771,1226542.4271030196,1183270.4852658347,1271076.596821919,1204508.8912325362,1229255.0119942022,1067121.5589049724,1354844.3797111278,1277216.0431197812,1023572.967890088,1445801.2331775562,1157535.4677523472,1195877.763301007,1164349.729509237,1214076.442183198,1209172.2023312966,1083252.401889896,968481.4327680006,1237602.058064093,1188762.9794322522,1122320.0389314604,1007879.7479258775,1030094.4227998168
2023-07-06,1125391.0684015283,1239813.5130154467,1230634.9653795988,1187234.7727818503,1274978.6480469692,1208199.396997316,1233248.5583867785,1070554.442352059,1356593.6679034794,1280916.6080547962,1023828.7907350903,1451258.5717683437,1163431.0477476313,1199530.9103914932,1167704.336117473,1218275.650130275,1212589.0904593377,1083523.1404889016,970566.5793243148,1241637.3748489812,1192665.4341639928,1125391.0684015283,1008131.6485452014,1032976.6834236181
2023-07-07,1116648.0621244498,1230170.301463322,1220949.681312944,1177901.1651451504,1263720.7612890261,1197511.4547323189,1223305.121296651,1064831.925981391,1340560.5748154584,1269271.51949069,1024084.6775182093,1440541.4300139428,1153555.4326272346,1190984.73612023,1159516.8967409905,1209642.019032773,1203767.0639159696,1083793.9467539373,964726.6175337344,1231305.4869104319,1182742.514966741,1116648.0621244498,1008383.6121223553,1026136.5801909446
2023-07-10,1116312.5167576077,1231937.0725412918,1222343.385713365,1179298.4408412394,1264946.8483915292,1198671.5323361522,1224387.2619334587,1068248.1477735515,1337731.8668668317,1268721.4211350435,1024194.9493571789,1445335.2572339594,1154993.4898280767,1191557.8468336822,1160575.4951902824,1210189.4750280469,1203860.8072068077,1084064.820701914,967245.5236342382,1232362.0196491934,1183752.8781140766,1116312.5167576077,1008635.6386730744,1028622.0771618555
2023-07-11,1122026.0917114757,1239157.220859308,1229525.0652129306,1186254.2408138937,1272832.5634356053,1206126.0118042042,1231451.3722069028,1072945.641574725,1354417.717453145,1277612.2228987599,1023648.9909629809,1455643.409313128,1159976.0509311166,1197494.0617336407,1166113.0065910004,1216608.1843562617,1209725.2457806175,1084335.7623497483,968183.7243730421,1240096.438855648,1191223.5984441654,1122026.0917114757,1008887.7282130979,1034991.0130100093
2023-07-12,1118158.0481473154,1234667.0529500598,1224849.9284978474,1181738.6927061195,1268538.64051,1202066.892664859,1226868.8882095271,1069464.682975316,1349704.374977049,1273589.8028398945,1022121.9255428229,1451688.0145629137,1156688.180626152,1193183.1614159548,1162148.423761641,1212077.7294034294,1205277.6286620134,1084606.7717143607,965722.8617522082,1235598.9297367197,1186888.675279047,1118158.0481473154,1007639.7608441034,1031529.5701810477
2023-07-13,1122142.6372240856,1238191.8815953285,1228924.1378183689,1185630.201060026,1270275.6629961252,1203679.170992103,1230812.48583613,1073428.6206793427,1349490.7381414417,1276343.6839129932,1024296.7640538454,1449585.1994274866,1158445.4564567946,1196962.3083764804,1165879.9073816035,1216277.8331651932,1208684.028155142,1084877.8488126744,965006.3748614532,1238687.7527835746,1189878.882086999,1122142.6372240856,1010703.605677842,1033283.7411965985
2023-07-14,1134545.313749357,1252047.166014247,1243718.652492925,1199839.5431073913,1280870.771684854,1213628.6936471108,1244963.1738531124,1085443.1576744334,1355175.1529949154,1289959.0283332907,1030277.9998713209,1456089.886566939,1167440.9185679716,1210111.3375949324,1177762.567975878,1230221.4602078018,1222344.1862330623,1085148.9936616202,965874.0165055904,1252315.6025999885,1203080.099762462,1134545.313749357,1021681.8257574305,1043881.2222916574
2023-07-17,1140083.4002272973,1259602.1221592329,1251083.7519903139,1206930.943978468,1287629.8205466128,1220071.6959552714,1252103.8541612907,1089628.5307814379,1353888.243640228,1292894.7637153156,1032675.2638346746,1463761.7323759494,1176209.5827771435,1217100.0890579405,1184633.1159984774,1236468.3787130201,1230184.0285531883,1085420.2062781295,968875.1023376393,1258957.184416999,1209423.3380625066,1140083.4002272973,1025375.424788076,1046717.4780881309
2023-07-18,1144946.4371577583,1263981.296732027,1256079.9720269565,1211773.4888402573,1290307.8562205434,1222591.2054194505,1256516.7750741588,1092437.9606888506,1355668.8760307413,1295083.212886788,1032698.1835169194,1463015.007704356,1178465.2079546377,1221222.4084191353,1188795.4872288588,1240863.707175067,1233988.9792865212,1085691.48667914,968497.3604418668,1263064.7161002557,1213381.5878531723,1144946.4371577583,1029058.1679616974,1049754.3722803297
2023-07-19,1148953.3231500417,1267997.70075462,1259792.222425832,1215376.8433559,1294359.5410609138,1226448.7321524124,1260116.143138699,1094010.5155676284,1366931.485363804,1296846.519633278,1032487.4009819132,1470952.6873261288,1183471.6609229967,1224648.1877252844,1191758.217884634,1244271.802891057,1237909.2257795592,1085962.8348815932,968425.7537670493,1266630.0853166822,1216804.4507397716,1148953.3231500417,1030687.901479487,1052986.9555631625
2023-07-20,1154593.6728518237,1278040.73021159,1269035.431707113,1224216.2510943739,1308235.739455602,1239632.4918741626,1270328.0960098777,1099442.1519987707,1390932.572957405,1312285.6896234285,1033969.2714187019,1489578.8338196015,1192183.6839295097,1232763.5774340688,1200162.0291893564,1251535.9928555633,1246560.6976282883,1086234.2509024353,971128.995885285,1277455.8394288935,1227162.556989474,1154593.6728518237,1030945.5025685519,1060954.4472593109
2023-07-21,1147248.3410146665,1261552.7902324507,1251007.5296718434,1206919.5303656051,1295893.294720586,1228005.7256133342,1253969.003187124,1096957.9132326418,1404172.892507768,1298269.136789127,1030126.3158815537,1488622.1115980528,1178211.6045452014,1218292.9450647736,1186075.2954080158,1237330.6587198514,1231444.7473940875,1086505.7347586155,959699.7240805009,1260672.9264367064,1211043.0397458873,1147248.3410146665,1031203.1680401723,1049795.109353031
2023-07-24,1144412.6021151145,1254778.3967245405,1244927.426445934,1201076.4428552014,1286196.8999487988,1218804.637954389,1247260.9919792397,1097799.2241247077,1379125.3976370234,1286477.7967157336,1030070.4795473677,1475079.2042494188,1173876.4547194676,1213280.289712784,1180078.029717996,1233018.5840207185,1226764.9270102403,1086777.2864670884,958355.1291710753,1252974.0395133572,1203677.7845907588,1144412.6021151145,1031460.8979104396,1043889.0201437456
2023-07-25,1138970.5667846592,1248541.9943374444,1239021.8742120937,1195364.5710399465,1279153.0112044364,1212124.8186151,1241439.833645829,1095651.8330672455,1358738.4041710556,1279989.1882428613,1029937.5231319945,1462441.7083329894,1174368.7436907259,1207981.1508928726,1175144.3939380224,1227592.8360732086,1221218.022797716,1087048.9060448126,956223.9763840879,1246634.0782564653,1197549.7234889215,1138970.5667846592,1031718.6921954489,1039329.3676531814
2023-07-26,1147316.926567977,1261131.963750989,1251287.3196042161,1207250.081615037,1292375.8665546814,1224653.9845645782,1253544.5261707266,1100414.4764968224,1387793.0951103133,1292041.243722092,1032841.5987335284,1482309.4522155644,1180198.708465646,1218386.9512109174,1185164.510658215,1238397.618435643,1231616.264993487,1087320.5935087495,960889.9650618724,1259169.1125072383,1209656.5816684372,1147316.926567977,1030905.8134755982,1047967.2027127934
2023-07-27,1148057.925859321,1257570.3715913189,1247975.919369172,1204076.5759223124,1287507.4843845558,1220029.0124771618,1249806.22900604,1099390.7101801578,1379512.1049639587,1286441.802334916,1030623.4035258945,1477397.9851568728,1173133.5925265697,1215382.978336903,1181931.9004521545,1235597.780693183,1228650.5557699448,1087592.3488758674,960608.7822329741,1255248.7748887925,1205920.9164090573,1148057.925859321,1029846.9830905525,1047014.5654591834
2023-07-28,1146528.945207189,1256144.0336789612,1246189.4261426162,1202351.7442333603,1287433.4802899244,1219986.8892765923,1248194.0845013547,1097201.226817474,1383636.006535294,1286962.0537153706,1030272.5111589798,1478741.6397639052,1172307.1670778971,1213825.3278614325,1180580.4045082396,1233675.3796342912,1227242.7003151854,1087864.172163137,957311.0058867966,1254237.4902472685,1204926.7752543087,1146528.945207189,1028230.1147297275,1045713.1207188289
2023-07-31,1150868.5706490618,1261494.5760331838,1251744.2645456642,1207715.8184888547,1290064.0145512656,1222445.3949863706,1253365.7077677012,1100993.6356475619,1383977.430104256,1289042.0394847004,1032062.9150305653,1480725.5453262418,1178736.7593994844,1218211.9356365679,1184996.1053702952,1238020.493645116,1231635.2188502767,1088136.0633875334,957031.5817542501,1258638.2725757817,1209213.4124225178,1150868.5706490618,1031681.6178669175,1048901.555181578
2023-08-01,1149768.9321422512,1258719.0302531777,1249450.4059016765,1205497.4055659987,1287619.9866353835,1220125.9242850675,1251122.3011170025,1100297.9824348376,1380459.198325934,1288387.5492223348,1034184.2649636315,1476076.7165728004,1177528.4137427593,1215838.5721171575,1182700.4180736481,1235753.9683131264,1229077.8737556087,1088408.0225660368,956181.802068839,1256349.6622045164,1207043.8666132544,1149768.9321422512,1028072.6009518255,1045830.4537048124
2023-08-02,1145801.4523190695,1247499.6884826412,1238660.2328643864,1195083.5701501921,1277583.3381678585,1210609.8122824274,1240496.6268570474,1095633.3032597718,1367609.3851199003,1280145.998307836,1031242.8136379024,1461534.7914297236,1165176.4359184566,1205972.7549962641,1173035.235708758,1225634.4628247144,1219266.9301144907,1088680.0497156305,949322.3047926072,1246075.0363308904,1197167.7163169303,1145801.4523190695,1021582.3399442045,1039599.7741131982
2023-08-03,1142307.4714788424,1236579.757611381,1228123.1528659076,1184920.3604327524,1266681.551857192,1200297.3067007123,1229403.7486762141,1090027.6619264877,1354303.3828811767,1267314.4397492765,1029498.1014725231,1449495.7546693482,1156530.0281323078,1196364.4606102637,1163443.009124364,1216078.008463676,1209601.5868649594,1088952.1448533023,949600.0983215558,1235138.5227443064,1186648.963924857,1142307.4714788424,1014521.9445454659,1033711.7850472694
2023-08-04,1144140.5508399482,1243195.2560365663,1234961.0241572703,1191515.3476382098,1275648.9822246374,1208781.893156795,1236700.9524399405,1090468.6727194854,1362511.8358834716,1277496.7319340804,1030675.0086853905,1458354.5483074328,1164606.5275213323,1202137.6328191299,1169238.1427015397,1222537.0327205888,1214664.4448954733,1089224.3079960453,952838.9897042763,1242259.1552049853,1193535.3637280902,1144140.5508399482,1014775.5052571226,1035650.6644125243
2023-08-07,1145575.8437846827,1247681.7069343564,1239745.471883314,1196113.9057776139,1280682.2991773866,1213537.969104422,1241497.2527356516,1091447.853254772,1364889.5463027135,1283675.9782214626,1032812.3961619436,1463339.2047414032,1169398.186793188,1206095.2960816643,1173100.9611907806,1226798.5978118903,1218414.3511847095,1089496.539160856,952431.1900030695,1247106.622063398,1198212.4018942432,1145575.8437846827,1015029.1293415186,1036782.487669851
2023-08-08,1145609.2093516993,1245801.464016792,1237872.11552307,1194319.1122767297,1277457.9718545931,1210496.5946583739,1239529.4743537437,1092511.1823884326,1359842.4798053214,1280343.2528786706,1032538.4961398223,1460320.6509905914,1167819.808588228,1204734.6036797864,1171942.013956343,1225046.5985719163,1217234.1675164795,1089768.8383647345,950975.9482357301,1244943.8726856331,1196118.8393687555,1145609.2093516993,1015282.8168144921,1035653.5700824591
2023-08-09,1146205.0640377526,1249022.6724156905,1240779.4330953683,1197141.9281716903,1280551.377501345,1213446.8494374312,1242380.4938303593,1092667.9058627572,1371092.5945748114,1282247.6726555142,1032546.4697603761,1465550.4982427123,1171501.6033067468,1207421.5812025832,1174337.3952484208,1227835.6959606037,1220119.4867321397,1090041.205624686,950090.0949544839,1247715.6705282154,1198786.0072703287,1146205.0640377526,1015536.5676918866,1035682.5873680764
2023-08-10,1146037.7274963525,1241885.5959196892,1233681.6379429412,1190292.8985710382,1272125.4838145373,1205473.8490201228,1234943.1056002679,1090382.7404716122,1357349.6887482349,1272327.5243500608,1029915.6776997915,1457859.5051957772,1166163.9275030857,1200877.2816268462,1167782.2435942788,1221097.7505621682,1213786.2465938304,1090313.640957721,947104.4896285671,1240055.8647803692,1191409.0623562152,1146037.7274963525,1015790.3819895488,1033670.1398132428
2023-08-11,1144910.378639842,1236051.9275361665,1227519.664587586,1184336.1100150184,1265666.485321939,1199344.7672595188,1228722.6787290853,1088614.5255728008,1351205.5450398263,1265314.3748519071,1027978.7439651116,1452938.0596372082,1159313.721806197,1195411.620460203,1162258.9510584616,1215606.4255043857,1208412.224492594,1090586.1443808523,943736.9915879157,1233700.7702445851,1185311.121916399,1144910.378639842,1016044.2597233288,1032734.0045671241
2023-08-14,1146912.3968745084,1238924.9779399848,1230749.0261710996,1187458.5946992438,1269867.7506248571,1203337.9337018458,1231948.2245362538,1086725.9944194148,1355111.7930881428,1269680.0440840693,1028316.6516828446,1456776.9966038766,1159686.6679965444,1198032.519031658,1164642.6366055624,1218571.3580437729,1210934.9189258595,1090858.715911098,943904.1289876059,1237066.5064056888,1188544.5809968354,1146912.3968745084,1016298.200909082,1035491.1182624431
2023-08-16,1149175.5819413012,1242582.7663247709,1234712.2979308635,1191298.9472841988,1272082.70170002,1205449.1686528388,1235211.9954717332,1087360.0047895263,1358660.7047671562,1270731.8125693032,1028755.8108892473,1461128.6628282466,1161503.6152176426,1201203.3708432433,1167162.415934948,1221907.9158465045,1214613.7435086588,1091131.355565479,945670.9242411078,1240382.47272571,1191756.5789507013,1149175.5819413012,1016552.2055626663,1035563.9822124725
2023-08-17,1148875.9531105738,1234328.947541137,1226708.892536213,1183572.0323579859,1262235.2293423184,1196118.9910876143,1226911.0308713906,1086980.4183781093,1339438.8926023897,1260914.3895644834,1028267.592983332,1450364.5717644154,1155551.3940196994,1194170.6634838667,1160345.202993378,1214386.7390802521,1207850.2705531917,1091404.0633610236,941269.7676607739,1232021.3642119502,1183695.379031227,1148875.9531105738,1016806.2736999446,1035822.8019863649
2023-08-18,1147306.9693634089,1230809.5511021335,1222769.0441762474,1179778.147480326,1260263.766669257,1194254.4695147972,1223305.5734725615,1084666.147539926,1338397.7301420092,1257639.4457007365,1028074.2464488946,1446661.619798746,1152263.5237147345,1191103.8341958837,1157154.481249532,1211555.824975311,1204681.4535776204,1091676.8393147606,940437.6846924787,1228746.1937412757,1180492.8713594307,1147306.9693634089,1017060.4053367837,1036081.6864473998
2023-08-21,1148899.4987097988,1237552.2261076816,1229594.76893721,1186374.9325511076,1268158.2172232184,1201721.5880959388,1230196.215853964,1085980.4648718487,1354350.014304215,1267621.8484050552,1028133.004472442,1455536.2133801992,1157243.0546299783,1197063.5642902222,1163438.4681120792,1217064.4974279178,1210745.3240395337,1091949.6834437265,940159.4540622897,1236069.628591751,1187577.2128596078,1148899.4987097988,1017314.6004890539,1036340.6356117453
2023-08-22,1149025.8520682792,1238817.1873863447,1230606.1640624104,1187367.8342582334,1271177.8836580126,1204582.2117311575,1231365.4619764646,1084644.5721023807,1366748.014708264,1270617.8788290774,1026977.4349034813,1458576.7233669437,1157413.0947836398,1197921.4728611936,1164165.135560802,1217727.960056626,1211931.5585340238,1092222.595764959,938540.9822273834,1237709.2939543927,1189161.931856382,1149025.8520682792,1017568.8591726295,1036599.6494955724
2023-08-23,1149622.2670351395,1243709.164739395,1235475.7899018496,1192091.5549284823,1273725.5945311873,1207010.2323518107,1236115.1651155353,1088473.6730697346,1367134.5346433148,1273300.281085024,1028221.9771760033,1463466.2824436184,1160250.5160180759,1202440.1909568442,1168637.180446125,1222477.3186467064,1216264.5719076681,1092495.5762955023,940000.6245403336,1241966.601595434,1193263.0707228244,1149622.2670351395,1017823.1814033893,1036858.7281150568
2023-08-24,1151138.6681752054,1241226.4507517887,1233399.6360337727,1190093.3001321717,1270862.3013932218,1204311.388742539,1233795.6517750889,1088581.5258687804,1363572.8972071072,1271332.3463679824,1026608.9344443491,1459578.3386220846,1156831.2987266977,1200234.816367335,1166835.1893647437,1219441.8117778846,1214466.9009669265,1092768.6250524037,938741.4862111979,1239859.2714550672,1191223.3035188217,1151138.6681752054,1017474.9140900006,1037117.8714863776
2023-08-25,1151116.5919659159,1232615.627528352,1225036.938499037,1182006.058872464,1262004.4382571117,1195924.3896172876,1225514.8256067235,1087338.5337627318,1346612.0090861474,1263536.5214405067,1026693.9118368663,1449519.1315304039,1149617.1208571673,1192752.2137269916,1160276.2513855456,1211571.9660657889,1206418.140456895,1093041.7420527155,931767.4899319459,1231434.072168639,1183091.877875144,1151116.5919659159,1014047.4303785505,1037377.0796257184
2023-08-28,1151018.2581715947,1234024.6250215562,1226377.2811923032,1183350.6790906677,1262885.7139680139,1196765.2108079353,1226894.7250529898,1087394.9354261148,1352356.0671267284,1264575.3753867547,1024801.7636898122,1450870.5333072376,1152018.8943230042,1194060.1904968296,1161253.4890085668,1212924.555071124,1208023.7884928307,1093314.927313493,929232.0229669204,1232681.1924252615,1184337.2681610992,1151018.2581715947,1015651.3990325766,1037636.3525492669
2023-08-29,1151438.2049570058,1231210.5073370326,1223630.2950164583,1180735.4528287735,1257850.9395471662,1192023.7146724183,1223891.8526884941,1087322.6676696523,1350300.0041071435,1258847.0389071882,1024007.7949556839,1446695.4619789599,1154202.8439045413,1191365.5067447796,1158421.7892354552,1210341.3904027026,1205363.802709669,1093588.1808517978,929088.417548293,1229132.6417102802,1180952.9304179794,1151438.2049570058,1014164.0635780182,1037895.6902732148
2023-08-30,1152930.9314594064,1230317.163678961,1223053.1304011976,1180164.3330596134,1257844.667711332,1192013.6700018551,1223035.9845918943,1087023.04607245,1351991.6903128529,1259010.4371547557,1024661.8887882105,1446519.012161075,1154489.1966513174,1190493.7999572256,1157340.6923089921,1209759.3553223936,1204422.997278746,1093861.5026846933,927465.9938069532,1228618.0330724758,1180474.5050621438,1152930.9314594064,1014417.5348440467,1038155.092813757
2023-08-31,1152918.0656992884,1224113.5790796508,1216842.4344502492,1173375.7087308755,1251231.2574965146,1184949.3253692696,1216805.7261071072,1086163.1713465296,1345777.2840489114,1251863.150680014,1023796.5146318057,1438289.157661095,1148901.0641717007,1184924.6921735473,1152049.5275940753,1204202.7026244092,1198559.3180493403,1094134.8928292496,923276.2780763963,1222195.9317754956,1173465.2489575548,1152918.0656992884,1014671.069460459,1038414.5601870943
2023-09-01,1153798.0907093948,1230920.872946681,1223608.868567961,1176821.5444328166,1257171.7440058708,1187954.9038715155,1223476.3153252846,1088179.04098895,1348668.7253242957,1257877.9259455907,1025598.0771755053,1443600.0630766866,1159731.4215393863,1190787.5631568662,1157865.7173984684,1210168.0305804159,1204362.186574911,1094408.3513025392,925343.7804485257,1228717.165094219,1176796.4044764529,1153798.0907093948,1014610.0015947515,1038674.0924094294
2023-09-04,1156118.2378892996,1234842.9257788167,1227809.7154664432,1179011.377796975,1259037.8965682522,1189012.617782436,1227097.5004993684,1089470.9451252506,1345380.8452295596,1259403.7838515637,1025526.1841895258,1452143.821893984,1165310.696546982,1194035.3520955336,1160717.7961232355,1213915.9930436534,1207520.6461998266,1094681.87812164,925037.9380455149,1232047.8544980958,1178590.513080328,1156118.2378892996,1016556.1645594563,1038472.7189764014
2023-09-05,1158385.627777811,1238999.4931905263,1231768.5122171163,1181086.602641424,1263458.6888965606,1191264.4906748761,1230924.9976368486,1090143.5072338246,1358583.981046854,1263374.783833975,1026177.2264733424,1461779.3712592458,1168061.524337847,1197569.5452081107,1163973.4957326185,1217903.027844449,1210890.4370430724,1094955.473303634,926215.9451131831,1236015.1811321063,1180668.9851885627,1158385.627777811,1018390.424549679,1040382.4299675206
2023-09-06,1158393.7812542985,1242639.6170382358,1235503.6707153863,1183045.3719582297,1269766.9415467249,1194418.8451436337,1234831.7493340627,1089174.2733027525,1365966.8303094406,1269181.6862388358,1025075.8139772671,1462231.532747579,1170218.6684119524,1200664.6864522079,1166380.059740958,1221253.4740232665,1214443.6426538643,1095229.1368656063,926852.2706598061,1240408.4025619978,1182937.2460635046,1158393.7812542985,1016791.4331831214,1039186.7228312874
2023-09-07,1162644.9578687823,1250763.091479581,1243019.077076236,1186873.5064628804,1276357.604807356,1197710.2301824095,1242429.498032675,1091083.056012778,1389092.3357394945,1276243.2763522617,1026022.0040794284,1485726.0506680596,1177140.5497047985,1207060.287580551,1173162.1718434282,1227262.9129640316,1220813.8093816468,1095502.868824647,931163.7171243951,1247722.8035300276,1186668.9517937545,1162644.9578687823,1022896.5001180752,1044652.9501749999
2023-09-08,1165320.4309380115,1257541.521550183,1249574.553187384,1190217.9415224036,1283380.6608703546,1201223.0324622563,1248985.0604648613,1091267.8586815244,1397790.3055163382,1282755.0300073605,1026278.4390150439,1500771.238840498,1182683.9286415733,1212808.8918911885,1179047.9398135268,1233119.9180532522,1226305.7224134945,1095776.669197852,933500.3719259378,1254342.2134682315,1190038.746617411,1165320.4309380115,1025807.4510839985,1046838.7684382676
2023-09-11,1167206.6358270778,1266918.6056196485,1258984.573060461,1194958.1898936867,1292620.9822141128,1205823.268757898,1258363.0860953906,1092719.0107020242,1403378.402595897,1291957.656922764,1026534.9380417563,1505546.6533744826,1193209.9852270726,1221192.4498216074,1187034.4925819794,1241512.9328666222,1235082.4934513574,1096050.5380023199,938756.1533353042,1263683.600191572,1194764.3714056893,1167206.6358270778,1031427.436669198,1048330.9213990408
2023-09-12,1170089.901703494,1273697.7732153086,1265653.1488839965,1198351.9320820763,1297016.1118128805,1208061.7905799933,1264930.8924719854,1096079.859081123,1420330.6127585038,1298627.2926603393,1026791.5011755849,1525125.2514904744,1193021.9970380005,1226537.1527334033,1192811.6362354627,1246980.3157805116,1239850.1554047843,1096324.4752551524,943576.712803236,1269630.9152048735,1197841.8674537402,1170089.901703494,1038010.6929046116,1055073.6072930098
2023-09-13,1173566.2719773964,1278586.1164233119,1270570.1845895664,1200888.9552809936,1303360.0228155053,1211248.6281341484,1269907.7740844386,1095923.1985007725,1418094.7137295103,1304077.3581453522,1027048.1284325514,1519812.5504005705,1197604.8064432621,1230435.7090043735,1196828.9658142037,1250046.9710334707,1244446.6844906125,1096598.4809734586,947953.5242959124,1274940.98604573,1200545.0142191967,1173566.2719773964,1038270.1241879022,1053219.6021182705
2023-09-14,1173789.3537627943,1278214.2224096882,1270232.9683073058,1200866.8753914132,1302203.3557752026,1210841.3280895357,1269282.9854223528,1095765.8786134988,1415491.7564380046,1302258.3742206679,1027304.8198286827,1524141.4798632998,1199579.9061582044,1230068.89294668,1196366.212422302,1249820.0747093048,1244041.024761293,1096872.5551743496,947233.7438853905,1274234.8720255843,1200343.2202066998,1173789.3537627943,1038529.6203111714,1053723.1819650135
2023-09-15,1179573.1869129157,1283203.8500279367,1275229.3880136665,1203439.808809019,1307029.8181882815,1213302.9097040852,1274403.5316322758,1097690.775904663,1413168.3755335782,1307223.1756100974,1027561.5753800089,1528153.211795629,1204905.577756364,1233957.7055514476,1200429.1576578217,1254074.2124167047,1247381.8561021131,1097146.6978749407,949222.8410544518,1278959.657391191,1202780.1276660445,1179573.1869129157,1038789.1812906241,1053349.2520584
2023-09-18,1175842.5559080138,1277517.359387538,1271229.5714076639,1201652.437188494,1302889.5159680063,1211450.1312404636,1270455.7908996665,1097237.7372492298,1419431.7680001117,1304682.9480213192,1027818.3951025644,1522304.2884523447,1201382.052077373,1230497.3763035163,1197016.7494983776,1250240.3981332004,1244246.513603272,1097420.9090923527,947675.4217048236,1275464.8281108257,1201240.338988563,1175842.5559080138,1039048.8071424704,1051698.1357059737
2023-09-21,1176136.4356775694,1275936.526716737,1271547.2913707837,1201952.7676532767,1303215.1487398306,1211752.9104549158,1270773.3174708767,1096697.4259854453,1419786.5283196664,1305009.0290278122,1028075.2790123873,1522684.7598268806,1191780.6798014478,1222465.5312502442,1189212.706187208,1242032.9358238769,1236161.8191811393,1097695.1888437099,947490.1811286733,1275783.6065968387,1201540.5664571382,1176136.4356775694,1038226.095059231,1051180.2494452915
2023-09-22,1176430.3888968562,1273747.478321999,1271865.090742043,1202253.1731800202,1303540.8628974522,1212055.7653433478,1271090.9234018915,1095897.0960744536,1420141.3773049023,1305335.1915321306,1028332.2271255206,1523065.3262930932,1187669.7304787487,1220818.439578838,1187593.7623517567,1240309.2498613552,1234563.5756706905,1097969.5371461415,945597.2375902295,1276102.4647555489,1201840.868961932,1176430.3888968562,1038004.4443586218,1050258.2648341258
2023-09-25,1176724.4155842308,1268889.1366539313,1272182.969541288,1202553.6537874846,1303866.6584612122,1212358.695924673,1271408.6087125456,1093606.2474158572,1420496.3149779795,1305661.4355546427,1028589.2394580105,1523445.9878747484,1187687.887653031,1216317.5498680861,1183355.217683526,1235519.7926550282,1230082.3098526064,1098243.9540167802,942941.4858005344,1276421.4026068687,1202141.2465216985,1176724.4155842308,1034167.1156685401,1047430.94872446
2023-09-26,1177018.5157580548,1268635.3303878668,1272500.9277883708,1202854.2094944352,1304192.535451456,1212661.7022178092,1271726.3734226783,1092798.8770065582,1420851.3413610638,1305987.761115723,1028846.3160259065,1523826.744595619,1187093.181243426,1216097.3558595048,1183324.7910230162,1234984.2927666483,1229978.9065039635,1098518.4394727626,941737.3864142813,1276740.4201707165,1202441.6991551963,1177018.5157580548,1034284.5051051069,1047514.0040344514
2023-09-27,1177312.6894366962,1274480.991172024,1272818.9655031473,1203154.8403196416,1304518.4938885353,1212964.7842416791,1272044.217552134,1095731.706605105,1421206.4564763268,1306314.1682357504,1028951.1918997449,1524207.5964794825,1190217.1584497886,1221278.5693136195,1188227.6229848736,1240181.8501655539,1235427.3073861033,1098792.9935312322,945799.1560688457,1277059.5174670145,1202742.2268811888,1177312.6894366962,1036069.8211702717,1050805.625803588
2023-09-28,1177431.212140701,1266371.5743831184,1273137.0827054796,1203455.5462818784,1304844.5337928056,1213267.9420152102,1272362.141120762,1094390.062558197,1421561.660345945,1306640.6569351088,1027276.6500319417,1524588.543550124,1178572.514548476,1214117.580529162,1181971.8148743366,1233001.0987703155,1227353.262288324,1099067.6162093328,943053.3370577156,1277378.6945156904,1203042.8297184436,1177431.212140701,1036328.767369114,1051703.2249631486
2023-09-29,1178223.5939388098,1271637.6630101246,1271565.293348509,1201969.7843439623,1303223.6020601087,1211760.7705043177,1270787.3464804396,1094450.6285679752,1419798.3706147994,1305025.5967616008,1026924.1886680617,1522697.1358815143,1185499.5944408448,1218706.129987475,1186358.9740825337,1237852.7723223981,1231884.0494070556,1099342.3075242164,944877.2147927976,1275796.3057737062,1201552.5266172215,1178223.5939388098,1036587.7782866968,1051751.129862429
2023-10-03,1180422.9760537082,1268340.4777174832,1268061.5410909469,1198657.7999988042,1299604.1734368815,1208395.360600496,1266876.9012144373,1096572.6243062185,1427481.153588351,1301621.6306297043,1027174.9552365104,1534506.635639473,1178886.3742753533,1215702.434207679,1183431.332999107,1235132.068630585,1228523.0902894337,1099617.0674930357,943139.2808961343,1272430.5063720464,1198382.5967805786,1180422.9760537082,1036846.853939195,1051386.4866510131
2023-10-04,1178917.2354356789,1265441.7020397163,1265418.3509131507,1196159.2773160883,1299509.3220710438,1208307.1660926854,1264585.068826658,1093301.8395788437,1414854.2681775228,1302044.81606004,1028791.6511623969,1524095.81157795,1173293.3750778062,1213378.632336229,1180752.8375568255,1232667.9700647094,1226710.2526691111,1099891.8961329507,944748.205348485,1270440.4935955158,1196508.3909462932,1178917.2354356789,1037105.9943427885,1046996.2085645695
2023-10-05,1181840.6798087726,1276262.7936625064,1276137.702892034,1206291.936058634,1309576.7797532408,1217668.0695160995,1275204.7133359255,1100558.044018761,1435022.82826679,1313459.7937806644,1031818.3542316521,1549658.7795454278,1179912.6083334822,1222702.5133568991,1190455.5301067822,1241871.5255153077,1235749.4847766731,1100166.7934611244,949864.4379700788,1281109.437277174,1206556.465375588,1181840.6798087726,1037365.1995136606,1046943.9899174097
2023-10-06,1182014.487238824,1280006.2272895784,1279974.1950549535,1209918.4487370024,1311520.0038614618,1219474.9142808185,1278717.1314106907,1102732.9533378351,1440196.3297746445,1315043.6590244297,1033698.6808854896,1552748.130991545,1186417.1212607392,1226071.2960302983,1193460.5549886546,1245233.1670564245,1239499.64048055,1100441.7594947242,951449.2597697546,1284282.8958247728,1209545.2474552395,1182014.487238824,1037006.0457287902,1046607.4562986206
2023-10-09,1181364.8511808545,1274038.0535908565,1274080.26478245,1204347.105971014,1306632.5122363747,1214930.4365656462,1273041.2294629503,1100580.9550547018,1434992.2232283647,1312080.4060798113,1031942.2975784509,1547230.33610049,1177896.3366620599,1220422.6143772365,1187263.162123266,1239731.4107801956,1234281.544917834,1100716.7942509204,950184.1913024173,1279006.8494166639,1204576.2356596077,1181364.8511808545,1037027.0459058763,1046146.4820133559
2023-10-10,1181347.7189347157,1284430.6478583391,1284464.591980432,1214163.076560968,1317340.4958783486,1224886.9125595083,1283345.0063257266,1105940.7684065625,1441778.693582241,1321441.4464138746,1033309.8021443047,1556806.5874071317,1188611.4275631097,1229683.307735332,1196099.9034758941,1249578.9710474906,1243388.2969546092,1100991.8977468906,955015.5372911863,1289245.2666444804,1214218.8377215285,1181347.7189347157,1041949.606237313,1050932.285916552
2023-10-11,1181291.6116035788,1291106.0115942855,1291106.3478856904,1220441.3148511043,1326722.6323881464,1233610.5920172143,1290359.7612791224,1106185.3643774334,1447908.1470858413,1329900.9104839123,1032970.6459199026,1560529.9123051453,1195945.9827432649,1235581.9535916268,1201659.0940158356,1255429.7811337605,1249680.667158393,1101267.0699998143,955788.223671341,1296559.118335943,1221107.0666177948,1181291.6116035788,1044302.0331324082,1051680.403164852
2023-10-12,1178244.5363379496,1286731.9317713415,1286630.0955616185,1216210.0574640254,1324120.3921345896,1231190.9821745881,1286392.3881600446,1100893.4847855964,1443459.9061536272,1326408.2682578156,1032804.8070043818,1548696.7042410285,1194898.6439176262,1232287.0798663707,1198661.5292851396,1251568.5695742213,1246644.1362817858,1101542.3110268763,952015.1470712975,1292565.7920800794,1217346.1282684477,1178244.5363379496,1038989.3447686473,1047149.8668675583
2023-10-13,1180676.5877416574,1281948.5739820595,1281770.0157298248,1211615.9802759544,1322244.2092172639,1229446.4735162798,1282445.1169331789,1098317.1474028146,1445842.2503615075,1327861.201524154,1031012.0713174982,1547558.995769266,1192305.9409146104,1228016.2797258438,1194549.9133046675,1247240.9659664915,1242269.275788367,1101817.6208452643,947800.7509537308,1289102.7269332393,1214084.59297618,1180676.5877416574,1038622.5600733075,1046131.5635212747
2023-10-16,1178383.193043227,1278774.5247393025,1278539.8597871645,1208562.6177297237,1318348.7043743436,1225824.3629724723,1279013.6441044172,1096730.6663627895,1445421.7621404142,1322850.3042083804,1029658.7955285906,1546309.5252438788,1191140.8162635963,1225165.840127983,1191896.4732365138,1244212.616530091,1239394.373386854,1102092.9994721732,947059.6784716153,1285550.3240897374,1210738.9189113977,1178383.193043227,1038014.1126438316,1045893.6709171644
2023-10-17,1177401.0667179206,1281546.8770370227,1281418.807999492,1211283.9949016315,1321302.754492308,1228571.0919615685,1281806.884201811,1096621.2214577051,1440365.0116635321,1323984.3306598566,1029396.8485971232,1539188.588234803,1195955.061330406,1227755.6094801903,1193857.9275679816,1247237.8813409,1242200.8858633414,1102368.446924799,946741.6873596209,1288138.7625740152,1213176.7256260763,1177401.0667179206,1038710.1701683616,1045699.4078543464
2023-10-18,1175334.3742095653,1273174.1829706882,1273061.9868435545,1203384.5605783244,1312921.7729046172,1220778.304376822,1273266.2249776244,1094463.1563978256,1432796.9802942974,1315860.1492414905,1029053.6234229719,1531744.3229757166,1187479.5517637029,1220371.6765913677,1186220.9131231122,1240042.6740549386,1234900.6252705022,1102643.9632203437,940906.7959381929,1279899.3849720252,1205416.83093864,1175334.3742095653,1036884.3482687447,1045118.4736968995
2023-10-19,1174307.932088432,1267730.3919470946,1267561.3279102675,1198184.9645635716,1307489.6456024346,1215727.4146025996,1267655.545132174,1092308.2058410852,1431092.2604506502,1310330.7667112462,1028476.5253886681,1528849.2000405039,1184678.5128713588,1215267.9550030949,1181183.9007319042,1234597.1050371153,1230073.5948729727,1102919.5483760138,939568.0854475594,1274474.1768026229,1200307.3377116497,1174307.932088432,1032787.3669441589,1044508.9750109675
2023-10-20,1167561.5220982507,1259013.93770101,1259016.885690962,1190108.1780820587,1297658.3536851602,1206586.1023597145,1259253.820950845,1090209.1669355105,1414482.6729500054,1301296.3234474596,1028733.5737857992,1519278.3888992192,1179725.4951153926,1207496.6056897829,1174245.2246072781,1226534.3864449665,1221735.5586299582,1103195.2024090195,938630.2951412632,1265348.436655722,1191712.661523031,1167561.5220982507,1033045.4927551978,1043550.44865497
2023-10-23,1163243.492564751,1244173.3399653567,1244213.4273106805,1176114.9448836,1283920.1050190069,1193812.031384663,1244816.6037030795,1083604.3685285307,1393966.5502156646,1287673.8094930975,1028690.7791151654,1494888.1747487779,1163975.7970778365,1194737.9952493107,1161853.6675960238,1213538.385176135,1208846.2239869628,1103470.9253365742,933589.7009197057,1250964.7684167672,1178166.037476288,1163243.492564751,1033303.6830799364,1041118.3187394746
2023-10-25,1161459.0555936436,1234144.614007864,1234213.1371785405,1166661.992183191,1272830.2467736553,1183500.4815087032,1234587.4975542468,1079632.2346189248,1377398.978919535,1276208.9917963687,1026730.3666128853,1475254.3444333423,1154341.2938540326,1185801.8070346634,1152896.4022343159,1204454.0298892239,1200089.5984911842,1103746.7171758986,928842.1923515851,1240748.5172414794,1168544.31153409,1161459.0555936436,1033561.9379344991,1039470.413822438
2023-10-26,1159459.2533169142,1219813.063492751,1219969.6126496135,1153198.0464496233,1258502.0470611686,1170177.8634283547,1220401.4971535858,1074112.7678624506,1360250.1353146348,1262658.713010055,1025056.479672022,1451703.003887399,1138350.1289792696,1173298.8618556007,1140735.464791426,1191672.664229816,1187522.504216027,1104022.5779442145,923973.9931798321,1226798.8473915297,1155406.4297438473,1159459.2533169142,1033820.257335014,1037624.4791363404
2023-10-27,1159749.038387596,1231289.905603669,1231361.326444197,1163966.2671966099,1268191.4641431025,1179187.2578948007,1231180.8458848447,1076801.565311153,1371216.337995701,1270465.499542117,1027412.9609962688,1468965.606154926,1149819.8037465906,1183366.9520191806,1150223.685802321,1202087.1497460871,1197837.1194667027,1104298.5076587503,926742.9289123096,1237417.6654298787,1165407.2955450139,1159749.038387596,1034078.6412976128,1037883.8138927516
2023-10-30,1160038.895884615,1239841.2411022014,1239858.8159023453,1171998.670742777,1276875.3127898548,1187261.6567243629,1240002.868438595,1079312.5005351028,1378240.881351462,1279248.2329041352,1028812.380573503,1479974.9037227554,1155473.1696534394,1191054.6039922298,1158017.2226312864,1209783.745411578,1205397.0354599461,1104574.506336738,929875.972629762,1245833.7753646339,1173333.637791522,1160038.895884615,1034337.0898384317,1038143.2134650159
2023-10-31,1160328.8258260726,1233702.6708740313,1233664.1183289678,1165304.8962457501,1270242.026529185,1180457.9308429935,1233660.3819241703,1078222.7425024437,1374191.9942418772,1273229.20145905,1027769.855518034,1474721.9920182582,1151772.6432117543,1185463.0398497817,1152459.9452185263,1204030.346089545,1199937.2716902967,1104850.5739954119,926290.5148160517,1239749.0201757243,1166789.4627955074,1160328.8258260726,1034595.6029736105,1038402.6778693325
2023-11-01,1160618.828230076,1229222.7545495534,1229196.4813876844,1163239.1306523548,1265313.858037345,1178249.9390091437,1229265.1705131049,1076897.977960282,1363981.5828072345,1267812.2245364063,1026720.3065537305,1461787.571982185,1146312.5215169082,1181443.5716518403,1148331.3587491554,1200041.659143418,1196005.1801522998,1105126.710652015,924522.9239778745,1235174.7162703283,1164750.5214776054,1160618.828230076,1034854.1807192941,1038662.2071219059
2023-11-02,1160908.9031147354,1240012.5792338997,1239991.0717383428,1168576.0353715885,1276348.755873649,1183616.8572898374,1239999.5585604324,1080632.8596484833,1374768.9121312597,1278974.2628059678,1028729.6635267418,1475251.5672746596,1155011.3407465355,1190998.8964074976,1157726.4355847188,1209631.202839009,1205682.116997235,1105402.9163237899,929723.6194264429,1246108.4972877428,1170104.1761561183,1160908.9031147354,1035112.8230916302,1038921.8012389425
2023-11-03,1161199.0504981654,1247401.7350015175,1247460.3139999302,1172275.1903359806,1283211.9883995496,1186999.8896430759,1247460.7802279617,1082390.6641696081,1375575.1000323112,1286319.3936013177,1029592.6158743695,1478227.975144448,1160888.016316309,1197600.829376477,1164052.946115717,1216679.6932206277,1212118.3894383637,1105679.1910279866,931197.8788131272,1253530.5849244737,1173794.2817165304,1161199.0504981654,1035371.5301067709,1039181.460236655
2023-11-06,1161489.2703984864,1256242.9664358997,1256225.1494285404,1176716.8896354928,1292490.3340400658,1191539.355976876,1256443.6257361565,1085448.782660445,1396831.229826065,1295469.8354934088,1032787.0011106513,1503878.6207368155,1171823.4692870562,1205247.1919109048,1171658.4453386995,1224093.5008285642,1220029.9422350025,1105955.5347818588,935549.3802167182,1262203.880639951,1178106.423365294,1161489.2703984864,1035162.1664830532,1039283.732953169
2023-11-07,1161779.5628338228,1254394.438219154,1254399.1980445595,1175970.7842891992,1289653.8458528358,1190351.1636083622,1254450.076772903,1084821.5642824327,1389953.8370372031,1293108.484381541,1032322.734889048,1498672.9685989758,1171518.570243591,1203629.9929410734,1170168.6299416847,1222529.1577314485,1218229.5765548283,1106231.9476026637,935000.3484583155,1260216.1994724327,1177300.7046630154,1161779.5628338228,1035156.154651385,1039167.2944185402
2023-11-08,1162069.9278223026,1256988.957982301,1256859.8023261228,1177326.2949894841,1293901.1137333184,1192496.3084404317,1256939.2705172256,1087304.0065335685,1404034.797421669,1297074.8803109743,1034666.408602241,1508033.0553964484,1173740.1123073848,1205712.5409531393,1172274.9221658742,1224281.4391083731,1220613.7503472997,1106508.4295076628,937743.2152303659,1263261.7526127507,1178887.4836752145,1162069.9278223026,1034426.0179381728,1039358.1524222066
2023-11-09,1162360.3653820592,1250074.0185973945,1249789.141770256,1174133.7893059277,1286473.9048007226,1189129.285864864,1249982.3555797355,1086116.7901030467,1408714.0547854519,1290064.1933364626,1033780.974058052,1513269.2409539823,1170830.4840805354,1199617.309489007,1166353.773798381,1218160.6928298443,1214369.9149739898,1106784.9805141233,934392.4805176633,1256111.996454755,1175652.7846530494,1162360.3653820592,1031140.1959496904,1038805.3092399277
2023-11-10,1162650.875531231,1252118.0967105941,1251781.93516991,1175225.8493453378,1289083.2375072557,1190491.9546485147,1252140.6917246196,1087434.4688826455,1413394.0325875194,1292883.7625311904,1033880.6144693414,1516460.5047590462,1172644.4329528133,1201386.3901889252,1168134.2990231777,1219931.0593299677,1216123.8012315147,1107061.6006393153,935073.47567007,1258393.816820035,1176888.4667451107,1162650.875531231,1032517.3569495722,1039718.7838348714
2023-11-13,1162941.45828796,1252082.4841989174,1251708.8074184817,1175363.5950335325,1288482.9016166478,1190364.7211386461,1251761.6042743637,1087756.0017722792,1417061.9199115888,1291464.4968417662,1034055.9962666665,1521712.4601308503,1173743.1778043415,1201339.9154533658,1168146.507821609,1219938.0710412052,1215963.150541309,1107338.289900514,935183.7454308217,1258029.2008811985,1176863.7011755987,1162941.45828796,1032920.3922596473,1040316.0101229871
2023-11-15,1163055.3320918703,1267840.5166871059,1267620.2883236024,1183160.828303239,1303667.8194052004,1197702.4618593566,1267324.1559314989,1090708.5461358062,1429804.1836533048,1305049.0297347908,1035984.7814864576,1537646.3709764273,1187742.1233684197,1215253.8365702988,1181355.673916679,1234377.2061028834,1230071.0603030876,1107615.0483149982,940429.0322879178,1273305.6102552838,1184292.6354654918,1163055.3320918703,1037674.3158614226,1042709.3362432269
2023-11-16,1163129.5737623698,1272584.898250251,1272592.0063898086,1185715.1325690297,1307452.6544479143,1199689.6205776434,1271674.281832552,1090542.6342378578,1423501.3540929072,1307834.775510522,1036004.8326121194,1537412.1347402108,1193160.0355282463,1219314.7446785802,1185143.8369038384,1238510.0463534421,1234339.2537778162,1107891.8759000518,942045.4998706318,1277496.584804874,1186406.904954304,1163129.5737623698,1037933.6630735873,1042403.1652921635
2023-11-17,1158572.712836767,1269326.761008509,1269122.7754312519,1184279.6612493678,1308382.4316908005,1200280.7283687086,1268838.3123853728,1094144.2598724717,1440113.5876164986,1309719.8223206727,1036263.7625682915,1554013.153786837,1191143.8817605532,1216577.3157400708,1183130.8442393413,1235027.853271319,1231593.1223698538,1108168.7726729626,940928.6349233043,1275400.170167824,1185540.7565931433,1158572.712836767,1038193.0751047183,1044322.4574060764
2023-11-20,1158023.3297551249,1268850.9486936221,1268668.6616573997,1184188.7571560899,1306989.366749899,1199767.9726465957,1268359.0016466868,1095277.9377699527,1433743.517373907,1308630.1356145614,1036522.7572391451,1553122.5881634145,1188861.9729874579,1216073.7697057566,1182493.7622184176,1234617.2463909439,1231136.4621656684,1108445.7386510232,939916.1680262712,1274713.8827987197,1185349.6457588517,1158023.3297551249,1038452.5519710158,1045066.8136684367
2023-11-21,1158901.3892144614,1271966.7673053322,1271826.3256370793,1185806.5620587694,1310109.329508,1201370.5558846053,1271710.4343314378,1095921.310300161,1430238.9003017826,1311007.106632895,1036781.8166408535,1552778.0962285693,1194258.7803797747,1218707.033797305,1184930.1141563521,1237354.7470448937,1233867.6661321733,1108722.7738515297,939934.9984501294,1277698.9248040807,1186918.5768133518,1158901.3892144614,1038712.093688684,1045328.0084966287
2023-11-22,1161829.904509249,1275351.5778975156,1275263.4134318042,1187613.8938402825,1313840.03882839,1203294.0010591508,1274905.0241258296,1096035.948921173,1435769.8934965788,1313957.313508454,1037040.9407895952,1557083.8668357495,1195976.1660979162,1221555.3354587923,1187875.6747738505,1240358.6780064332,1236456.7379431834,1108999.8782917825,940648.0471742795,1281074.4567516646,1188666.1859248527,1161829.904509249,1038971.7002739316,1045589.2686055641
2023-11-23,1160402.81449602,1274651.2603315334,1274608.7766333967,1187370.1993709402,1312985.8772428844,1203008.4679403321,1274395.4521211945,1097099.6322053967,1426681.0506546919,1312949.5117756699,1037300.1297015529,1547099.3126306217,1195381.5775920404,1220984.240571582,1187110.2514911839,1239710.962987946,1236164.5434015235,1109277.0519890883,941255.3045157425,1280430.3158005776,1188495.4582966294,1160402.81449602,1039231.3717429709,1045850.5940115586
2023-11-24,1157637.1205667646,1272498.2499268511,1272379.1107651873,1186437.6227667131,1310922.1768995808,1202159.0060320725,1272434.6957576373,1096760.319527766,1425749.5127049484,1311023.7233514565,1037559.3833929127,1546937.3602135167,1194940.8534526464,1218977.9733254015,1185446.6314201753,1237578.742601228,1233929.7480943375,1109554.2949607547,938866.5132736278,1278277.195495009,1187633.2413569104,1157637.1205667646,1039491.1081120184,1045796.4145436757
2023-11-28,1159546.700742814,1274003.830791906,1273872.9185653462,1187299.562229014,1311488.7219082082,1202583.1402628866,1273645.1949469766,1097991.3612306537,1423461.7817540246,1311328.2991309655,1037667.698549682,1550973.853138775,1200675.6908363067,1220304.455557229,1186572.1134404126,1239567.8265980196,1234804.2224502242,1109831.607224097,939724.7800758947,1279507.8279989394,1188353.7569920856,1159546.700742814,1038366.8498538663,1046918.9344386199
2023-11-29,1167520.5293951,1286798.5161018101,1286711.013257811,1193641.5845847928,1324600.4847459998,1208926.9701121673,1286658.5043791102,1101172.2848743817,1436382.5535876479,1325028.937198842,1038483.322633233,1568080.4901642737,1213165.5865715719,1231317.4875512698,1197412.1960952391,1250878.8911319405,1245687.856863066,1110108.9887964323,945930.3830719941,1292350.4128165692,1194635.1329140235,1167520.5293951,1047708.4132206409,1049504.9839114675
2023-11-30,1168410.8136898219,1287199.8916234616,1286889.441240274,1193507.3813479978,1326083.055938475,1209432.297715848,1287095.6550286403,1104423.1245999676,1443590.8479923678,1327956.5429231056,1039386.4662233798,1581828.427526905,1215372.0369580402,1231419.1549473095,1197538.468704732,1251015.7711115594,1245728.788434702,1110386.4396950838,946232.4967663148,1293343.2516782384,1194852.307608799,1168410.8136898219,1048418.8902746643,1049767.2879769818
2023-12-01,1172434.2742194938,1299952.6607252029,1299665.1061957576,1202454.74070123,1339325.1236478784,1218452.644464422,1300101.5202020332,1109218.189454987,1478864.4905987089,1342707.8706620806,1039646.2413553806,1597988.2667010864,1223506.4510364425,1242231.8701254828,1208609.9300819675,1262013.509576243,1256076.0734669091,1110663.959937378,952924.1567661975,1306762.6392620786,1204264.4750177301,1172434.2742194938,1048680.9228914664,1050029.6576004727
2023-12-04,1187144.0315038979,1328725.5493227472,1328421.8049259363,1222415.8089416549,1368314.896899431,1238224.2677263625,1329426.731038258,1118877.7078311252,1517233.5214620025,1374012.3071956825,1039906.0814132984,1634891.1854331037,1248794.0891436657,1267334.3576651695,1233566.993019183,1287630.7458398086,1280788.7977758623,1110941.5495406464,961277.2893053875,1335816.7750701944,1224544.0648271334,1187144.0315038979,1048943.0209984009,1050292.0927983245
2023-12-05,1186113.8380339656,1333673.9548089798,1333591.5484298773,1226145.6228626138,1371556.6149348214,1240552.5589993815,1334785.2273425623,1118041.4849399687,1514815.6574274162,1377377.8402688457,1040165.9864133596,1633331.50587351,1258953.7355769023,1271643.7768615955,1237275.6025137973,1292396.03215261,1285264.1332116455,1111219.2085222239,959816.4984229644,1340266.9622547196,1227723.8206583227,1186113.8380339656,1049205.184611837,1050554.5935869268
2023-12-06,1195520.194376948,1344180.487636221,1344160.4584865281,1233552.3643495708,1382395.5900461483,1247953.5320542466,1344742.011325704,1123466.4556966436,1544889.9119368875,1386493.7232534601,1040425.956371796,1647181.451659893,1263940.002184476,1281112.265955619,1247867.3318635062,1301076.4512135813,1294338.5504753415,1111496.9368994508,966962.0850424661,1350659.440871041,1234953.5158159852,1195520.194376948,1049467.4137481453,1050817.1599826724
2023-12-07,1187631.2501149555,1335017.2474330862,1335317.7076822766,1227574.0776490415,1371100.9014807786,1240360.089513116,1335488.001827423,1118761.0611087976,1525365.7349921362,1373990.3409165668,1040685.991304842,1622837.7764970171,1261733.6697017364,1273437.1643925735,1239747.2076032534,1293350.8898833212,1287185.0065504536,1111774.7346896708,962738.4269635819,1340797.5892563185,1228212.2005138898,1187631.2501149555,1049729.7084237032,1051079.7920019587
2023-12-08,1192410.9516164858,1340176.4649876703,1340516.016310692,1231207.9325782014,1375623.3290139847,1243506.6448699357,1340448.0498745702,1122262.564081976,1521190.9811550998,1378139.0680767735,1040790.6809138932,1629523.2382186984,1265853.697611577,1278001.6190463954,1243839.5601040325,1298131.976986812,1292019.388287267,1112052.6019102328,961359.1722050967,1345371.019832555,1231432.6961763739,1192410.9516164858,1049992.06865489,1051342.4896611874
2023-12-11,1193791.5975254513,1341769.176140707,1342149.6833106424,1232445.7270785575,1377111.709046939,1244615.855915007,1342232.1635026187,1122777.7410607159,1526728.0499378939,1379663.280987985,1040103.1572108581,1631105.0038764726,1267525.8082977424,1279357.6307809858,1245396.3412326549,1299506.8252590846,1293146.4154284387,1112330.5385784893,961868.509272584,1346929.1608384924,1232580.2084274516,1193791.5975254513,1048691.688782627,1051605.2529767635
2023-12-12,1187864.4952562726,1335377.745980734,1335881.400398911,1228215.257155482,1370812.0615901267,1240411.0471432887,1336236.6108118817,1118042.3291910316,1515703.6554978169,1375714.1166793208,1040113.5162519551,1619948.7825037055,1262050.594925571,1273903.463252789,1239884.1650465466,1294230.2398814557,1287582.038402606,1112608.5447117977,962168.7358556227,1341126.8659881968,1228646.2111937106,1187864.4952562726,1043664.1422801245,1051868.0819650968
2023-12-13,1187888.0446046377,1336242.9534084783,1336456.6058642527,1228685.7909511556,1371991.053989686,1241246.0098674148,1336959.396064931,1118393.6531477368,1533471.7205393936,1377316.471117525,1040373.4730964598,1628679.738297085,1263254.863614648,1274554.524799785,1240747.3234689487,1294624.4488390097,1288267.512786403,1112886.6203275195,960015.8506024029,1342306.3369395225,1229643.8742036128,1187888.0446046377,1043895.7444673115,1052130.9766426007
2023-12-14,1203306.0528247678,1353638.9967477866,1354122.7735748226,1240980.150318745,1388455.508576157,1252530.7289735104,1354172.4455843312,1132004.536117073,1547558.9792417528,1392099.8827675371,1040326.4181922891,1645080.1127371406,1278729.8459633903,1289389.35885631,1255625.2823989356,1309680.6792394635,1302820.2572494317,1113164.76544302,967847.1278310519,1358960.0202537337,1241153.297125295,1203306.0528247678,1057087.744801324,1052393.9370256937
2023-12-15,1216218.597299476,1375510.1829651943,1376635.031884901,1256690.2540509596,1406096.8614170412,1264535.8030520822,1374513.324806611,1149218.076106247,1556368.1034688056,1406750.7317663832,1045954.8496917879,1660996.1348369615,1295267.3767188254,1307216.665654646,1273255.316960428,1327959.9476342048,1320382.4820930832,1113442.9800756702,968518.5427534018,1379123.655392127,1255048.718504384,1216218.597299476,1068621.8636592275,1052656.9631307968
2023-12-18,1212435.4441931678,1372098.976540752,1373075.4237547943,1254285.7992396315,1403056.6673879386,1262519.8289191297,1370770.2943316647,1146650.4125039715,1549605.6499722826,1402699.0960653927,1046534.1508034882,1659505.2559641416,1292973.4417653612,1304393.3884393896,1270631.5606648128,1324621.076966298,1317868.1549005022,1113721.264242844,966532.3261942584,1375623.879083848,1252696.6531279788,1212435.4441931678,1065361.6468834602,1052920.0549743362
2023-12-19,1214059.743982508,1375165.3522930702,1376154.3643608245,1256486.8421376047,1405737.452157567,1264375.6607895799,1373630.3716387309,1149321.1071374917,1555922.6035516602,1404369.867334538,1047401.6465586085,1658511.4116970708,1295053.027739313,1307439.3087684913,1273848.8841146494,1327441.6368831245,1320956.7134368133,1113999.6179619199,966056.273880457,1378757.3712066584,1254978.3694441693,1214059.743982508,1065795.347569572,1053183.2125727425
2023-12-20,1204229.9534406313,1357976.2013770998,1359005.49757464,1244664.4563712147,1390023.4515336356,1253782.2167106762,1357266.579555843,1140153.7304685113,1527265.9875772225,1390187.5046976681,1044143.8754223667,1629199.3466165836,1276764.980317858,1293014.865117662,1259246.5701617792,1313076.5530020376,1306674.5429349667,1114278.041250282,958879.027698248,1362266.6813864422,1243652.2894667785,1204229.9534406313,1066061.7231056192,1053446.4359424494
2023-12-21,1209796.5908126528,1364854.1218238266,1365900.9941675896,1249523.9912264806,1396865.8331684424,1258564.6106121764,1364006.150212049,1144944.4262534885,1530414.7397057828,1394850.8392707065,1044917.6838803753,1634818.579544897,1283097.4717043506,1299203.423236869,1264981.6261866463,1318994.8885543111,1313596.3618453585,1114556.534125317,960840.6416169148,1368691.7254303596,1248164.1603577386,1209796.5908126528,1066328.1652172308,1053709.7250998956
2023-12-22,1210478.4214142333,1370596.385983531,1371403.7363208113,1253360.8535120212,1403655.8388671183,1263222.7340240148,1369050.042226532,1146623.0258191784,1550021.2540325026,1400673.6297020547,1047248.0020792698,1655947.9509714383,1288793.0471462195,1303807.7323461864,1270057.5391617767,1323883.1072681132,1317422.6568461426,1114835.0966044175,964706.7490828494,1374380.8728768518,1252109.4258473571,1210478.4214142333,1066594.6739210451,1053973.0800615232
2023-12-26,1210224.6056630465,1372781.7651237277,1373397.023914071,1254807.9530174837,1407027.3487551187,1265617.1743746034,1371514.588383534,1146950.8332137673,1556416.675430277,1404358.7618167207,1048553.5518702816,1662776.045564177,1294343.7189050182,1305794.6861786607,1272075.593625965,1325838.232992849,1319406.6911090831,1115113.7287049796,965782.3421966434,1376920.261231161,1253976.6333488598,1210224.6056630465,1066861.2492337064,1054236.5008437787
2023-12-27,1216813.5661084594,1387405.131051497,1387876.346079421,1264874.4463431688,1421788.387939988,1275749.5192866493,1385656.2197781783,1154665.533837111,1574605.0565360247,1418404.171664362,1051669.636904533,1689912.7636983127,1307225.9982507448,1317959.29464494,1283738.1191071288,1338716.1701731887,1331369.4027637565,1115392.4304444043,970706.5800552858,1391220.9747651431,1263938.9117015824,1216813.5661084594,1065855.8683279017,1054499.987463113
2023-12-28,1219443.0279568643,1393200.031704173,1393652.4353107845,1268945.3995749643,1428416.9671857553,1280371.2622877886,1391813.0820418817,1158804.2875963268,1579041.3689784196,1425364.5416467332,1052129.4078133975,1695727.9205634403,1314708.4047071976,1323739.0738691795,1289311.7686663948,1344776.2429844902,1337077.8995534044,1115671.2018400948,972994.1136962884,1397477.5014316684,1268342.2471948427,1219443.0279568643,1067277.595147782,1054763.53993598
2023-12-29,1215930.428816954,1387941.3626053145,1388169.517469111,1265181.1933281757,1425130.1848752694,1278171.4925970426,1386889.5637922238,1154901.4716151303,1577366.5517867033,1424286.5940199147,1052392.3678043906,1690791.6132529618,1311853.1300994651,1319192.2067842023,1284630.1603103743,1340028.662696745,1332876.02956466,1115950.0429094622,972897.5659686279,1393125.3329244726,1265440.6521149415,1215930.428816954,1067544.341143781,1055027.1582788397
2024-01-01,1215477.2472835798,1387436.1608216753,1387927.9610494282,1265086.8521014124,1423337.758047824,1277048.0493867656,1386355.3467419888,1156760.9689301087,1579963.2114465775,1422114.6448489507,1052497.7342916396,1687833.48498058,1312486.980547133,1319012.6236970054,1284705.8713939092,1339292.4415557631,1332985.2537146113,1116228.953669919,972025.8089144195,1392459.8210040184,1265051.3889886804,1215477.2472835798,1067811.1538079337,1055290.8425081542
2024-01-02,1213929.9850908788,1379519.8370507897,1380157.3286337773,1259728.024767804,1415751.869270753,1272038.991442852,1378538.6865691976,1152445.3199704026,1566268.1899521484,1411240.2184830075,1050930.8653768422,1676786.3027076465,1307893.09755002,1313253.9453899397,1279226.869089469,1333331.5894224506,1327143.6403247735,1116507.9341388843,966202.4722404402,1384226.205662111,1259447.9144688658,1213929.9850908788,1066643.3930685003,1055554.5926403916
2024-01-03,1207724.0600772374,1373495.8582846362,1373931.0237710734,1255501.8021440657,1410516.8536720998,1268553.6344111424,1372885.2925058003,1145927.6691642934,1573877.5024311305,1407931.8843503804,1051357.0080561591,1667739.6259977855,1298931.588811947,1308621.246365411,1274256.320879752,1329119.6963148355,1322448.6186849305,1116786.984333779,967731.3998590994,1379138.1602458055,1256099.948599074,1207724.0600772374,1061807.687801186,1055818.4086920219
2024-01-04,1209375.3787285697,1378615.8394684438,1378963.0184324544,1259019.1220944999,1415187.4299480813,1271771.808578285,1377533.965744035,1148112.3292191336,1578549.7185822024,1410081.810368972,1051606.7796186437,1675748.991117008,1307458.3865008105,1312678.9148796732,1278176.3056273477,1333467.8007020915,1326355.729713253,1117066.1042720312,968264.77675507,1383423.8678685334,1259115.1081252503,1209375.3787285697,1064452.2756274783,1056082.2906795212
2024-01-05,1209642.0815529332,1386666.2921389122,1386915.330894248,1264654.9243322695,1423744.3736629302,1277624.2577276188,1385347.4909831581,1152714.7920746088,1590666.395020596,1419155.4708701423,1055845.9140607202,1687245.8264033576,1310609.599468596,1319521.6896228283,1284897.1099142013,1340329.0469309618,1333299.0960861717,1117345.2939710708,971865.3283689898,1391466.6282759977,1264702.939613247,1209642.0815529332,1064596.5403372585,1056346.2386193683
2024-01-08,1200871.9255824583,1371222.6749112885,1371261.268856286,1253943.973340471,1408809.4166090637,1267627.8917961349,1369709.4796128026,1140505.6992458082,1575736.2933780365,1402721.561279246,1052474.8898866898,1670772.384854439,1298669.0172072304,1305853.2343608532,1270916.4542095894,1326942.7383320883,1319689.962793174,1117624.5534483336,968972.5860839731,1375609.6620416865,1253945.9493389379,1200871.9255824583,1055898.0265610146,1055350.7271091628
2024-01-09,1200509.7845021205,1374444.753449577,1374185.6498365363,1256095.4475125158,1412895.1926056438,1270448.1165891874,1372424.8755015482,1139487.7936236612,1589471.8768500136,1406067.8783434273,1052744.2394276343,1677140.5023043389,1300591.673317743,1308136.1723064485,1273006.3982789475,1329418.7798102887,1321978.7265727522,1117903.8827212597,968518.388727829,1378682.527551189,1256159.9879986807,1200509.7845021205,1057662.2103025764,1056243.4894762964
2024-01-10,1203358.3382842832,1378415.4805130167,1378298.0571777476,1258972.2765139518,1417852.7663183473,1273894.5097579213,1377185.9820334297,1143526.3123398945,1586520.2853132917,1409932.1597033287,1053863.7610486562,1681536.5051245217,1305049.731218927,1311576.9429231568,1276390.2230423714,1332614.0083106027,1325719.128539386,1118183.2818072927,971329.5424559031,1382689.6229604946,1258945.0927317832,1203358.3382842832,1059768.3301687427,1055709.2791570714
2024-01-11,1201513.1153358745,1375542.7788580034,1375542.8350916978,1257100.918609643,1415416.5317481223,1272367.3453783693,1374698.7359811596,1142482.9199937864,1578720.0003271254,1403973.9432479166,1050038.668380635,1677242.0615217532,1306770.1824340257,1309002.3770370937,1273504.8267713678,1329859.3540670248,1323649.8200877204,1118462.7507238816,967364.5751252043,1379309.7791424205,1256672.9699766533,1201513.1153358745,1059573.1673978842,1055441.5075056
2024-01-12,1204257.167255361,1402146.0874372113,1402482.5242790696,1275766.6116433784,1438246.6679399507,1287888.8614905176,1399161.6399238603,1159494.7792134406,1604321.643490826,1420995.5363612198,1066705.3507322886,1709300.9335712562,1321701.9823027817,1332450.920047281,1296601.30363954,1352938.4907309855,1347805.1983090502,1118742.289488479,968715.5441304052,1403500.7729360752,1273209.9166819018,1204257.167255361,1064890.3522479997,1060674.7799208108
2024-01-15,1207238.681869682,1417836.4898635184,1418323.2240973974,1286695.2441316766,1454517.662109076,1298964.3671489584,1414774.5069476268,1168239.863318247,1607050.8370034343,1434849.7496597983,1073166.9205477778,1728548.0104147247,1333950.293297111,1346004.4115736587,1309673.0359773417,1366427.9083437182,1361907.7580673639,1119021.8981185416,973028.579350251,1418821.0767145166,1283695.2935648202,1207238.681869682,1068683.0532788693,1064355.0024940209
2024-01-16,1205162.763803633,1413772.222059352,1414113.5774165525,1283899.4096482177,1450708.1814904762,1296436.2552024294,1410933.7446174219,1167930.3607887076,1615029.36565167,1433519.3230618027,1073464.5685258221,1723817.675200844,1330017.496509089,1342552.3347797347,1306684.1879000165,1362973.2946115036,1357980.6392907782,1119301.5766315323,970506.2054514328,1415384.8096852934,1281492.3423375152,1205162.763803633,1064979.6699593205,1060659.2176203446
2024-01-17,1204053.3546579934,1392837.1718602853,1393079.4115967706,1269599.4621121334,1429878.0155522674,1282495.4402056972,1388680.6515016174,1152670.2294034166,1606759.6240721168,1409947.6622849877,1073465.1906510007,1697434.3900404233,1302227.5875590732,1323659.4074809274,1289004.4923733086,1344353.9176239835,1337575.9308079893,1119581.3250449155,956857.2474500497,1394205.0824984105,1267038.4147505336,1204053.3546579934,1065245.841632064,1060924.3094771456
2024-01-18,1204869.1171074025,1391521.4860862726,1391725.7428040148,1268771.5142410789,1427781.6142111525,1281174.0190012248,1386849.3415710013,1149618.2671794211,1611574.2455996939,1406087.7442138626,1072655.4267317345,1695106.866843511,1295605.4067101695,1322289.0743684482,1287449.0723389066,1342980.995676221,1336402.1275800818,1119861.1433761623,956578.5534526535,1392357.8577789958,1265844.7343563011,1204869.1171074025,1065512.07982942,1061189.4675886792
2024-01-19,1213945.7462041639,1405598.847563186,1405683.9016984736,1278525.2409820526,1444128.0195108452,1292295.5924320817,1401039.969678653,1155203.4085833717,1639216.0312481346,1423165.4235917765,1075981.897749721,1712570.840570067,1305273.158785581,1333733.9213133196,1299111.490000803,1354220.329703459,1347812.2870564458,1120141.0316427469,965313.9175068559,1407050.564761986,1275960.046355348,1213945.7462041639,1065778.3845680142,1061454.6919715044
2024-01-23,1210730.5359025805,1379710.551254244,1379914.3383681802,1260714.4625547312,1415610.766680183,1273221.90944477,1375547.0585719056,1140889.3452604017,1611738.1108032698,1392980.459020259,1072607.303476065,1679176.5315580026,1282116.5126781987,1310720.5221562914,1276377.8882566164,1331744.3843271853,1323999.4345358405,1120420.989862149,960417.557495563,1379475.6510820307,1257125.1971270628,1210730.5359025805,1066044.7558644784,1061719.9826421842
2024-01-24,1213520.46702676,1395567.313437832,1395367.0280839961,1271463.6811683597,1433267.060073116,1285161.0673115572,1390019.5153088784,1143582.5651411393,1630655.7885066892,1406462.5257004069,1073772.7394216945,1702627.5931554947,1295104.3158614738,1323715.133603729,1289534.958003764,1344474.6010624578,1337073.47650541,1120701.0180518518,963805.8507755368,1395034.1595815383,1267865.4677625191,1213520.46702676,1066311.1937354463,1061985.3396172859
2024-01-25,1213594.001808559,1386576.3832943798,1386454.9062779085,1265388.8935575692,1422759.0531622746,1278150.601914508,1381181.0770024918,1140544.8307578093,1614879.2825016305,1395938.4132266312,1072471.0883367297,1691451.3176649984,1288986.1734544933,1316119.2945599528,1281967.3402759747,1337256.8011756234,1329080.7435951761,1120981.1162293425,959870.588928508,1385570.787499839,1261476.5187410372,1213594.001808559,1066577.6981975574,1062250.7629133812
2024-01-29,1213401.0369127903,1404407.1694519438,1403800.1403060663,1277414.584896529,1441603.873758532,1290891.6081403326,1398454.919763335,1142152.4501812528,1631023.8738779838,1406617.0090366278,1073416.4534762325,1719065.0607044077,1312227.356535644,1330375.4890348595,1296584.5594853384,1351366.5479617452,1343091.1463008907,1121261.2844121142,961150.9353648042,1401754.582792749,1272688.9347401636,1213401.0369127903,1066844.2692674554,1061570.5370807569
2024-01-30,1213298.7505334786,1393296.8558675472,1392798.23467969,1269900.6857927383,1429451.2348744187,1282808.5030260547,1387605.6369902713,1140779.4485650847,1602786.2039413513,1399291.6437235607,1070584.4102668762,1703952.1683137927,1299218.33068113,1321128.9627093144,1287260.9329606707,1342107.9034224544,1333947.3737208417,1121541.5226176619,955769.8822025759,1391201.6463311745,1265504.7533225215,1213298.7505334786,1066156.315838238,1054931.7083260843
2024-01-31,1215787.7172421904,1399798.8538764885,1399892.3305587226,1274705.2106722184,1435113.2818316736,1286779.58737202,1395036.4989713458,1146602.5851191352,1578430.8950733743,1405130.925163852,1073484.991648345,1704178.157906238,1311508.9691142081,1327705.890461135,1293419.6944569664,1349135.5450473523,1340502.9088949866,1121821.830863488,960901.2248497221,1398062.606327238,1270120.2573015052,1215787.7172421904,1065448.158773962,1055195.3686994754
2024-02-01,1215410.6146736192,1396011.4999767297,1396870.5302700761,1272666.874166443,1430724.178184989,1283965.8569204991,1391774.699295935,1149067.3192393775,1559583.5415489792,1398698.5614362888,1075636.2550963238,1695290.1461535408,1309803.6095764355,1325309.630579329,1291250.8704795986,1346543.4486024396,1338067.871439695,1122102.2091670972,961674.7333614101,1394252.4412364997,1267508.9622795586,1215410.6146736192,1065714.4475366885,1055459.0949698265
2024-02-02,1217901.8256969715,1402165.0437450043,1402474.3047742,1276622.5526305723,1433983.7129317222,1286331.534588947,1396567.4310813565,1151951.06089106,1557673.4650803336,1399628.852909911,1078026.886369012,1711225.6915481486,1319242.0388987379,1330006.5892406912,1296114.2759414366,1351282.499461828,1342544.5657693439,1122382.657545999,964214.9127312606,1398386.4559013345,1270358.3790145107,1217901.8256969715,1065980.8028532919,1055722.8871536073
2024-02-05,1216249.2398735736,1389346.300291976,1390385.7915267702,1268425.995766073,1420779.5163585676,1277530.887514587,1384255.5524342791,1150649.163219082,1532331.1065524905,1385565.7147752452,1078296.3189485269,1691371.347928535,1314285.8377420858,1319853.398626757,1285921.0072267952,1340980.4478848279,1332592.7678372879,1122663.1760177077,960476.880157826,1385601.8147468388,1261634.4808800768,1216249.2398735736,1065289.5489640797,1055986.7452672916
2024-02-06,1225645.5136081902,1404291.8563105,1404665.378324257,1278447.3913189436,1434300.559715568,1286797.308721228,1397756.368578097,1155184.2624196464,1550712.473280316,1400368.8397277303,1078398.9384811898,1717266.1067288541,1323805.7385411996,1332147.5841436344,1298171.2733378524,1353124.7356524712,1345067.7556903923,1122943.7645997414,967063.4235595027,1399434.7756899581,1271202.625063804,1225645.5136081902,1074461.9724781718,1056250.6693273573
2024-02-07,1225852.322478659,1403420.684838451,1403632.828685245,1277757.6008574138,1431242.2169687124,1284796.9384246566,1396609.3728039751,1159238.4643627119,1546746.5325546556,1395260.7976335976,1078498.2587231158,1715385.560305534,1323872.118340686,1331399.7723072753,1297019.0680257578,1352271.237286523,1344846.3263581733,1123224.4233096228,963529.0970356528,1397958.655849061,1270243.8737705094,1225852.322478659,1076159.4642801723,1056514.6593502862
2024-02-08,1227895.5016664371,1399611.6647329496,1399074.1491066862,1274686.0669664529,1423390.2411546193,1279635.7137529727,1390787.69006133,1157017.1253907136,1533454.2076108868,1382912.7359356903,1078767.8091132997,1717446.7152126261,1311041.12711712,1327413.6965854499,1292846.1470059128,1347561.24600685,1341779.4616864875,1123505.1521648788,965328.3094786926,1391803.242937223,1265998.7457460046,1227895.5016664371,1078843.9311897862,1056778.7153525653
2024-02-09,1233429.234292974,1404356.2033566402,1404401.9266861216,1278404.364692923,1426066.740057482,1281530.4076744595,1396056.7914129915,1159589.834210118,1524012.867773591,1384936.385730274,1079037.4268725426,1718297.131334121,1314937.8453640356,1331877.0318439421,1296967.7929886768,1352235.4601798241,1346383.0068911137,1123785.951183042,968831.8290128792,1396384.4545881092,1269219.537110739,1233429.234292974,1079113.5679743127,1057042.8373506835
2024-02-12,1230907.7673395216,1391351.885118783,1390854.757287437,1269194.3346375644,1412038.8812675138,1272148.5935517894,1382240.1193511318,1158276.2413209148,1511675.0349095217,1370854.8381483834,1078978.9703321827,1708107.1944104205,1304889.8537622613,1320317.2598475872,1285665.242021308,1340725.5010205514,1334519.4818946656,1124066.820381647,964621.3067749501,1382471.8135370992,1259713.3201641915,1230907.7673395216,1079383.2721494914,1057307.0253611365
2024-02-13,1233249.8527561186,1400050.402821683,1399603.8356078945,1275295.315036244,1420086.8709920947,1277666.1788174778,1391234.5700451666,1161097.3729212433,1516976.2687274385,1380678.166512208,1081485.362119831,1718985.453855935,1312568.4520239444,1327841.362997457,1292841.3864069823,1348596.954047473,1342051.0024669648,1124347.7597782344,966738.3042081512,1391188.8911032774,1265790.0165023196,1233249.8527561186,1079653.0437321644,1057571.2794004227
2024-02-14,1235986.8198831459,1404756.599285406,1404280.348859735,1278530.296214434,1421690.1163386095,1278811.1897862153,1395404.7188364987,1161673.1237569794,1518141.7749774898,1378985.634438767,1081363.0348766332,1723678.7619098702,1318411.9966458394,1331449.697602509,1296143.3042176927,1352056.9862397446,1346121.31781683,1124628.7693903493,966472.8741955543,1394883.5249587486,1268394.2505536939,1235986.8198831459,1079118.2824076817,1057835.5994850437
2024-02-15,1237039.6849231482,1406390.728650602,1405916.8639697998,1279736.07067861,1419528.9904219485,1277443.926445274,1395847.2398510913,1161282.7428563298,1512720.4982197243,1373081.999146524,1081414.9885388995,1726818.9519921336,1322679.875831977,1332231.976368159,1297021.3615377753,1352464.9273354143,1347175.689323649,1124909.8492355412,965183.1139430823,1394731.1196225216,1268333.7161207083,1237039.6849231482,1081344.7482750453,1058099.9856315074
2024-02-16,1239778.5868465593,1413326.2648041653,1412818.7949691964,1284628.977371129,1427732.7327924646,1283027.9381704114,1402572.0061504606,1162258.0546405816,1524523.315655293,1382351.3857494874,1082267.3879188541,1735501.7143072472,1330524.4825442396,1338310.964392827,1302691.6128754343,1358795.3104240976,1353422.414590948,1125190.999331363,964675.9081874813,1401924.5567855835,1273427.795070949,1239778.5868465593,1080733.8044301576,1058364.4378563245
2024-02-19,1239206.3979091211,1420181.2547157074,1419583.7835279424,1289264.0789539197,1434546.5832242405,1287712.8467758463,1410166.172251285,1164733.9904367551,1534985.5912099336,1392275.0813325408,1086902.2041971902,1744469.1536275917,1335447.434849284,1344785.438280019,1309207.5119236496,1365440.8434963487,1359676.201623991,1125472.2196953716,969220.0608975267,1409502.9215225722,1278672.7736760904,1239206.3979091211,1083897.5751733119,1058628.9561760095
2024-02-20,1236201.5969009462,1420862.1892384968,1420627.1410016553,1290026.8161957017,1436184.3610860475,1288831.8838541403,1411434.214484103,1165536.6976875677,1534670.8653846649,1393875.3803334867,1087488.0577562056,1740463.9525619515,1339956.7808726286,1345911.5355949139,1310517.3567011773,1366566.4261033256,1360610.5287288984,1125753.5103451307,969996.3918477019,1410757.3206846027,1279666.4089748233,1236201.5969009462,1081543.914845494,1058893.5406070824
2024-02-21,1233420.529283199,1414394.9225553593,1414265.836251677,1285673.8725344022,1428843.3144615805,1283961.3286240823,1405486.9334434313,1166145.150281094,1522245.6026526832,1387883.8197713834,1087759.854977868,1730625.1114943807,1331390.8391457018,1340123.2264159785,1304594.81008903,1360790.0559981242,1354956.4767745696,1126034.8712982058,968266.5496498585,1404645.0259646059,1275504.5015463047,1233420.529283199,1080305.8268074782,1059158.191166066
2024-02-22,1236516.0465812888,1424667.1470853577,1424330.1488065375,1292763.2019579795,1439208.5312351524,1291081.781697117,1415390.7698313072,1167568.7480183614,1540279.8952259687,1398126.6791450183,1087684.40345218,1746874.4776827854,1341194.2984133132,1349378.669312224,1313780.1743779464,1370214.1528580827,1364106.3563887537,1126316.302572169,968903.9481741625,1414567.8154434862,1282410.3486850157,1236516.0465812888,1082527.1577008213,1059422.9078694882
2024-02-23,1236638.19287363,1421863.6473685773,1421415.9501230281,1290848.6864557248,1436753.6152137087,1289463.7236695662,1412483.6856847713,1167680.7623709263,1535994.853045895,1394996.210827178,1086273.3157318584,1743645.6259348786,1340907.55654413,1346727.421298321,1311263.6956901755,1367295.481956649,1361584.1877501723,1126597.8041845947,968440.3147672219,1411550.76319242,1280462.4021216393,1236638.19287363,1082797.7150386593,1058913.2006344388
2024-02-26,1236120.733381804,1418415.3106711216,1417923.2198943663,1288589.8424191203,1433963.0028830387,1287583.2701694695,1408756.2400056964,1167177.467849036,1535306.546321824,1390954.4168221727,1086197.891722834,1737266.4595557207,1335435.408668915,1343576.0522814998,1307930.203600765,1363505.2822522668,1359261.4917831877,1126879.376153063,964831.1415953945,1408054.0254775975,1278234.4553564335,1236120.733381804,1082400.9701671936,1055470.672559796
2024-02-27,1237073.425208081,1425443.240307537,1424655.0018305574,1293369.6424131913,1442841.5411060157,1293706.6118305274,1416112.963235668,1168088.4730087146,1552351.9205388927,1403376.5667755129,1088275.3546196483,1748888.179133863,1340041.3178463967,1349671.690960118,1314189.7281165828,1369675.2392417516,1365105.860470181,1127161.018495158,965310.3394390903,1415852.6223611203,1283650.673548486,1237073.425208081,1083876.3248930841,1056835.6454181385
2024-02-28,1235781.8227869393,1417673.5504277528,1417025.241598469,1288199.4680081056,1436457.1651916131,1289499.0566095954,1408532.7950667425,1166840.4420879656,1543920.635981568,1398545.003944029,1089354.682160042,1738476.6357904777,1325118.7144685108,1343065.2851060694,1307264.4360627676,1362970.2420168978,1358936.5802340417,1127442.731228469,961860.8247271661,1408830.174246136,1278874.7505070441,1235781.8227869393,1077896.475159434,1057099.781644858
2024-02-29,1236734.6542814528,1417653.6307604488,1416769.7304372902,1287697.0248909912,1434247.0924425325,1287788.2019129698,1407981.5716698365,1167751.5788631653,1539792.9550272776,1395948.2388545447,1089047.334249814,1738495.4587081221,1327029.3443986557,1342553.1043849073,1306661.3445192277,1362650.984676104,1358327.483320317,1127724.5143705877,960987.5556685386,1408005.3398297762,1278004.475593301,1236734.6542814528,1078714.6038858702,1057363.983887468
2024-03-01,1240908.1823684087,1439041.2781850265,1437412.3867360777,1306444.5768620113,1455293.0721854535,1306507.264889099,1428892.0368233533,1171761.0583129,1577379.388343905,1415074.2177298001,1090514.459863436,1764555.746038315,1348516.8274131,1360061.876607385,1324376.110565367,1380276.4418839351,1375486.0288877627,1128006.3679391122,966022.758278591,1428588.4487780014,1296535.9990342152,1240908.1823684087,1078984.2083474654,1057628.252162468
2024-03-04,1241605.428722593,1441856.1172274088,1440048.0323038548,1308832.408117503,1459611.0059780334,1310375.2219373132,1432011.5263923611,1172612.9377053687,1583567.2450077713,1419122.4553288796,1089975.7858797864,1767961.317641221,1352552.3183491721,1362348.0928873275,1326843.394911414,1382483.1508833645,1377660.5501119157,1128288.2919516442,967253.7033459764,1431687.4645188819,1299348.7422606586,1241605.428722593,1079253.880191634,1057101.7025833963
2024-03-05,1239839.6801794122,1440223.8723813246,1437706.5749155849,1306765.3954802419,1459775.9799335003,1310642.9818589124,1430112.7153115761,1172412.3544491616,1596889.0168831414,1418754.225218494,1091444.8993183943,1767181.5115278948,1349576.310322836,1360744.8472291925,1325189.6594848838,1382398.133036198,1374600.6666999892,1128570.2864257898,966883.6479966268,1430246.9061082667,1298149.5681161806,1239839.6801794122,1078379.0635792217,1059510.7677904337
2024-03-06,1242134.189373183,1449898.439609347,1447048.2732438587,1315204.5281618526,1469556.0323344644,1319394.967709338,1439558.2426799515,1173652.9929440808,1613607.135925671,1430337.6475042605,1092134.5610052666,1778611.4025406474,1356684.49034311,1368812.7938312064,1333017.5036574407,1390869.0654122434,1382507.9290298165,1128852.3513791596,970160.9775364411,1439995.2410956672,1306930.6374189311,1242134.189373183,1082842.3192757694,1063166.2399683348
2024-03-07,1241714.305103368,1453712.0708460065,1451234.7260505094,1319028.7200135305,1474527.1136653887,1323820.7146053538,1443747.2719649696,1172928.942619995,1620254.1836595081,1436531.3221387838,1093594.7549434958,1779026.6302306359,1357861.641174493,1373065.4957089578,1337291.5855455678,1394628.1173045654,1387224.8378380088,1129134.4868293684,970619.3680211745,1444733.0007726566,1311179.4913881673,1241714.305103368,1082609.928764049,1061911.109129592
2024-03-11,1235655.8073950242,1440958.310962259,1438387.1092732174,1307351.9985934044,1461352.0522564137,1312035.5906067307,1431087.277212051,1172194.1492402651,1606774.46264749,1425737.6232214957,1094047.467863919,1763527.7095340986,1348148.6140671056,1362028.8283759393,1326166.9862979206,1383752.7240253317,1376131.6651079273,1129416.6927940364,969983.3939131718,1432174.3707234568,1299796.5152142362,1235655.8073950242,1074434.8627571687,1057950.8512162184
2024-03-12,1234117.7227439284,1442961.678045053,1440825.487472524,1309511.5180913603,1461673.9315890358,1312276.4319902468,1433271.3655746346,1172258.3078371398,1603759.391696973,1427953.6078401145,1094159.077354347,1764739.9510802648,1348332.661788238,1363637.557988972,1327635.7378181764,1385466.1737182036,1377779.8420438147,1129698.969290786,970507.815248387,1434133.7184834469,1301548.4882391435,1234117.7227439284,1074928.854550434,1058940.8932064266
2024-03-13,1222018.7676313047,1428318.6474655664,1428281.9952350063,1298260.425502543,1447681.1213611516,1299821.6202026145,1421209.1708983106,1173288.7096787847,1569622.454104213,1414846.0519891859,1091243.0913116331,1736570.5238873933,1327928.714044267,1353064.6596016677,1316823.4528307251,1374673.0791629225,1367686.9809445299,1129981.3163372455,961738.0384979139,1421702.358179863,1290466.5857580248,1222018.7676313047,1071113.8826947946,1053434.0344215783
2024-03-14,1226953.3712298288,1439033.6438763693,1438388.3593819768,1307388.692588682,1457217.4969332768,1308296.8638665695,1430711.1294278621,1173514.9204390626,1588450.3737757872,1425771.4252775174,1091279.4108239815,1748841.9147713738,1336920.4061369912,1362152.374045525,1325954.8399530456,1383572.3071061182,1376906.512288118,1130263.7339510485,965603.512876744,1431694.3505187437,1299409.3764273345,1226953.3712298288,1076777.2734211292,1057543.4801930313
2024-03-15,1225022.2085715884,1433630.2944138953,1433186.0368762964,1302658.9459238427,1454405.5578934317,1305875.7150085042,1426378.3197705622,1173235.4436683806,1585203.9278655525,1426548.838280356,1089049.5443998897,1739237.809401406,1329477.1437186012,1357078.5934325897,1320515.4979408171,1378166.7584128485,1372548.684035854,1130546.2221498317,961629.6806654712,1427863.442986298,1296020.2575880622,1225022.2085715884,1076927.8049628842,1059891.2968798566
2024-03-18,1223812.7788050347,1430114.2629358007,1428993.5075448882,1298895.5537171192,1451721.847168325,1303473.95623818,1422595.0608281556,1174432.637769142,1590848.4097312603,1421773.0259191708,1087980.1542128806,1735691.697055256,1331429.983183765,1352975.1050429852,1316918.2936240295,1374188.014586372,1367799.4715505186,1130828.7809512357,958505.2005041128,1423906.352469478,1292453.6609341996,1223812.7788050347,1073711.185532385,1057730.846872679
2024-03-19,1215805.8699903088,1411815.1682650305,1410705.6107053533,1282438.1821094768,1436074.820445425,1289567.420184046,1405273.1056513067,1172800.5851919402,1577802.6278261773,1405976.3486323464,1085294.115550039,1707650.08588892,1317047.6146926375,1336199.404258815,1300983.8194956195,1357690.9487415154,1349891.1963672987,1131111.4103729073,951443.6161541588,1406639.0229235792,1277033.2289610761,1215805.8699903088,1066340.3912917974,1052446.4882379936
2024-03-20,1216227.3442619056,1415615.7708833963,1413778.3723412002,1285215.7882431208,1439166.4899193232,1292376.6208583473,1408163.5744660832,1173382.6052703776,1586479.4359268928,1406057.2580694088,1088696.0750751388,1719055.9678811869,1318354.5775297652,1338625.0020391196,1303354.1492694933,1360215.5207831047,1352272.975175549,1131394.1104324965,953265.6719864918,1409315.5385410332,1279430.6772812281,1216227.3442619056,1066757.2000160122,1052777.6814166054
2024-03-21,1217771.014599584,1421333.1684218575,1419724.197368477,1290648.3805306745,1444331.4066878664,1296942.278051069,1413755.1765562545,1175150.0847872114,1591792.270080878,1408482.126153253,1091370.9192633347,1725351.6542772157,1328788.9396518162,1343799.0134378262,1308771.3604035205,1365189.124989464,1357387.7333579247,1131676.8811476573,956897.3245528709,1414668.5717022456,1284242.9065492158,1217771.014599584,1066308.926842467,1051642.9529996056
2024-03-22,1221578.4485131882,1422404.2150511898,1422951.9115753395,1293668.9676279277,1452818.2670929732,1304543.5580666394,1418409.9341595082,1178025.4617550143,1607212.177134585,1417054.6082227624,1093402.6759551493,1720757.6081364749,1333908.0837620907,1345748.2569362202,1311842.0720705192,1366315.3087575538,1358988.1493044074,1131959.722536049,960200.8723741919,1419783.8507024536,1288920.2865651785,1221578.4485131882,1069607.646367486,1053521.379186328
2024-03-27,1221883.759110376,1420648.5757535743,1423307.5516886876,1293992.2958968168,1453181.3717411207,1304869.6042352302,1418764.4390908803,1177272.5566286321,1607613.8696416903,1417408.774415864,1093350.97899315,1721187.6791921614,1341118.813077665,1348431.1405652224,1314526.11890121,1368763.713194545,1361900.2026449407,1132242.6346153354,959868.2646359473,1420138.6990184693,1289242.427990396,1221883.759110376,1069240.9376408758,1053317.5598296365
2024-03-28,1222007.8614060953,1432504.9166910318,1421540.2103183873,1292385.5271315733,1451383.958664489,1303255.6352320758,1417005.4298130125,1184131.8648864862,1605618.5963470133,1415650.1485609463,1095723.0123644634,1719050.2984132865,1353439.673059865,1358722.7289060615,1324646.3756171765,1379028.9528421343,1372384.5662073363,1132525.6174031843,962323.5236065144,1418384.9556047642,1287650.3296845614,1222007.8614060953,1072049.1117986038,1056181.717024966
2024-04-01,1224662.379698218,1440102.0310756308,1429107.4363819875,1299265.229425003,1458388.560656745,1309545.3471752652,1424398.8444015083,1188252.4230760941,1611835.3082831642,1422072.998244614,1096681.6681479327,1723150.5167491434,1361629.3083403534,1365160.1439190465,1330749.5936652503,1385149.2199016232,1379476.804741356,1132808.670917268,965494.0178662896,1425339.9474840155,1293964.2697407382,1224662.379698218,1075067.9775845066,1057970.7479249
2024-04-02,1223590.7421463009,1435580.4143899872,1424594.9734904948,1295162.7484045208,1451925.4021517956,1303741.8189684877,1419649.5000707253,1185031.203773667,1603410.2247633317,1415465.5555510526,1096955.7631398959,1718881.1700885254,1361101.968334581,1361077.6686554719,1326767.5679579226,1380313.4710071012,1376043.8361726368,1133091.7951752623,962760.9207436328,1420487.7354068016,1289559.2931818462,1223590.7421463009,1071420.7551786988,1054725.8403049593
2024-04-03,1222734.3536380627,1436360.9476295393,1425342.1434952687,1295842.033938245,1452731.1968102306,1304465.374181549,1420207.6683455084,1186905.6589708424,1608508.9137103215,1418038.0828793603,1097066.5332083774,1723448.2409426484,1359971.395879457,1361576.6588739103,1327293.2038309125,1380474.6182579957,1376850.724814968,1133374.9901948497,964919.9733537687,1421541.1471500415,1290515.6104165409,1222734.3536380627,1070732.435904491,1054504.7327306396
2024-04-04,1227182.6334408682,1438154.165345556,1427159.3474937978,1297494.1350399216,1453821.9967211087,1305444.8469959453,1421781.7403339723,1188581.3856468792,1599177.6828712565,1418618.5597540855,1097319.1546972874,1709689.295507268,1364820.934863841,1362874.4836963695,1327577.5756778398,1381852.5165523062,1379117.4036434891,1133658.2559937146,968852.2295744481,1422602.7519478227,1291479.3655398989,1227182.6334408682,1070128.8142643294,1054437.224690903
2024-04-05,1227479.4725888649,1437920.9649344834,1426901.8788276399,1297260.0588066804,1453385.6049355587,1305052.9933790634,1421978.8113383853,1187610.0562349337,1587935.4999854523,1418763.72479661,1097628.2370508553,1704226.097333293,1364763.2755502327,1362627.445281514,1328122.6477356178,1380586.4828206596,1379063.5801158575,1133941.5925895479,968995.8494939726,1422618.6622465684,1291493.8093630262,1227479.4725888649,1070541.0842241305,1053646.860439727
2024-04-08,1229560.0956023287,1445401.9086911422,1434403.8593815705,1304080.4435009346,1461358.5235760824,1312212.195522286,1429403.2628770275,1193205.1586578535,1605441.6609845287,1425219.2753262594,1101355.9240476892,1721211.7070793582,1374013.865880503,1369221.4655856583,1334297.2018544264,1387746.893565244,1385521.791221745,1134225.0000000424,969012.1478642807,1429982.6635258165,1298179.059821692,1229560.0956023287,1074853.4162203716,1057391.0062191656
2024-04-09,1229056.9605448672,1443995.5242376993,1432928.6907471595,1302739.301984604,1461458.4279387735,1312301.9036404472,1428179.7416587041,1191722.8710950622,1601409.3592022713,1425065.3217301257,1101568.9825031438,1716216.461264269,1372586.2354831959,1368077.0850650868,1332697.5155894381,1387009.3568030938,1384445.6320295597,1134508.4782428986,967012.4080489624,1428817.3291015106,1297121.1359839349,1229056.9605448672,1072952.8750371095,1055516.0823643748
2024-04-10,1230089.6180872153,1454984.8606820437,1443863.8817960806,1312680.971270821,1472413.8660086556,1322139.229122636,1439058.1477807588,1198831.2511459254,1616538.7398977098,1437040.4462323603,1104101.7385763428,1737551.0484780625,1379318.049144673,1377886.1039108955,1343286.8609885399,1396420.0363938427,1393832.07420833,1134792.027335819,969013.0823594187,1440242.3785531844,1307493.1218365608,1230089.6180872153,1076363.5328088868,1059691.080211198
2024-04-12,1223773.6814157937,1440253.635244793,1429195.2062046248,1299345.024880434,1458253.7351316672,1309424.2819503937,1424881.1092123126,1190470.301795568,1601501.7274067423,1425594.9166730652,1103828.5876870283,1721969.3253107206,1365108.876241039,1364829.3437531448,1330233.0222395293,1383424.4238369116,1380725.323573783,1135075.6472965123,959554.5834191169,1426238.9485944633,1294780.4085975986,1223773.6814157937,1076632.5496644098,1052505.8530835619
2024-04-15,1213788.5825915919,1421960.0108686404,1410983.3134735061,1282787.7819572114,1439041.8023765981,1292173.120066406,1406519.7423126884,1180788.1585682195,1584557.3973429655,1406611.717322851,1103943.487807282,1706067.960534454,1350141.9628710952,1348941.1032076085,1314648.511340291,1367297.3093359487,1364776.8909600454,1135359.3381426884,955721.865591241,1408154.4490574747,1278362.7839612353,1213788.5825915919,1076901.6337556443,1043982.3404867536
2024-04-16,1213015.860468306,1411833.7968151723,1400962.4163466315,1273677.3380023784,1430774.5469067274,1284749.621126176,1398030.8923098173,1177366.6581619617,1570208.6657826682,1401577.2435567826,1101820.8206424867,1693899.7317465916,1342588.829582307,1340345.5945702181,1306774.9112992405,1358288.7694317903,1355853.4668742563,1135643.0998920652,952168.947926461,1399719.447557804,1270705.2489464832,1213015.860468306,1077170.7850993956,1040712.0336629108
2024-04-18,1207267.169587914,1410742.8998340764,1399905.166464996,1272716.1450402169,1431457.5288274456,1285362.8978760147,1396813.7785827273,1176981.4025675086,1588120.7472275621,1402732.2232812394,1096755.6444646234,1705952.896543056,1333371.6271913333,1339040.8147550425,1304360.73747163,1357609.7834562636,1355076.8981251398,1135926.9325623638,950393.0434978176,1399357.2954903264,1270376.4769673103,1207267.169587914,1077440.0037124713,1040956.5657898319
2024-04-19,1211851.6894029297,1419881.3888493294,1409024.685135722,1281007.105689028,1443154.390563203,1295865.9772856033,1406889.0068502498,1184986.7895893073,1598272.4429167395,1415485.0296326317,1100895.8436321598,1719775.7218391143,1342534.248589343,1346563.0229216304,1312013.8587525242,1364384.7425534416,1363198.7476611908,1136210.8361713095,954914.5391962248,1409780.9211925478,1279839.3417692364,1211851.6894029297,1077709.289611685,1044882.5768122869
2024-04-22,1211321.259431002,1433240.8271289202,1422282.5426072448,1293060.4144822638,1456202.0766546477,1307582.015845835,1419611.1903968365,1191900.1990759065,1621269.780346204,1426841.5433462472,1101888.2684686496,1743029.1723749267,1354015.555814261,1358354.7705708365,1322992.70548183,1376615.388652394,1375383.552982451,1136494.8107366308,960157.4931160742,1422374.5663704083,1291272.2121625128,1211321.259431002,1077978.6428138532,1044277.7559189041
2024-04-23,1215393.8520226127,1441621.3577581702,1430590.079042021,1300613.1659109544,1467373.0001341572,1317612.8342853696,1428279.0620072794,1196772.9003956926,1640631.384765827,1440122.454159309,1102612.5372383813,1759572.6332645523,1355931.1000337026,1365460.5392711766,1329989.5372656176,1384175.2372842233,1382142.988316433,1136778.8562760637,962551.7575363022,1432108.7804009963,1300109.2093797897,1215393.8520226127,1078248.0633357966,1046011.5386837508
2024-04-24,1215413.8554414115,1439300.2042958601,1428259.16658883,1298494.02957021,1466206.9327026757,1316565.7757574958,1426279.6994850168,1197307.0493576813,1639457.627999526,1438298.9328629798,1102959.3219799711,1756859.1940017494,1358016.4254763776,1363248.4251716048,1327991.116411365,1381660.9773599675,1380012.3740449438,1137062.9728073457,961108.9982476706,1430037.854337867,1298229.163615483,1215413.8554414115,1077554.6783494102,1045598.7037854791
2024-04-25,1215792.9248898812,1453435.5467672944,1442217.9592234953,1311184.589743131,1478357.4235561853,1327476.1868731342,1439631.8999000983,1209368.4166999664,1657551.4720746893,1448814.446406533,1104850.0423207546,1786918.1343963926,1368197.3790229394,1374662.2637912682,1338837.3602863625,1392742.5099639483,1392332.6178892693,1137347.16034822,970298.7777006082,1443355.6191188702,1310319.4104438615,1215792.9248898812,1085726.2221710442,1054711.948358783
2024-04-26,1214230.4326380831,1444852.7621201635,1433684.6885026125,1303426.613219699,1470282.8650731759,1320225.7182551152,1431466.8736658944,1204360.1703238015,1641533.838020154,1441286.2667549716,1103957.4783044897,1770131.15699938,1359080.2220529083,1367431.2781489766,1331854.986197688,1385378.7501363144,1384983.8214353917,1137631.4189164345,966328.0279712888,1435207.2420105832,1302922.0812290953,1214230.4326380831,1082731.429083798,1052305.3405769097
2024-04-29,1225249.9596222383,1463287.1657220623,1451961.0222890473,1320042.4423768101,1489974.0910767147,1337907.256693334,1450390.8958958427,1217456.651700271,1664985.6610145145,1461376.1640094523,1106429.2794459937,1802976.4496710072,1372625.661666834,1382932.7876176385,1346189.0241909034,1400463.0179978227,1402093.3140716446,1137915.7485297415,967726.1304445025,1453723.383896686,1319731.5631048817,1225249.9596222383,1092919.2373295105,1061999.15552254
2024-04-30,1221925.5592492863,1454827.0489932608,1443464.1244713736,1312317.5340799019,1480541.8674807136,1329437.6863354195,1442063.7253188973,1213037.8223816245,1653349.8802441566,1452557.5112215693,1104640.3972221836,1793022.3894654585,1370288.7427099547,1375540.0521854686,1339268.0209138014,1392667.3370093442,1394620.5226967158,1138200.149205896,963195.5816942094,1445310.4861807297,1312094.0945356141,1221925.5592492863,1089134.2412615796,1059103.5228329382
2024-05-02,1221719.3962440607,1455211.99504825,1443864.8385039975,1312681.8410566042,1479258.0372942628,1328284.8839255648,1442230.204445542,1212247.5421446965,1646749.3968420546,1451639.320869467,1105044.6818446806,1789964.825770774,1372916.5629677281,1376034.461726972,1339989.6707029457,1393039.622801897,1395000.469415825,1138484.6209626603,964143.809981351,1445229.0671415732,1312020.1800089562,1221719.3962440607,1089406.4499159008,1058927.0296012734
2024-05-03,1218097.0829427745,1442753.7527180158,1431315.916962259,1301273.0574963978,1465500.4501813382,1315931.3968795778,1429818.7107853284,1202623.2345447855,1620985.8471577496,1439201.0825509154,1102322.533518761,1780999.4836953029,1362468.8610976362,1365404.6537815193,1329895.9427837906,1381741.5566660576,1384491.2700321118,1138769.1638177983,960766.8427293781,1432480.3147928736,1300446.4989007334,1218097.0829427745,1089678.7266036642,1055808.2959051847
2024-05-06,1215533.6340453078,1442654.873294754,1431583.8262253166,1301516.6257413528,1466289.8328766916,1316640.215135376,1430982.414755676,1202288.9603256464,1613395.3547699985,1446258.1454716262,1101159.110340593,1760171.5696301889,1360459.3097015924,1365141.0706207177,1328776.9476298995,1381957.1067212767,1384637.5573245236,1139053.777789081,960608.8422005676,1433976.6536531197,1301804.9180091019,1215533.6340453078,1089951.0713418736,1053340.8991935796
2024-05-07,1213766.1376062187,1448402.6840030164,1437672.982084688,1307052.5485720814,1472314.0082328077,1322049.5628366615,1438347.667296118,1201410.0015094476,1607720.8367636083,1460126.3297201418,1101649.0388912086,1748788.8919973476,1351960.5399902388,1369746.6323974403,1333790.2871553365,1385757.02885956,1389617.1181752458,1139338.4628942823,962677.8247216985,1441678.4069717657,1308796.789405309,1213766.1376062187,1090223.4841475368,1052358.9913914585
2024-05-08,1212421.5597104763,1447204.971594317,1436412.9063739907,1305906.957613926,1471069.2044123171,1320931.803759797,1436417.698414422,1199185.890586172,1618662.8142601291,1455134.1344621526,1101782.1743238077,1754874.8376624312,1351960.5399902388,1368747.1068609555,1332107.976286691,1385245.9278188313,1388840.171945816,1139623.2191511795,959980.1709622457,1439657.1729803148,1306961.8555214033,1212421.5597104763,1090495.9650376658,1052622.0087625566
2024-05-09,1206727.1080248845,1427166.2709334362,1416089.8519224755,1287430.3635298498,1449462.0809570644,1301529.9044649168,1416013.2770522626,1190192.4227738462,1590450.7626974345,1433763.0074056855,1099510.0975187637,1752133.3081100078,1331046.9031200837,1351587.7005691077,1315110.196639014,1368259.6070769536,1371359.3822594413,1139908.0465775575,955514.2605016045,1418782.1113324699,1288010.8789851551,1206727.1080248845,1090768.5140292775,1052885.0918699082
2024-05-10,1212914.3246240302,1433111.4909895575,1421909.5955094697,1292721.3516628998,1457510.2758075048,1308756.700124098,1422811.8408417678,1196018.4084488926,1600739.7970727703,1444521.7154627917,1099814.8077251269,1759195.0730982607,1336969.3552459835,1356184.5992023956,1318856.348184289,1372923.1212526942,1376766.4663894414,1140192.9451912025,957882.298433476,1426233.0138742367,1294775.0208892568,1212914.3246240302,1091041.1311393925,1053148.240729943
2024-05-13,1212893.7655955842,1434484.2696838265,1423430.4232037284,1294104.003864402,1458780.9802387122,1309897.7163939825,1424492.721045044,1196908.1291437135,1595150.3864546276,1447119.5656893153,1099246.8829431022,1751154.789764162,1339930.699705881,1357848.8576108192,1320994.5248666655,1374567.097488462,1377958.181775694,1140477.9150099067,956913.0744809476,1427663.007697833,1296073.2100805088,1212893.7655955842,1091313.8163850354,1053411.455359094
2024-05-14,1213150.9485401171,1437554.4224604769,1426520.6213878447,1296913.4406852047,1461549.165386179,1312383.3804191805,1426772.1864437603,1195994.3556718712,1605797.240243403,1444622.2717915655,1097816.9969174995,1759211.1662948905,1346829.0978729983,1360546.350027912,1323052.905670969,1377217.0998337595,1381362.1275969525,1140762.956051467,961205.3935869337,1429671.1865718267,1297896.2921563203,1213150.9485401171,1091586.5697832354,1053674.7357738002
2024-05-15,1212692.264942698,1436518.702295835,1425324.58044936,1295826.0665908707,1461676.1278033082,1312497.3850453156,1425270.9271862963,1196703.66277586,1621266.7321383543,1443337.8541744486,1099460.7135453392,1766948.1957991433,1345780.4561057943,1359652.3215463168,1321930.2481449866,1376638.3983693654,1380392.2575407252,1141048.0683336838,958718.6340399075,1428667.0064809876,1296984.6688202699,1212692.264942698,1091859.3913510265,1053938.0819905025
2024-05-16,1213399.8961084373,1452124.9671218547,1441095.4892088883,1310164.102252881,1477818.5904419974,1326992.3470950224,1440843.7916370628,1203698.7742521488,1643137.3654106755,1460189.8030993296,1105379.249602021,1773406.283156078,1358104.2760116907,1373239.57212717,1335681.9148835016,1389347.5430805706,1394668.161321907,1141333.2518743617,961660.4094636512,1444841.6706805103,1311668.4904490549,1213399.8961084373,1092132.2811054457,1054201.494025647
2024-05-17,1212869.8374473415,1450959.3691131063,1439758.2959946075,1308948.4003370502,1476682.1788343056,1325971.9177159972,1439425.5046714956,1205394.7135986108,1642714.3658923055,1457041.7034091442,1106861.9898421147,1779909.0692201045,1361877.8235339143,1371936.1322111883,1334354.5905060626,1387975.9714427597,1393458.613785812,1141618.5066913117,961972.9548416692,1443405.464726168,1310364.6617082777,1212869.8374473415,1092405.2390635356,1054464.9718956845
2024-05-21,1212554.8654917344,1448733.4939159397,1437284.0295045667,1306698.9344557584,1473738.4454230522,1323328.6218920809,1436626.913355516,1203695.3325047956,1644737.5223251039,1452715.1337511297,1106571.344930182,1789058.3215877288,1365693.87556042,1369706.7996370837,1332104.3562906673,1385754.8167657075,1391245.1657214372,1141903.832802347,963116.2630397467,1440569.9326702177,1307790.4848092292,1212554.8654917344,1091706.0468152717,1054728.515617068
2024-05-22,1216972.7770873753,1458912.9967169275,1447736.4577985918,1316201.7026170283,1483935.8783293553,1332485.3042576963,1447277.045363159,1204586.0244131265,1650849.4997267423,1462969.6311785977,1107790.2358647012,1791198.8243683234,1369861.4481251251,1378359.734810822,1341101.2889510521,1393391.677034523,1400543.184179255,1142189.2302252867,964547.7426068177,1451073.2603612714,1317325.7053505413,1216972.7770873753,1096396.2657048204,1054992.125206257
2024-05-23,1226075.4219447142,1483355.8623759064,1471972.645205623,1338235.9001798818,1509159.3358992925,1355134.454416629,1471077.9646575255,1212476.4534715167,1687249.2920298653,1485579.8917614059,1110627.5349374688,1823659.7559595304,1392281.449362915,1399659.2083787082,1361699.5130259327,1415203.7852219513,1422036.6211922248,1142474.6989779538,973810.7693900604,1474979.1736849044,1339028.1755092589,1226075.4219447142,1104616.5194337238,1055255.800679713
2024-05-24,1225372.5463963144,1482553.8547129477,1471078.4400751032,1337422.938463722,1508718.402664132,1354738.5228507237,1469855.175182763,1212278.5743700273,1694808.338935393,1483965.3905818863,1110437.1291587774,1824635.6644979424,1391641.86905057,1398585.6362063987,1360448.3352278545,1414085.0997147346,1421193.048246303,1142760.2390781753,973978.7231864629,1474128.6467313576,1338256.0428750168,1225372.5463963144,1101448.2888070329,1055519.542053903
2024-05-27,1224598.958092995,1483414.3969301067,1471901.8075190731,1338171.4984836034,1508864.5911126484,1354869.7912984677,1470344.455470829,1212544.027598656,1695659.0202947245,1483340.0170942857,1110546.2942710656,1827553.3382142114,1390147.5811716176,1398915.983179798,1360521.4075483424,1414530.347662496,1421675.2806725195,1143045.8505437837,972581.331792155,1474543.5467218573,1338632.7009236247,1224598.958092995,1100245.7660630173,1055783.3493452973
2024-05-28,1222038.3127012907,1479791.843507235,1468374.3446033285,1334964.5248174972,1504990.0634136198,1351390.6981009182,1466901.436073249,1212523.4898237234,1687622.0988317577,1479960.4521168903,1110145.4762200788,1819854.8898405253,1387462.219997184,1395689.291578568,1357235.1425150025,1411309.5647416876,1418507.8506185785,1143331.533392616,971088.292993885,1470931.701018134,1335353.764346646,1222038.3127012907,1097506.343564596,1056047.2225703709
2024-05-29,1216180.1412322582,1467407.1628826747,1456077.9282070508,1323785.3049327687,1492267.9569678416,1339967.010510531,1454473.2063470779,1207662.7506798545,1680079.203639515,1468424.8427896497,1110728.0284118187,1802664.8681349193,1376341.5498754499,1384682.4907758264,1347190.0751689884,1399362.7515447047,1407451.4043800954,1143617.2876425122,966239.9125249673,1459017.7598061492,1324537.9486057677,1216180.1412322582,1090038.0656284299,1056311.1617456032
2024-05-30,1210864.5638630858,1460251.5777917858,1448596.9251278832,1316983.9917952546,1486071.3104771217,1334402.7940877432,1447095.7183696507,1206600.1370458845,1678724.2097809904,1461396.41899104,1110159.0127081007,1807919.2590176445,1363244.834693917,1378480.196299092,1340096.6195361658,1394460.4782519687,1400885.8305805833,1143903.113311317,966131.1389462786,1451727.9249166544,1317920.0285117114,1210864.5638630858,1090310.5001766814,1056575.166887476
2024-05-31,1214112.4644804813,1462854.3781620204,1451109.0051559955,1319267.8356483956,1488116.1197668707,1336238.9100334453,1449114.9576572827,1208522.6069501902,1680029.3046960647,1459753.597422792,1110579.8095058356,1813021.515156921,1365793.802584415,1380766.6205843403,1342024.6218059193,1397255.704381358,1403035.0585526514,1144189.0104168826,966732.0355322155,1453563.7929241476,1319586.6818668284,1214112.4644804813,1090583.0028148333,1056839.2380124775
2024-06-03,1245465.3601905997,1508914.2541234132,1496069.8324583657,1360143.7265107662,1532029.47156468,1375670.4628288096,1493107.241758543,1218551.114523807,1756418.1668305679,1497609.0964682454,1116122.379649747,1883313.5219806267,1410239.898414461,1421168.917592283,1378433.6271556409,1441288.7572400498,1443920.00211346,1144474.9789770606,988544.5358874734,1496979.8777038786,1359001.0423049629,1245465.3601905997,1090203.1586540204,1057103.3751370986
2024-06-04,1210899.7788787896,1428879.9475479778,1418835.5150993727,1289926.5682284175,1458607.5094703045,1309741.9500613548,1419244.0518669642,1206932.1024423689,1579199.2705916618,1439099.4118073357,1113343.3961925274,1722491.1974964729,1326621.6987968343,1354018.5833856673,1317527.801920243,1366635.8480902866,1377834.3380950189,1144761.019009712,948163.8908397995,1422979.8894828411,1291821.7417540452,1210899.7788787896,1046458.8293041554,1057367.5782778347
2024-06-05,1234583.3720747195,1467396.0734305514,1456922.1547436726,1324552.8288829396,1498090.263870705,1345195.0924635583,1458449.4818269177,1226085.3431847384,1611857.7857847605,1482724.8542060938,1121875.0822095298,1774516.266716306,1371228.34088818,1386236.4310547996,1348372.6066118188,1398784.858996262,1411508.85289777,1145047.1305326982,961624.5588252258,1462583.4818693905,1327775.0128259948,1234583.3720747195,1061154.2049025088,1057631.8474511849
2024-06-06,1232679.0070549129,1486153.0967630236,1475329.4032843283,1341287.6784746572,1515692.32646328,1361000.6876188125,1475157.4523103463,1225891.9583680443,1649341.4207660935,1494368.3617102434,1124430.9639248454,1806009.039403457,1383415.8859070886,1402595.5051175107,1362919.0930475655,1416684.6694889439,1428195.823011396,1145333.3135638877,965564.6414137625,1479502.678586723,1343134.742316204,1232679.0070549129,1058485.82902504,1057260.8051910503
2024-06-07,1235130.175087506,1514646.6180783976,1503781.445289108,1367154.6972458544,1545490.032172519,1387757.2379104984,1502838.2134402045,1230823.6091714245,1693038.9203544285,1519643.8274527579,1132160.6498693645,1845040.7895907522,1411831.1533937124,1427614.0064476805,1386525.5787048643,1442799.3003040229,1453560.2857591815,1145619.5681211527,971015.6004831528,1507472.9057381195,1368526.912523968,1235130.175087506,1069883.6925131201,1064592.098203272
2024-06-10,1230196.478402538,1508598.3800345545,1497493.9177795374,1361438.4259115453,1539427.3685377252,1382313.3300462884,1496923.658427634,1229026.9236360346,1695572.6429203097,1515397.0072045075,1132855.906013175,1844184.8318854002,1409954.9169609603,1422093.0520574457,1381017.6141696705,1437390.439294004,1447920.2411593944,1145905.8942223697,968935.735012346,1501693.6078017433,1363280.3009720657,1230196.478402538,1064056.1344962346,1062600.8444042706
2024-06-11,1228904.1982735668,1507252.1832419024,1495986.3035232485,1360067.7866350885,1537140.7780171526,1380260.109074943,1494892.1141584085,1227177.9967389437,1704903.0500197285,1512005.563272651,1133036.6503679564,1847356.3111659153,1410297.4393311217,1420988.5903423468,1379974.3309948912,1436405.814521733,1446634.3799626073,1146192.2918854197,969456.037941944,1499829.9976630125,1361588.462518719,1228904.1982735668,1062767.204631573,1061511.8609391516
2024-06-12,1228280.4895416857,1508403.6233873672,1496884.4708301662,1360884.3505423055,1537757.6649201154,1380814.036468027,1495594.3957515303,1225837.4496637734,1716779.802982431,1512019.8092439082,1133892.4556746094,1857308.275553707,1413819.393339141,1422056.6202501403,1381112.9418513763,1437901.6492958849,1447202.6482788983,1146478.7611281886,971244.7399182145,1500708.279032303,1362385.7914034156,1228280.4895416857,1063221.4907378608,1061453.083823728
2024-06-13,1225889.959656835,1509209.6737360326,1497854.7981935493,1361766.518371195,1537419.9790939274,1380510.8148750844,1495415.2687713527,1223297.509230805,1722067.3435312188,1507194.6486008707,1133204.2726788663,1855444.4942169,1418423.495450609,1423001.3732350925,1382198.447354841,1439113.4640988049,1447734.9580665643,1146765.3019685652,971074.1498575169,1500279.1569190302,1361996.2221059925,1225889.959656835,1065065.6390368815,1060088.3407101328
2024-06-14,1228160.4315883205,1509551.578598842,1498203.2691317766,1362083.328823634,1537869.6109794944,1380914.5573066769,1496151.9833127556,1225047.9854338528,1718571.094116839,1508247.5079504997,1133159.264983352,1856283.249689182,1422466.7512200598,1423424.109738377,1382354.8432031262,1439318.3262111417,1448649.864590052,1147051.9144244452,971183.0077210962,1500972.8546035786,1362625.9806554473,1228160.4315883205,1065603.6171964854,1061215.8830738866
2024-06-18,1229720.691377147,1514363.9315402817,1502840.2996216132,1366299.0597965838,1542222.2061414928,1384822.9263766902,1500881.8993283988,1228383.5137218635,1721842.3867442526,1512412.485332664,1132838.7376266285,1864013.9887243921,1428061.9541820716,1427593.2052747612,1386090.2040276774,1443786.3827755877,1452966.5008017456,1147338.5985137275,972009.4787113327,1505514.5389098802,1366749.0512444463,1229720.691377147,1067332.9415441924,1063271.317921244
2024-06-19,1228953.0683951105,1510935.5417010346,1498999.571570958,1362807.2828420626,1536042.3646260777,1379273.7998125406,1497122.9870619553,1228118.5816175174,1692120.9537064792,1507285.5733068814,1131571.104746365,1858974.78602249,1425521.984459611,1424951.004105264,1382668.8423729728,1440718.6090707302,1451557.5564077252,1147625.354254315,970544.3006270299,1501069.629690523,1362713.8358404003,1228953.0683951105,1062916.303363097,1059118.6277339153
2024-06-20,1230434.212754035,1514638.1134367262,1503059.8268762643,1366498.6418025394,1540117.0831767719,1382932.6523728676,1501588.6566313275,1233172.8075755965,1686309.9766463991,1511032.6683083654,1132060.192624739,1855454.8075102163,1428613.5655621556,1428076.0084650682,1385109.6759624754,1443983.7033051995,1455248.665025932,1147912.1816641157,971992.4118004664,1505095.6912517322,1366368.8093905186,1230434.212754035,1065535.6448572492,1061949.4445533545
2024-06-21,1233562.3282098486,1511739.4535087144,1499882.8941805556,1363610.3507736942,1537593.879607004,1380666.9670926172,1498128.3123581517,1228532.6246447004,1694025.1903444703,1509248.0441327265,1132284.7653338653,1863668.3617519632,1424618.7341443796,1425340.9143830987,1381905.8676016529,1442543.9991281931,1451713.5896046862,1148199.0807610422,969571.9608960958,1502301.7835430615,1363832.420261487,1233562.3282098486,1064872.5048265914,1061502.204897669
2024-06-24,1234183.5551947572,1513279.058375737,1501331.4420738446,1364927.2901884608,1539196.6154390976,1382106.127621087,1500017.8808258732,1229475.1982614116,1693819.7403345883,1513478.0676609126,1131097.8241912993,1868015.3016238534,1426846.4911153312,1426567.821068585,1382892.340806734,1443830.3395232663,1453129.1537143628,1148486.0515630115,968284.5738961475,1504398.0566812386,1365735.476823682,1234183.5551947572,1063587.3749172017,1060671.2261076262
2024-06-25,1238107.4853916669,1527018.1171118112,1514922.8716580488,1377283.8642481698,1551739.6226722787,1393368.9948739687,1513455.273621704,1235922.661303267,1703383.3795360813,1524598.0058857526,1132887.2015803752,1885394.213787857,1437967.1612370647,1438256.3135982247,1394409.5345986085,1455493.6868075551,1465007.7080318553,1148773.0940879448,968982.1829890045,1517402.4147369973,1377541.2040852874,1238107.4853916669,1063853.198611941,1067723.991571243
2024-06-26,1243242.9278239978,1542172.5629019653,1530028.8193432752,1391017.3541771115,1569444.4009772844,1409266.822570621,1529156.0656398216,1243754.9291970409,1732385.8694557718,1542258.9662800643,1133912.2755716129,1909797.3148267614,1446908.4987395222,1451284.766025013,1406919.1782011297,1468983.004796254,1478101.3950289506,1149060.208353767,972963.1702769354,1533234.3558914557,1391913.8919557626,1243242.9278239978,1064119.0887443216,1071846.0640962124
2024-06-27,1247033.6198639027,1551278.5201470945,1539396.038236056,1399533.5101314986,1580103.8349798424,1418838.3541762212,1538426.3125229112,1247863.2971696039,1736460.7378644869,1551928.3307789778,1134460.7547678389,1914701.7203709777,1457559.2513751958,1458947.7815156567,1414319.2752171997,1476818.862867337,1485856.7304439167,1149347.3943784095,972591.5224563971,1542480.4353497466,1400307.746681669,1247033.6198639027,1064385.0453309487,1075155.1931811909
2024-06-28,1243406.1721963892,1546109.2965071022,1534545.8016211973,1394682.7785922638,1574679.2130829445,1413706.0558364438,1533357.6251947305,1250014.1642754914,1718288.6300406642,1542905.565780169,1134437.8912022582,1893835.4907451305,1455504.2355511736,1454677.6895087534,1410943.9567437132,1471540.8002144967,1481666.8043186136,1149634.6521798065,972074.4573399218,1536494.311281767,1394602.6133483148,1243406.1721963892,1064651.0683884306,1072055.2371221664
2024-07-01,1251206.4404444308,1556782.2654285543,1545141.8834045555,1402083.013482973,1587218.2473686363,1422334.1417555911,1545089.6437661122,1253769.1872228766,1727235.62842229,1559044.3802836665,1134983.3102117016,1906741.1479537515,1463466.5486917696,1463759.8689941182,1419342.9082185754,1481112.571977788,1490960.1616483498,1149921.9817758976,975165.9094201787,1548788.1037290362,1403306.9665087555,1251206.4404444308,1064917.1579333816,1075797.813680539
2024-07-02,1252069.3983227427,1555608.15588801,1544826.309599833,1402114.6199089794,1583048.421386853,1419593.3835399558,1543803.0337648473,1257711.770739386,1712136.1623704543,1551725.2342670446,1137683.1766821377,1894671.1083134888,1462369.3641759423,1463021.411797761,1418504.5162071758,1480346.1160260495,1490353.863051994,1150209.3831846267,975876.1157889703,1547127.3156899638,1402298.1863879678,1252069.3983227427,1063741.1431950084,1072546.458143604
2024-07-03,1251287.034375836,1563196.138020608,1551726.7805140123,1406837.2561874595,1590022.0099491864,1424492.4629387974,1550697.6477045086,1258901.0571574874,1712432.7702055476,1558428.395790982,1139904.73944355,1912999.2485180493,1472229.1068029571,1469169.1665571614,1424381.1129486654,1486551.0207141922,1496719.1535920762,1150496.8564239421,975609.600973963,1554090.7485980764,1407135.6299172665,1251287.034375836,1068496.3755167015,1078381.7206128773
2024-07-04,1258647.492362829,1565678.4580573328,1554403.1008855496,1408760.7801103895,1594159.008049962,1427365.427206898,1553808.04896854,1260946.2768238152,1718300.8697535791,1562702.3581724472,1138980.2788327814,1910997.7321645652,1473177.821546167,1471090.4355884234,1426523.1824264792,1488019.7271269087,1498859.7837025698,1150784.4015117951,971559.7004696728,1556934.0485990732,1409228.5887166262,1258647.492362829,1070618.307671735,1083201.5416823938
2024-07-05,1261541.0174258035,1572043.2167831883,1561479.2563733077,1413849.087030798,1601608.9130790422,1432578.5618217385,1560194.3730043103,1268612.307350017,1731145.4711069686,1568520.135856288,1145393.675276275,1909214.6587574226,1474493.2116369016,1477348.3653064223,1432943.4516743564,1492438.675224641,1506772.0184764925,1151072.018466145,972662.4198051381,1563902.2102251807,1414170.5332179065,1261541.0174258035,1072903.5628367865,1090946.676804862
2024-07-08,1263628.4324338126,1578850.9054592133,1568668.8924255355,1418871.0415459326,1610557.489761422,1438816.4135232742,1568215.1865588233,1275146.4304104073,1733175.7286914682,1578647.5272741057,1147607.9501023218,1912920.2086082292,1474293.2391919643,1483115.2831393466,1438710.5305965124,1497891.012151803,1512845.5435755989,1151359.7073049517,974675.7626084695,1572384.29482331,1420163.1984867253,1263628.4324338126,1076843.6180672138,1095779.7508379703
2024-07-09,1264131.5321078936,1584504.8520873555,1574454.3088911215,1422995.6363231144,1617102.695589292,1443434.1726513267,1574336.151441901,1277574.7279253013,1736915.5296850777,1585487.3279959648,1148869.0102210094,1917173.1271001105,1481121.9015567913,1488041.6312878828,1443709.897471299,1502578.1158488814,1517928.9824862287,1151647.468046183,976917.7811996398,1578430.1446507773,1424384.7336600171,1264131.5321078936,1080794.5254232767,1099607.2472817306
2024-07-10,1259683.77769852,1577527.1268559715,1567467.3390680125,1418166.4470011932,1611084.465743465,1439438.9017051503,1567912.292510387,1274425.4298307316,1731844.5458109032,1580947.632165173,1147824.704498114,1911476.6812851727,1474529.5594998945,1482003.8502934452,1437477.151903407,1496739.8876760956,1511901.0973769093,1151935.3007078075,975614.290491673,1572384.6890448336,1420267.391022869,1259683.77769852,1076696.0995516947,1095438.8485991135
2024-07-11,1262116.3291633986,1579056.8087596556,1569010.888504102,1419285.5362830635,1613275.396385196,1441023.4540704165,1569665.8833759893,1276144.7819645477,1728708.5557981958,1583401.385850533,1147465.8592690276,1911188.983920427,1474014.2959828041,1483226.8626997897,1438750.1873118873,1497700.5114305231,1513331.972709455,1152223.2053078024,975631.3307307214,1574254.6639546934,1421672.1343792023,1262116.3291633986,1076638.2339629468,1096856.7340654037
2024-07-12,1276707.1560291308,1597390.9504868283,1587965.6547517779,1432716.628785145,1631581.786683828,1453476.2159618016,1588346.0855695142,1291521.3680308342,1748660.6935864782,1602938.4087116497,1154934.647379332,1920308.1342278623,1485301.669007126,1499898.1577321761,1456430.9468313144,1514483.3106710734,1528828.9267437288,1152511.1818641461,976421.7882439087,1593578.5193235332,1435428.8594634472,1276707.1560291308,1076907.3194748652,1109688.1387855492
2024-07-15,1280448.9309156889,1602163.723191025,1592433.4795328088,1435862.4963239133,1635674.3731872335,1456355.762810025,1592138.6789269124,1292461.6028360545,1755540.3611681215,1605087.9616579595,1154245.9320878554,1928787.5904733052,1490426.9544830783,1503397.5031755317,1459868.5228976752,1518164.1917846787,1532207.9858926383,1152799.2303948228,978901.6982112174,1597301.9570054496,1438031.739382907,1280448.9309156889,1077176.4722396552,1113204.2153247523
2024-07-16,1287850.013387864,1611086.8984717818,1601050.0786557067,1441847.992787509,1646595.113288809,1463905.4625166715,1601658.6016757705,1294667.0738129297,1771911.7589514551,1620118.5213130142,1156710.8678591363,1944295.2272091485,1492021.2877829736,1510728.84547095,1466884.3569348103,1524796.6290308915,1540553.552573203,1153087.3509178218,981898.7243160692,1608114.6833624379,1445698.4023816881,1287850.013387864,1077445.6922741253,1117981.8560480743
2024-07-18,1301337.4967635113,1631071.7784505398,1621143.9792411192,1455935.3532295534,1667936.4512990396,1478513.7946035094,1621956.6361085102,1301752.0926390472,1797728.3803923386,1643569.359517509,1156497.5053465301,1964389.172179743,1503408.5878312904,1527698.9427997337,1483573.6872188265,1541454.8015460907,1558106.7510640603,1153375.5434511353,989057.0180010884,1629280.7040828508,1460595.595173923,1301337.4967635113,1076280.905538854,1129853.6848294695
2024-07-19,1296673.6135603467,1626407.3550668969,1616632.672936957,1452818.3437967203,1663124.549777417,1475335.7902331892,1617623.4289372112,1299341.1781426356,1781681.003903753,1638461.3346449123,1155042.2304288107,1954782.5876092624,1487044.4720796396,1523072.556244816,1479248.5561212974,1536419.3489770729,1553580.064032188,1153663.8080127619,989454.5348704071,1625095.3689807747,1457846.7652076108,1296673.6135603467,1072416.385370104,1125014.0101472468
2024-07-22,1288097.9394251343,1622027.5731969648,1611905.1856566176,1449634.325972588,1656755.1838526386,1471086.8800537614,1612627.5396918673,1295983.8675396387,1779931.0056050029,1633367.7950960298,1157294.5344668343,1955681.705472685,1485732.0419126013,1519459.9263926835,1475397.310088492,1533499.318069457,1549529.574874899,1153952.1446207035,990673.0600730011,1620718.3871667227,1454937.540210291,1288097.9394251343,1072684.4157102348,1118334.4592346638
2024-07-23,1291916.5796762402,1623483.1190347252,1613853.912712752,1450903.173406877,1663832.4772076977,1476019.9685021995,1617196.13417846,1292304.3354509976,1769782.6843492298,1645905.6389203018,1151868.749964172,1948223.2403731295,1483901.3883047756,1519764.5525560693,1475917.7150241097,1533590.8342447893,1549822.311304063,1154240.5532929657,991226.539329155,1626380.1861369158,1459105.4998925887,1291916.5796762402,1072952.5130395168,1119209.0787816185
2024-07-24,1286781.5189449636,1615447.9824394805,1606220.1153265687,1445715.3352736798,1656178.8824639411,1470851.4620666814,1609750.7381030254,1292690.3324315324,1759724.3687042715,1637083.3555032685,1150682.6462298858,1932590.3060635992,1479927.7499406668,1512606.7544407325,1469205.9780335708,1526599.599663288,1542044.346576512,1154529.0340475615,989920.8625778657,1618235.1559045345,1453524.1938862442,1286781.5189449636,1072272.3753104866,1114030.0240406953
2024-07-25,1284875.4875797778,1613208.9759155877,1604382.9749034997,1444715.0586504464,1651594.3468531196,1467814.030343933,1606847.8567371964,1296170.2230375628,1760825.6970293426,1630910.9476377058,1151070.3976274515,1925871.615907429,1479479.143905222,1511285.635593429,1468247.027730927,1525500.433762826,1540128.6825405392,1154817.5869025053,986440.951600204,1615382.2771837306,1451635.5216962101,1284875.4875797778,1069886.0984482085,1113175.5695520914
2024-07-26,1297709.336178291,1640731.2529803722,1631834.2500770667,1463791.0389385642,1680054.5517875508,1487198.047630821,1633793.9930906924,1301491.8119469592,1812259.3880719184,1655900.6024747223,1153883.411235714,1959058.7044527417,1505469.6418996537,1534355.5605166403,1491893.038052782,1548143.4457319065,1563001.960363457,1155106.2118758168,993611.7571585815,1642349.866457636,1470344.581124821,1297709.336178291,1082063.6632905644,1120004.1725481437
2024-07-29,1293456.297245066,1639715.334405752,1631335.1236933523,1463700.6442124546,1676431.638500337,1484899.2998145716,1631958.5398605724,1305214.84966991,1802297.8439709696,1649047.9377289007,1154205.5878950774,1951248.2539752233,1505545.4159462848,1534094.4239580433,1490991.120345541,1548017.3965087545,1563270.5480952016,1155394.9089855214,991648.159749487,1640078.9795643599,1468825.384429582,1293456.297245066,1080185.1606116153,1119742.3811396249
2024-07-30,1290459.71055922,1635685.5970790565,1627170.4220950908,1460893.168023885,1670347.2128986828,1480824.630561479,1627007.2239731473,1304733.4064250696,1795709.5338982625,1640784.134514485,1154266.664328709,1948355.044908338,1506830.614815315,1530642.4125976844,1487505.0703505385,1544782.3077457543,1559641.7025897247,1155683.6782496483,989917.292264632,1634782.4618110196,1465210.813859561,1290459.71055922,1077714.7667413969,1118217.8655053729
2024-07-31,1295409.0226609497,1641797.9140597442,1633206.107918155,1464807.022640803,1677742.1331015895,1485573.6601827156,1633534.9120284282,1305909.5421302044,1810292.7191146745,1649952.028339662,1154463.3401677804,1952780.30416263,1512519.7065569812,1535973.5934338418,1493210.7322148099,1549899.3726762736,1564792.2542918248,1155972.519686231,992484.4006305775,1641677.9266856562,1469656.6601461438,1295409.0226609497,1081659.2318739006,1121760.8353483377
2024-08-01,1295870.4788177775,1641720.3280092706,1633228.3378689357,1464851.236556577,1679200.1789720943,1486926.9706042781,1634378.450738435,1306179.586510387,1812284.782393728,1654013.621064457,1156409.076945288,1951297.482392564,1516141.7059859426,1536096.4939741138,1493683.3279745544,1550098.522319902,1564476.921352364,1156261.4333133074,990824.9763519921,1642709.6667095134,1470670.2255047152,1295870.4788177775,1078874.3866112472,1121580.296307782
2024-08-02,1289507.3576475854,1621672.5369294414,1612910.8552764687,1446858.1487224523,1659902.790848725,1470196.4815754688,1614814.591085,1298297.675657979,1782696.7842048032,1636980.525087279,1155384.8546741947,1925522.8678717245,1498368.0745700074,1518586.9791095343,1476718.0047101735,1532049.187432173,1546959.1631909104,1156550.4191489206,985935.3387315812,1623187.2295914167,1453596.5088736156,1289507.3576475854,1079144.0310075346,1111928.6785525342
2024-08-05,1283602.3332434932,1582760.6296940208,1573842.5417592109,1411794.2020657184,1623963.6662622148,1438543.1960928869,1577691.7070385325,1286538.4945612366,1733363.5038095757,1610068.070912605,1141099.7727576154,1883163.2431898743,1458232.101229891,1484965.8973369254,1443648.404922441,1499136.6915502918,1512097.6719755526,1156839.4772111168,974768.2207197835,1587917.037010738,1422159.382333352,1283602.3332434932,1079413.7427963763,1100893.9267904707
2024-08-06,1283727.544194636,1580695.4441220895,1572355.6974394831,1410375.1301420347,1622333.1006509995,1436942.170578309,1576627.0078536195,1289377.92710545,1723020.0493644916,1610984.310950728,1139032.8394952046,1883605.0452328115,1454410.1293559922,1483059.2071872726,1441962.2727476982,1497602.7116496505,1509593.8090904166,1157128.6075179488,977242.8991706937,1587436.822136193,1421598.1072740823,1283727.544194636,1079683.5219946154,1100496.6882142127
2024-08-07,1285560.616451962,1596473.7348669628,1587961.3148655123,1424370.5714551576,1636615.8484244316,1449494.511245174,1591571.5290892767,1293038.8293496892,1739154.0304972485,1622019.1128470632,1143166.3925309267,1903963.1852211482,1472895.918413311,1496452.031905785,1454389.9687418246,1511280.0137808823,1523689.2840613737,1157417.8100874724,978800.203916714,1601933.0849890395,1434508.7855877432,1285560.616451962,1079953.3686191,1100427.5044011131
2024-08-08,1285786.2297202295,1587998.0237850214,1579269.5769893818,1416660.009769784,1629789.8995645277,1443654.83334505,1583626.718882128,1288686.5501779937,1731870.8297418363,1618352.3964311809,1140084.9481026235,1888475.4768274676,1461954.1460797954,1488963.9415395476,1447948.9443121196,1502927.0179505334,1515984.7108819606,1157707.0849377483,976539.2631341617,1594282.7248764404,1427861.1793720413,1285786.2297202295,1080223.2826866815,1100529.240454556
2024-08-09,1287032.2729652345,1604125.5501810953,1595386.300156305,1431062.5248330527,1645292.7810697677,1457290.8736628785,1599151.8524582551,1293706.5645204394,1751541.1790022796,1631134.9838461915,1143678.7502833165,1907455.115971065,1477139.2650246471,1503070.6728073487,1461274.1047150013,1517050.2683695662,1530869.7013793793,1157996.432086842,980768.1053665149,1609492.0624239498,1441373.1142173933,1287032.2729652345,1080493.2642142167,1103289.036079549
2024-08-12,1287044.5560247402,1602643.0051625099,1593567.9285034146,1429425.3059104925,1643834.38474649,1456003.1762247954,1597817.4160791351,1291289.6037820692,1744168.493949212,1630438.6527058403,1144122.4908435452,1910346.168715934,1475896.570659899,1501163.4575166826,1459898.9253310678,1515102.0609894176,1528454.1255951363,1158285.8515528224,979085.6549650318,1608209.9600990561,1440286.3661246952,1287044.5560247402,1080110.315992793,1103093.0095545892
2024-08-13,1285592.456726023,1591152.317452388,1582244.975473605,1419165.1478803975,1633116.959469915,1446457.8254034494,1586775.1188594077,1291187.0403460944,1739635.2492680273,1619699.6083854835,1144289.8385326816,1901416.659439202,1463287.769300501,1491382.1881859256,1450225.361182972,1505607.2024691605,1518286.7851253618,1158575.3433537644,976500.2489590285,1597235.1267024446,1430310.2331497287,1285592.456726023,1075041.010663529,1101802.1961734341
2024-08-14,1285777.3946426592,1598453.1769726472,1589235.0290956502,1425245.3323581382,1639719.298960767,1452122.6328375023,1593556.5621012575,1293937.09192279,1755212.638636462,1625247.1132413398,1148277.3618803604,1913165.0419782395,1463575.7106776987,1497189.8245060274,1455807.7711017397,1511410.5968663516,1524325.798433177,1158864.9075077467,977371.8333870997,1603903.611119433,1436078.90017291,1285777.3946426592,1075101.7100745062,1101765.6083662664
2024-08-16,1291996.72090892,1622920.7152356284,1613588.1834213503,1446862.0455846405,1665401.4347349277,1474622.851825218,1618578.419305988,1298598.5450503463,1777148.58755291,1651828.1694379486,1152489.2324763574,1943382.386597434,1487665.8192620142,1517724.841176323,1475848.1322528312,1532263.0621682855,1545035.7103173002,1159154.5440328529,985996.6411563759,1628890.0735090289,1458248.1112117697,1291996.72090892,1078116.2020764824,1104874.5888297984
2024-08-19,1291381.7650772922,1623565.2120216228,1614453.2683673343,1447528.4994747099,1665683.3425313132,1474775.343832846,1619398.999681509,1300522.5750072317,1773840.5415421203,1652166.5046824245,1152614.5998855813,1944445.1410086218,1489575.3252371154,1518168.6781805975,1475871.0058038605,1533034.99294575,1545588.8344194104,1159444.2529471698,986830.3620014904,1629606.2820709704,1458799.9834738758,1291381.7650772922,1078804.2940349623,1105846.0444158553
2024-08-20,1292898.9032389384,1626542.3177394609,1617645.2812323112,1450354.837959361,1667835.8661940529,1476614.704385779,1622270.063134704,1301351.330099918,1768403.7733972303,1654101.3253218115,1152841.9518849442,1946873.0797886425,1497225.4256262016,1520676.6428616412,1478390.0804010488,1535247.2176261388,1548376.7825295392,1159734.0342687902,988069.1146056401,1632373.3401543961,1461256.171836216,1292898.9032389384,1078734.2787105571,1105543.6688000516
2024-08-21,1296571.3736041493,1632460.3467232876,1623576.324575117,1455531.5978930432,1675157.4841306314,1482944.546724461,1628794.036558925,1302351.4589242146,1779031.3433497401,1663785.9864432141,1154398.7412840552,1957418.9979924317,1501550.5845285088,1525903.165404373,1483470.1135658552,1540552.284872792,1553671.3893217137,1160023.8880158113,988723.9202155375,1639771.5603212698,1467682.696294803,1296571.3736041493,1082787.4648725614,1110512.938436183
2024-08-22,1295589.9298188468,1637783.0471703617,1628634.6380396138,1460180.3754955016,1680636.016324459,1487904.5253363983,1633659.9181353548,1302963.9958948551,1791242.9179051535,1667510.1566550387,1156738.396428623,1962899.693450181,1504054.2063879762,1530681.9290385963,1488081.1873951224,1545758.0039254061,1558194.132417933,1160313.8142063348,990777.324892082,1644347.7952631407,1471874.239526874,1295589.9298188468,1082425.1697657339,1109773.6824807192
2024-08-23,1295319.107115396,1638730.7669080817,1629600.748024482,1461094.9894153157,1683545.1384134577,1490562.2589584289,1635292.6122860904,1303023.646456839,1797169.303334235,1672106.2290996027,1158644.8425657104,1962726.0299681087,1504760.4441819666,1531751.1975041004,1489160.8588112183,1546885.8723552695,1559193.2036642835,1160603.8128584658,990304.8938295488,1646248.0978778936,1473627.1853258617,1295319.107115396,1081098.1369354054,1108823.804113494
2024-08-26,1299059.8003914347,1648168.5420879186,1639250.4570863864,1469734.1944931946,1692941.5219113508,1498800.467487277,1644922.4906512871,1304625.0342338826,1808341.0335550527,1681056.8690658319,1158934.4240897156,1973576.7806572202,1516123.4728559717,1539804.7586150153,1496775.7063060522,1555360.3552563316,1567274.0344419267,1160893.8839903146,991736.2634502193,1655603.9184254706,1481956.001447685,1299059.8003914347,1086213.76868337,1111547.421010149
2024-08-27,1297195.3554137072,1649051.609412763,1640089.9722777638,1470571.1959895745,1691595.9119445875,1497592.2260258957,1644665.0907470568,1306750.9227542551,1820317.0586831393,1675116.6630055297,1159069.1569713622,1974807.1607352935,1516556.9240820906,1540739.3105058619,1497557.9869665524,1556550.879046136,1568110.7390889942,1161184.0276199968,988669.2755061348,1654233.1526542362,1480717.076790071,1297195.3554137072,1085106.9704204823,1110225.5555695952
2024-08-28,1301991.5215893688,1653419.7844319483,1643878.3380432457,1473891.5384874751,1695778.3169823973,1501233.639742894,1648457.2353791583,1306639.498065625,1839569.6045967196,1677802.5421916049,1158797.9371962561,1987153.36046544,1518654.326013447,1543728.4900218488,1500382.7396537117,1560244.0996032865,1570566.8172073676,1161474.2437656312,988778.4591286586,1658086.0981919195,1484066.8647691288,1301991.5215893688,1086833.1371476543,1114286.9626273138
2024-08-29,1305518.9329031787,1660935.7715590587,1651482.2567269816,1480723.5666663467,1704634.004951284,1509117.4761780486,1656457.750965366,1306770.0666257592,1845477.8833258892,1686936.55786701,1159087.55698339,1994627.9116537615,1524691.9783696155,1550348.5318209361,1506705.1755095017,1566699.2272852412,1577652.165217063,1161764.532445343,992748.5918591043,1666217.0208454856,1491353.7740133763,1305518.9329031787,1087104.7706842073,1117419.907085741
2024-08-30,1308852.8652988847,1665384.8241583405,1655663.0386420116,1483365.1978407614,1708146.759841832,1511600.2865905848,1660406.541475151,1307539.104245728,1863140.3837223323,1690268.2368219257,1159377.249155552,2000670.8170318345,1529781.0343795219,1553769.6610877241,1510074.793740105,1570380.0037621174,1580864.7715274964,1162054.893677259,995011.0000773191,1670114.6853789492,1493684.2285689253,1308852.8652988847,1087376.4721104626,1120218.4971839692
2024-09-02,1310099.727798729,1667809.7888973048,1657938.6933383693,1484573.9547461788,1712336.7933515003,1513651.469794409,1663012.8013108023,1307865.8990948433,1855175.4643000509,1692393.8121930335,1159667.0137308326,2004995.8970533472,1532375.4666979983,1555950.8859932295,1512344.0696548852,1572499.393569793,1583013.969788689,1162345.3274795134,993454.7248941587,1672723.5942781183,1495060.3285103228,1310099.727798729,1087648.2414433877,1122063.0233780644
2024-09-03,1309732.515405387,1667565.368455146,1658085.2601024879,1484850.0829763787,1712651.6503042316,1514001.7439739248,1663304.8638967606,1308192.775620195,1848903.9483192372,1694419.101840827,1159956.8507273288,2000362.6113876086,1532445.2025002888,1556334.026038257,1512616.8056600727,1572513.8913237855,1583877.7404522034,1162635.8338702437,992838.6466275193,1672986.9695351385,1495360.7897136218,1309732.515405387,1087920.0786999553,1119733.8472926836
2024-09-04,1309320.9490903935,1662939.3638128575,1653363.4000876655,1482848.6743667205,1710541.2909481204,1513254.7775155616,1659436.847303667,1308519.733842197,1844022.9632961734,1695725.613668942,1160246.7601631403,1992228.1110999887,1527525.9277136147,1552175.3569166923,1508327.8401633585,1568064.5703819743,1580147.556650878,1162926.4128675922,990421.8185491478,1670288.7870069572,1494318.9615351527,1309320.9490903935,1088191.9838971407,1119036.1055369275
2024-09-05,1307732.3695795103,1661332.339561503,1651320.3953437377,1482074.276424796,1710763.5419697834,1513507.7954696117,1657690.7171963041,1308846.7737812675,1836836.9332846075,1694627.9339417997,1160536.7420563723,1992500.746193768,1524276.760273467,1550659.5827356277,1506916.9428161685,1566494.3855345696,1578578.8638753397,1163217.0644897048,990104.7296168247,1668778.358758037,1493790.140659211,1307732.3695795103,1088463.9570519251,1119815.5347207547
2024-09-06,1292212.9295649198,1637364.5957019352,1627008.9001877513,1471093.9628124957,1690230.2674754283,1504441.5992896715,1634572.0557440124,1309173.8954578305,1817883.2594529511,1677889.9615140527,1160826.7964251337,1966818.6594173037,1506518.4020638058,1528731.3237241919,1485423.516357676,1545270.1911356167,1555523.1259089136,1163507.7887547335,979897.5906748391,1646897.730777671,1483963.261448189,1292212.9295649198,1088735.9981812937,1114562.5617040808
2024-09-09,1299235.6120783852,1650114.0256420115,1639593.7072607626,1476995.5346882672,1709305.8025720909,1513292.8881154854,1648730.017968318,1309501.0988923146,1825864.1036670804,1700259.8220703036,1160939.6339482672,1979503.7644913823,1511625.5728067348,1538718.4788785132,1495335.9926703004,1555201.1884110614,1565632.902299766,1163798.5856808333,982889.3769931155,1662508.2349392876,1491228.753272095,1299235.6120783852,1089008.107302234,1119159.8996571347
2024-09-10,1304216.6740847488,1658188.906337945,1647208.1210307071,1480622.6318504228,1716202.8518187872,1516546.558944162,1656183.9061801222,1309628.7794769532,1849989.2907082865,1706360.415569509,1161449.5917915972,1993896.0384323022,1517972.3595937681,1545244.0878659068,1501694.929842296,1562645.4751675099,1571410.497068326,1164089.4552861652,986275.1140982262,1669562.9652182476,1494611.3056979782,1304216.6740847488,1089280.2844317406,1118561.9200535086
2024-09-11,1303587.6148907389,1650827.9705933058,1639331.3677151117,1477149.4563014398,1711805.9358717978,1514694.752357415,1649465.4144453222,1309820.6647385561,1844246.1403313626,1703795.7078956747,1161739.8743100106,1988108.353208259,1510537.386458945,1537941.0003960598,1495007.8321640461,1555921.3311719622,1562901.1929950877,1164380.3975888935,983968.1763924338,1663332.1112431227,1491933.713986915,1303587.6148907389,1089552.5295868102,1118704.9578304822
2024-09-12,1316051.640986649,1683137.0703573022,1671208.8411995277,1491891.7474646156,1742423.611191013,1528748.4126751653,1680701.4768179748,1311814.0694641676,1897353.8084604493,1733310.0800937556,1162030.2293790886,2027359.2780946959,1539055.7776871556,1565482.6601155177,1521335.5235388598,1583472.4735759282,1591661.7911049223,1164671.4126071879,995777.7880993898,1694785.367923404,1506458.305750575,1316051.640986649,1088812.5299002933,1131748.0685503155
2024-09-13,1314513.3702609579,1677190.355233923,1665422.857689088,1489458.534906783,1734193.7124314825,1525206.3050118235,1674338.5213061103,1311713.2325841354,1888994.6279374622,1724816.344660654,1162320.6570169653,2019115.8490190841,1537091.6907190909,1560510.5189715226,1516481.8487460355,1578330.4916893975,1586741.132352062,1164962.5003592223,993106.5052654211,1688004.6126935722,1503561.6004635654,1314513.3702609579,1085282.6124762031,1127812.9266380717
2024-09-16,1316951.255299686,1675332.2232846078,1663955.7035882429,1489009.511723972,1729133.8706106665,1523105.807816651,1672075.4464906084,1313721.3128781253,1887881.156414834,1717374.2852861928,1162611.1572417766,2018603.3629646122,1538743.564935646,1559185.4032987861,1515515.4398282294,1577551.1122290385,1584503.0150262448,1165253.6608631748,990665.2035033086,1684202.5620934146,1502014.2395393292,1316951.255299686,1084081.6453117349,1126291.1423506716
2024-09-17,1319833.26367528,1678880.8339631693,1667390.097854101,1490763.1282717905,1731684.2539316309,1524472.072258201,1675279.886796903,1314206.7943523093,1902664.7959328133,1720339.952089266,1162747.122856672,2023421.4846889472,1540853.1617526324,1561936.27331337,1518367.031768068,1580370.9842643503,1587077.9921286523,1165544.8941372277,991830.1255404839,1687446.3959793695,1503669.3915748645,1319833.26367528,1085479.8774225765,1127790.682433947
2024-09-18,1319262.9108755193,1673972.1321943204,1663451.377292815,1489216.4004346088,1726456.1452885696,1522364.4700607734,1670889.662114716,1319772.8458907052,1886783.1273845325,1715998.0048838959,1163661.1454345156,2004369.031573417,1538367.7730231355,1559191.8647986276,1515554.9745308673,1576820.154167484,1585208.6728445755,1165836.2001995698,991083.1633280882,1682735.5545011573,1501723.95680819,1319262.9108755193,1082085.961496778,1123894.1746647414
2024-09-19,1321621.2025070896,1676155.3083672072,1665232.9396154054,1490175.843380392,1730889.610943217,1524524.3307937437,1673576.2607791815,1320097.8737917547,1889287.8726571265,1722554.9960108683,1163966.3476659425,2006268.8440912769,1540686.4588500443,1560343.8687340408,1516510.5924746606,1578340.6372277234,1586196.3950926263,1166127.5790683932,993549.4633078333,1686072.3673229876,1503430.4859494283,1321621.2025070896,1082778.6672689759,1124835.0149320015
2024-09-20,1336079.7431264303,1701925.2895004577,1691106.026162448,1502180.4988132517,1760406.0492301586,1538166.9674444401,1700436.8302798152,1331274.2935241978,1924105.0520483316,1754650.7672762598,1166162.1364929527,2036334.5405749055,1563427.6710073806,1581031.1055282045,1537254.3489947375,1599905.3237908192,1605930.3837144845,1166419.0307618931,1007514.8811062607,1713494.216062764,1516078.5882123474,1336079.7431264303,1097565.115983844,1139953.6516023357
2024-09-23,1336069.5667322509,1713044.8670561085,1701844.9306831036,1507247.7682803595,1770979.2686401613,1543122.0683292062,1710739.9893291881,1331040.5693270748,1947040.7700417493,1765712.4664479473,1165921.7093078166,2044493.7159325213,1572405.4747697792,1590399.7524708656,1546049.3005470377,1609266.415239263,1615890.9171225717,1166710.555298272,1012670.9956713525,1724787.9323327346,1521427.600204478,1336069.5667322509,1100926.9960836435,1145090.2543543463
2024-09-24,1336791.2529651446,1708052.798646955,1696929.976183777,1505189.5644928792,1762576.0461085641,1539443.5258229459,1705089.0296429414,1331701.1370422395,1946374.1947366379,1754915.0287891242,1166311.3061645497,2040864.673340736,1572487.2870607513,1586468.1359106165,1542384.359223991,1605070.184156506,1611950.408961113,1167002.152695736,1008573.745437729,1717667.6042102098,1518373.3448202075,1336791.2529651446,1101202.152115615,1142462.6257491095
2024-09-25,1338580.4673508478,1710265.8950709768,1699215.3101297515,1506404.747110854,1765875.9101814197,1541114.1221524992,1707788.8734559594,1333457.4102059284,1948139.3925704767,1758958.2157052597,1166381.6803811037,2043541.709171508,1576351.7634389321,1587925.046056316,1543893.0384722268,1606433.9984660929,1613444.7400248684,1167293.8229724937,1007924.195359857,1720298.9194536903,1519753.1671359136,1338580.4673508478,1101477.3769176705,1144625.9735643996
2024-09-26,1338258.7143481066,1716189.2676922842,1707305.5527346395,1510249.5868938079,1776223.5494594213,1545937.1484232903,1716460.163556228,1333048.3744728467,1958697.4736147257,1770595.0079754791,1166768.450925256,2053216.1237204147,1589197.0035032085,1594839.2860726442,1550795.6251607647,1612994.0618848172,1620715.9921538122,1167585.566146761,1008128.2064332642,1729610.1397397078,1524177.9031938638,1338258.7143481066,1101752.6705069973,1147133.3049001396
2024-09-30,1338393.3567042653,1714066.5022626116,1705193.7756285476,1508955.236144644,1774031.5864590134,1544600.046658028,1714346.1292718083,1331797.3115271234,1956273.7897772205,1768411.174555187,1166716.8553754154,2050674.2509888757,1566851.4620026173,1571373.3043169992,1528431.4294852219,1589158.774644463,1596497.7404612293,1167877.3822367566,1007630.0415912127,1727473.5931229228,1522864.1397130953,1338393.3567042653,1100716.9146472444,1146397.2012032731
2024-10-01,1337634.4518774059,1712936.45613277,1704069.5790911114,1508306.1479614852,1770811.195221035,1542614.1809734893,1712578.1950133527,1330520.0603832677,1948833.1312548597,1762329.098758761,1167862.8090072435,2045961.2836153759,1566004.6726050188,1570260.505060574,1527464.7549904177,1588302.8727686987,1594975.4343542082,1168169.2712607055,1006845.4420190081,1724979.3266673326,1521302.4565910494,1337634.4518774059,1097227.8242758664,1142763.5390023838
2024-10-03,1332716.3763256683,1683184.967806071,1674472.0969377619,1488897.7991177025,1744173.8219061275,1525360.920948485,1683553.5177974717,1313155.3179320088,1924369.65276659,1735726.8656414964,1160778.2725363316,2023051.7125281317,1532811.049904023,1545342.9195425464,1502708.619916011,1563551.0282888038,1569752.442684879,1168461.2332368353,996802.1561236299,1696675.2400256768,1502715.2163494236,1332716.3763256683,1090973.2319422709,1136423.7775017968
2024-10-04,1330985.0454156501,1670749.9161014454,1662101.4142726746,1480801.8233875365,1727960.6168205494,1514905.3415970295,1670035.122251941,1304774.3799392327,1898345.1981192133,1715962.9811550954,1158601.178141848,2002146.4123424946,1518514.9873998428,1534585.5950811845,1492860.590870905,1551979.77324634,1558875.5429560896,1168753.2681833787,994925.9612002346,1682475.1644514643,1493428.3640830768,1330985.0454156501,1083454.236813858,1128590.992948919
2024-10-07,1331317.7001375468,1663118.5120135495,1654509.5135308953,1475837.5103276623,1726153.759871825,1513810.7569801377,1664083.7513245957,1303915.0361953753,1908367.5498647748,1714176.0796956003,1156647.081017771,2014584.7124033214,1505229.6893334296,1527958.6975348797,1486187.2501500861,1545524.3914555223,1552132.786530946,1169045.3761185748,990890.3844022511,1676745.101403828,1489722.9271574083,1331317.7001375468,1083725.0258577135,1129913.6125217155
2024-10-08,1331650.4380002443,1673547.0700882555,1664884.089018075,1482830.3160741148,1731721.824152667,1517507.0446639587,1673265.3336588512,1306005.1947464037,1905152.479701781,1716958.458842751,1156025.190176991,2012248.3760141567,1518427.0123602157,1537475.952048609,1495724.8778338078,1554483.0615426572,1562178.6035995441,1169337.557060664,991511.9201863272,1684826.3362382627,1495173.6368378012,1331650.4380002443,1083995.8825802065,1130827.4098308876
2024-10-09,1331983.2590245234,1665735.4632407038,1657112.9183216526,1477799.902220412,1716755.451351976,1507798.5942415528,1663664.8357524856,1300619.665929621,1912437.980763716,1700908.8624991968,1152433.2691109325,1995947.1884062642,1516532.9405838733,1531406.9597280584,1490979.1449673634,1547044.878042611,1556109.7085834213,1169629.8110278945,986385.6560582212,1674194.563931772,1488255.5640100876,1331983.2590245234,1084266.8069982517,1131110.0389098735
2024-10-10,1332117.0095940772,1662059.9304773677,1653456.4116564298,1475523.319866785,1713100.4117936809,1505480.9466010332,1660209.6293234092,1297492.3814773236,1908044.0733293956,1699565.7553056811,1152311.3067147012,1987143.6540715522,1517534.5755363952,1528491.0859401948,1487989.279419896,1544643.9163847677,1552757.279434221,1169922.1380385156,985076.8110259512,1670708.9349621527,1486062.6054595788,1332117.0095940772,1084537.799128768,1131222.0274125955
2024-10-11,1333530.656997995,1659521.0686254927,1650930.6920176153,1474010.9799113232,1709409.6270022157,1503145.6994696446,1656985.2370589497,1297155.41911664,1911785.8237949435,1692813.3772257445,1150371.9109748143,1989196.7159121523,1515458.506878883,1526608.4088451313,1486216.0812383646,1542064.7898976083,1551462.2268589651,1170214.5381107852,985151.6103175654,1667921.8259848217,1484372.369307466,1333530.656997995,1084808.85898868,1132431.1217140718
2024-10-14,1335477.1384478135,1674557.7369641073,1665889.524258576,1484012.5709573294,1725369.3606094313,1513670.0450187041,1671747.3219341503,1305342.0324157933,1921192.764599534,1705406.3723798238,1154846.895412661,2006310.3575014533,1525395.8922849784,1539330.7547340344,1499061.934158456,1555121.7892675917,1563703.9967650399,1170507.0112629628,991883.9297096377,1682425.5795192223,1494054.6524693733,1335477.1384478135,1084749.0903373614,1134096.9519093412
2024-10-15,1335604.0769111966,1675293.4290171897,1666621.4080612406,1484599.8231873382,1727789.5115531266,1515351.7202295475,1672619.3430099958,1309983.0823483367,1936242.0732835182,1707314.1058167333,1154962.4488876117,2013947.8163029896,1521110.1325041049,1539789.8223454608,1499954.578627224,1555926.884457781,1563361.7047244685,1170799.5575133138,989687.7623341767,1683280.7714576544,1494702.015132764,1335604.0769111966,1084762.8293071683,1134210.1362981189
2024-10-16,1333291.4427866142,1671100.6463423774,1662450.328986878,1481968.7734499942,1721361.0319132328,1511190.9680946802,1668189.2145914102,1305336.9298299327,1940920.5696424798,1704058.8061634903,1156129.5459335132,2004984.7011755668,1515886.5256026762,1536212.6584402828,1496968.724599645,1550670.7077420438,1560857.9079012966,1171092.1768801063,988437.6725660268,1678964.1322077801,1491979.8689909254,1333291.4427866142,1083880.1210387072,1133181.7474319509
2024-10-17,1337809.9066878962,1667845.7971601405,1659212.3282682167,1479913.0868593992,1713832.695623584,1506393.1143570368,1663673.0940070213,1305326.2641761412,1917671.9738485874,1690326.8768974908,1153279.4028567486,1993767.5501222156,1502443.2992980096,1533521.6517581851,1493996.7450734836,1548370.0674617288,1558071.5315682841,1171384.8693816161,988876.6665505182,1673193.5234777906,1488258.3170619227,1337809.9066878962,1085544.9570857915,1134154.9517376346
2024-10-18,1333507.8742931762,1667534.9757373903,1658903.1157874258,1479771.410899309,1710529.1014834382,1504297.3908591028,1662964.5316467022,1302594.0653813698,1920768.0874620762,1692977.5324965387,1151299.9904927332,1978921.8308168747,1508768.846924905,1533503.8931668075,1494523.8856788143,1547934.3569677933,1557904.2800896652,1171677.635036121,985963.9832578818,1671951.2577746229,1487496.115857597,1333507.8742931762,1082325.4768454484,1129398.4576598238
2024-10-21,1330652.3805583792,1663476.7863065675,1654865.9332460093,1477271.2619386483,1704878.5869498886,1500662.0144217282,1658893.21988716,1299188.6278853763,1904151.5643004908,1688749.965551506,1154598.2945451846,1962105.0148834286,1504340.3351929383,1530212.4020320321,1492372.3054295364,1543685.6153303632,1554387.2604469405,1171970.4738619048,981774.4785506164,1667408.2317873677,1484613.7890247875,1330652.3805583792,1079826.4646685678,1127730.267080776
2024-10-22,1327036.1649227925,1647785.8367876327,1639256.206658347,1467113.6614377801,1693890.9973047923,1493577.0830717932,1644730.0190823243,1300194.610692119,1899038.9749918834,1679174.1610526384,1154272.2366769249,1955402.1683845718,1485582.4442638867,1516943.2113642658,1478779.9633407795,1531306.6661522128,1540577.187798262,1172263.3858772537,972787.9567652614,1653601.006071173,1475587.5634199926,1327036.1649227925,1080096.3470188899,1127636.3736121983
2024-10-23,1326603.5365808194,1645244.3903215956,1636727.9157844172,1465527.8158041101,1691845.5430543649,1492352.0798246574,1642632.66340645,1299792.672011637,1892595.89886969,1677938.3770844562,1152624.9353544307,1952233.2928145523,1483360.6595366956,1514425.2756970662,1475117.7431147534,1528747.7748585504,1539299.2976539764,1172556.371100462,971754.8881382245,1651483.6161817696,1474285.187795498,1326603.5365808194,1080366.296821238,1129074.404189109
2024-10-24,1328125.6533606902,1634054.0393177124,1625595.4907275531,1458331.9675287534,1670827.2165339207,1478608.4146275301,1629612.5172396796,1298868.3367567211,1869143.0083257197,1653045.915142981,1152455.7888192493,1917067.051932108,1481169.2273838231,1505609.6574129318,1467312.3602841687,1519079.6183914277,1530295.0787401032,1172849.4295498258,970231.4840831782,1634960.4134247063,1463474.848488537,1328125.6533606902,1080636.314092471,1129356.595137249
2024-10-25,1328457.5934312292,1628055.6338633785,1619628.1355339685,1454490.0160110886,1673375.9096806915,1480419.8228550847,1626097.7074968347,1298327.1996059467,1865117.4083924997,1659259.0594755365,1152077.0235083473,1925046.4073020644,1467899.105604569,1499927.2363623104,1460768.79218123,1513667.0643663593,1525248.2812051857,1173142.561243646,966092.6980844049,1632693.4370374838,1462048.2917537084,1328457.5934312292,1080906.3988494512,1129472.8895872233
2024-10-28,1328789.6164639567,1640729.5328024994,1632236.4290601567,1462871.5988244275,1687099.514645658,1489538.5866878498,1638812.9362135206,1302490.0693583996,1877117.592089756,1674509.1261147358,1155504.0246345615,1937768.5481776504,1477511.7421784017,1510237.289382159,1471440.4164263501,1524132.4434963474,1535012.0369571354,1173435.76620023,965796.7430395655,1645912.8447848,1470827.3526666695,1328789.6164639567,1081176.5511090453,1128978.5455042275
2024-10-29,1329121.7224796067,1654935.2748222512,1646368.6362051477,1472339.0857944961,1695365.0237681565,1495058.231786977,1650974.1243361444,1304216.5920026647,1867476.0113680155,1678717.656989062,1157277.0713216322,1932108.434328523,1485263.742233539,1521598.4795791146,1483574.2009349861,1534956.7810186134,1546091.608018052,1173729.044437888,970755.1003897821,1656529.8574971706,1477907.6839668467,1329121.7224796067,1081446.7708881241,1128926.3043887808
2024-10-30,1328854.418181349,1648289.0000369218,1639756.7653237672,1468029.2819675873,1690349.2382206705,1491866.7469583333,1644810.1263860571,1302128.6547414674,1861020.3584161988,1675537.4507130047,1157113.154972022,1928393.9522893708,1477614.8935051877,1516709.7009842913,1478818.8125108664,1530454.7717372307,1540680.6623064408,1174022.395974934,969251.4172816982,1650845.8756697278,1474255.508020253,1328854.418181349,1081717.0582035633,1126064.9986158658
2024-10-31,1326777.206913609,1640343.482014269,1631771.9420868617,1462468.1786614722,1676991.2379859074,1482732.758446863,1634526.3261216911,1298710.402378057,1834236.6779872784,1655748.9096493467,1157402.353679472,1903205.4945883937,1469389.3458647782,1512637.310782492,1477738.1278638686,1525680.067300102,1534192.2364849742,1174315.8208296897,967228.5102506479,1639655.2035422614,1466579.4159891587,1326777.206913609,1081987.4130722424,1126346.4374195861
2024-11-01,1327046.9605651372,1643977.3732080564,1635468.0049217723,1464360.588779102,1681022.4992493617,1484753.6908296854,1638356.6573560613,1299018.912199201,1837440.5820866341,1660092.337873291,1157691.6246667088,1905309.788361221,1475399.155579911,1515666.0300970895,1480591.3948343615,1528789.3013059786,1537319.7893497436,1174609.319020478,968078.2801544064,1643590.3970619743,1468577.9467088818,1327046.9605651372,1082257.8355110444,1126627.946563651
2024-11-04,1323434.0034555986,1629364.8518482987,1620667.5157457145,1457746.0618196926,1665315.8841586246,1477838.8825702544,1622850.7444991362,1297004.6816320831,1821225.99630771,1643076.5346019436,1157980.9679517979,1884180.0797371531,1456641.2646508596,1502466.297361413,1468407.5925683558,1515778.8566598748,1522883.943727869,1174902.8905656287,962682.8695203095,1628514.8268892644,1461859.0406368526,1323434.0034555986,1082528.3255368576,1126909.5260656413
2024-11-05,1331909.4877230641,1637357.5096311592,1627997.4268328326,1461221.464801373,1669150.5434042022,1479698.5756875286,1629316.6268116804,1302454.075570688,1822878.9331060303,1647855.8209187477,1157914.0407391812,1901006.377229382,1469872.0229352938,1509129.8388415137,1475344.4770197538,1521087.0141356895,1530615.7060148618,1175196.5354834753,966459.52720352,1634567.4898216983,1464734.2794914069,1331909.4877230641,1082798.8831665744,1127191.1759431413
2024-11-06,1336009.1089409194,1660492.615053405,1651194.5298622022,1472217.7310043734,1690880.161032645,1489859.0936918862,1652239.2827970346,1304214.5258512623,1848083.7047012444,1668226.7809389082,1158136.8261189943,1915826.3454231666,1486307.9419289532,1529152.8211512612,1494712.71780497,1542186.4032461145,1550217.3971219936,1175490.2537923548,975392.1395792562,1657147.3191713355,1475371.8747616902,1336009.1089409194,1083069.5084170904,1127472.8962137394
2024-11-07,1333924.8867602795,1649021.8102991374,1639589.0705126824,1467132.3109983315,1677341.632096408,1483905.9688495141,1639909.3388421044,1302782.6296226182,1827314.1238763463,1654068.595121658,1158426.2806738273,1894381.8807426598,1469025.1149729518,1519727.187075968,1486030.7804902375,1532844.9205038364,1539941.275689128,1175784.045510612,972619.3007527469,1644805.5948473893,1469895.3443364957,1333924.8867602795,1083340.2013053067,1127754.6868950303
2024-11-08,1330581.6586643774,1645307.2074310503,1636328.90856688,1465847.2270940153,1678066.451617071,1484429.2636121998,1637251.009705396,1298283.6360872271,1817435.103456103,1654511.2888842227,1158536.5301634092,1883869.384682059,1465920.0229071842,1515938.91917684,1480784.8542977083,1530596.5979429113,1536133.6090070934,1176077.9106565923,970987.8132877839,1643476.7923662488,1469521.1323542038,1330581.6586643774,1082794.2761216555,1128036.548004611
2024-11-11,1332328.0922326741,1648704.5782857623,1639421.210167168,1467458.2452003795,1681181.8255655498,1486044.45757881,1640392.5215381763,1300366.5762249173,1820384.7951532276,1657454.9078353131,1159607.6087144031,1889229.644388333,1465501.252233379,1518173.579645446,1483563.9686066087,1532448.98352581,1538180.6951975494,1176371.8492486484,972041.6497129552,1646421.8359843409,1471071.9061626631,1332328.0922326741,1085444.086723324,1128318.4795600835
2024-11-12,1324020.1154880524,1635270.9877263166,1626365.69908955,1461715.6776543336,1668947.6994509785,1480769.8951911735,1628011.8174034383,1297344.3379937247,1812213.6284906697,1645242.3315857083,1159716.4800938664,1872515.2055566981,1449848.3348053514,1506904.6003793688,1472120.3720883827,1521544.3862221856,1526741.5830454258,1176665.8613051372,966703.2126015812,1633561.9281940975,1465446.7384864988,1324020.1154880524,1078662.7180645645,1128265.7521992046
2024-11-13,1313664.527067121,1618483.795141071,1610061.182994536,1454431.4552661653,1656118.7503329928,1475173.6714115674,1612448.876606419,1292892.9623429864,1798988.0094584976,1632231.9453109035,1158020.190712943,1850443.9340906253,1430155.679439074,1491855.419457864,1456234.6637210154,1507265.7610611466,1511810.4342529613,1176959.946844419,959539.9041492947,1618769.0083947468,1458903.472341589,1313664.527067121,1071503.3892003447,1123334.0388484155
2024-11-14,1312823.1210630666,1612891.713746659,1604170.512744788,1451888.291361768,1645823.4895674048,1470696.7153548154,1606091.9147125648,1292772.7284417222,1796969.0905092566,1621731.205194178,1158330.2725900798,1852982.900346409,1428556.0039206755,1486928.1521773632,1450834.0944088646,1502275.771561333,1507446.735366053,1177254.1058848593,958322.5762761821,1610537.0068708716,1455302.2535905587,1312823.1210630666,1069955.6001118713,1123614.7951000172
2024-11-18,1309537.2972645268,1606668.6557146274,1597840.6018288154,1449011.442967634,1639173.796453081,1467729.940414266,1599166.9002814551,1294302.886195297,1783554.6337348893,1615095.3962393198,1160047.2680332176,1849010.9303205207,1423766.4625449553,1482317.97092896,1448416.9634333858,1496403.7471301472,1501818.0345835285,1177548.3384448292,958902.7546121523,1604281.9704049767,1452486.284181258,1309537.2972645268,1063821.1861087694,1123895.621521373
2024-11-19,1310458.0169776503,1603840.9873612903,1594947.5511284238,1447867.3183101316,1639182.8854462847,1467892.9654316443,1597090.793432548,1292263.663484047,1774662.177184941,1616424.7680544602,1158669.8983876684,1849623.2458484112,1427694.0382359177,1478515.0947555986,1443962.1382490434,1493230.6588839744,1498068.255652048,1177842.6445427027,959792.2853679268,1602582.217188429,1451905.024843961,1310458.0169776503,1064087.068240226,1124176.5181300202
2024-11-21,1311791.6827584829,1593108.7773684426,1584329.9489629504,1443268.5087273074,1628814.407427292,1463446.9536039585,1586881.7687623966,1289045.5118946854,1768058.5701076838,1607773.0718873932,1155359.8068250362,1845603.3005540995,1417459.1738885492,1468618.766615556,1431961.0018090804,1484560.0549495176,1489151.9011743907,1178137.02419686,958259.3550283585,1592339.26822605,1447456.2374368303,1311791.6827584829,1064353.0168239293,1124457.4849435007
2024-11-22,1317439.3710535693,1642150.6502186777,1633184.8734645247,1465930.2797039172,1677604.2377650714,1485776.5941602217,1635356.2041181892,1297931.9034275957,1823734.625976171,1653645.579235437,1155915.7310626893,1887426.8505173621,1451293.1647688267,1511345.818311201,1475224.0319507269,1527303.566056003,1531251.0720132824,1178431.477425684,968289.9228850377,1640727.9085037322,1469815.9587539567,1317439.3710535693,1064619.0318764877,1124738.5219793608
2024-11-25,1319741.1515708535,1669458.3865547096,1659888.4935312588,1478365.2626475908,1699382.6812067882,1495739.2065185115,1660444.938993998,1305212.744664754,1842764.8697850602,1674374.3887341467,1158342.1867246144,1917697.6940085944,1470394.06350063,1535199.0368941028,1499503.0646457344,1551954.9430932677,1553828.7157365954,1178726.0042475644,971459.9084424063,1665311.3848526317,1481130.6836666118,1319741.1515708535,1064885.1134145139,1125019.6292551514
2024-11-26,1323115.6492195546,1672636.6611383052,1663235.070675632,1480116.271356132,1704529.0713889012,1498328.1599424249,1664583.2085805407,1305065.3205971553,1846282.2304947134,1680567.4166489716,1157917.0344521124,1918627.5633688185,1468730.7187150083,1537595.7320808927,1501495.6519191521,1554236.8856615257,1556760.1688397385,1179020.6046808935,972564.0853361954,1669639.340090384,1483387.2157593977,1323115.6492195546,1065151.2614546246,1125300.8067884273
2024-11-27,1324524.3460456496,1672782.6026736265,1663425.3702117775,1480349.474240631,1705832.4249347833,1499070.6162422409,1665045.5662330303,1304015.0082360657,1843694.4939408705,1682658.6991751334,1158206.4340741448,1922286.6392699985,1473611.4363784287,1537303.8640971533,1501223.1533170494,1553797.4633918544,1556596.6685855421,1179315.2787440706,971294.3067744168,1670422.2500378322,1483916.7112152977,1324524.3460456496,1064149.207754682,1125582.0545967487
2024-11-28,1314910.8788759662,1652393.4534841438,1642847.0879468005,1471033.988425208,1683942.2434400546,1489258.667951236,1643924.1491215774,1303547.6969979438,1821793.6683635786,1661036.370929465,1158329.0854141142,1902070.5102608283,1451712.054007376,1520086.0293745915,1484189.8125055956,1536381.197238429,1539406.0347680806,1179610.0264554964,966176.3954791994,1649277.4468506963,1474321.4130806047,1314910.8788759662,1052796.819407853,1125367.33719901
2024-11-29,1318217.4500367634,1670060.039714305,1660683.8920582023,1479408.0302141353,1701479.8162869508,1497440.8720390825,1661772.281991516,1305068.9620460658,1863142.1637601661,1679573.2445918384,1158258.8339166988,1933691.186650409,1464881.9885784294,1535299.1112328477,1497746.6342329362,1552955.4698293712,1554964.1155572734,1179904.847833578,973223.9355090335,1667254.0760246576,1482722.8362641747,1318217.4500367634,1063758.2922401088,1126457.5762574265
2024-12-02,1319999.5066039355,1675016.0400286752,1665673.2407546663,1481831.9576999452,1705957.2878262026,1499633.268392982,1666981.1030302213,1304649.4739981599,1875368.3066829527,1684198.309797875,1158755.7764639994,1942466.013523074,1473681.2710123113,1539185.8597473472,1501667.4494546966,1556995.4414908749,1558656.6473451364,1180199.7428967287,974145.7445587162,1671892.7624879796,1484976.869242166,1319999.5066039355,1064473.0562044417,1126075.0283959792
2024-12-03,1326046.7172898997,1685416.9235367167,1675663.2434330215,1486521.2300078191,1710959.481871071,1502053.5323823588,1675307.2545074972,1310951.4806408538,1872722.6053464252,1686928.6139547192,1158878.440548042,1953875.450896364,1484674.9497176514,1548116.6416531166,1510368.4527006396,1566367.335854862,1567373.642167174,1180494.7116633628,976931.420782804,1679740.6181917829,1488685.881848983,1326046.7172898997,1070638.7079835506,1132700.9686054573
2024-12-04,1326985.7374165654,1684801.4223505626,1674331.6677169434,1486084.1676748444,1707878.7324797045,1500906.6717192652,1673392.6411923966,1312817.1430975627,1860056.6758649761,1685034.63810062,1159721.6072154522,1965235.8159681123,1485300.141609774,1547618.4532946728,1510336.1831226256,1565222.0855755082,1567039.2848386078,1180789.7541519024,976122.7097485506,1677834.4918827221,1487994.2446065613,1326985.7374165654,1069353.559670633,1136197.0926554294
2024-12-05,1339815.6851569545,1706301.8060463339,1695848.0743737533,1496003.5711448349,1729896.6413158432,1510888.1956254877,1694792.7067215592,1320769.2468755033,1892726.6090641327,1706376.7582304997,1160011.4578565648,1983899.8035021878,1499927.1183128755,1565711.5756738733,1527546.923512077,1583838.0451214304,1585507.5523055547,1181084.8703807718,984108.9147297615,1699444.1407893528,1497948.599970367,1339815.6851569545,1082870.6587672615,1143285.2741058182
2024-12-06,1336518.0766373118,1701244.619442209,1690788.5528901075,1493906.9991852914,1724755.3384070445,1508773.222500938,1689591.4474543242,1320305.3050268854,1878630.744719142,1699975.1504301867,1160301.380940403,1972775.8617091917,1498069.56447751,1561629.5653862967,1523087.8762094616,1580487.1168618095,1581089.8878198136,1181380.0603684017,982980.2739398325,1694121.518346894,1495707.3838815258,1336518.0766373118,1078849.1261010978,1142364.3531828697
2024-12-09,1339626.5301473113,1696273.3277026191,1685111.8628463913,1491549.3069094075,1714262.040973334,1504322.7254425432,1682449.7698588383,1321904.1959927212,1878517.8274647829,1686117.8981334409,1160591.3764850723,1979758.3615628537,1494500.0543117155,1557184.1300549938,1517312.5873488062,1578479.7907179017,1575589.8104499606,1181675.3241332266,980523.6863078312,1685515.9721660053,1491874.5073377413,1339626.5301473113,1076280.058456879,1144692.3193595132
2024-12-10,1340052.3884035465,1696031.0519287214,1684507.3422965694,1491392.3343990045,1713081.8930891291,1503995.3807196862,1681513.7015263254,1324756.5185874563,1873691.3518771804,1683689.1412604328,1160881.4445086832,1976666.0019538577,1493956.7906573054,1556245.7197849534,1516444.134649556,1576839.917001985,1575284.2345005905,1181970.661693686,980127.1316919791,1684571.1771060827,1491624.3979044675,1340052.3884035465,1075525.3286044276,1146867.40672104
2024-12-11,1340587.2163715146,1695839.8598425272,1684425.5325504197,1491523.4368887038,1714172.9034148222,1504683.0798671632,1681593.86956537,1325030.0315540743,1877929.9513710167,1684115.345491964,1161171.5850293504,1973828.2826149382,1495884.1791265525,1555940.8761589972,1516328.2583160657,1576529.7216041577,1574787.6463355473,1182266.0730682232,977962.5920005414,1684947.2132601587,1491976.8071609733,1340587.2163715146,1075258.9523673416,1146800.9847024833
2024-12-12,1341218.890743869,1689512.675972274,1677714.09746468,1488667.0508005023,1707085.2519767447,1501765.010155036,1674973.42370825,1323851.8325918494,1891094.4114994833,1677161.9757555176,1161461.7980651932,1975702.9056824895,1490232.434936587,1549670.6074758791,1510690.9844265159,1569243.8422230443,1568883.8294190343,1182561.5582752873,977376.9335847145,1677708.5990009804,1488840.011440752,1341218.890743869,1074174.484720662,1145506.8581349363
2024-12-13,1353163.0712756545,1711654.0681781499,1700089.5837833292,1498984.6214808703,1732486.3364749006,1513178.546483402,1697933.734488219,1329283.841096909,1936829.102250865,1702377.4197408485,1161752.083634335,2006209.245991433,1503563.380429222,1568569.857180551,1529444.3488885015,1588001.1104228164,1588055.5566199326,1182857.1173333304,982988.6409632533,1701090.0124158142,1499580.5500199196,1353163.0712756545,1083871.7402387098,1150799.5620066316
2024-12-16,1347765.484730603,1702692.4881770092,1690970.7231207972,1495029.1178668293,1722364.8452514724,1508845.4259903023,1688711.553186265,1326067.9213525804,1922543.6097417593,1691785.2161988802,1162042.4417549048,1998282.2009954455,1497489.7828821219,1560970.5827176536,1521986.526500101,1580536.886860361,1580181.8610362432,1183152.750260811,978409.4527626772,1691338.219475166,1495331.844940548,1347765.484730603,1079459.2058754284,1147636.6833156946
2024-12-17,1333558.5975791723,1680953.0839695956,1669415.983751962,1485416.8313712678,1702902.2639896658,1500393.7729850651,1667742.9716935034,1318021.3149127595,1887723.2587797637,1672554.3186946993,1162332.8724450353,1963510.17513061,1477320.4972472438,1542447.7780889983,1503506.5785383221,1562055.7860448498,1561594.559382918,1183448.4570761912,972605.3289510492,1670929.642079454,1486331.8771011475,1333558.5975791723,1067813.1535264659,1138856.4413823567
2024-12-18,1326091.3993838776,1671863.348616858,1660864.4693398783,1481745.965998889,1695846.6739375577,1497488.2301581067,1659995.3317088801,1313196.0885433988,1872154.9382672885,1666984.5427923633,1162278.1106901017,1939638.5111194975,1468994.7623986334,1535092.7107148648,1495416.797533134,1554926.4301134655,1554789.3528852332,1183744.2377979376,969248.6983371766,1663409.2354057117,1483163.3542256283,1326091.3993838776,1060640.4408907748,1133286.32181501
2024-12-19,1315612.169263117,1653341.5342881791,1642510.8465892032,1473643.1570067347,1678252.1572107302,1489862.393617716,1641628.958612324,1303698.2377392147,1855301.5613158105,1649834.9097218604,1159206.4615424357,1920519.0151910495,1453991.4611998755,1519769.3772653758,1480700.027377944,1538920.7689652818,1539536.0639202236,1184040.092444522,960963.1081152064,1645723.2547179235,1475387.163493347,1315612.169263117,1060905.528054685,1125683.080846321
2024-12-20,1309026.455358443,1629437.1959665823,1618678.670801466,1463024.9015915631,1657468.2444231657,1480794.6175203978,1618951.1487597758,1293010.9656778672,1831273.63562999,1630729.417756203,1149892.5238241162,1898700.9775778933,1431882.69349192,1499673.3999362977,1460575.1742079295,1518988.899802381,1519329.451008848,1184336.0210344205,949660.6829820873,1623151.8039492012,1465371.0722627125,1309026.455358443,1061170.6814721546,1124480.977580694
2024-12-23,1309769.0991949174,1641956.4501472733,1631128.5439914442,1468816.0877001637,1670240.7188612642,1486623.6349933888,1631736.883351087,1295693.8958738337,1841611.640734058,1643868.7389320533,1153348.470842132,1920064.5772694985,1441956.66548245,1510251.0987570826,1470651.9747147122,1529830.6781116675,1530152.6133384334,1184632.0235861142,950059.5124255252,1635577.2003261764,1471139.442768941,1309769.0991949174,1061435.9011597426,1124691.6924156754
2024-12-24,1310096.4513894003,1640132.0077291536,1629507.0855397023,1468292.7938814785,1670550.7086710983,1486934.9072456416,1630895.410404081,1293981.5994799864,1836156.175779071,1645557.7407040317,1152317.8738494476,1916276.928460531,1440390.5437864433,1508838.1946374376,1468982.980008878,1528349.3161250686,1529077.8247443598,1184928.1001180878,950207.3184790434,1634759.5499800663,1470956.3590837664,1310096.4513894003,1061701.1871340114,1124972.7879872958
2024-12-26,1310220.8000951614,1638651.045532876,1627985.1107677515,1467790.3464036444,1669090.1825105199,1486468.8003681775,1629285.7544046987,1293447.6169317092,1843538.2535585843,1643708.4577364074,1151437.9294060261,1916322.5848957035,1441759.3737493774,1507791.5461447674,1468153.2600480926,1526849.6014536219,1528260.9564380634,1185224.2506488308,949328.8178378664,1633167.6962813027,1470415.7875782312,1310220.8000951614,1061809.1385348602,1125253.9538134765
2024-12-27,1310982.801771115,1639301.1556329092,1628859.0601661182,1468362.7599778844,1672634.4088350376,1488221.954402637,1631156.374839301,1292374.1038652721,1844058.7069408332,1648970.9530804674,1153647.188128841,1920318.595433637,1445596.0102821267,1508653.3663414877,1468546.5081422902,1528101.361182808,1529219.6361440015,1185520.475196839,950505.43017267,1635245.564386632,1471544.3241461422,1310982.801771115,1062411.30454376,1125535.189911776
2024-12-30,1310822.3194698712,1627683.1879214142,1617540.7307656382,1463443.808397614,1663024.3914671426,1484154.5910740322,1620340.0147770045,1287430.1792984114,1828396.0405528173,1640360.9757992818,1150636.2495665464,1900314.1109201459,1435367.1927366732,1498987.0395723628,1459154.78315174,1518056.8657911809,1519657.8886251661,1185816.7737806109,947442.5292916023,1624926.3029451028,1467101.5388424997,1310822.3194698712,1062298.504004079,1125816.4962997583
2024-12-31,1313003.8139883745,1625112.5038834505,1614966.6230860082,1462475.3979208525,1658946.6888160235,1482499.8095094776,1617465.0159836304,1284237.7496478853,1820903.7582954362,1634481.4304695823,1147733.5833065535,1894302.3416024493,1435361.145934758,1496716.11126898,1456831.6440756265,1515071.7495311685,1518161.8533094127,1186113.1464186506,947090.3766884899,1621421.6584682406,1465674.4084648679,1313003.8139883745,1064000.8510140192,1126097.8729949903
2025-01-01,1313382.8147877012,1630915.0550482671,1620724.7430303902,1465299.9700026426,1663715.9473184962,1484798.7043496605,1622869.1241843947,1286964.3372540365,1826827.5671084253,1638223.234386852,1148576.3147098443,1908844.6456539717,1441316.2973031683,1501573.2998122792,1461628.2390527858,1519853.3674187989,1523152.4795870523,1186409.593129467,948001.746190047,1626501.043868805,1468132.9068341726,1313382.8147877012,1064306.1816092995,1126379.3200150444
2025-01-02,1315124.456162063,1654419.9450887933,1644357.9071501447,1476332.6788988754,1688215.8099480863,1495904.602531462,1646553.040152179,1295722.163439533,1851840.8023010155,1661374.799185669,1153009.337198323,1926186.6798413205,1468375.6173084264,1521715.675107919,1480745.4785946065,1541180.9326022507,1543151.2108563706,1186706.113931573,956744.0644439578,1650710.78233765,1479250.0003420871,1315124.456162063,1065506.2330069304,1126660.837377497
2025-01-03,1313303.6428617744,1637365.6944696591,1628493.8172545102,1469268.3452895358,1672351.4166952926,1489022.2061160735,1630712.6274423292,1287976.2832241326,1833468.5178639006,1645785.6772270428,1147212.8248049815,1887368.8664203584,1457211.9167610034,1508241.204172706,1466762.6942278089,1527390.5041038329,1530541.587812052,1187002.7088434855,950485.1725494139,1635594.1156932174,1472642.5757509754,1313303.6428617744,1065772.536284221,1126610.4534868656
2025-01-06,1307380.3944159858,1613041.0169731108,1603829.393738273,1458213.611648517,1646942.5590067427,1477870.0584273236,1605617.4779110788,1282476.1818869992,1823835.061923607,1620125.175860353,1142124.940298542,1858210.8348568487,1433615.872911424,1487342.8644994677,1445184.0424106966,1506833.9818109702,1510035.8215014383,1187299.3778837277,936035.0254191975,1610631.6303029968,1461572.2201549248,1307380.3944159858,1065567.4224243877,1125730.4435830999
2025-01-07,1307022.55610459,1617596.8831025534,1608728.4469914075,1460610.4188625186,1649972.0226214072,1479415.30788145,1610045.2653498491,1285483.1308145595,1828464.7499036754,1622045.847781393,1142900.4318728996,1869489.3429271749,1439191.6171008486,1491345.871206399,1449465.166927337,1510510.0227418349,1514071.9053386573,1187596.1210708262,934349.8883366889,1614520.5100181529,1463470.463472609,1307022.55610459,1067501.3828853527,1126011.7987710712
2025-01-08,1307349.2218521957,1620444.6296721671,1612423.8521190598,1462501.1739654755,1656238.6888435353,1482386.6679926864,1615055.0830631808,1283260.5240045842,1829230.7701276296,1630017.3707870857,1143294.9433488857,1848388.3868717432,1438041.183395318,1494006.6122436363,1452188.4693281793,1512617.0675586315,1517220.422974073,1187892.9384233132,934615.885189498,1619693.9754401809,1466048.9640877638,1307349.2218521957,1067768.1848128955,1126293.2242784891
2025-01-09,1307675.9692437716,1609737.967491587,1602368.4179342357,1458052.864711509,1650134.0725900468,1479892.4307906611,1606083.714052778,1280504.966475056,1829645.8573873,1625472.948342051,1142434.3283916495,1823335.554984064,1428179.6794250198,1485093.7428860671,1444205.7128976416,1503113.7512525725,1507939.4585616163,1188189.8299597236,932895.8402105883,1611630.182781843,1462645.4559271876,1307675.9692437716,1068035.0534225705,1126574.7201229285
2025-01-10,1307802.6757018988,1615211.2982571207,1607806.454692016,1460819.9793568745,1658747.3206191983,1483833.5696690904,1612230.5190956427,1283746.8148816302,1838438.6050626119,1635254.014190481,1146254.0050067499,1816861.279539123,1422412.6903044377,1489342.100979987,1448087.8768493154,1507285.2047622183,1512642.7033686847,1188486.7956986,934283.2346655602,1618798.667118165,1466136.0128021778,1307802.6757018988,1068301.9887310439,1126692.896976057
2025-01-13,1308585.161380152,1600727.331591291,1593896.8836195827,1454674.8044043158,1646587.352429521,1478571.8923673402,1599019.4164691204,1277261.303555332,1818161.0594309857,1625167.880021727,1144718.5753794126,1786917.0818482153,1401435.9787667803,1477109.8688465257,1436496.4576160766,1494867.2513447506,1499942.0340948054,1188783.8356584865,930112.5585289259,1606329.0380161623,1460726.535910891,1308585.161380152,1068568.9907549855,1125519.8009365888
2025-01-14,1304341.5147371474,1597785.3812536695,1589800.3313132373,1452958.7444204162,1636304.5102299326,1474224.4622431058,1593460.0257308292,1276223.787176831,1821677.077575837,1612443.9699449423,1145178.9964365242,1797319.6990993535,1406905.6075108326,1474732.5511810535,1434441.7373969308,1492292.4399166657,1497428.862010942,1189080.9498579337,930184.6568810424,1598751.5024728412,1457431.7989455776,1304341.5147371474,1068836.05951107,1124358.9504336144
2025-01-15,1304911.0797665592,1604505.3106799906,1596673.1078684658,1456293.9580902332,1641517.5251664738,1476726.6004066255,1599821.8686764482,1277701.8929635624,1828378.5288795782,1616173.2241683747,1145774.5019593707,1801117.6677423478,1409160.7089309285,1480646.0528695069,1440676.6623093784,1498244.6856538013,1502960.4330225221,1189378.138315497,932375.8287448426,1604826.8373454497,1460352.872441766,1304911.0797665592,1069103.195015976,1124639.9628426235
2025-01-16,1303675.1137882958,1606934.4907017085,1598839.8016518413,1457440.8976945854,1639308.00496556,1475965.930306079,1600871.732407976,1278258.5185862284,1844241.7675464426,1612275.2272966849,1146319.6316803365,1809187.7954265818,1415146.3314384012,1483182.0086504933,1444633.468721471,1500257.9624368805,1504533.6190718878,1189675.4010497348,933159.681936715,1604691.571190409,1460462.4222459078,1303675.1137882958,1069370.3972863855,1124921.0454854083
2025-01-17,1303880.1257102562,1600903.5914299698,1594357.006728976,1455501.1390959362,1632996.106169672,1473264.8603093696,1596211.4488735606,1270572.5366775023,1816709.578568536,1607004.9754118975,1139258.8638324165,1799562.113295965,1408553.6574445514,1479960.528294957,1442623.8099917087,1497990.4661397955,1499090.9890868263,1189972.7380792121,926669.0398246364,1599485.8143138085,1458304.4436873083,1303880.1257102562,1069637.6663389858,1125202.1983795222
2025-01-20,1305550.8973188526,1605979.6411525472,1599035.4940316856,1457804.1759811854,1634324.1077795173,1474074.1331683001,1599754.6043486283,1271732.0178948345,1829331.6535345532,1606466.0294435995,1139543.6001950232,1812984.040832211,1417146.5186601165,1484439.8828422597,1447980.4332907158,1502015.001269998,1503105.1509647518,1190270.1494224977,925751.3032880743,1602457.2065335617,1459808.5976920072,1305550.8973188526,1069905.0021904672,1125483.4215425232
2025-01-21,1301518.1456759847,1585083.9913967063,1578324.3389899503,1448547.922048861,1617090.4089008044,1466597.9988791284,1579987.590530497,1269784.6930919138,1804641.2257046937,1591115.7055454247,1139828.4077221376,1789906.4343504696,1397714.8242941352,1467217.587205353,1430505.7732278737,1484851.7627450398,1486107.8952224124,1190567.6350981633,921736.1420028938,1583799.929218871,1451603.1278908812,1301518.1456759847,1070172.4048575251,1125764.7149919735
2025-01-22,1302563.9659252039,1596647.0635310505,1589523.6865964953,1453914.1978533876,1630417.8621789361,1472708.561262588,1591941.3353205728,1270502.1101210557,1818308.27584466,1605995.941398364,1140113.286431546,1801933.2877920596,1405648.939795186,1476449.5046691832,1437512.6461043744,1494794.0945557621,1496940.2996602003,1190865.1951247891,925501.659697461,1596212.224701251,1457412.3493392,1302563.9659252039,1070439.8743568596,1126046.0787454399
2025-01-23,1301868.1117179631,1593489.6628316087,1586045.4399678223,1452512.457512686,1628590.0024810669,1472114.2130645576,1589051.1412551247,1271115.6122459902,1821849.5845303482,1604201.9388500073,1140398.2363410392,1799642.9504327064,1408684.1972270713,1473285.2022806725,1434059.8747760358,1491575.1887544792,1494136.1288593153,1191162.8295209561,924934.9090981546,1593180.4861600522,1456231.661253561,1301868.1117179631,1070707.4107051732,1126327.5128204937
2025-01-24,1301164.313734558,1593833.4837885727,1586630.3712550306,1452938.8182925857,1633427.247173969,1474465.2694576026,1590495.0108272315,1272079.653933259,1831030.5099922288,1610441.5312667566,1140683.2574684122,1787498.7770191026,1401815.3859457662,1473352.751447559,1433462.4311795018,1491685.324035403,1494855.7822359358,1191460.538305252,923407.752167677,1595877.2040103518,1457690.2806310938,1301164.313734558,1070975.0139191737,1126609.0172347105
2025-01-27,1296354.964952463,1581814.1343509806,1574778.544761001,1447609.0915640155,1622146.3384515827,1469573.3338648677,1578449.0603614443,1269115.3163869993,1800005.0735823433,1600144.1615106333,1140968.3498314645,1780197.4294065863,1385846.9677354638,1463617.27039438,1425156.8147240062,1480851.7750060274,1484740.959157055,1191758.321496269,917949.4253581639,1584189.2938943498,1452551.5781279467,1296354.964952463,1071242.6840155732,1126890.5920056703
2025-01-28,1298206.317566247,1587074.2202009133,1579565.957965291,1449971.246990406,1626636.0385329155,1471805.9254198226,1583295.1455841095,1270614.852043387,1817050.6356736051,1606077.8971924447,1141081.5275207392,1800343.1626643697,1393623.2735630053,1467759.3131332307,1427751.3326524112,1485071.19290806,1490417.5907221166,1192056.1791126037,920247.0552607297,1588916.77734375,1454865.728102724,1298206.317566247,1071510.4210110875,1127172.2371509573
2025-01-29,1297043.3282110956,1595804.0259875273,1587764.87392202,1453951.6419750606,1633401.851205867,1474973.8237118174,1590957.0496005851,1269522.451170428,1816346.1135401581,1611515.776678506,1140069.876266259,1812530.0695741456,1406119.4046971283,1474600.2344475286,1434952.9050320769,1491780.700256059,1497005.446176782,1192354.111172857,921154.3593741177,1596480.582642646,1458423.7006992789,1297043.3282110956,1071778.2249224372,1127453.95268816
2025-01-30,1300409.8436800123,1603842.9675890992,1596287.8128990384,1457996.3610585704,1642809.4054317435,1479392.3346361527,1599847.7968729048,1272913.1827652932,1840669.8157848448,1622151.666297732,1143007.3000614743,1816060.9496726622,1411364.353252375,1481532.3075868378,1441189.9367475533,1499140.7283701922,1504225.5876630123,1192652.117695635,922270.6581621307,1605537.9346021465,1462757.3174846517,1300409.8436800123,1072046.095766346,1127735.7386348718
2025-01-31,1300734.8567043056,1622732.4634487673,1615622.8990698888,1467005.3707814915,1661863.7760474524,1488023.1206488519,1618624.9966727372,1272086.675559478,1834044.6036634077,1639188.5165624472,1143292.9732753371,1836324.6037131364,1427080.939947626,1498469.5552766677,1457913.866498033,1517130.1687719754,1520308.2457625133,1192950.1986995484,930070.6620454319,1624904.9877267308,1471641.9072345002,1300734.8567043056,1072314.0335595428,1128017.5950086906
2025-02-01,1300864.3630238867,1618177.9626129954,1611802.643033129,1465431.7836555936,1662611.573609459,1488589.775408565,1617296.5650016346,1272138.3686655147,1828111.6838371907,1646327.1639849183,1143406.2112158267,1816965.7563753747,1425487.4297958864,1493882.6948615548,1454673.2629938268,1511561.0896010918,1515306.8473282256,1193248.3542032111,926139.5989516195,1624645.8802611073,1471710.3067526566,1300864.3630238867,1071141.946285114,1128299.521827218
2025-02-03,1297626.6804187899,1603348.8857618468,1596281.2108116297,1458479.5204010871,1648526.9138900815,1482483.009279787,1602244.3545298257,1274666.5861259417,1837192.2374608642,1630620.3291527773,1145724.9207803367,1827915.0135803975,1418136.0600088087,1480388.1502426947,1441516.1048154638,1498131.174644034,1501410.9356850206,1193546.5842252444,919450.5696755714,1608763.3821148432,1464804.4099576962,1297626.6804187899,1059873.854545509,1128581.5191080598
2025-02-04,1297713.4987995888,1630684.3463473816,1623328.3681478684,1471073.3004286222,1673062.7029975965,1493602.910570908,1627584.7906527445,1275654.3097027666,1860605.3824869657,1649089.553335211,1146450.1649454269,1851601.504144982,1441094.699797692,1504458.8097917165,1464246.530070927,1524518.913827346,1524525.2408937619,1193844.8887842724,921949.8309657725,1632798.9097588658,1475833.1812256575,1297713.4987995888,1070270.438305071,1128701.1916459734
2025-02-05,1293024.3518425215,1620025.8308292914,1612205.3298178534,1466129.1526367383,1662454.7579776498,1489034.621033587,1616913.1555499255,1275678.2362861282,1858107.22688366,1638955.5840925013,1146736.6986387246,1848155.2517896548,1438487.4610896,1494651.788534483,1455003.55340767,1514537.1279663842,1514316.0968395518,1194143.2678989237,917093.0842059804,1621500.6987180084,1470949.6826427828,1293024.3518425215,1065572.0176251887,1128723.1104394416
2025-02-06,1287888.2573825312,1611103.9200335578,1603046.7906080103,1462114.033865625,1653235.4541260616,1485133.5227663151,1608234.5164676856,1271644.7710877764,1840927.6450927968,1631768.1961474956,1147023.3039457395,1846312.9019568851,1432844.8463848792,1486610.1194044764,1447489.6884609119,1505758.5655849692,1506472.8836542862,1194441.721587833,913056.3334076203,1612781.4492364235,1467184.6653436988,1287888.2573825312,1060558.4261203508,1125097.1825435315
2025-02-07,1286826.847262077,1600584.0589988697,1592637.5043812976,1457494.517545681,1643639.5944863616,1480965.098850394,1597680.3973314213,1274044.8695918373,1854384.4304656328,1619543.031530709,1147134.6627132013,1845147.1974825074,1430210.219221054,1478093.5097104264,1438100.2549278957,1498669.328000487,1497444.4504229606,1194740.2498696377,908516.1527057128,1602034.0262640594,1462498.1233619407,1286826.847262077,1055447.4561816973,1127522.0709010668
2025-02-10,1286031.2755073067,1596109.1290848681,1588131.1996250309,1455596.2607097107,1638875.6963799025,1479010.6478671224,1592960.3782824678,1274173.3218998504,1858155.9319717642,1613959.161264357,1148172.9623275043,1839460.3144770188,1419383.4796744678,1474096.7336407453,1434382.912427859,1494604.7047243426,1493228.6032677954,1195038.852762981,906964.4830071683,1597234.2238246899,1460532.533136278,1286031.2755073067,1052549.154137663,1126425.0882218338
2025-02-11,1284479.192303523,1577124.2105535548,1568714.9969678062,1446851.2437696815,1619272.7191829516,1470412.0001653878,1573476.560625375,1272723.316066379,1851419.1948101248,1593193.6081814845,1146471.2164535418,1826905.617395141,1400577.0957653522,1457120.8254796334,1416656.917069678,1478332.739760304,1476349.6298797037,1195337.5302865114,899669.3087402872,1577259.651977196,1451669.5022023956,1284479.192303523,1049162.8333387468,1125008.9039982543
2025-02-12,1286201.794284474,1578255.053957548,1569753.2484430897,1447513.2354340653,1619135.1154859075,1470515.1792124233,1574057.7924854895,1272181.2592401288,1857775.980903119,1593996.6888103464,1146757.7554082694,1822498.6376693016,1398965.326643124,1458762.215594628,1419228.6586710685,1479491.8852767118,1477501.3083920595,1195636.2824588814,899935.8225334194,1578287.09441026,1452300.906674762,1286201.794284474,1049194.006348446,1126210.6924081738
2025-02-13,1285502.4122317538,1570693.5568267212,1562349.3698550013,1444275.7093610726,1612411.2631863067,1467675.6678345895,1566926.4449275855,1272436.475247094,1852888.7775267954,1586647.7325018048,1147044.3659780284,1808154.397045254,1398124.5840474404,1452284.0998011339,1412847.8797641564,1472726.5477160525,1471217.8264480787,1195935.1092987468,896177.263937361,1570901.3443153815,1449124.2476225507,1285502.4122317538,1049456.2326909574,1126660.0955727159
2025-02-14,1285736.5057702838,1572141.328590019,1563715.9563955888,1445093.5001833818,1614824.2008854253,1468965.9307263612,1568893.295064183,1272801.5027283493,1857385.7491493248,1589412.6669700337,1147331.048180718,1818342.2406885282,1391923.5294011498,1453088.6306166789,1413247.2081191964,1473900.0998084422,1472074.0770447596,1196234.01082477,895531.6003112564,1572740.8664007813,1450172.6448787886,1285736.5057702838,1049718.5245720195,1127071.1300537214
2025-02-17,1284383.1209149885,1567951.1795638148,1559612.2422966561,1443384.927399866,1609941.5962393389,1466984.893630554,1564698.3322250405,1271222.8020014686,1839148.2847034782,1588389.7526132052,1147617.8020342416,1798388.6519432983,1393759.8601474406,1449794.370572143,1409893.1255594422,1470832.938657029,1468618.0980520255,1196532.987055618,894208.1919059324,1569179.545267091,1448713.5357113893,1284383.1209149885,1049980.8820080128,1124667.746852203
2025-02-18,1284539.4829242097,1562824.5572971057,1554183.4002222007,1441066.1960019104,1603703.7508323675,1464359.0933948236,1558881.1261887709,1269211.2652739785,1834285.852955472,1580288.354224947,1147727.2695497065,1796427.2340446082,1392897.8944626823,1445175.090002201,1405384.5466757838,1466002.0765271438,1464101.2542428155,1196832.0380099618,892286.9698957943,1562764.2375985563,1445977.2895801596,1284539.4829242097,1050243.3050153211,1124335.84896061
2025-02-19,1283214.9622596242,1556837.555049619,1547888.0021898844,1438313.9401246365,1595473.4420812188,1460811.1788669135,1552026.8906593048,1265207.4926494034,1824347.231644758,1568678.827899975,1146305.4646187134,1759262.3899396718,1392145.1269066262,1440811.105945408,1402450.2515287977,1461233.6985320612,1458654.680367924,1197131.1637064766,891641.2242212739,1554404.8757291923,1442295.8166082853,1283214.9622596242,1050505.7936103325,1124616.85559584
2025-02-20,1280287.0140867957,1551780.32058698,1543036.4792380556,1436275.506087718,1589781.5490249249,1458448.3956232318,1546340.4256312402,1265206.381177977,1816316.5588973647,1558919.9119586044,1146442.3907696856,1764559.9990779234,1390946.2002210314,1436739.8824281422,1398502.318953282,1457311.7674597506,1454309.4783983394,1197430.3641638423,888626.7334153404,1548547.6943583656,1439792.8213998654,1280287.0140867957,1050768.3478094402,1124897.9324634024
2025-02-21,1280419.739699469,1547730.876939111,1539078.3979947716,1434629.930745355,1585299.2510077371,1456602.8642928847,1542183.4998085063,1264793.7463700268,1806834.618694043,1554811.0525689763,1146398.7175754593,1760138.6158227646,1383828.5215432602,1433475.47253789,1395377.7990145534,1453899.520011261,1451051.3283291068,1197729.639400745,886042.0794653763,1544553.5860710635,1438171.9694173571,1280419.739699469,1051030.9676290408,1125179.0795808504
2025-02-24,1277480.8309931317,1526291.276800371,1517989.1277839271,1425106.6120074803,1564401.7008899115,1447436.283473454,1521662.1530179416,1261936.076032348,1775445.0786346034,1537630.4181719113,1143967.5207579427,1712262.9934605302,1369104.4403152869,1415570.95116031,1378017.289695587,1435380.9188541158,1433216.7412280873,1198028.9894358737,882505.4407693807,1524646.6334059,1429267.7556179424,1277480.8309931317,1051293.653085534,1125460.2969657418
2025-02-25,1277800.1133412132,1528236.0495847685,1520002.4192093501,1426219.2162341664,1568433.2710634784,1449418.06525034,1524593.9005496583,1265309.476283404,1795041.6327069094,1542855.1153784546,1146891.652745497,1715492.772950659,1368752.4215920344,1417345.8303273637,1379120.0074266663,1437432.4887103662,1435413.9453321944,1198328.414287924,882735.1900552474,1527828.5858848759,1430880.4859920228,1277800.1133412132,1051556.4041953252,1125741.5846356382
2025-02-27,1278119.4754879226,1525830.73245869,1517509.0986355743,1425240.384941348,1566559.5833449007,1448749.4295997396,1522352.5719996851,1266287.3721819022,1798721.5711056245,1541182.121660698,1147002.9048188701,1713322.3623140717,1368600.65872044,1415476.7302842862,1377222.3611153136,1435367.3794161894,1433773.8659197912,1198627.9139755934,881424.5740769103,1525303.862511845,1429935.500157362,1278119.4754879226,1051819.2209748225,1126022.9426081066
2025-02-28,1278438.917453204,1494617.821247299,1486105.711515054,1410934.608633417,1533502.1847907505,1434100.435873911,1491330.2796048278,1260394.4027120797,1745436.636819192,1513794.5716643229,1141578.3173969246,1638540.6940132417,1343083.1546387852,1388790.7774645598,1352424.444492136,1407976.9614605631,1405854.5661418356,1198927.4885175866,870721.322330944,1494136.953659136,1415946.3656811258,1278438.917453204,1052082.1034404396,1126304.3709007173
2025-03-03,1278758.4392570073,1496380.7501141676,1487709.309748143,1411952.818875219,1533028.7836948063,1434066.6848417467,1492020.2581361067,1262461.238423432,1748551.3384966797,1509622.6070390262,1143479.967728759,1640532.1373673654,1342755.4416879362,1390099.0648878238,1354241.35988743,1409395.9017975046,1406518.542869571,1199227.137932612,871156.2927036253,1494586.6041065038,1416313.107566341,1278758.4392570073,1052192.2060378501,1126426.7283286697
2025-03-04,1279078.0409192864,1497563.066186851,1488579.8786694617,1412572.5223683694,1529876.4259356626,1432761.901740899,1491785.8251058469,1261767.8219466475,1739233.7825170944,1506295.480439581,1143765.7590770305,1641540.1353492811,1340530.5742774156,1390472.537905264,1355128.5609295329,1409830.5613583564,1406293.1985386305,1199526.862239383,872001.5856895602,1493842.276215122,1416137.3074783667,1279078.0409192864,1052782.129593358,1127048.6722263338
2025-03-05,1279397.7224599998,1513512.1310607835,1504930.682691467,1420541.7395639978,1545506.3114094925,1440303.225319429,1507666.543516478,1263837.6221385263,1757937.3227100002,1517633.9635976686,1143879.3720919888,1659638.982697456,1355989.1640909566,1404422.630972371,1368698.3208587554,1424016.585531238,1420386.9961337359,1199826.661456616,873817.4476841372,1509258.3306566323,1423540.098988551,1279397.7224599998,1053045.252719905,1127330.3568808038
2025-03-06,1279717.4838991123,1525705.435545961,1517830.1143450746,1426796.8452918408,1559764.2043502051,1447232.1475030093,1520738.0469888356,1264846.4849675975,1764112.597269604,1531957.0418243888,1144045.7250175523,1673906.4790440246,1368579.317066622,1415453.985008699,1378870.1989779568,1435374.6376293604,1431975.0964365997,1200126.535603035,875953.0578152036,1522857.8292404015,1430038.0331152389,1279717.4838991123,1053152.3324527787,1127612.1119370644
2025-03-07,1280037.3252565926,1525729.8003894778,1518250.1935242498,1427129.8062692988,1558976.1995054726,1447056.703774155,1521020.88736193,1265247.4755469114,1765613.1529140843,1529806.553571904,1144331.6577662353,1674213.7259645523,1369052.864651893,1415923.961305912,1378199.0708200645,1435973.2697100663,1433507.7910433498,1200426.4846973661,875264.1959589927,1522152.1804366573,1429869.177923704,1280037.3252565926,1053332.795201445,1127893.937412711
2025-03-10,1280357.2465524152,1523868.0480283652,1516607.5042317766,1426456.3368744059,1561882.3449518203,1448576.315175831,1520426.2662414862,1265389.9565480796,1765101.547875625,1535528.7067098676,1144449.9281492282,1672405.6603568774,1363455.8973733936,1414477.995139195,1376976.7727276876,1433660.4585470133,1432700.7998599992,1200726.508758342,873937.1015531281,1523008.5924641239,1430534.5885467804,1280357.2465524152,1053282.3492906012,1128175.833325344
2025-03-11,1280677.2478065586,1527396.1067868003,1519694.1047717459,1428132.8753842197,1563709.767995804,1449565.9603520227,1523502.6739912967,1267959.5530321149,1784350.5315275427,1534690.0557595724,1146731.0037615334,1675681.0444245965,1365738.3872492225,1416809.6744567007,1378768.4286278277,1436989.5785182624,1434591.8407904604,1201026.6078046984,875667.4443608042,1524419.4901414257,1431371.1005298754,1280677.2478065586,1054386.6653466087,1128457.7996925674
2025-03-12,1280997.3290390074,1518787.481861649,1511110.5320968027,1424225.4806490082,1555917.5455097605,1446000.99472018,1515811.3952239482,1268573.1384965843,1782231.576596531,1529545.3932695456,1147017.6076452208,1665860.870159049,1364075.0424636006,1409328.1809962906,1371571.013656829,1428891.8025860502,1427441.6583469755,1201326.7818551771,875184.3374579103,1516106.5765369427,1427714.1757021912,1280997.3290390074,1054146.84434232,1128579.2593319837
2025-03-13,1280951.8798833326,1515843.299086217,1507989.1901930706,1422930.347796521,1551715.583643473,1444193.6874415847,1512478.5008776768,1267690.9903799973,1773737.3007294873,1524920.8630355943,1146961.099525211,1662416.5216803935,1359625.3076425595,1406317.5224452417,1368957.2840632508,1425698.6934782045,1424203.1061912056,1201627.0309285242,874430.4444850424,1512357.72206746,1426141.2769254341,1280951.8798833326,1054410.308553695,1127840.9663408478
2025-03-17,1279111.945576899,1515486.6552642023,1507094.8273644878,1422678.7100570882,1551643.6624667775,1444317.6274354903,1511891.833611322,1268739.6102007774,1779570.5293897924,1525089.4149517652,1147738.7843679884,1661416.5262197242,1366397.014398993,1406042.2340968752,1368278.081233686,1425380.2337954955,1424393.6514038926,1201927.3550434893,872382.1685903799,1511592.878253908,1425970.700014887,1279111.945576899,1053886.831486441,1128333.1841576118
2025-03-18,1279527.1017945383,1515890.9451307233,1507527.4434913313,1423061.2121896066,1552279.633627554,1444793.7312531166,1512392.833410295,1268993.347631415,1779571.497465489,1525719.2881149582,1147825.4485687884,1661889.041596089,1386159.6229638963,1406358.489072959,1368623.565656893,1425696.6476557953,1424678.8204668716,1202227.7542188275,872420.191283237,1512093.3098381588,1426387.4555028458,1279527.1017945383,1054134.2749660152,1128428.3201440515
2025-03-19,1283088.8710859974,1536523.7707047476,1527353.2785704033,1432726.7751186064,1566566.8107568482,1451670.3171210424,1530818.016327541,1271411.1233813604,1792730.277636246,1539247.0836122977,1150015.1582173288,1683680.7867671673,1390609.239220194,1423250.8126369035,1384310.485490666,1443205.3923971525,1442191.281722826,1202528.2284733,882737.1067763148,1529754.4093233068,1434739.769453125,1283088.8710859974,1062377.7707442138,1130467.896605774
2025-03-20,1285980.6419959783,1559924.8471659326,1550636.0710126811,1443977.2149922778,1591045.3885659007,1463383.3701372899,1554020.4329470687,1273530.3576179757,1846435.4935245,1563025.1439709798,1151755.4126304395,1709536.5326774055,1407791.8789679946,1443320.8477988786,1403381.2253570163,1464536.715056763,1462014.2921067104,1202828.7778256712,890041.473036728,1553385.9620447538,1445977.6666954574,1285980.6419959783,1071800.5201069904,1132260.2202186813
2025-03-21,1292488.6300717117,1568863.082140779,1559463.3918163567,1448392.6385436177,1598452.130115887,1467032.8675983173,1562535.9423409542,1273934.790897207,1860118.0763167772,1568724.2689463338,1152043.2722707866,1719269.536488058,1417489.5264628679,1450291.2751154415,1409402.6192653666,1472259.453382376,1469212.2766415281,1203129.4022947089,892641.7048762775,1561204.4916972346,1449767.2577106669,1292488.6300717117,1078248.9967662336,1132615.3986158636
2025-03-24,1307055.0087421762,1589598.50871701,1580143.3222180805,1458413.7639036267,1615646.4548495652,1475308.1234689527,1582357.3081948634,1276232.1284211548,1868414.5834491486,1585096.7100613355,1152331.2038562458,1742022.6705843154,1436183.6295599525,1467294.0729161347,1425444.9252370668,1489891.6115585184,1486566.124425796,1203430.101899189,895478.202880111,1580290.2344094224,1458854.5699979314,1307055.0087421762,1089392.1641952428,1134550.3211640073
2025-03-25,1304388.313105516,1591653.3639556554,1581915.7739666684,1459443.494099649,1619762.4624851025,1477439.1009079993,1584511.5278730954,1276704.8204725971,1885014.0589078215,1591741.5646462834,1152619.2074047988,1744163.7362296788,1436808.9400168182,1469329.9134975872,1428050.8549558986,1491972.042083294,1487958.9294891038,1203730.8766578897,898248.5434815577,1583669.261525059,1460637.078025598,1304388.313105516,1087547.1002205093,1134914.2551397777
2025-03-26,1298641.9354806067,1579585.9058392153,1569805.4517180459,1453881.1502358506,1607586.9310139664,1471873.2094173075,1572419.6280084653,1275106.6406440171,1883620.5752295337,1579174.4757364772,1152907.2829344317,1730807.6038235328,1425772.6965685855,1458656.0474903542,1417195.575274652,1481608.9328234037,1477175.2022749025,1204031.7265895933,892625.0830634027,1571340.266335592,1455061.1764011153,1298641.9354806067,1079660.565943202,1133564.4149046992
2025-03-27,1302286.9252915098,1584436.8853718305,1576895.6391218698,1457461.294099573,1612562.9024429575,1474402.7500028054,1579027.7396279462,1276057.0809426634,1882885.8408226839,1584274.6513742064,1153195.430463134,1738614.1224924603,1432152.7839774597,1464815.0501257672,1423382.0309975669,1488144.4580136158,1482919.808794668,1204332.6517130889,891285.3838984115,1577713.1150032918,1458186.310819021,1302286.9252915098,1079930.4068302521,1134369.3046124766
2025-04-01,1302417.998580584,1582482.1135414601,1552522.3992558455,1440740.8455952243,1586157.0628665052,1456470.6781964744,1554044.6619953674,1275804.4913730253,1848939.7315187478,1555948.763795881,1153483.6500089008,1712669.2222153477,1410618.1157191836,1442859.5336093972,1401869.3786159768,1465335.2906094757,1461380.7445342024,1204633.6520471687,890583.8890835689,1552550.0997934465,1440997.5825834067,1302612.4074571084,1080200.3151589655,1134144.7614797736
2025-04-02,1304840.851917612,1592656.5991506926,1562412.9732244203,1447738.3371349752,1596960.0685687105,1463989.7723013605,1564255.0717252938,1281211.8867892069,1878076.857352521,1567622.9062078728,1153428.3214988178,1733866.7748616168,1420765.8802130362,1450853.7329767125,1409341.416532138,1473129.2298240985,1470108.604625777,1204934.7276106311,892268.3887897503,1562833.9890665654,1448221.349712956,1302549.92577068,1079188.0755692828,1138951.7434476076
2025-04-03,1304790.0150901112,1580820.3532861026,1550807.4682621013,1439890.9978741559,1583530.5045890966,1454848.53569132,1552373.4225785942,1280710.3334717494,1872641.8974676586,1555560.5776145305,1153132.690804212,1728583.752673422,1415757.4693326948,1438534.3192059551,1398752.2364670401,1458927.125251331,1457877.9199686386,1205235.8784222777,888399.4092710183,1550918.4396017753,1440134.9353460814,1302216.074301857,1079110.9430291392,1138505.8804086829
2025-04-04,1306508.175405894,1559136.2968015024,1529382.457050982,1425356.1837165928,1567611.5107915113,1444175.0049716467,1533284.352679456,1276475.1195571737,1881008.7827368192,1547788.503574212,1149367.8548196624,1722249.8255116672,1394709.9413424153,1418253.3959866292,1377570.078061471,1438475.466664277,1438731.178331691,1205537.1045009147,884948.4581666783,1532939.4813745166,1428020.2996259395,1297964.4994611756,1069313.281410158,1134578.3411780468
2025-04-07,1298197.949069726,1517364.4354678136,1488464.8280658217,1397271.4315172413,1533296.233651295,1420948.9221548233,1494417.8624195394,1255897.7106760286,1819694.553582948,1517968.7203608775,1145900.4879007596,1664846.8453963608,1349475.94661839,1383190.5896721228,1342985.1726634796,1403792.6490676028,1402835.243825287,1205838.4058653554,879691.461131389,1495803.5279291216,1402636.216358191,1294048.852135152,1069580.5361877172,1120148.108517449
2025-04-08,1301409.6706686672,1543034.638631403,1513757.0225231266,1414818.944082721,1555986.3131179628,1436467.6772292953,1518500.9141508418,1267927.796734012,1844120.8603893877,1537754.0211016517,1145499.480382353,1689404.1536087333,1372264.9772806119,1404911.4418649338,1363948.238103165,1425999.1741906402,1424834.7157068,1206139.782534414,886573.8340664638,1519971.7834186682,1419305.2983151781,1293596.0001428798,1069847.8577605903,1126797.43517175
2025-04-09,1301348.158779381,1533585.1612156404,1504409.6313752597,1408618.150443624,1556141.0877506018,1436746.234402359,1512085.1348398596,1258783.398247622,1840846.0862352748,1543045.731618998,1140864.1557983495,1687726.2858560812,1363941.0155235096,1395696.0278828754,1356224.264910729,1416438.1652056307,1414421.2692017022,1206441.2345269131,884114.1254229196,1515351.2260141359,1416276.234557805,1288361.3951134393,1070115.2461454712,1127079.0570342352
2025-04-11,1304126.6526128207,1554848.7671563958,1525239.3179354342,1423140.934086022,1575806.329135859,1450250.7904846212,1532492.2757824564,1270469.044668749,1879841.8774615622,1561332.6987258152,1144565.6988270634,1722113.2946511875,1390088.29319438,1413035.5165666665,1372747.4974283956,1434366.6093351105,1432002.7980688522,1206742.7618616768,892950.4542885367,1535205.1661987216,1430036.1447151103,1292541.4941342638,1070382.7013590583,1127360.7492828171
2025-04-15,1303586.215175095,1581180.3275330942,1551006.9489927222,1440939.950382366,1596921.388389149,1464662.5893187246,1556946.9237847263,1289055.7989541776,1931256.908466889,1581377.2103696517,1154101.3274171266,1765618.400086852,1420534.5599441754,1435433.8749873168,1394310.1378449127,1456439.1372877269,1455568.7825660333,1207044.364557537,903884.020622481,1558541.4288726093,1446133.271500504,1303309.9416230717,1070650.2234180546,1127642.5119350879
2025-04-16,1306832.796264994,1587232.5630929044,1556971.4894329428,1445170.1346314927,1604034.6303398928,1469651.831141711,1563401.2289346547,1292619.5825008377,1949631.6113492267,1589382.0951601886,1155740.077679988,1779912.1902061966,1427150.4385643224,1440437.6138761516,1399149.5516223053,1462125.6058574931,1460057.191325716,1207346.0426333281,902285.4909424246,1564887.8062665076,1450654.925916241,1305160.558599836,1070917.8123391669,1127254.1440649843
2025-04-17,1315002.9972596655,1615876.6455430964,1585034.7337860526,1464687.562736118,1629688.7984150033,1487285.9871671174,1590992.9231233941,1309593.6361168514,2004915.256031513,1611986.8152083387,1162557.3110510965,1838475.2670378676,1452387.4204316656,1463559.9469260275,1421609.571988716,1486212.4600834558,1482879.7739754226,1207647.7961078908,905527.5822269034,1590882.0182268405,1468721.3122329626,1312859.1616738094,1070221.3227715092,1141048.8711809113
2025-04-21,1313136.7073961766,1626462.60362294,1595374.4987362435,1471894.4744100736,1635480.2532680426,1491334.7313769332,1599867.6777277722,1315613.222336395,2010131.1341844453,1614803.6200312714,1164454.6552497759,1843701.9899276027,1469065.9091433494,1472521.117449906,1428521.948685473,1495235.7573839223,1493902.4310739555,1207949.6250000678,906206.1066695376,1598728.4170326074,1474201.828512184,1315001.8050432212,1071627.3035987944,1144963.5130444823
2025-04-22,1320938.0790941692,1631379.9062600224,1600262.5054054935,1475369.166794286,1644950.2538754975,1497871.472472069,1606424.1305872235,1316216.442717485,2009155.3899414488,1630366.2144747265,1164574.2822866843,1834501.6587520288,1471605.0802179906,1475438.86406951,1430485.531800828,1498910.2586937598,1497056.5415258184,1208251.52932871,905174.4825488133,1606479.8692048455,1479639.2731179327,1315136.8981262858,1077723.3394179419,1145954.4806418489
2025-04-23,1320335.9424285362,1643175.7363243275,1611888.7319654352,1483442.3297129557,1657337.5497319065,1506426.350590839,1617656.9311004402,1317345.8575757076,2011772.3091489736,1638432.1845839748,1166178.3829634062,1848531.494026479,1481451.3553125826,1487731.4089008763,1442950.2828816404,1512316.3575452904,1508044.8110196595,1208553.5091126706,908289.8451359778,1618033.688688871,1487611.3450903145,1316948.3858264298,1077840.7609557104,1146104.670829782
2025-04-24,1309843.6271131348,1628837.5177006107,1597750.1342428245,1473704.0453569656,1638937.2691933552,1493981.1490857082,1602696.6393000605,1306797.2364851357,1985329.3263816414,1617233.981634357,1166296.188937218,1824136.8909191352,1476442.944432241,1473796.064040462,1426695.9248917662,1497295.7640681667,1497624.1740516701,1208855.5643708087,907264.5183631217,1601000.522086927,1476002.5638233458,1317081.4224092704,1069320.00717857,1135955.174623951
2025-04-25,1305114.7222291722,1624068.5486722402,1593034.5858556624,1470507.912662427,1637608.7094746148,1493193.3118358916,1599023.8029498102,1300708.3195967178,1969308.9132141802,1617711.5941452421,1165386.5496234135,1810965.4776231016,1463816.9013972469,1471154.1580039037,1423552.09241288,1494486.5482997226,1495675.1829552115,1209157.695121986,904042.1518501147,1597851.0769190423,1473907.9841238533,1316054.179884885,1064225.2840210116,1136239.0852914692
2025-04-28,1310941.9670161274,1642516.4996522048,1611088.5604393303,1483075.0415807306,1651694.8862035628,1502888.739089852,1616067.9496558523,1309021.3047988475,1979982.8464763716,1626030.205517463,1166710.781032667,1837180.7617697779,1481424.0012447995,1484292.5289806584,1436103.2634244487,1507872.0356900613,1509162.7978633323,1209459.9013850729,908055.7316221842,1612619.9835832547,1484165.4432423133,1317549.615267974,1064491.2671491543,1136523.0669171284
2025-04-29,1308666.5892030916,1646450.3234932427,1614902.770808961,1485824.3141092227,1656284.752021998,1506154.289136632,1619945.3717579118,1306888.912203537,1976952.920699763,1627856.6968042387,1166951.876648359,1843931.3271125155,1481877.6030470799,1487197.185495394,1438249.3927390755,1510837.3345469024,1512793.6833671343,1209762.1831789408,906898.2397924404,1616065.5353878813,1486621.582364869,1317821.8810607153,1064757.3167547858,1136807.1195186628
2025-04-30,1309135.9658662989,1648696.6338477011,1616956.1764736443,1487371.7892067726,1661375.9235298873,1509734.1745450518,1622820.7314863342,1308750.1668774174,2002466.9493722662,1634223.207320987,1168847.8266368164,1863222.831548135,1481771.041113456,1488993.973767956,1440768.235857745,1513176.3779423134,1513295.6381477152,1210064.540522467,905669.4110290564,1619611.2002465918,1489134.696483831,1319962.9499686824,1065023.4328545206,1137091.2431138114
2025-05-02,1312007.5921498274,1650049.4482834935,1618164.3558224628,1488271.9409320594,1662280.2110126452,1510472.7844034827,1623835.0368939734,1308646.0969076906,1994573.4084652485,1632043.7418639057,1167363.468491737,1864602.7733262654,1482532.1977822008,1489196.9590594708,1440401.8297784464,1513508.8090619086,1513962.5888201743,1210366.9734345349,906347.6177776592,1619679.985927123,1489252.6611921098,1318286.6857781366,1065289.6154649786,1137375.4377203183
2025-05-05,1316677.2643964086,1658955.986457515,1626790.1369193844,1494330.3968080194,1673297.9554408102,1518081.6734096587,1633736.9657246973,1313313.7504501971,2008117.3070059647,1646586.0637866398,1166112.4825626807,1874761.8315928946,1489501.4195996672,1495926.1189096326,1447505.3206090797,1520174.9573557917,1520356.2178502402,1210669.481934031,910679.7759209849,1630227.1546350347,1496654.9741984764,1316873.96545676,1065555.864602782,1137659.703355931
2025-05-06,1315178.3524358992,1659887.9677120596,1627754.2111528586,1495092.5637470381,1675323.7932795852,1519509.3167770947,1635337.6633255137,1314589.095193373,2023226.12639131,1650912.9413324974,1165461.8871163093,1878101.1682045609,1484535.5859204836,1496692.7931881575,1449312.9133506308,1520712.2603134362,1520266.0504070057,1210972.066039846,909843.6389321754,1632778.6502170614,1498537.933665435,1316139.257426289,1065822.1802845583,1137944.0400384022
2025-05-07,1313696.052769629,1655720.0476673332,1623651.3368365318,1492325.1010413694,1670362.8203246437,1516206.6003716453,1631008.6156115031,1314234.1202639916,2026755.824549176,1647347.7065705121,1166015.9710817104,1877243.828053439,1486654.6936585607,1493289.374641193,1445984.9896647548,1517292.669455866,1516804.3090501965,1211274.7257708777,907305.734796324,1628438.4065584138,1495621.9316974976,1316764.976436783,1066088.5625269392,1138228.4477854886
2025-05-08,1311074.6172746061,1650159.7262415318,1618267.819477694,1488721.5521081071,1664603.5510983265,1512342.86516222,1625675.6018308834,1309380.061027856,2011400.4988685802,1641050.3626681252,1165246.3158068703,1866904.5123487327,1478093.2272346641,1489093.2914303106,1441506.2260274445,1513185.8105845156,1512819.0151259303,1211577.4611460257,906085.8135993136,1622836.0361861982,1491823.476095491,1315895.8158635371,1066355.01134656,1138512.926614951
2025-05-09,1297458.6515589354,1637440.119877002,1606562.237387974,1480885.9091706509,1648625.6765723205,1501542.1767108534,1610754.1907510397,1298741.1491691314,1971069.2122659695,1618505.8588779788,1166828.104137049,1830504.8266813762,1461907.9442581811,1479178.3927361208,1431884.305708993,1502149.5441935705,1503728.5912989618,1211880.272184197,902399.7623990878,1608305.0650225272,1481856.9663989956,1317682.1065533492,1066621.5267600603,1138797.476544556
2025-05-12,1317755.5555652168,1699280.266450275,1667743.4753305356,1523516.2043397953,1709883.387763384,1543756.0949590683,1671670.69610644,1320864.1105965397,2025038.4704147838,1676666.2346162933,1172234.2207929469,1889421.9744499787,1517728.0821449643,1530891.8520858781,1483469.9848206406,1552432.5758559173,1556936.5462288859,1212183.1589043022,917993.2235825324,1668355.769330685,1523679.5391688969,1323787.1559245116,1066888.1087840842,1139082.097592073
2025-05-13,1311218.6221095275,1670880.6807059273,1639722.022022267,1504163.4122191984,1679506.265571583,1523034.6122108302,1642780.2551629543,1309493.9969772836,1986043.435308083,1646252.785344238,1164786.89387639,1857223.5396351286,1496637.9769535267,1508675.4791424598,1462490.7871398095,1529641.645231518,1534031.2993159408,1212486.1213252554,909747.2544446312,1639588.410358787,1503763.4449813212,1315376.9973203377,1067154.75743528,1139366.7897752766
2025-05-14,1315952.9154134504,1675401.6736413327,1644301.905704505,1507457.2436550446,1684391.1891301207,1526467.6346070694,1647141.6556049364,1309223.0225359763,1985631.9259344444,1647726.21623478,1164559.8516735744,1859156.3352621794,1502030.0583672074,1511983.811457508,1464755.9638020066,1533203.7017671263,1538169.4907660207,1212789.1594659782,910340.4376576383,1643556.9192464426,1506626.3916066973,1315120.601843556,1066149.3977540699,1139651.5531119464
2025-05-15,1325655.3882556236,1695830.5217921608,1664210.7519539054,1521313.944970097,1704208.7948327446,1540180.2237603816,1666891.3591719824,1319921.0992028923,2015161.582885515,1663832.3770541742,1167845.6385152868,1889872.3116360037,1526094.740033954,1528067.7036553875,1480890.1121940073,1548983.657686482,1554483.977653758,1213092.273345394,916661.1646361598,1662120.257924953,1519634.9520664702,1318831.1934139184,1075820.494691632,1139936.3876198656
2025-05-16,1323234.1305296184,1690970.7926017607,1659350.102042135,1518056.7326349448,1699831.3265655232,1537286.814098205,1662864.988211657,1318263.313640458,1996356.0650820099,1665452.0532213142,1166287.9891656155,1877710.6641024454,1523519.0572253587,1523767.454501697,1476222.6614153457,1544576.7505250555,1550677.897990376,1213395.462982433,915251.3791965609,1659087.6276455661,1517563.2593751047,1317072.1625257614,1074277.1744475132,1139032.189749985
2025-05-19,1317250.953873713,1684587.9175572575,1652967.210066567,1513681.5928294675,1693337.8540862827,1532928.8941601866,1656413.4557747506,1318762.303536117,1997815.4262376716,1660463.7057251392,1166265.4598323354,1874221.7459291683,1518991.6022150808,1518826.2602582239,1472226.33487197,1538789.974232132,1545601.045619581,1213698.7283960292,912900.0675168806,1652892.5222127633,1513346.4248985038,1317046.7204754453,1069827.6603048097,1137936.1677236075
2025-05-20,1313052.500123949,1671001.8280379742,1639691.0841227516,1504571.533950213,1680194.9392329932,1523973.0453716158,1643267.194505429,1310341.5846997758,1980273.576152408,1646032.9734955174,1165933.6779621392,1857152.2643072964,1503065.2314367,1507002.1602410881,1459342.372986533,1527637.4265210612,1534226.586613999,1214002.0696051216,909666.3482222601,1639281.366566013,1503991.4703416429,1316672.0440067465,1061821.1338248965,1128945.0332665886
2025-05-21,1316682.7333045756,1678774.5617180353,1647378.6978896155,1510009.939692882,1687687.1130436228,1529211.909466664,1650806.7599193652,1314588.6630780478,1993141.219119678,1654089.226615317,1166531.6088216864,1866851.5464963235,1510953.7877931346,1513494.1947263456,1465835.273435792,1533949.4759511284,1540889.0331834548,1214305.4866286532,912275.9162734258,1647150.9957151061,1509561.0090945333,1317347.2786808067,1065711.443014592,1129227.191880895
2025-05-22,1309869.6863722338,1664837.5798621492,1633545.551052141,1500447.83917464,1672841.0329653153,1519109.3041829437,1636556.571563908,1308928.1244990444,1991795.4292598444,1637890.176593438,1164418.7747001997,1860886.5068384018,1498546.9340925927,1502318.6203421247,1456022.1774197223,1522099.6763065055,1528979.6866803826,1214608.9794855737,904855.1881688982,1632330.4540425513,1499378.6319809381,1314961.2856573893,1057132.97339963,1129509.4210154496
2025-05-23,1316932.2938358549,1681829.2059825764,1650325.0106973867,1512209.3418306282,1690885.934250977,1531599.834270411,1653812.027836999,1319284.9662486918,2000565.906714017,1656920.7625566719,1166760.9413876175,1872111.584035371,1513371.292731506,1515929.6129242945,1468795.9661897847,1536212.934698215,1542945.5454612474,1214912.548194835,909913.4742458299,1649851.7100235133,1511620.5727814406,1317606.2606315378,1057397.183937896,1129121.255593025
2025-05-26,1322735.3726088332,1696749.6817142013,1665098.8125875518,1522566.2416688732,1706470.2617051625,1542400.3638467602,1668758.2862215005,1328893.5200403666,2014651.0122093763,1672676.7344776238,1172346.3115540463,1883771.033963494,1522383.3876894456,1527788.6754498258,1480022.2290903982,1548617.0694881205,1554906.0332931252,1215216.1927753957,912242.9088601222,1665213.512249669,1522375.1749726858,1323913.7384002735,1057661.4605106253,1131980.1702631202
2025-05-27,1317400.6127166112,1684144.3943902114,1652759.100877835,1514105.6647374537,1692238.000025263,1532731.1146536197,1655387.2192500443,1320236.3798481785,2003102.5849183921,1656357.7930788896,1169229.7709637627,1871776.5921295143,1511730.1675952545,1517327.5946357516,1469969.5033654189,1537984.299771375,1544203.5563151562,1215519.9132462179,906463.5126758752,1651876.219571468,1513215.7472456708,1320394.2741744772,1057925.8031343224,1122392.3213300596
2025-05-28,1314828.2882792626,1682184.846334983,1650888.9711313208,1512890.837345106,1688991.6085723331,1530614.2221839936,1652723.6125237641,1319801.760774274,2008659.5613816383,1650408.3769718239,1169688.0180158329,1874312.9241330205,1507239.3432496598,1515699.9753157508,1468344.6129556936,1536344.2250646453,1542587.521027229,1215823.7096262693,905654.6509504637,1648607.9967453454,1511068.9909751331,1320911.7659444755,1058190.2118254947,1122672.8422170493
2025-05-29,1316903.2013446689,1685925.8925312918,1654583.4495408887,1515545.8705260716,1692222.9657067005,1532926.7498783874,1656144.0821086455,1322353.2583798047,2014185.1486770282,1652425.763645792,1170811.8281826514,1879506.7957326674,1512180.7961292977,1518148.8956258928,1469798.0545944618,1539287.7571989563,1545577.6515389967,1216127.5819345217,906883.5293345322,1651966.2210710987,1513497.834785678,1322180.8685164219,1058454.6866006549,1121943.802774062
2025-05-30,1314255.0965777647,1686767.8215233826,1655352.636572652,1516147.7735505009,1691291.0935711265,1532418.0916019888,1655773.5843435256,1322794.6054469754,2011895.4767377782,1648370.4182569066,1169542.8742870537,1879619.1746765166,1507132.781316036,1519563.1389964167,1472821.980832261,1539268.4425088877,1546741.6554427603,1216431.5301899528,906424.8169196915,1651054.388231875,1512956.8039902945,1320747.8572302333,1057781.0721769047,1122653.2703254174
2025-06-02,1314450.7752830936,1686171.3520189305,1654798.1762078404,1515879.4077283219,1691323.53293063,1532529.4679482607,1655481.0717306917,1322960.1301374768,2007707.8998850517,1650094.4923025863,1169641.0833029735,1879070.7245826495,1505056.3697098456,1519007.5646692375,1472472.8231495502,1538551.4768928615,1546132.5430143327,1216735.5544115433,906764.0024205677,1651401.8245291163,1513265.128386715,1320858.7632518837,1058539.6588921275,1123415.5152365358
2025-06-03,1310100.520472342,1675625.7156191573,1644346.7170928873,1508790.4140116742,1680031.047789105,1524939.750313311,1644656.5258667832,1315407.3785215137,1995233.566848175,1638071.567316702,1167745.8232633548,1869072.5787800988,1494455.0034137128,1509864.1253161763,1463316.8303752718,1529766.74611774,1536656.055002598,1217039.6546182788,903996.1909517307,1640477.0638327666,1505821.715043881,1318718.473493164,1055172.9880271365,1119802.5495127877
2025-06-04,1311042.6854793779,1682116.4030940293,1650519.2857622642,1513129.0934960518,1687075.3139369395,1529847.7198434863,1651112.8188582002,1318774.3075325838,2013786.0183465844,1644656.5576371946,1171981.0172083823,1875731.0862597043,1499186.3056943389,1514418.8565648529,1466100.8137219355,1534885.5672589305,1542487.8522450174,1217343.8308291526,904378.7873980936,1647074.4710673864,1510431.6556348864,1323501.2167775938,1056904.1212019902,1121672.9039014885
2025-06-05,1312641.6108529095,1690575.3184123486,1658610.0799453682,1518778.8402369993,1695154.1333715764,1535448.7546687778,1659553.6572512721,1323623.818338388,2026302.841691466,1651415.722706203,1177122.1989561175,1888698.4880764359,1507145.0311811732,1521067.146005785,1472804.7040458515,1541274.4189034717,1549328.5096866896,1217648.0830631584,907692.2343115415,1655037.4566135262,1516030.9272373272,1329307.0789877265,1056714.836107705,1121485.4042950377
2025-06-06,1315728.1042739605,1698468.1272148958,1666396.6011151795,1524235.651215081,1702852.5517810273,1540762.816148303,1667451.0964840245,1329823.8888012008,2035283.0120070458,1661792.4276565148,1179431.3300310841,1897452.591871834,1522499.107289241,1528071.684689831,1480001.6223408338,1547761.52795335,1556639.561344858,1217952.411339298,908932.4069758087,1663209.3270730048,1521775.3240111961,1331914.7473224038,1060398.2908823998,1125368.5786156452
2025-06-09,1318170.2750726286,1701831.9049932125,1669978.7097301744,1526796.7020064138,1706311.5128431143,1543221.5172733285,1670439.269538079,1332029.411148438,2024936.9908068408,1664728.084606579,1180685.2965250856,1897279.6208873312,1528597.3993746412,1530871.1191579625,1482288.3291971744,1550820.8397936695,1559710.7385599029,1218256.8156765755,909284.6033812312,1666507.5636665563,1524145.7098331195,1333330.8335526758,1061042.261381273,1126143.9278230786
2025-06-10,1318450.5501566501,1702493.2843748196,1671068.9628669154,1527654.7621434547,1707991.6140460682,1544449.2835140864,1671676.4636056398,1333576.5767272222,2012431.1293982044,1667118.7676021373,1181692.903184969,1889504.4184373831,1528661.3841071082,1531517.9792609168,1483071.9843615366,1551563.686409913,1560118.6311783434,1218561.2960940022,911833.4153122959,1668195.8187399462,1525399.092636162,1334468.709184455,1059245.5694940179,1124272.529590115
2025-06-11,1319610.5315318217,1705939.457511868,1674575.6184610373,1530130.0851643267,1710276.6953851678,1546123.6066801827,1674486.591758377,1335392.390228322,2010792.3943865984,1662910.1846109356,1182291.5021352563,1890790.943641065,1530923.565512764,1534007.4593607548,1484867.4598893353,1554954.0271385482,1562430.36445377,1218865.8526105923,911624.1843568897,1670094.936319748,1526811.3154337653,1335144.6983237278,1060390.038794671,1125540.448308822
2025-06-12,1309642.5525589332,1687602.8469876708,1656209.3887697924,1517614.7670228502,1692070.9230930258,1533793.27016147,1656604.9199618734,1321546.9943230045,1999394.4798941268,1644980.1352087182,1179552.3162892463,1873133.036502571,1515505.50467223,1518772.6423569045,1470174.252974642,1539200.4169217863,1547167.1192930874,1219170.4852453654,906311.4497480501,1651617.2290275083,1514164.314622105,1332051.3753543769,1049354.2823131175,1113784.9667860968
2025-06-13,1303425.3227149833,1674621.625302813,1643623.008703213,1509048.5201026879,1678829.952909731,1524879.6981929305,1643836.2121143185,1312716.3063805804,1984985.6639917754,1632050.1663320796,1177872.9466033494,1855535.3789272185,1505178.1547768454,1508221.5378059272,1459826.1379973497,1528653.03762166,1536413.887374899,1219475.1940173458,903379.7580164233,1638995.7216493282,1505567.4847016183,1330154.8874505043,1041292.6886963858,1105238.388426304
2025-06-16,1307562.4794961158,1689345.265482292,1658276.551549507,1519189.9111080815,1693699.890087097,1535118.2762870074,1658577.1904930915,1323574.1458887963,2004223.87677325,1646397.0244090497,1183588.955422382,1869339.0037969933,1519055.5869475475,1520605.1221788384,1471953.921040186,1541268.2439511695,1548817.829860062,1219779.978945563,908003.8339312626,1653437.728871099,1515647.4702835528,1336609.8935606896,1043990.7698352617,1108063.5383790263
2025-06-17,1309209.4416873045,1688906.403341844,1658062.7429497014,1519142.091750283,1693251.355048323,1534899.088839749,1658192.5089495128,1323925.2258585687,1998029.0263366678,1645981.5150836613,1181944.0280489207,1864801.9743002784,1513386.5158648817,1520182.1233543616,1471318.7698516122,1540923.7215620836,1548538.1802611498,1220084.84004905,906528.1814608983,1653299.9180104958,1515644.7198337116,1334752.3008622406,1045518.7011737914,1109538.012098288
2025-06-18,1308726.2540146578,1681575.740142358,1650518.925649654,1514040.5134419187,1685236.223834835,1529553.9194688427,1650239.6562596376,1318213.004859504,2000883.8773319705,1634822.6172139547,1181976.9747934449,1861043.4072761782,1510868.6333908194,1513811.6351891134,1465039.2605226238,1534372.1267992724,1542261.2668991308,1220389.7773468462,904823.7075079591,1644741.5353183164,1509806.8322999536,1334789.5071444467,1045780.0089427807,1107122.6384915744
2025-06-19,1306777.9453266058,1679555.17345952,1648362.7122997015,1512642.5452474153,1683031.1018601484,1528169.982749456,1648178.184047878,1316318.9549766944,2005720.2015628,1632455.777639618,1181371.3244488568,1861647.1506446658,1509723.8061887354,1512089.9335306336,1462471.934147801,1533247.34834128,1540827.8655128616,1220694.7908579945,903348.7971653059,1642519.9252622705,1508369.4518557503,1334105.5549675478,1046041.382020741,1106698.1469694187
2025-06-20,1307840.9505701668,1700658.2383339321,1668762.402079584,1526709.661799003,1703671.9984912532,1542380.5556962693,1668148.9943315517,1329752.8805161421,2047562.0446720116,1648396.478336377,1188730.4034670347,1891778.7768914334,1529157.6820412758,1529800.5291197754,1478257.456273309,1551715.0144334068,1559767.7142634909,1220999.8806015428,908851.415381882,1661603.1668192614,1521612.2379182784,1342416.0564960798,1045837.0007228923,1113377.3268585198
2025-06-23,1302918.9621621727,1684120.6195421792,1652138.694123069,1515410.9843809658,1688328.183236709,1532004.9699654523,1652286.950721865,1317137.0778361869,2038898.4744276528,1635673.2061262554,1186028.2442958094,1876798.5452693866,1520602.2810845834,1515878.2697662225,1464936.2854302065,1537317.555666214,1545709.9943977648,1221305.0465965443,906204.0268009326,1646103.1814527554,1510975.8916121353,1339364.5472151856,1042442.060571587,1109764.2374477298
2025-06-24,1301892.958921518,1685708.5847573036,1653706.381167833,1516566.8224841354,1689296.0795915574,1532761.465534359,1653532.2754643548,1319901.2221496662,2043808.367179791,1636572.3732682734,1186354.3137807597,1880849.828859104,1525013.8975643371,1516679.3655708558,1465330.668414194,1538409.114269586,1546644.3801652198,1221610.2888620566,905948.340512495,1646996.0619575523,1511707.1231480443,1339732.7727698227,1042829.140571378,1110154.579518189
2025-06-25,1308331.220533609,1702027.5833625644,1669887.9301948769,1527765.6152285472,1705751.4741291194,1544081.6599768444,1669491.6037892925,1327662.110769968,2065336.3751676644,1651213.2166897436,1191183.2529905955,1895191.6889535715,1537216.785063801,1530521.1007202305,1478786.6856056105,1553144.0942629473,1559980.7186452525,1221915.6074171423,910161.7382254051,1662912.9607373069,1522770.9589175307,1345186.0239966952,1046891.1994828584,1114579.4562739257
2025-06-26,1314155.6117959253,1718187.0890175346,1685378.8489578587,1538470.055480908,1721691.2750251344,1555074.5905351245,1685305.844170017,1332831.6588933617,2106279.6108372402,1665600.0360695343,1191953.9174740182,1918478.7811966166,1555743.3383810525,1543243.7065352146,1492074.5197090667,1566373.470692854,1571593.7081544804,1222221.0022808681,911140.8025379276,1677887.0653201446,1533202.740643759,1346056.3242546008,1053544.2723209164,1121791.5218917127
2025-06-27,1318043.3274776023,1728957.1066920268,1695687.5394507572,1545638.973761605,1731730.9226634086,1562017.6113617034,1695532.56441199,1336481.5554245012,2125176.182574797,1675056.2752880708,1193472.4202754772,1936789.0197173066,1561150.6429281076,1551974.9451857444,1500978.145989809,1574032.9765821137,1581202.5069262022,1222526.4734723056,912723.3184203889,1687942.086221571,1540238.777481306,1347771.147511891,1055582.5184992598,1123969.0857901329
2025-06-30,1314692.614739535,1723563.7107163607,1690601.4357814067,1542240.1377861446,1725596.039635721,1557902.7132941743,1689470.3070089417,1336516.8063361198,2105925.0381341698,1668581.7752605358,1194223.0205161266,1928946.1983135235,1553797.8695080322,1548423.821542799,1495662.5709791863,1570685.0595942042,1579291.5428286628,1222832.0210105323,911125.9918077925,1681978.7374834176,1536224.8704863281,1348618.7895105467,1050905.4530878824,1118920.7161940646
2025-07-01,1317300.812801087,1725741.6307282848,1692261.8045276026,1543492.2687914905,1726451.055627965,1558576.4645000144,1690693.7700120045,1337035.143663966,2111562.494853294,1666784.0650913988,1194341.9649746919,1937962.0848509022,1555304.9597121468,1549593.0633957814,1496478.5206277154,1571686.0930452403,1580995.0245418572,1223137.6449146292,909308.6548374684,1683081.6291085456,1537102.0946113134,1348753.111767758,1052292.3998516952,1122511.6098624938
2025-07-02,1314328.5165325208,1718296.4590075086,1684918.6901653323,1538595.4966576481,1720378.6081757974,1554580.4048801686,1683723.752694052,1333688.5958303136,2112773.860736994,1660838.7421829056,1194886.1573339696,1928497.805429077,1549922.0359646368,1543216.1461367053,1489742.7800125463,1565956.2904698867,1574354.9932184145,1223443.3452036828,907988.6978504747,1676396.1379904624,1532603.2597514952,1349367.6603304818,1047729.9351420868,1118332.8785928742
2025-07-03,1312519.5989627899,1715384.8643823217,1682080.3126928178,1536753.4565734258,1718850.3822150296,1553659.1326369892,1681071.6600194061,1333102.7594022609,2103793.324709625,1658847.076299827,1195406.7554862308,1924770.786791176,1546993.1288894524,1540612.792155015,1487340.6895921729,1563292.2031499152,1571605.7009100306,1223749.121896784,907002.3812595418,1673944.8588655062,1530999.3905198846,1349955.5642963764,1046081.1141786427,1116760.3927416326
2025-07-04,1315798.3750520293,1724748.963857375,1691406.1308523573,1543278.4477218513,1728439.980703872,1560317.6755693732,1690260.402061974,1336383.7824187777,2106946.1601017127,1666730.2451406962,1195882.6626824632,1933868.7530187897,1550384.7954330882,1547887.2277508138,1494128.39976257,1570743.2879305657,1579202.1841675104,1224054.975013029,908406.421884367,1683057.2050710623,1537344.4282019543,1350492.9994118249,1048776.0065944216,1119803.710127148
2025-07-07,1316640.3112786484,1730028.063110364,1696476.7547024682,1546965.8169278402,1737488.6148416554,1566641.4663446075,1696462.9497330205,1334152.9175552197,2115337.898561881,1678392.0738301969,1194762.9456875238,1939758.901405576,1550403.1107654294,1551955.9894513418,1498381.4761424859,1574634.8401021566,1583250.4707542704,1224360.9045715164,907524.2499502619,1690193.2060303693,1542316.240683298,1349228.5191996973,1051232.3269325637,1120202.7521589636
2025-07-08,1319294.6757773096,1733696.8195908763,1700138.8919111225,1549534.1001600043,1740068.0113469576,1568472.15552689,1699698.6047677682,1337264.354255465,2117867.145631987,1680205.3400642606,1195680.3771098582,1944054.121786122,1554129.6862433124,1554364.672780704,1499934.5662111742,1577101.908182451,1586489.373063561,1224666.910591354,909235.2642201124,1693231.5491919166,1544504.0530340022,1350264.5612395778,1051495.0627150342,1122269.2800435168
2025-07-09,1317694.5361458506,1730063.8906516214,1696740.7209594075,1547328.345022542,1739495.225277771,1568215.2339449956,1697114.0649554487,1335789.0189422749,2111503.451415397,1684648.8008720407,1194605.694931359,1936720.249580156,1551304.2489027858,1551481.956945054,1497121.495321699,1574659.7732874765,1583098.634595511,1224972.99309165,908960.026424858,1691685.6696974798,1543508.8252078516,1349050.938194487,1051757.8641633803,1120403.9528094283
2025-07-10,1310222.4255454317,1718544.042132038,1685571.1334105246,1539726.4297013404,1728390.7327004536,1560731.6058562982,1686152.7766685963,1333864.7915218885,2073672.5417878805,1674793.8930865952,1194709.0364424167,1921418.033427828,1543945.4100155064,1542280.98712941,1487970.6770283126,1565541.1792562867,1573774.722200124,1225279.1520915208,906464.2256049266,1680601.8899540796,1535974.3854672892,1349167.6402686846,1052020.7312940145,1115136.6721427354
2025-07-11,1307635.0371441203,1708671.5555857653,1676082.526920187,1533446.0746415067,1725186.6931678322,1558765.2629671774,1678260.3967360647,1331190.3019692625,2040672.1318484969,1677209.3105518497,1193306.8659178768,1904900.959595145,1531438.0598485442,1533475.3418370867,1480429.7631721154,1557354.224468,1563045.829174512,1225585.3876100844,905120.0089183173,1674715.286114555,1531952.6652870926,1347584.1893696429,1051334.4134979527,1108267.7632856132
2025-07-14,1303955.8064616418,1701574.6445575384,1668891.909577012,1528619.2919900843,1720446.0063169987,1555664.4980288395,1672059.868950098,1327733.9833851508,2040121.7796688287,1675226.1711064035,1189764.8503375005,1898009.8672408222,1527324.8405690847,1526628.2514601632,1472938.5767990996,1550658.0514900067,1556727.8672805391,1225891.6996664668,902067.289630249,1668807.6746215592,1527995.1013378766,1343584.2423895802,1050899.5645613258,1107345.565299797
2025-07-15,1305877.2106485136,1711248.4370694545,1678487.8698704499,1535314.8062981362,1730386.3161741882,1562542.1475774653,1681728.8022494144,1330422.6982448762,2053453.5326824663,1685881.9601918317,1193012.9872853018,1907555.9248397632,1534236.1431212882,1534622.913722354,1480463.6818547104,1558719.7291227237,1565135.0479389606,1226198.0882797963,902534.1689066996,1678557.1014646708,1534790.8959051655,1347252.3164791376,1053107.2555096194,1109298.3771627326
2025-07-16,1307694.5023996804,1716962.7198762721,1684186.1012810164,1539309.7251876432,1734166.0431926183,1565174.3104981505,1686652.9242380161,1335227.471041609,2054145.5917866763,1688112.5921297835,1195271.3693985075,1913383.5035767034,1535225.6467906565,1539700.3691787673,1485776.9422151644,1563307.8514648855,1570448.1630364035,1226504.5534692067,903231.3304863983,1683442.0786648963,1538257.1529370123,1349802.67474509,1053370.4598952848,1111566.594343756
2025-07-17,1306912.0719132007,1707117.7912776468,1674395.2336822376,1532684.291617595,1725149.3944759264,1559132.1734798078,1677350.485416214,1331467.7331620778,2045774.260316817,1681160.722616203,1192524.1992479945,1902775.0357575873,1529099.762776014,1531409.6409144788,1478161.7648689575,1554985.8109492534,1561495.0951176067,1226811.0952538373,899238.4817510715,1674298.9348663918,1532075.2179165194,1346700.3352161103,1053633.7300639441,1110512.4153269827
2025-07-18,1304871.2681835652,1700000.6728028182,1667414.0812334463,1527979.1921632132,1717708.1478142964,1554155.9801494158,1670137.922810501,1329435.0439581827,2031806.2216864603,1669580.1807197742,1191896.2067271129,1894540.5024255812,1520389.1572173354,1525616.5819827795,1472259.47256276,1549083.1241288309,1555932.2549835462,1227117.7136528313,898416.4566549922,1666537.121050662,1526838.1038976533,1345991.1523425737,1053897.0660320392,1107366.1806903596
2025-07-21,1303091.636117142,1701013.580441558,1668539.6753133805,1528743.9778017914,1719166.6091309357,1555276.1392053987,1671476.198960745,1328487.6620990916,2057141.5253894574,1675112.7673668247,1188789.5484626133,1895477.3563744691,1527836.2427058977,1527296.513254277,1474060.4862713076,1550161.270020798,1558083.6315303342,1227424.4086853375,898420.2132547911,1667960.0613741295,1527903.7180657077,1342482.8480843946,1054160.4678160155,1108982.979341904
2025-07-22,1301248.864181639,1694764.1094433714,1662397.2265698193,1524634.1772460272,1715173.5744809061,1552712.839745221,1666184.7686653414,1326790.032293445,2059088.6461134374,1674978.4081099723,1187671.0596454288,1887519.8875429647,1526021.7165660476,1521799.5363847269,1467772.7993952385,1544923.9648692175,1553158.485479263,1227731.1803705087,897304.2605013613,1663064.5521485526,1524621.817622888,1341219.7548356475,1054423.9354323214,1108339.5199363595
2025-07-23,1301548.435432511,1703879.0199258956,1671007.473938858,1530600.6835169822,1721552.5653518464,1557133.527253696,1674264.7001332876,1326868.9647177786,2090394.065393843,1679133.3800723797,1190114.5500043924,1903193.762344923,1535703.6293924826,1529904.05259805,1474666.617321784,1554632.0103341613,1560916.4064637688,1228038.0287275019,899248.7810558177,1670375.7293985528,1529782.4723419757,1343979.1531670094,1054687.4688974118,1109120.3948825519
2025-07-24,1299728.6865838054,1691025.1013320887,1658369.8975222553,1521989.572559908,1708239.009634643,1548152.7508156642,1661622.4554225025,1323657.6589115055,2081756.2431587132,1667916.3655404015,1188943.3765368427,1888827.297066778,1526094.7400339553,1518996.308495433,1463186.091733177,1544264.4696475656,1550080.6022514496,1228344.9537754816,894582.3183514454,1657901.0417814262,1521306.808378223,1342656.5639043848,1054951.0682277437,1107349.1796679588
2025-07-25,1296542.5658690275,1678989.203216839,1646329.1491887588,1513802.8707400723,1697342.6085818927,1540830.790109986,1650371.401277613,1317642.9569448777,2080277.3090266006,1659897.606249788,1188967.1075227566,1876926.484858998,1512387.8545293433,1509429.2974853786,1454392.645244343,1535066.5656186813,1539351.7051925345,1228651.955533614,888063.2756647263,1646643.070820536,1513677.6776115855,1342683.3629636453,1054583.4898543104,1104577.0081616365
2025-07-28,1297625.3139380408,1672455.2526196328,1639979.6260928526,1509569.5695789484,1695104.6231918393,1539479.7938107073,1644995.3702642617,1318608.488722315,2053656.1513977211,1658091.2073164224,1186008.6327927827,1867733.1707439122,1502882.5538362032,1502875.446791274,1448560.93796148,1526316.3187127574,1534242.3054196571,1228959.0340210712,883842.1113022415,1641693.6496836464,1510330.2811444956,1339342.4002283844,1055044.6388546235,1105214.0897361895
2025-07-29,1298543.3828214472,1682439.8687001409,1649372.0929618168,1516114.0668457234,1702350.5941313019,1544480.157318759,1653539.6132508288,1319327.2336364011,2074231.6872750921,1661881.3092571918,1188529.3731206341,1886201.0926368812,1511419.639460554,1511051.0169217805,1454835.391123787,1536318.6496016218,1542568.0423455203,1229266.1892570308,885940.121196359,1649959.0980664014,1516124.118925163,1342189.0358326354,1055308.32745288,1105884.3208874909
2025-07-30,1298737.3678019473,1690007.4885022053,1657140.0924220774,1521445.3202431607,1704555.4090066964,1545949.1117025714,1659304.1468790614,1319246.1234509083,2083490.739436837,1660869.4588105727,1187647.8651011633,1894978.3951701208,1513487.012331303,1517226.1126344218,1459498.940502624,1544222.7720786445,1548587.307097122,1229573.421260675,890936.4743648786,1655411.4075341802,1519955.0811361554,1341193.5615721836,1055572.081955151,1105381.4524202163
2025-07-31,1298213.1402988855,1688460.066882888,1655974.1024950524,1520336.0182875642,1709049.4791728996,1548813.0414220295,1659770.0448020645,1321483.8877254014,2068441.8638833591,1671575.7718967826,1186588.2680981788,1883241.5212369887,1508207.5583184506,1515847.0867430982,1458348.1306571995,1541371.7195759127,1548439.0854047588,1229880.7300511901,892405.953381004,1657457.9996107293,1520892.1373441122,1339996.9739976816,1055835.9023779072,1108362.2354001084
2025-08-01,1295396.2537135892,1680132.9062768228,1647356.4423285772,1512455.0489349724,1706006.937749953,1546082.1543402215,1652754.806233767,1321920.727339763,2051026.0877405072,1671596.0508245968,1186315.894685941,1874674.210800646,1495846.3740180337,1507328.5249407333,1450162.6554027372,1532026.709092517,1540407.5999967074,1230188.1156477672,888868.4419468713,1651140.5353604641,1515063.9043697936,1339689.3866415543,1056099.7887376247,1107375.4583009146
2025-08-04,1294944.4987328197,1688419.6864755973,1656186.2206042218,1520655.5193966634,1711674.4408417793,1551250.7279993459,1660567.6112317117,1321173.1759854543,2052232.0138378926,1674653.8114475745,1188294.6498578053,1878695.4448820557,1505430.8825770153,1515227.8518798032,1457927.6240330322,1540989.0080742978,1547377.8836354217,1230495.5780696033,890473.7709496816,1658399.1705921118,1521874.4375937688,1341923.9662458429,1056363.7410507828,1105392.5172910616
2025-08-05,1292461.7152999993,1681714.8447785794,1649644.5386005847,1514628.5041322436,1703563.4299370507,1543935.0480604067,1653431.8066565923,1320032.259078207,2048193.7584668754,1667924.097263199,1188053.9988899748,1878282.8612378507,1500973.5966971372,1509918.1681228105,1452905.3304861106,1535974.4296221347,1541481.2941805213,1230803.1173358979,888581.9020871309,1651634.2640560353,1515670.9299615335,1341652.202587502,1056627.7593338662,1102864.9064471696
2025-08-06,1291891.1767124017,1677477.9384815455,1644961.1484989903,1510322.0986933205,1700022.8002686854,1540741.1947716756,1649175.3108624609,1320991.2790027517,2050635.141187371,1665423.560134071,1188543.2722974576,1876531.0730409487,1496385.249153359,1505508.9974152741,1448703.9316597376,1531109.7980086813,1537314.9824198259,1231110.7334658583,888048.7551148972,1647467.5437376357,1511805.4989376145,1342204.7319720504,1056891.8436033623,1102739.7435020139
2025-08-07,1291723.429230227,1677553.5479440456,1645246.397368515,1510588.861319181,1699841.75802427,1540543.4766823123,1649546.2330938594,1320052.6028419777,2051501.318367463,1666376.764537956,1188670.3653574393,1876111.434758884,1497721.9116221128,1505714.1381289656,1449000.1150717963,1531143.658938793,1537595.6966926006,1231418.4264786947,886566.0769544728,1647590.5492772104,1511939.9371406608,1342348.2563270186,1057155.9938757631,1101813.7235056637
2025-08-08,1289811.4067868316,1661872.2719338278,1630246.2311497012,1496884.8793467993,1684963.6750724337,1526901.7400161133,1635209.7573820595,1318831.1216577413,2014320.6134188224,1655024.2345282733,1183080.1364648235,1858716.3156401047,1483543.108982879,1491940.723133224,1437765.9451439627,1515165.1220797012,1523391.2593054308,1231726.1963936226,881613.4221554914,1633303.9184542233,1498844.9593771745,1336035.2916690537,1057420.210167565,1097477.291415559
2025-08-11,1293253.3511431816,1675924.212237221,1644015.3150246092,1509373.9308924286,1696881.5566022282,1537588.5067963763,1648518.4237323739,1323264.961950372,2023859.902059269,1666664.3338202594,1184413.2467546787,1880713.5070898281,1497046.0282864133,1503679.038486526,1450765.910848178,1525909.416887473,1534791.1470042798,1232034.0432298623,885815.2651539305,1646522.3425356485,1510911.20406197,1337540.7538436241,1057684.492495268,1098256.469529777
2025-08-12,1292425.1997875434,1668712.8923410254,1637214.417304987,1503131.4623941174,1688124.8823101488,1529651.0276345129,1641242.672973536,1321034.7776990777,2008376.04242232,1655579.0946469852,1183089.4960304059,1871661.0486511611,1491099.8486040325,1497609.5955626264,1444970.5691060447,1520505.849913037,1527780.1151304322,1232341.9670066386,883489.2257283231,1638734.1841824818,1503780.8824810067,1336045.8612911336,1057948.8408753767,1096949.1779529576
2025-08-13,1293522.125583782,1672169.8403421917,1640439.7002965275,1506068.0070064121,1690903.5275969733,1532187.7701681587,1644176.732226381,1321900.8895688655,2019846.8387408108,1658435.2810390494,1183631.7996189417,1877858.3316151765,1499134.5708270122,1500661.0776375534,1447198.2218863477,1523989.7101078245,1531255.2472909528,1232649.9677431812,884382.8081319636,1641855.2118514408,1506630.4850514608,1336658.2768923687,1058213.2553244,1097644.775779759
2025-08-14,1292454.580380623,1673841.6760191359,1641951.6675114534,1507485.718538558,1690652.688744968,1531983.1909321079,1645265.8084355881,1322840.533933385,2028983.33883798,1657275.0984795925,1183008.0721672447,1878545.172743655,1499862.30796077,1502408.9912343628,1448852.9470857144,1525439.874904714,1533394.786267688,1232958.045458725,883803.881747502,1642739.862471127,1507442.9480661561,1335953.9104997925,1058477.73585885,1098385.8841140675
2025-08-18,1295373.2559709079,1679245.6540476903,1646506.9502428852,1511644.4584949303,1698623.579629013,1539208.4059491795,1650327.2137354687,1328113.6168505289,2044068.4663126238,1668147.569368367,1188270.5122362718,1890693.540008066,1514820.463670361,1506049.186929033,1451830.4078480008,1528938.772242875,1537861.7327675638,1233266.2001725098,883729.8767351705,1649187.0045789815,1513287.3335116054,1341896.7079788563,1058742.2824952437,1102113.1740525034
2025-08-19,1294500.9517064658,1688678.743197673,1655504.3196301896,1519986.5940575667,1709515.4484656125,1549203.624413501,1659492.443057554,1330713.5593794382,2045966.0561208203,1675218.8084908645,1189160.6001182918,1894264.0689503897,1521135.0907527064,1512859.121239838,1458373.8771695783,1536540.8345894087,1544151.4983440312,1233574.4319037788,887035.9044669393,1658327.0159662154,1521727.591085981,1342901.8713540263,1059006.8952501023,1102408.817962982
2025-08-20,1296938.9090954475,1700137.8460213644,1667552.742667659,1531227.4169631393,1719598.1785902868,1558305.7166062,1670632.695825084,1333262.4485482746,2050947.7034742676,1688666.908552109,1188753.5773618475,1904020.4178615666,1525391.502630474,1522581.5739134664,1465169.5275394954,1549224.8659899302,1553959.956662464,1233882.7406717816,889887.5915588265,1670678.7996548277,1533217.0113804163,1342442.2264404136,1059271.5741399506,1104671.6011004965
2025-08-21,1296189.4760226656,1702613.2949990502,1669927.9791693334,1533353.5585090392,1721298.9944173123,1559818.9354032564,1672936.9504492118,1333171.1124830714,2056704.429143533,1687500.7067400967,1190084.7792270654,1904508.6255679717,1527413.0871703688,1524446.611051167,1467263.9282422857,1550952.9017626578,1555720.2472829218,1234191.1264957727,889920.6475574641,1672207.3187118215,1534588.6260475148,1343945.5334586361,1058589.8717080543,1103572.6868224738
2025-08-22,1294039.9133535847,1687460.9999362337,1654783.7361110547,1519446.3109230965,1704569.005599928,1544722.032210513,1657092.7368636255,1329411.5015835215,2043661.9576183967,1668620.3309517463,1188156.1447129925,1890722.2267909262,1514403.3736020352,1511829.543485377,1455459.813469853,1537840.8567041014,1542765.0854431263,1234499.5893950108,882290.110158958,1656500.187258288,1520135.9421805574,1341767.5543884845,1053265.6899510387,1101452.4486948352
2025-08-25,1294705.8175373334,1696585.0309092186,1664761.8185036576,1528773.5616240292,1711416.2786768952,1550851.4439385396,1666383.020023409,1329691.2746858224,2041580.9407415555,1676662.82939164,1188060.2493068306,1893343.8352965943,1520349.553284416,1520467.2115382934,1463344.1851209986,1546417.446566221,1552237.7270711525,1234808.1293887587,884455.4366421303,1665643.6954020632,1528700.9946209302,1341659.2610928805,1059277.1802327372,1101384.7803564626
2025-08-26,1293647.1999617254,1688852.9081428652,1657538.1240531567,1522283.6537450023,1708816.8964168387,1548494.7750580078,1660290.7930870727,1327530.6695548657,2018949.3676075174,1681139.2865497896,1183667.2128790314,1884837.8820619306,1504779.3800408624,1513824.0400988786,1456054.2965185747,1539623.9171152061,1546426.3800926136,1235116.7464962841,885979.4035270398,1661290.2706720121,1524772.3023187416,1336698.268574939,1057657.0870574845,1102873.7766107242
2025-08-28,1285992.3729569996,1671990.8442183286,1640747.6960908037,1506783.5071697854,1690546.2867423834,1531949.257448156,1643060.6229693042,1323964.3841435546,1990767.5712732729,1658993.962999734,1181655.7723810617,1869590.9570792129,1491921.8978062775,1500029.2078274095,1442347.7137225224,1525883.9525924216,1532502.0136088294,1235425.4407368621,879131.1540130806,1643581.9392024348,1508450.1947772198,1334426.7779044842,1049129.5262784897,1100589.0023560626
2025-08-29,1280730.793469688,1670098.9137697304,1638997.1581850986,1503985.7369583005,1692331.8875408722,1532803.8897232248,1642161.7207473197,1325889.6830055038,1987574.9923027267,1663535.085277396,1181951.1050549275,1869868.1878577278,1487412.758128341,1499090.9489195382,1441798.210439805,1525221.4548227945,1530885.1068882884,1235734.212129769,878159.3088852111,1643234.957374801,1507028.3995508628,1334760.2928227948,1049391.736505418,1101054.0728669018
2025-09-01,1283572.2689495361,1674867.756108341,1644078.745366499,1506608.857161672,1695784.8831456427,1534667.0747563674,1646480.2358608262,1327142.5434924958,1995508.186511934,1664486.7247603287,1182073.9117359263,1864564.3311277127,1499481.7296263978,1503054.0361166077,1445508.9790611283,1529412.3796729152,1534879.1216231477,1236043.060694289,878159.1622707909,1647329.5459490262,1509170.1849779799,1334898.9766319552,1049654.01226687,1100889.4477278166
2025-09-02,1285030.6757327542,1672741.5766921951,1641857.8698610137,1505747.1495238633,1694164.584393312,1534079.136654402,1644218.12271791,1327466.2820834054,1980355.1794894398,1662498.2295302334,1181589.1268351527,1880537.4971235103,1496714.0926204037,1500602.3725704849,1442605.2010510422,1527165.404608565,1532697.5497281414,1236351.986449708,876292.389853496,1645450.4369569407,1508469.1381303489,1334351.5160531334,1049916.3535792236,1102241.0889186321
2025-09-03,1282424.8857869406,1676710.0234160472,1645587.5713911923,1507636.4245270803,1698518.651897264,1536250.1465828207,1648675.7204487554,1329438.665289794,1987277.662733283,1669266.7203620556,1182511.3709360221,1872468.9537452047,1504962.057641361,1503937.4912278007,1445946.3893796192,1530640.7539586532,1535882.4766915448,1236660.9894153194,875562.4599380973,1649587.4542946054,1510565.5394795458,1335392.9929812956,1049701.7945971699,1101996.3690589215
2025-09-04,1281296.3156709245,1676043.0825473971,1644806.914421473,1507433.2301830659,1700439.0253053743,1537283.6476984117,1649059.3370159983,1329003.9383024592,1992908.7705154535,1675290.0727031443,1182458.5568399034,1873317.7260939926,1506134.238911228,1503745.3477538337,1446593.2244526807,1529652.5340325192,1535609.781023151,1236970.0696104201,875037.2374052496,1650157.1897414913,1510971.1262098998,1335333.3507862005,1048572.088158195,1102321.2998844197
2025-09-05,1276255.8270202163,1667396.832920072,1635667.6073140756,1503338.8327488815,1689875.7005328,1532527.6680605414,1639677.2704209983,1325760.4162180081,2001210.1858458742,1661468.896127419,1180867.5092506323,1853910.4768960339,1506542.1713133834,1496397.7039307184,1438453.279571175,1522463.0278269937,1528939.0948745708,1237279.2270543128,872859.0229546829,1640048.94451809,1506417.2060860442,1333536.6037489772,1042179.7742248767,1101238.3832581323
2025-09-08,1274697.0044923204,1663871.4283914217,1631887.0827651923,1501723.7172857984,1686627.8797591932,1531167.5201735967,1636364.790246847,1325029.0206995893,1999566.996619225,1658894.6273796628,1180197.4940274893,1847175.3242619995,1508499.8900515412,1493328.0639250607,1435910.0468537563,1518777.484943109,1525938.570388403,1237588.4617663035,870842.8192120417,1636584.8145442305,1504937.3360153995,1332779.965245393,1040600.6616763688,1101106.162410696
2025-09-09,1275670.8815599943,1674921.490010804,1643413.6646834756,1507375.1292993189,1697416.494403736,1536417.5381565597,1646800.61028133,1325964.7514202907,2002027.135076076,1666191.4150108323,1180492.4622320607,1859167.3737999878,1514312.0348017854,1502827.1326298327,1445089.0303172371,1528244.2583243516,1535791.5325220127,1237897.7737657048,875958.8497783417,1647519.4216737323,1510260.8471433378,1333113.0685737992,1041710.0682643807,1102081.077297913
2025-09-10,1275989.711545198,1684966.839559548,1654073.189665158,1512609.1112004807,1707064.732038885,1541170.6549446562,1656957.604901832,1328745.0877314787,2001553.3929810547,1676157.1603727965,1180787.5041583967,1859883.8195133086,1520675.3045524922,1511099.9171490965,1453347.1427627238,1536666.3114775228,1543920.6143174286,1238207.1630718324,878509.0991274914,1657669.91579204,1515261.5765323986,1333446.2551551284,1041693.1805793741,1102390.1951192536
2025-09-11,1276123.8194438673,1686028.0462216898,1655059.3455194684,1513263.3067165776,1708608.3676708743,1542035.2101145405,1658476.0190682248,1328486.2097319495,2012991.9927018355,1679613.022827201,1181082.6198249229,1848508.4549898033,1522648.2464240254,1512729.3522668895,1456384.6517140118,1537165.0834431069,1545207.7540277871,1238516.629704008,879830.1134242422,1658792.091527955,1515989.143029783,1333779.5250101879,1039630.4399260299,1101611.6267281703
2025-09-12,1277709.5172331268,1688836.8115461979,1658321.595293161,1515009.6205900863,1709704.0992563022,1542829.3924920086,1661124.771589557,1328196.6550345942,2011234.034460835,1676279.7317890876,1181189.283474503,1821354.472666881,1529255.086308731,1515024.3391623625,1457556.1337386933,1540497.7974199746,1547636.3146029639,1238826.1736815583,881527.5272010969,1660414.6646478823,1516986.0114093367,1333899.9787273833,1038833.5540056574,1099999.9189760734
2025-09-15,1276594.114721791,1687124.2045226486,1656296.993988104,1514212.2681322868,1707494.9650490624,1541964.224304541,1659229.6951226655,1328889.1934133426,2012343.9679109412,1673902.1074412551,1181311.5617655483,1821860.4512804474,1526527.0532356575,1513303.7516186936,1455928.3445881808,1538745.3910699454,1545852.8847043614,1239135.7950238138,879801.0406312085,1658391.7706620167,1516207.3300162863,1334038.0658334098,1036758.3728824583,1100407.7803423433
2025-09-16,1277119.0791709353,1698439.985974402,1667693.8626426898,1519747.6199938268,1716425.6961857625,1546335.6667009871,1669670.6490977693,1333242.723462396,2029634.160356093,1681009.1938900424,1184059.0328158936,1825290.1717278461,1536872.7184633843,1522769.092058191,1464786.3079949508,1549159.7254707217,1554993.6249545729,1239445.493750111,883834.0157481031,1668586.0578491748,1521247.6568020303,1337140.7451642188,1041411.7972871609,1101403.808221448
2025-09-17,1277756.6223067692,1705534.7748746418,1674999.7636299646,1523371.3523884676,1719679.3050422443,1548120.6206623272,1675923.1788920143,1337645.6517794318,2029680.9872023177,1683622.475268374,1184125.0903202004,1818422.5187257908,1542423.0966780174,1528313.26483599,1469580.866863288,1555001.6024683148,1561015.2425816578,1239755.2698797893,886498.926782438,1674467.2645866708,1524241.8496127722,1337215.3429486912,1046259.1801729824,1105564.5873184816
2025-09-18,1278893.7427108004,1711442.4092719457,1680786.1726678284,1526285.3543267844,1726726.202007182,1551565.2032626467,1681901.4957967864,1338748.3836098693,2038392.3942902742,1691059.518491713,1185222.6242997863,1829166.6985650102,1548107.3908940584,1533242.3303401424,1473985.546374022,1560225.0613384026,1566191.1649962945,1240065.1234321943,886197.2955931469,1680713.6449495107,1527335.919857862,1338454.7722023295,1048183.8813208684,1105425.5470940939
2025-09-19,1280855.0150857621,1706850.3198857608,1676428.5998929136,1524413.9371419183,1719997.9471651784,1548614.683802792,1676805.9309473594,1337334.5011449014,2036335.4882323383,1684133.2197053663,1184162.5912733492,1814174.3347561648,1542228.2881431107,1529752.4989493596,1471436.329221589,1556608.3148111193,1561852.1658952467,1240375.0544266778,882952.8004601228,1675636.202419213,1525159.978057786,1337257.692232847,1047438.9299248785,1106406.4758963105
2025-09-22,1271694.724867497,1691684.461563133,1660370.600829712,1516953.9158727145,1705157.7285502283,1541788.7619027235,1661486.773274913,1337072.286564282,2031035.2101841387,1671037.8456603691,1185041.060905458,1821487.6516919425,1534634.9178572737,1516727.3938191738,1459349.3770328264,1542384.7567390075,1549060.0403363868,1240685.0628825945,876702.887013939,1660808.000886239,1518276.7199844306,1338249.7352863832,1036910.2871622762,1104775.4432923656
2025-09-23,1272578.0691121097,1685940.1172736024,1655107.5614750565,1514653.9449254903,1695716.7094554433,1537676.4277833567,1655346.1769525623,1335033.5981643153,2015374.5799495808,1660337.7933170628,1182870.6614629023,1788275.7137686198,1532634.6219179584,1511546.1294494416,1454111.7529948938,1537641.4723538307,1543507.4665646045,1240995.1488193031,873937.6242880425,1653974.7064207683,1515291.6249061679,1335798.7345782334,1035442.3584960746,1107265.365991836
2025-09-24,1270787.6526469584,1681243.8864145067,1650228.9577072705,1512505.5300963833,1690043.8807717531,1535216.71917465,1649957.122621733,1335439.970174165,2004176.6660198257,1654041.0842720303,1184279.0053745518,1804701.575528578,1525778.14643205,1507611.2897996958,1449983.6963403462,1533790.1661213406,1539695.55812153,1241305.3122561702,871617.554516503,1649179.3876125757,1513211.5368695024,1337389.1569940755,1033058.5984617304,1106909.252872923
2025-09-25,1266503.52465927,1671287.3167000795,1639788.023962495,1507723.743839718,1679846.4521207935,1530570.0910354487,1639703.8029446208,1331116.720492054,2003830.6994429007,1643559.8879104108,1184399.7452806067,1798103.2044938013,1515666.8936721513,1498904.8808008484,1441470.8194685553,1524860.2461682933,1531021.028975824,1241615.5532125651,866838.9154100852,1639165.9905938369,1508617.1213012494,1337525.506824176,1033316.7920619946,1105825.6762544943
2025-09-26,1267866.9015537088,1664193.4543601081,1632651.9234821852,1504451.0560299887,1671275.219078864,1526746.4507557303,1632503.9699116799,1329334.412550411,1987132.8872708508,1634260.9070843353,1183173.7052870614,1779531.8747473066,1501287.098100077,1492766.98970504,1436815.3653797267,1518557.3545851156,1523510.7144765626,1241925.8717078615,865729.1763814329,1631583.014334536,1505237.4192391303,1336140.957587073,1033575.0501929015,1106857.5261159742
2025-09-29,1266959.5819321133,1659373.2586175038,1630372.1946229136,1503553.6816093798,1669283.1187008778,1525990.2060018065,1630795.1210776202,1325026.1207243954,1981695.1646838726,1636484.8669142672,1181658.299803311,1769349.4359996265,1500081.4972952227,1490586.7864054958,1435141.5304006496,1515931.9027463559,1521249.3473026028,1242236.2677614396,861997.5184606047,1629949.0604999696,1504623.3180662345,1334429.6320858866,1033833.3728705789,1106373.725809927
2025-10-01,1267087.502752447,1657320.5744186281,1639216.9941910263,1511710.4883787741,1681823.280151542,1537453.907599824,1640631.9115239463,1324372.1586233436,1978503.522174414,1649141.2947982717,1181779.6820140413,1769212.6930852442,1513807.8287660123,1495608.3171691364,1440262.300181913,1520473.062382795,1526638.7280381038,1242546.741392683,861443.111967753,1639677.9242017518,1513604.1356504967,1334566.7072613698,1034091.7601111592,1106322.5642894555
2025-10-03,1267838.6962087608,1661268.340708575,1643004.0258985339,1515202.945797377,1683060.2511749805,1538584.6958080844,1643604.3332743847,1329833.0124252844,1990011.0970887688,1650391.0822688735,1184030.303496694,1778026.7732737705,1517339.9160034503,1499012.790439419,1443227.044264971,1524551.9690160358,1529826.4044777642,1242857.2926209818,863065.9434522793,1642966.8758958012,1516640.2019489992,1337108.301559451,1034350.2119307795,1108809.190526322
2025-10-06,1268916.9742421533,1672415.952619898,1654084.2115208402,1525421.2591004858,1690807.3069330717,1545666.7366433127,1653569.8696681382,1334123.3237780426,2003534.6590030936,1657246.644398881,1184242.863504888,1783353.7653877381,1528518.4304518045,1508358.3550746746,1452433.447724772,1533294.686887475,1539907.6674736184,1243167.9214657291,863621.8951685824,1652411.0578813085,1525358.2268123634,1337348.3425032485,1034144.8846883123,1110004.8165378282
2025-10-07,1267561.9107406666,1672031.2593315162,1653708.507822365,1525074.7795169281,1691472.3148236861,1546274.6595993547,1653941.836073394,1331570.1205696652,2006787.6485449343,1657429.3749023753,1184538.8427736056,1766830.6749845108,1530386.6153192504,1508028.396815922,1452110.0346490804,1533201.6883073822,1539333.572682465,1243478.6279463232,865532.7690130976,1652144.2700868805,1525111.9521610874,1337682.5876117756,1033980.0355064346,1108821.9862926998
2025-10-08,1266691.41330547,1674667.2620852105,1656348.8276620836,1527509.722058716,1692283.6786758222,1547016.3751765345,1655492.1251400698,1334008.0106716887,2002186.2418296793,1657237.9212352063,1184657.9912771827,1755653.6442058145,1526598.4606855293,1510190.533688599,1454039.3906303847,1535216.2430330662,1541886.6763226225,1243789.4120821694,866476.6121006213,1653716.502086184,1526563.2962459363,1337817.1402940683,1032847.510169693,1108061.2419084127
2025-10-09,1268603.7212564736,1683454.8436385333,1665063.4117105785,1535546.442123633,1699610.7428532052,1553714.4769234296,1663536.407813964,1337380.6919376994,2004716.3410497303,1662612.1474919373,1184481.4316582074,1766621.028126927,1534866.544773894,1517541.7395577438,1461037.080613739,1542715.5030358862,1549450.8411618085,1244100.2738926746,867284.6140045753,1661642.556817878,1533879.92169061,1337617.7540692778,1034143.3245791978,1109661.4157325262
2025-10-10,1272516.4183222044,1689771.885955567,1671229.324231285,1541232.7390940827,1705776.5882330728,1559351.0400420467,1669800.6732080064,1341288.9602258967,2025111.2003577098,1669370.7673712804,1185006.020749561,1787673.7979502475,1541177.9930066962,1522752.1358641058,1466064.9982198586,1547969.3036836858,1554801.7563856642,1244411.2133972528,868001.3581370126,1668107.458059181,1539847.7408037276,1338210.164944983,1037384.2035413056,1112911.9330983327
2025-10-13,1272081.9327714783,1681869.8472009848,1663372.8691721186,1533987.3984488195,1696432.4003573444,1550808.9664886403,1662108.3715893377,1340218.3411811402,2029447.5719913247,1661178.8061772203,1185302.190755103,1777706.00096275,1537642.810579903,1516205.5041308335,1460007.3886324724,1540890.920894189,1548282.1278473479,1244722.2306153215,863687.4239553589,1659993.3769553723,1532357.546214624,1338544.6254498484,1034632.6477490446,1112220.9656773692
2025-10-14,1270596.3637462065,1676200.9980870178,1657752.4941630706,1528804.2043507171,1692000.5720069106,1546757.5706638827,1656800.3642670696,1337580.4860826407,2021090.567648642,1655863.751020595,1185422.766400772,1773981.2764328837,1532653.9605677924,1511423.9829858472,1455407.7075916505,1536246.0917859701,1543179.2668306222,1245033.3255663048,861584.8647929534,1654866.3216599014,1527624.7069268648,1338680.78978307,1034891.2347533741,1110168.8446209126
2025-10-15,1275151.7092962596,1687077.0421295061,1668494.9857582778,1538711.09115908,1702106.7728603664,1555996.245247894,1667646.6081233209,1342305.4629939285,2037260.8014548658,1667474.519136863,1184471.4022340383,1791776.0113018816,1543506.408722134,1520461.4945982122,1463899.8211874266,1545578.634797683,1552482.6129135867,1245344.49826963,861968.4438335665,1665724.7391595691,1537648.2276387867,1337606.4279855818,1035149.8863866702,1114116.4420084818
2025-10-16,1278497.9596572712,1701159.809564222,1682458.211948967,1551588.187698997,1719400.7161432912,1571805.659347422,1682531.469293838,1343466.559097725,2047237.1087759216,1684329.8897877512,1184337.0222072548,1807544.7853684102,1559460.443208568,1532008.1546149491,1475077.090663321,1557505.2135575996,1564018.850935692,1245655.7487447304,865259.9251468834,1680670.3407251735,1551444.671443747,1337454.674564368,1035408.6026650857,1114938.112821614
2025-10-17,1282149.4104391125,1712157.4106282776,1693289.0999171967,1561576.5949678642,1735265.6244826715,1586308.7082753065,1695230.529572967,1343602.0519927111,2067029.7294873986,1703484.1832403727,1184633.0250091718,1821614.7001970147,1567051.8712855543,1541491.9163295282,1484377.5905008279,1567554.5645472705,1573112.2751223173,1245967.077011042,867744.9929463746,1693784.789158921,1563550.7583118489,1337788.9462485975,1035667.3836047774,1117283.1811460285
2025-10-20,1287954.7991979364,1726175.1547465778,1706925.1120009085,1574151.929752494,1742940.2400218456,1593324.527231604,1706799.6657113933,1352164.2187486207,2097134.977976078,1707844.7523366443,1184929.1017914321,1836974.6663007122,1575176.7433433617,1552635.9022884741,1492983.8356514717,1580027.0555079095,1585593.0984649872,1246278.4830880088,869758.1610968662,1704947.6415099648,1573855.3060738256,1338123.3014777584,1035926.229221906,1123039.848064852
2025-10-21,1287608.2755287308,1726427.1216216946,1707152.1535995451,1574361.3109187295,1742422.9590501103,1592851.650169723,1706619.1550607798,1352434.2534499976,2097983.00464298,1706693.6541443416,1185225.252572525,1837235.519584675,1576727.9093933722,1552783.3639660762,1493258.776609309,1580115.4438922328,1585664.4480004392,1246589.966995078,870106.7398146841,1704840.0429452853,1573755.9806940756,1338457.7402727313,1036185.1395326367,1123282.4268778905
2025-10-23,1285436.3549244737,1733320.142302553,1714042.7968487309,1580715.9654326742,1747523.8228381719,1597514.6507689196,1711983.0196066338,1351795.690608201,2092184.8406112131,1710849.2925789556,1185521.4773709455,1845233.6451781024,1578117.649413927,1558670.8640048364,1498476.4519936426,1585466.4547099844,1592789.7658050663,1246901.5287517018,868048.9469058266,1710652.2904614632,1579121.3282102314,1338792.262654402,1036444.1145531387,1122826.6549721272
2025-10-24,1280682.8323510876,1726791.1346745421,1707605.4585480068,1574779.3555384793,1739988.7954138347,1590626.4375457235,1705553.2848856857,1351581.788343447,2082947.3151642098,1699078.3090706482,1185817.7762051923,1811472.491539139,1572251.0751280845,1553004.8820430622,1492281.5747801017,1580138.133819296,1587355.736605508,1247213.1683773356,864677.2435660423,1702783.713432761,1571857.7610446697,1339126.8686436606,1036703.1542995843,1122600.9082734266
2025-10-27,1293105.1155646688,1743649.3918539549,1724141.7637133417,1590029.3840862892,1755040.588781762,1604386.1700949245,1721929.592180855,1362835.0209670793,2120753.5179437096,1713695.7288967674,1186114.1490937697,1827481.7209355542,1582667.6968120437,1566139.7343403348,1505041.074277123,1593063.2992842414,1601075.310088215,1247524.8858914438,869125.0397748809,1718689.7701280836,1586540.811197737,1339461.558261404,1036962.2587881509,1131885.7732108715
2025-10-28,1293844.7831057953,1742770.78264223,1723151.7187280848,1589116.3497574094,1750650.5944713922,1600373.0172348863,1720093.7807130378,1366928.3955100127,2131584.704942923,1708551.9138632196,1186410.5960551854,1832147.3204016855,1580848.2016540724,1564990.3216715665,1503847.1302260552,1591775.0577389954,1600114.4795230618,1247836.6813134917,869857.2664454567,1716733.3410544123,1584734.8107062336,1339796.3315285328,1037221.4280350194,1134412.7724894253
2025-10-29,1299009.6618482892,1750632.0119333148,1730897.0804303712,1596259.238443365,1759009.8453243382,1608014.7017329808,1728068.8865327071,1370679.592813625,2146692.6081508906,1715745.891586997,1186707.1171079532,1837163.6255989345,1588022.2553510633,1571418.9880273612,1509551.2560172218,1598249.6130636733,1607253.570175049,1248148.5546629506,870450.3393566104,1724331.562761258,1591748.8099979968,1340131.188465954,1037480.6620563751,1134696.2976624896
2025-10-30,1290222.2019505084,1737831.0599025555,1718279.6828294997,1584623.2852066213,1745201.3287526432,1595391.5218710655,1715219.0583083937,1368384.5160716753,2125733.3533629337,1701629.2777387134,1187003.7122705907,1827987.613973804,1577291.7100390245,1560559.7396319415,1499699.2834579695,1587355.7750718207,1595380.8114071914,1248460.5059592978,869996.4182719435,1711390.0574865006,1579802.3687998254,1340466.1290945802,1037739.9608684075,1134979.8936973477
2025-10-31,1290251.8803766724,1735395.2695657758,1715832.6970282027,1582366.6382136708,1740970.3576242107,1591523.741485861,1712213.9585393812,1368697.0052011488,2117147.1435227497,1697554.9561019815,1187300.3815616213,1828662.2193928102,1567798.5261946612,1557937.7370875427,1497531.0085002598,1584665.3612465644,1592351.2151569487,1248772.5352220149,868097.366398433,1708436.8365682967,1577076.2191521993,1340801.1534353278,1037999.3244873093,1135263.5606117102
2025-11-03,1288697.5870339004,1733245.0821065765,1713526.4977963092,1580239.826705799,1737569.5452507497,1588414.8582076367,1709801.4577921957,1367352.0190495949,2131988.2145858696,1694367.0570961365,1187245.326403915,1835164.1748564611,1570312.7723171653,1556535.8369245701,1495750.9478427684,1583192.4383069421,1591423.953030561,1249084.6424705866,865104.4503456806,1706035.242988287,1574859.2825689835,1340738.9804417859,1038258.7529292775,1135547.2984232912
2025-11-04,1285450.3731513058,1725429.142875667,1705503.7822504996,1572841.158147055,1728522.2364005472,1580144.1792907931,1701663.882587502,1361495.5203077774,2146087.9615563154,1687154.853570886,1185044.1800878663,1837751.067241333,1560213.1694506414,1549730.2742501486,1489078.9342213303,1575705.5844022701,1585172.7243191197,1249396.827724506,862262.6780549058,1698156.2302406752,1567586.082080275,1338253.257733977,1038518.2462105142,1135831.1071498117
2025-11-06,1285286.6437487637,1723021.134180233,1703029.8299501005,1570559.6422443308,1725310.6210955286,1577208.2522176686,1698920.6071278532,1362060.3517270533,2137623.6354003237,1682055.4174050796,1184508.7718352987,1836189.3057691918,1554852.4205329109,1547588.3549686514,1487219.002711684,1573361.9815497354,1582938.1335523787,1249709.0910032676,860982.5993164751,1695022.3066684178,1564693.1238902754,1337648.6289359492,1038777.804347224,1136114.9868089946
2025-11-07,1277883.7263521787,1712443.1071240187,1693051.1283912251,1561357.1340587698,1715912.0047675127,1568616.4224041118,1689407.1717293356,1359338.317531125,2096052.7300145496,1671932.3995104625,1183115.8139668638,1816170.3369822607,1553791.9610414687,1539307.0150594444,1480194.2238927016,1565123.8702010608,1573296.3229651104,1250021.432326373,858999.1225308201,1685230.9452986543,1555654.6140438141,1336075.581756239,1039037.427355617,1136398.9374185677
2025-11-10,1282446.7210509551,1723502.455764479,1703950.9681835547,1571409.129733598,1724934.8324870456,1576864.7216747378,1699181.0641633503,1365114.7975373445,2103751.2454434955,1677026.7903093644,1184361.6107191914,1822778.0638547002,1558792.9537195116,1548397.0631332342,1488775.8678228948,1574127.0560429185,1582996.1309291262,1250333.8517133277,861044.0006303467,1694682.050768056,1564379.030048817,1337482.4420153673,1039297.1152519063,1136682.9589962647
2025-11-11,1284750.2011118962,1735402.1510368877,1715763.6003418087,1582302.9162135303,1736460.2838257246,1587400.8168796436,1710677.6720850978,1370117.6593645841,2119558.3387793307,1687989.5677460548,1188727.7905784487,1833341.8399920065,1566143.6713012466,1557980.4296461411,1497796.2989698448,1583941.5971456212,1592927.0225730066,1250646.3491836416,862512.7624436402,1706234.2068234305,1575042.9482018938,1342413.1057987805,1038791.6089430427,1136967.0515598222
2025-11-12,1288889.7584578986,1747864.6070598753,1728002.8110190285,1593590.0997992286,1746453.8977834939,1596536.5691383663,1721795.9573036584,1374144.8139744243,2133783.639304512,1695292.1529312856,1190542.8544829288,1844715.0648477816,1577166.8310531108,1567768.607069448,1506967.9850839872,1593381.8733290972,1603700.2338569015,1250958.9247568317,863094.15631179,1716895.7898826003,1584884.768947756,1344462.8312216639,1044641.5503072679,1137251.215126982
2025-11-13,1287584.968585357,1749406.5367229194,1729536.8943774796,1595004.8544724877,1747554.4481797665,1597542.647200924,1723471.1650526226,1373770.0280964964,2141060.9983619787,1695020.0786334863,1191310.1281550229,1849592.2428825484,1577370.9945048199,1568844.4409515783,1507703.241466814,1594338.6129410516,1605254.6607963694,1251271.5784524174,862516.2280333498,1718058.9576103922,1585958.5014517158,1345329.3022853648,1044971.2904321051,1137535.44971549
2025-11-14,1287202.5083033622,1750691.957875499,1730716.1197386158,1596092.3537803337,1750012.068611553,1599789.303065925,1725504.7080438137,1374292.0232183707,2155058.616809132,1701322.8929041494,1191928.4010145264,1861668.5249219786,1579254.4172275534,1570089.7638447639,1508819.4259000057,1595773.134076555,1606444.7733467824,1251584.3102899236,862995.748682817,1720363.1264166816,1588085.504189851,1346027.5088858458,1044877.6341869335,1137819.7553430963
2025-11-17,1288187.5530444784,1755366.000380693,1735301.8592464412,1600321.3915071988,1753732.817099147,1603190.6588260452,1729940.2383030728,1376645.1764757896,2167666.780864613,1704979.4358214622,1192848.393142051,1870312.33411832,1585556.698938034,1573571.50501082,1512259.12927618,1599419.2274819976,1609799.8966431168,1251897.1202888812,864170.5195127216,1724626.0756397867,1592020.677969361,1347066.4426930717,1047334.3711654457,1138104.1320275567
2025-11-18,1286131.4738501664,1750805.7167583725,1730547.5567593104,1595936.9024735992,1748999.7037155223,1598863.8405731125,1725373.0725576417,1372418.5038245239,2178295.324712301,1701030.8490013604,1190807.2354127832,1870941.2858032633,1579254.4172275532,1569251.5878447392,1508403.780577347,1595033.4160946812,1605061.4160392825,1252210.008468825,863622.1415779237,1719960.935214718,1587714.237212581,1344761.3927830006,1046033.6008850002,1137197.673404644
2025-11-19,1293101.9543829972,1767297.2298459858,1746983.3726332746,1611094.2582902987,1762601.8090794669,1611298.3277693514,1740207.369796696,1380232.0194354109,2191558.4540598323,1712099.6625448198,1195075.2671604415,1885016.4711040566,1587946.066074624,1582285.3621250372,1520533.4329090596,1607880.8701884479,1619217.1393633098,1252522.9748492942,868108.7121133915,1735092.5829970408,1601682.4222594588,1349581.219323132,1054507.2219787699,1144809.184458912
2025-11-20,1295295.4964196514,1773015.916493062,1752575.2445056196,1616251.1663683937,1768743.1718908334,1616912.509927344,1746153.1515388663,1385714.2016990846,2197097.229781305,1716280.7984870176,1196477.5859682097,1890545.0877791508,1596448.7893252738,1586895.392889255,1525206.1326977478,1612903.75962326,1623338.1598656187,1252836.0194498342,869303.6282237485,1740294.997932454,1606484.826832567,1351164.8376762792,1056533.3711987138,1145095.308019948
2025-11-21,1296094.6645250353,1770014.2730453508,1749553.2648436548,1613464.2514164085,1765864.625793715,1614281.0610721337,1742697.1063607873,1385513.3638940572,2187778.0243116496,1712653.5020566739,1195288.6877071203,1882941.8071044756,1588890.8131024744,1584549.1866995327,1523034.3633128135,1610452.6186479242,1620916.5646756873,1253149.142289994,869857.4653426784,1737298.253967808,1603718.5005977475,1349822.2320605973,1052718.985625086,1145381.5030921958
2025-11-24,1294319.1197989993,1764390.536335388,1744006.7502877002,1608349.1725355184,1759510.7006331352,1608472.5631270641,1736933.3383354638,1382931.4238921271,2181865.696487922,1706327.9841422685,1195411.468867633,1876638.187634202,1582268.4173852033,1579798.746875467,1518211.4174402608,1605619.965258988,1616334.0094543716,1253462.3433893293,867794.4421128414,1731509.1099363032,1598374.4801540812,1349960.887049842,1052982.0929699834,1145667.7696935288
2025-11-25,1291277.0126274126,1759542.0709552956,1738976.4448874462,1603710.1494773997,1752673.6531302314,1602222.4145390163,1731597.8507793031,1378235.6121517762,2189347.629965554,1699499.1883855255,1194408.8655351365,1885949.651893227,1577715.393843476,1574993.8008252147,1513314.3214625483,1600799.5417425586,1611650.898149941,1253775.6227673984,868263.4324309725,1726133.8720592319,1593412.5408849402,1348828.6616033367,1053245.2660736218,1145954.1078418237
2025-11-26,1299856.9721310313,1774469.1420951418,1753994.3272029713,1617559.8657078133,1766896.842528439,1615224.6713021859,1746205.346749101,1390072.9889295811,2185767.837949362,1709416.673178544,1194532.34073156,1894560.0344393975,1597250.3243225664,1587224.3180933467,1525305.8819732957,1613125.0672011173,1624017.4161953768,1254088.9804437659,869162.5616413524,1739896.235364129,1606116.724863485,1348968.1003573001,1053508.5049524363,1146240.5175549625
2025-11-27,1299794.8577219842,1776527.001121006,1756283.7119394233,1619671.1706358937,1771816.3890438315,1619721.9190825992,1749156.2360917788,1391336.3523874164,2177578.7587555726,1714765.2248962985,1195276.662075838,1885953.4000567738,1597875.0763893705,1589400.193480279,1527420.1206140087,1615846.271300657,1625707.479590282,1254402.416438001,870864.108872003,1743251.2106667624,1609213.7382574675,1349808.651689072,1052520.2844110145,1145331.2958867815
2025-11-28,1298126.8545148466,1775989.9875343987,1755750.8890497452,1619179.7933785634,1771429.3838609925,1619368.134807141,1748761.2911404336,1390643.2010944998,2173010.405230603,1714815.4278882688,1195575.3990353418,1886652.4188683266,1597106.993246265,1588842.7380910886,1527075.5350739553,1615220.7181340996,1624993.7194487576,1254715.9307696787,869870.6746145813,1742982.3858247546,1608965.5831858998,1350146.0110179298,1051526.4949860938,1144732.9963556658
2025-12-01,1296907.3104643077,1773100.6388312352,1752967.5478585865,1616612.9544021974,1768747.9594579174,1616916.8865249378,1745804.5082622007,1390039.3359290734,2162149.8305875533,1710906.173763595,1195691.314100409,1881141.979354675,1595449.1622092389,1586567.8979501831,1524840.154408581,1612850.0292981279,1622777.3201606497,1255029.5234583765,867726.6025480663,1740021.6822006912,1606232.5261728894,1350276.9122248664,1049718.8147224153,1142785.6934314047
2025-12-02,1291924.8001304357,1764139.4900072606,1744063.5341416989,1608401.5394570208,1758951.2046607623,1607961.0948419222,1736353.1842474474,1385092.1570675254,2157793.313359865,1703289.4622565485,1196619.7556354266,1869328.4090431891,1586699.5380846271,1578993.7226071858,1517572.1548713243,1605076.4182649476,1615092.328292674,1255343.1945236786,865752.351536499,1731455.932545371,1598325.3915387802,1351325.387825802,1044648.9019071172,1138073.463644612
2025-12-03,1294799.2141396173,1763083.8241498456,1743375.9533690726,1607767.4421597929,1759775.8085337447,1608714.9139034734,1736054.1639467124,1387951.680723619,2142927.2320669275,1702420.1401429127,1197065.0589414109,1856102.299257846,1583883.6300457206,1578820.4215282383,1518402.6714980688,1604242.2453703647,1614518.481925642,1255656.943985175,863516.6369832982,1730231.3189958276,1597194.9377430663,1351828.2624105024,1044840.6838458854,1138087.0946657725
2025-12-04,1297642.1110165573,1769286.655636343,1749618.6718417737,1613524.5707307027,1765557.1671930088,1613999.9950215805,1741569.3636546426,1391005.0039453492,2148156.231120371,1708029.9876045291,1197595.5524842504,1857351.8093693457,1586794.06040571,1583951.0384310815,1523260.5598913003,1609448.5679212927,1619853.0110825752,1255970.7718624577,863849.7898805664,1736112.5780932095,1602623.9905840158,1352427.3410978972,1047416.1794604382,1140630.7272672574
2025-12-05,1295184.8659827246,1774261.7654951445,1753814.17554703,1617393.7271497392,1763913.3726369124,1612497.3054147782,1744822.042822296,1396224.5740389316,2165633.624414751,1703712.5530625614,1203199.7988975188,1879712.89535728,1596101.2947972626,1587741.3227440175,1527653.2516842738,1612186.4947567026,1624053.9896349479,1256284.6781751264,860528.1731242843,1736891.2336522017,1603342.775814299,1358756.1355392523,1045241.2336422045,1143298.8110680033
2025-12-08,1293169.39776943,1764036.5301318318,1743715.9240872087,1608080.9682531464,1754622.295653141,1604003.7836618728,1734992.6614922814,1394255.897116475,2147509.7580029923,1692467.168576384,1198065.4807423512,1864649.2042150295,1582332.4639957098,1579195.1463922716,1519750.2757109161,1603418.656607644,1615063.799525821,1256598.6629427837,856129.6387005366,1726513.755378133,1593763.215218031,1352958.0242849647,1043224.0916785001,1142577.7913319892
2025-12-09,1289201.1277208303,1756616.5632728823,1736207.3694622433,1601156.4666042803,1746244.9455560904,1596345.553576675,1727388.7954115937,1388772.1216798236,2145876.305202789,1685806.8055709312,1197265.7438924906,1861401.605851262,1574963.4133693315,1572999.2940824549,1513456.3510615628,1597063.329918244,1609143.0581824116,1256912.7261850387,853621.1606010988,1719269.1207025226,1587075.6158764595,1352054.8930240045,1038532.5741913951,1138092.2234062552
2025-12-10,1285471.0702573194,1750514.5694972887,1730090.9045470373,1595515.7709569777,1741322.9746222186,1591846.0894922605,1721709.7074494548,1385223.595981466,2134301.534332893,1680615.9319364598,1193915.2874594345,1857114.2220728444,1569986.7060231536,1567609.5392803524,1508257.501637092,1591590.0558589776,1603644.4297356382,1257226.8679215042,850271.7027672088,1713642.5074165901,1581881.6292931254,1348271.2710192113,1035558.7552049044,1134875.971288015
2025-12-11,1287724.6135388452,1754696.8691050385,1734205.6039267925,1599310.40841556,1745157.019769233,1595351.0164145827,1725674.5435818157,1388896.2464748463,2134707.9339430104,1683080.6153872856,1195066.962371895,1863072.9868676974,1578553.4758843104,1571108.044329562,1512086.153551089,1595292.7073727297,1606581.8374560927,1257541.0881717985,851320.2165811807,1717308.94101081,1585266.153149541,1349571.840845508,1036407.2517400782,1136127.857811332
2025-12-12,1289237.8778783442,1760301.3701665406,1739358.2660917968,1604062.2707165931,1745417.1139637216,1595588.7838663594,1729541.0277594777,1394526.5414771873,2151868.3509545783,1680247.683030883,1198984.593027907,1876311.7502666805,1587598.5715466137,1575201.1351304823,1515936.6697799203,1599159.713900122,1611151.5880570323,1257855.3869555446,852441.456712327,1719997.7377952759,1587748.2100662203,1353995.9644993772,1036046.2980142992,1137047.9578640878
2025-12-15,1289873.832628333,1764218.7432427357,1743420.6604964097,1607808.6717429045,1750094.9145645264,1599865.0374404164,1733457.9702909926,1395669.6823727267,2145534.067085518,1685385.7937598403,1198606.4445160944,1878212.517671107,1586400.9713575803,1578399.4437060002,1518963.2717277699,1602424.6200439518,1614459.333951852,1258169.764292371,854217.4588452089,1724510.771865866,1591914.2398289875,1353568.9268527275,1036368.7160736603,1137383.9622914274
2025-12-16,1287523.7046544047,1758695.8650528388,1737902.095188189,1602719.3680773107,1745149.3154284721,1595343.9734220472,1728271.5926525418,1391071.9410035638,2154390.637868456,1682124.4371515596,1199553.228566957,1871768.1226583403,1576209.8223135844,1573864.2933281811,1514834.1933882185,1597637.1267823093,1609755.1153024873,1258484.2202019095,851304.1296783992,1719614.3682850068,1587394.31759279,1354638.116391588,1032815.6396564603,1133516.4987312825
2025-12-17,1287614.2871073207,1759457.4588437523,1738283.3857776274,1603070.9999754769,1742101.1497651932,1592557.4653118744,1727588.522423485,1390037.6943080365,2161750.5933258026,1679706.2627577174,1198755.6269172933,1880430.2700167894,1573677.3621921816,1573633.7545494095,1514859.5472348975,1596982.1980156344,1609679.622864832,1258798.7547037986,850760.7139746826,1718982.864799037,1586811.3700066004,1353737.396381337,1033928.9163737837,1134719.7385874032
2025-12-18,1290637.9218035864,1762736.2589459391,1741625.4056255962,1606153.0607852708,1744603.614040346,1594845.1155804065,1730404.8318160598,1393792.6338342014,2153519.0093902242,1681662.3015563458,1197383.4264139086,1878584.1614417494,1573494.5079287267,1576000.2727880594,1517553.6078617836,1598744.704507988,1612300.8292467184,1259113.3678176808,849936.7132528158,1721396.7667148048,1589039.6685454978,1352187.7901938427,1036703.3672407786,1137638.5412988842
2025-12-19,1293242.9331628727,1771474.4788763947,1750140.426340997,1614005.7405524096,1752013.8660965578,1601619.2642763958,1738288.8697165898,1398949.375602253,2163867.63376643,1686228.0276002502,1197798.8441301356,1891389.584774164,1582689.006000298,1583235.6593789686,1524530.1522227328,1606373.9314987084,1619402.38024181,1259428.059563204,851341.5672114616,1729124.6529369883,1596173.3625308136,1352656.915414153,1038954.5529857689,1140163.0499485396
2025-12-22,1299187.9122439178,1787608.5570944692,1766116.6329809916,1628739.2378427456,1766022.3519999904,1614425.2479049782,1752619.1333902483,1407791.8296667603,2187515.7124919496,1696222.0344369863,1200728.9234662196,1902467.47770445,1595244.9987575295,1595738.1668978995,1536424.7634459853,1618873.0838481537,1632530.184485874,1259742.8299600203,852628.8804376317,1743391.2374902968,1609342.998507957,1355965.8116416696,1042902.4129299846,1144404.8580632978
2025-12-23,1298240.3773602333,1784135.0277350075,1762979.5409465581,1625846.164535021,1767468.2650723925,1615747.0423702172,1751157.105050634,1407092.4259703227,2176513.8372044186,1699937.536093662,1199370.6741896793,1894887.5295738126,1595534.5180079998,1593524.2020010576,1534801.7180484764,1616129.3387799906,1630225.4573952379,1260057.6790277872,848802.798256488,1742268.0034465124,1608306.1292125413,1354431.960372926,1039949.861993289,1141364.5172696766
2025-12-24,1297411.2806200965,1779921.115757325,1758806.2375895318,1621997.4816099661,1762861.8432857292,1611536.0403823503,1747029.1827644636,1406103.9253100397,2173019.4091754174,1696223.8972546828,1199498.2965103637,1889724.9858607468,1593398.1230783379,1589863.2623816833,1531474.8603121077,1612182.6245523281,1626503.7389597367,1260372.6067861672,846972.5277059638,1737948.6804321923,1604318.9161866247,1354576.082414353,1038442.0534943404,1139968.6052491379
2025-12-26,1295212.3834876362,1771828.6680118402,1750706.4168719973,1614527.7055058405,1754781.2987697877,1604149.13779384,1738935.5377224204,1402932.9913710163,2161392.565971017,1687474.0860074167,1199004.1564394014,1883621.0136777225,1587315.2426748541,1583453.430394068,1525316.950044886,1605821.2008683935,1619789.7965841345,1260687.6132548274,843815.0757104197,1730034.7371375556,1597013.470938347,1354018.0571771057,1034320.6881237455,1136194.276864231
2025-12-29,1292396.3790349893,1763525.6258824952,1742603.9574437072,1607055.4959430946,1747836.2568992793,1597800.265181436,1731378.1199266578,1399248.725975644,2146441.362744278,1682234.7792441123,1198504.4064552062,1874433.4613369608,1581207.838848016,1576996.9016276884,1519120.6783153254,1599226.2625979632,1613207.8789213398,1261002.6984534392,840985.4462259831,1722844.3480103754,1590375.9462396265,1353453.6967459593,1029530.7881938969,1131468.3923778217
2025-12-30,1291717.1779161328,1762452.2811906924,1741374.270729318,1605921.4604187259,1745498.4796141475,1595663.1650089375,1730377.7357109787,1399238.601259158,2157991.1918802117,1682817.0834948914,1200867.1993412916,1879152.871346053,1581009.746729273,1576159.8280842076,1518398.7699145814,1598206.1158448216,1612433.9481706046,1261317.8624016813,841457.3978308768,1721950.5840956084,1589550.9032615398,1356121.964588024,1027396.8048758897,1130443.2313794845
2025-12-31,1294443.5755553867,1769504.8588610932,1748108.4329195344,1612131.8057540106,1752270.7824029755,1601854.1266331545,1737264.3745483086,1401673.1696116414,2170361.827446839,1688251.6343110574,1204945.0852540974,1892504.238897634,1592636.2303139423,1581527.4288177837,1523028.0390562315,1603964.061333933,1618182.832089327,1261633.1051192342,840349.1461015682,1728993.2315363032,1596052.0460377063,1360727.0621862207,1027653.5834171512,1129293.3463144004
2026-01-01,1284796.2561387282,1760308.9851206285,1737826.799945557,1602649.929675674,1733888.5631561698,1585049.8552540524,1722236.3589032996,1405080.3196277027,2176085.9564909996,1659954.2413744135,1208039.9931700109,1903256.1938136464,1593669.4283299088,1573163.734632064,1515602.285878205,1595015.7159479463,1609426.6343548095,1261948.4266257859,833640.2947568024,1713305.2244357574,1581570.2797853122,1364222.0969456427,1027910.4261353877,1132811.9421122135
2026-01-02,1288500.882248559,1768097.4318857947,1745258.5145286252,1609503.5682858606,1739114.503665671,1589827.1958653042,1728506.1243827876,1407863.3253101653,2190373.724600855,1662455.1162888717,1209455.0273900554,1917699.784607993,1604762.5869795014,1579193.7042017381,1522216.6571927704,1601007.0974995787,1614865.0388925262,1262263.8269410278,836049.4209193153,1719207.1797727398,1587018.4375452148,1365820.074630018,1028167.3330466397,1136003.9863609576
2026-01-05,1286700.5672935087,1761119.6773932036,1738871.2583205346,1603613.1448483593,1734763.4670665981,1585849.6565481224,1722988.5247702855,1405394.4280122856,2187326.427925775,1663318.0459907902,1208184.4705941644,1904065.1495402812,1599993.1382743884,1574355.26093751,1516766.1916852489,1596175.328182343,1610677.3257927266,1262579.306084657,831699.220829118,1715259.9338395123,1583374.6928312208,1364385.2532117055,1028424.30416695,1132976.2954456874
2026-01-06,1284023.3119172123,1759479.6594437035,1737972.0690317545,1602783.8990049453,1733566.5602488038,1584755.493394497,1722007.8095691968,1400932.9193042698,2166417.1981829405,1671466.1242790092,1208116.2517207372,1894576.401683163,1595628.9212833378,1574312.4488588679,1516935.0442098828,1595965.7741102816,1610577.5530504193,1262894.8640763736,827127.186322542,1715999.596608438,1584057.4834021665,1364308.2146243372,1028681.3395123677,1131131.6502869383
2026-01-07,1282727.5824197351,1758575.9316362997,1736994.50169968,1601882.371754904,1729549.291713517,1581083.0711606357,1719893.1904031017,1402582.2191697143,2148433.281429703,1664480.031708863,1210168.5385885425,1895872.8839619192,1593315.862468932,1573137.409826678,1516937.1500365967,1594689.8270792612,1608258.1119829607,1263210.5009358865,824083.8864742792,1713093.7208459557,1581375.0385714713,1366625.8325096394,1028938.4390989436,1128494.74356501
2026-01-08,1273990.3352404863,1736888.4948966107,1716083.7075012089,1582598.1238352081,1712125.6490515026,1565155.091204904,1701396.981996584,1395941.8386110393,2121417.1109968815,1654241.6782677537,1208359.1155922783,1861830.261111428,1577230.758617873,1556081.9081589014,1500209.4311281324,1577272.6229817627,1591248.7438171827,1263526.2166829056,815980.765870011,1695260.5122605276,1564913.0140065174,1364582.4772828415,1029195.6029427338,1120696.352520218
2026-01-09,1270887.6092821094,1727189.8980595719,1706037.0309093518,1573332.9280551001,1700673.4907051988,1554685.9974494707,1690528.6811589238,1396815.628966493,2108196.606795276,1640126.2253692942,1208306.5536821007,1858425.7124187872,1565433.6824814258,1546841.5252373964,1491795.4382697297,1567517.362768931,1581665.656156361,1263842.0113371485,811400.3431160137,1684023.6566282627,1554540.1530283566,1364523.119877683,1029452.8310597986,1120757.242388055
2026-01-12,1275543.7087528685,1735258.9715960214,1714194.8116245915,1580856.155738088,1710538.7562593007,1563704.4188583463,1699282.9373298,1399156.3664282744,2127558.7306503803,1653204.9999212266,1208361.0588347407,1865920.7206939613,1571952.3893552928,1553098.474318586,1496803.158866009,1574207.689877858,1588800.6584306879,1264157.884918335,813120.123573201,1693491.1734376338,1563279.7185158785,1364584.6717584562,1029710.1234662014,1122727.5170601264
2026-01-13,1278971.6782978154,1729044.1492615503,1708185.4078368037,1575314.1934676291,1706422.453926044,1559941.4639856098,1694656.0437583728,1397677.0304601046,2116239.562209027,1655702.3414835478,1209868.436652218,1856293.750653913,1568420.3021178548,1547956.9244489393,1492400.0876327453,1568572.7999474935,1583380.620366211,1264473.837446193,806625.9279796717,1688713.7989000161,1558869.6732557947,1366286.9317321943,1029967.4801780101,1124374.8418889246
2026-01-14,1275908.093336371,1717663.473411434,1696408.983292096,1564453.7981917607,1694969.4522727777,1549471.599313517,1682500.6247192463,1393640.25206786,2116390.818282885,1640478.5296886899,1207244.8610041423,1848888.0781912315,1564354.7708995957,1538799.3586993685,1483609.5657169842,1559575.1471292877,1573689.950831872,1264789.868940453,803293.3750951677,1676234.3279525307,1547349.7408605106,1363324.165687735,1030224.9012112971,1122998.1222796424
2026-01-15,1276132.0404950758,1717666.6225204465,1696409.9786020722,1564454.7160815431,1694971.2579612024,1549473.2499998629,1682503.322061813,1393890.2905165604,2116391.137957166,1640480.1783007225,1207342.4829930947,1848888.8987764327,1560299.7780198578,1538779.6793546479,1483561.065263355,1559539.8602163142,1573716.519485342,1265105.979420851,803029.8437835193,1676234.8888073717,1547350.2585915811,1363434.4087883187,1030482.3865821382,1123024.994026967
2026-01-16,1278035.3833945205,1731949.3849254227,1709783.7343068288,1576788.1941015616,1703176.014578117,1556973.7021998374,1692809.8924366722,1396239.652463032,2122327.86851972,1644135.6210041891,1216889.5414773126,1876919.5939437263,1562047.5890704785,1548728.6489624246,1495400.2895313331,1567023.4144111613,1584118.026600651,1265422.1689071285,808283.8787725071,1686026.856577565,1556389.3282127301,1374215.7638913277,1030739.9363066131,1124305.6197967345
2026-01-19,1277364.6147307423,1723438.9650327729,1702022.9575097286,1569631.089384054,1696417.6148006457,1550795.4501387419,1685472.1604281263,1391992.6403265677,2098996.381236972,1644301.9982765487,1214710.2251909215,1859257.3767025708,1555430.2481966915,1542553.059091251,1489052.8218900834,1561043.0981616687,1577939.7526964913,1265738.4374190313,805696.6824292773,1680967.549236679,1551719.0277825892,1371754.6935203653,1030997.5504008062,1121426.5806646012
2026-01-20,1273355.5657727101,1705651.266837176,1684316.3371949655,1553301.7786592236,1680137.1904974082,1535912.553548001,1668652.5471977196,1389219.746229928,2083975.1651829546,1629263.9617538205,1212534.4421057515,1839052.9897422325,1533970.1681664619,1527790.0987803135,1474942.1239569746,1546111.6401592067,1562680.9804557876,1266054.7849763106,801093.9491385362,1663792.7285527391,1535864.7680938016,1369297.6131424545,1031255.2288808047,1116974.727810398
2026-01-21,1269047.587972489,1697725.3603192565,1676076.7725723858,1545703.1286307229,1670961.4602555237,1527524.4770586588,1659732.7300791268,1387815.2845895903,2083172.3235806727,1618540.1870656805,1210906.5935276444,1836496.6296866185,1529410.6610778864,1521077.4807854136,1467824.531354121,1539706.7068762456,1556100.9194506016,1266371.2115987227,800205.4519790915,1654832.906736782,1527593.8612558465,1367459.307280653,1031512.9717627016,1115636.151685888
2026-01-22,1273925.454938903,1706441.8788017367,1684552.9204974966,1553519.959327847,1679426.2965660978,1535262.6834543466,1667620.458775176,1389321.4259397385,2097069.0280853752,1627590.6876973906,1211209.2368950504,1849143.4503612188,1537459.7346723513,1527571.3125207298,1473932.2231246294,1546350.4029262124,1562842.0139832224,1266687.717306027,803422.1446981316,1663187.0288805754,1535305.6402826519,1367801.0780594712,1031770.7790625925,1115914.9839951273
2026-01-23,1272914.6174719734,1698590.414028745,1677209.3810983342,1546747.6371942451,1670836.4772916676,1527410.222755944,1660391.322896071,1390154.0367515024,2071213.583640795,1622336.2008776274,1211335.9448661131,1835996.2768355075,1522793.3202040994,1521421.712000201,1468090.8160258872,1540476.6097319168,1556099.9913522056,1267004.3021179908,801320.1958659228,1656569.868753526,1529197.2693722858,1367944.1675390913,1032028.6507965772,1116193.885993267
2026-01-27,1277151.096324983,1705908.6763370396,1684236.4349258433,1553228.091588686,1677912.8200482011,1533879.125256549,1667194.2805517595,1390076.092938106,2079234.0478325975,1627991.9450833534,1211442.403814207,1846475.18593432,1530498.8871837924,1525775.686959308,1472778.6471705027,1544583.7754795111,1560339.939169029,1267320.9660543844,802708.7535759984,1662713.4829891329,1534868.5050324127,1368064.3900898583,1032286.5869807607,1116472.8576977244
2026-01-28,1276452.9265991068,1710630.4168969316,1688794.2491270888,1557431.376179147,1683843.6579871303,1539300.8542052212,1672645.2913991115,1390923.3919556714,2085919.5581241914,1633425.1516582745,1213277.974143166,1852866.0809214644,1540672.643586668,1529589.7166541803,1476868.6877777555,1548435.2703244227,1563816.95528665,1267637.7091349827,803602.7078563345,1667105.739992198,1538923.044199253,1370137.2731213982,1032544.58763125,1116751.8991259218
2026-01-29,1275273.0944911845,1713188.683514667,1691214.9679471708,1559663.799368207,1685665.6429675852,1540966.4381942453,1674371.9942118686,1387392.772229129,2089639.3086679836,1630097.0340862977,1211307.3391903106,1855810.7248545212,1545302.0868647012,1531194.3872085742,1478618.1282946055,1549720.697024388,1565585.6532902434,1267954.531379567,800705.8610673832,1668178.159049305,1539913.0056398683,1367911.8635630237,1032802.6527641579,1117031.0102952847
2026-01-30,1276293.3214713093,1710854.479376081,1688700.1854656124,1557344.6292602625,1684425.1362889826,1539832.4178349546,1672148.7607584852,1387917.7080115601,2095288.7133438138,1630591.7247142638,1211291.0138413205,1852059.7995637658,1539329.1325786673,1529796.195506519,1477436.8523126703,1548316.4257236847,1563966.1414813905,1268271.4328079233,798599.8513426136,1666799.8580888242,1538640.6813601041,1367893.4275824614,1032747.1295058905,1117310.191223244
2026-02-02,1268566.1386372691,1696968.751039191,1675648.2408461422,1545307.930247921,1672965.7193831124,1529356.688601882,1658549.650858653,1389294.2793672318,2027411.6542357295,1612388.449484246,1210840.6931760106,1820238.3812742406,1525209.858961045,1519058.230037431,1466468.3521337372,1537312.557558861,1553758.651030889,1268588.4134398412,795542.8128786942,1652471.2813251002,1525413.819714018,1367384.886966422,1027426.1366649675,1117589.4419272344
2026-02-03,1275970.3577834659,1733129.0769312368,1710519.9307652372,1577467.1255130998,1707319.0725403107,1560761.1159718803,1693013.0733368034,1392587.438533054,2087686.284404303,1641598.4410128777,1213147.3800949827,1863772.5692967828,1564066.0021173195,1547143.2840980582,1493123.3560793397,1565494.190305646,1583212.2319060701,1268905.4732951168,806764.2733088179,1685399.8842063458,1555810.5633467713,1369989.7951510753,1035250.7483308908,1117868.762424695
2026-02-04,1276828.3286909387,1718871.3180604796,1698393.5248510805,1566283.9721711497,1700835.6177698278,1554834.2073666388,1684255.249020125,1383295.239817742,2100149.2101818067,1640573.784914353,1195813.2901394947,1791902.0394452026,1567011.3962016732,1536396.7471039963,1484709.9069434756,1549648.0369078843,1575129.41555674,1269222.6123935503,798314.3306862543,1677971.219442635,1548953.0838730584,1350414.658002125,1028203.669715416,1118148.1527330694
2026-02-05,1277874.0436616521,1707409.312334689,1686574.3815184582,1555384.1809885951,1688797.3645847454,1543829.3297326383,1672948.570201238,1382143.0400247506,2100046.92957655,1630795.0417982703,1192683.3768274593,1787371.4210178195,1558913.7591072284,1526246.7855654114,1475716.6856748816,1539438.4639774526,1563831.347924253,1269539.8307549462,793714.4334118734,1666379.8447209273,1538252.9625518587,1346880.0921550142,1024639.4785057649,1118427.612869806
2026-02-06,1277129.7051884523,1717640.6538568416,1699070.9455024856,1566908.69965226,1702420.2647099297,1556282.8266472607,1685830.3063143226,1386301.3964421903,2098150.796686037,1650423.2919935505,1196110.4040541223,1772015.270631696,1562008.0495949439,1537588.9766188278,1485701.631502331,1550372.2526923518,1577001.6957546484,1269857.128399116,795523.3437739708,1682254.4008412135,1552906.9341889892,1350750.1844498727,1026795.2806088491,1118707.1428523562
2026-02-09,1288488.7990926174,1732990.6842246244,1711486.4321251796,1578358.4475577318,1710418.085885319,1563594.1069485291,1698537.7033186208,1387209.486379023,2206907.7927873554,1666411.1906881616,1195425.3650982946,1821247.5563719354,1572561.8836590315,1548322.1835048532,1494634.5416406714,1562388.107864534,1588336.8045171162,1270174.5053458745,796161.195054067,1694572.1720612913,1564277.5998456504,1349976.5798621995,1034792.9460575596,1118479.9420930885
2026-02-10,1289434.8630764224,1735504.9870081549,1714073.4324592105,1580744.2180519695,1712031.399120835,1565068.931781435,1700684.1011671622,1388547.3609288263,2199122.9277113564,1667007.3440784758,1195557.1079822592,1825245.897840522,1576686.6939910634,1549340.213639347,1496605.9424384774,1563502.9719358133,1588245.261393788,1270491.9616150416,795270.2169363766,1696688.3515994728,1566231.0676904588,1350125.3551961586,1034971.7840621333,1119588.7948787615
2026-02-11,1290160.1127082584,1735362.9212254318,1712801.696217503,1579571.4038230702,1709843.8347972862,1563069.1501414385,1700212.6453862858,1389372.945948886,2251960.86393952,1669505.6195416683,1195629.4300414093,1831667.9775189129,1577823.4835969496,1547389.1668916529,1494550.361020594,1561685.9861124882,1586273.9919933397,1270809.4972264431,794761.6743493573,1696437.5061052542,1565999.5095461097,1350207.0274518349,1038272.0891346822,1119362.9954214187
2026-02-12,1288301.7075305867,1714595.8038269852,1692756.909626346,1561085.8011026564,1693988.1767451207,1548574.5574469718,1682780.0475607552,1386755.455777842,2265285.4267378775,1658291.3712885117,1195928.2551686422,1785480.829821196,1568908.1036556554,1527914.0485654364,1475975.2032054265,1541742.4965102447,1566349.884855512,1271127.1121999086,786143.6344134551,1679262.5180117937,1550145.0953198127,1350544.4863472343,1036895.3572692317,1119843.1347647125
2026-02-13,1280766.867028249,1692489.5939646228,1669559.87890196,1539693.1515818376,1669170.8828656573,1525887.6046016074,1659505.9450583982,1381311.8893659653,2267822.5499811717,1632978.4510971848,1196045.1391606315,1774997.4134187847,1548475.4563034843,1508542.9594889986,1455919.3228168678,1523004.2852579781,1547104.3444797911,1271444.8065552732,781555.8280975824,1654893.0189545844,1527649.3514836077,1350676.481749334,1027898.5522760471,1114557.7439494669
2026-02-16,1283520.8333897043,1706294.3681326357,1683550.0663786605,1552595.112223937,1684294.31576978,1539712.827078414,1674144.6040512235,1382385.6393087732,2289139.7721370277,1649183.6979017316,1196857.0606963078,1781481.403134086,1561342.4090548772,1520159.525092355,1466823.9643895824,1534772.6374435748,1559302.38033893,1271762.580312377,784801.3475950902,1669350.6095349574,1540995.3071563644,1351593.372999804,1030839.0025107992,1115177.5012141853
2026-02-17,1284561.1782242388,1714023.199428787,1691444.262585587,1559875.2583215074,1689615.0082702236,1544576.7860760603,1681180.21775528,1382330.1008694149,2294520.3958944604,1655055.187171972,1197156.1926467728,1796830.9184446817,1563935.2725000135,1526698.189877683,1473947.7617979646,1540958.0196266738,1565563.5907757632,1272080.4334910654,785175.7482910637,1676717.9991122156,1547796.2228535828,1351931.1783862435,1031096.6413647297,1115456.2188923508
2026-02-18,1287805.7567559602,1719725.1819269347,1697892.5170002533,1565821.935219642,1695808.561717387,1550238.6787740919,1687924.8401840304,1383260.7766109922,2302320.7536576707,1662361.7342890594,1197288.166238064,1790876.2484269503,1569646.7675514373,1530625.0034092646,1477885.2276433387,1544696.4291566384,1569661.1297252628,1272398.3661111875,785751.2208847642,1683975.1512429088,1554495.377191109,1352080.2142546505,1031354.3446106545,1115735.0062307664
2026-02-19,1282173.8870707706,1697616.553116038,1675418.8602811254,1545096.3920518225,1672683.350355572,1529098.5584107377,1665302.753103401,1380920.4242582906,2275217.4331498276,1639076.4924442784,1196023.6296895219,1777545.8371536804,1547457.1663870357,1512520.5719936434,1460149.8922364244,1526207.1758422358,1551584.1230131774,1272716.3781925978,777786.0971791178,1660894.2469504382,1533189.1488910331,1350652.1914146203,1031612.112264667,1115505.5042943056
2026-02-20,1286699.528221043,1705492.9590924813,1683431.0434478705,1552485.347492684,1678928.7090559138,1534807.8093478149,1673041.0877162884,1386552.0367433582,2287363.6243878785,1646162.0832762334,1196746.3441315591,1778992.5812683478,1554563.9418498618,1517863.2275278093,1466036.7240923338,1531803.4305270852,1556085.873988114,1273034.4697551576,776375.2010327847,1669037.2727919477,1540706.062675439,1351468.3423841107,1031869.9443428649,1119297.2788092277
2026-02-23,1287534.5387288998,1712624.224825792,1690544.176888475,1559045.1857968897,1687134.3035601962,1542309.027510077,1680935.391250553,1389811.050276864,2309601.917590828,1656784.3921830195,1197405.7953294744,1775465.6132773268,1563181.4102472696,1522597.2710768818,1471153.8161093006,1536690.1784954437,1560252.1494289367,1273352.6408187314,777841.3202853708,1677130.0815052232,1548176.6204945336,1352213.0510867527,1032127.8408613497,1119577.0261484508
2026-02-24,1282351.4714478545,1684075.3528193925,1663076.101900243,1533713.7152213436,1662983.4454572483,1520231.3029355186,1655752.7911926494,1385394.399787991,2290148.086749032,1639295.9370061257,1196521.4778177342,1737761.561486724,1545651.6490748252,1498531.3993220765,1448901.1093497816,1511997.6499570503,1534936.37293337,1273670.8914031887,769977.180318935,1653069.8517110164,1525966.366405187,1351214.4041073048,1032385.8018362271,1119856.8434052693
2026-02-25,1282495.6681658544,1681040.9918660305,1660495.078950745,1531333.4571607397,1660514.227451192,1517974.0450434852,1652475.9951446317,1387910.6322010292,2253425.0958065316,1634779.2996670986,1197852.7547341918,1735844.115604961,1549168.5251283806,1496696.0002266988,1447740.5028083308,1510154.6717618452,1532396.5939810085,1273989.2215284032,770042.0106909141,1649881.2628804878,1523022.9461337172,1352717.7958798064,1032643.8272836071,1120136.730597157
2026-02-26,1281892.2678842267,1684602.7739967203,1663491.9893692166,1534097.2528805193,1662736.3544831977,1520005.4224948857,1655174.6896976125,1388241.5194669114,2268125.130613076,1637279.6655853468,1198874.5717407817,1744035.9521846662,1550022.7202845064,1498948.8826809772,1449564.6361108047,1512669.8537539947,1534836.6871632491,1274307.6312142564,769293.9749326913,1652650.648895792,1525579.3958267372,1353871.7190506503,1032901.9172196027,1120416.6877415937
2026-02-27,1280277.0019816626,1667534.7421207128,1645656.6857136884,1517254.185498382,1642097.078509011,1500763.4809912953,1636501.760950159,1385749.2562684496,2243263.0747846686,1613834.1008673413,1194730.8829793402,1737905.586475056,1530696.4658242976,1485310.8924264032,1437209.8394287124,1498221.9776824403,1520675.7169949238,1274626.120480632,764135.9886163566,1633173.940717728,1507159.649105919,1349192.3112469483,1032540.3377391305,1120021.4004816571
2026-03-02,1274452.5636969204,1645752.1070072167,1625494.9699628716,1503280.4329923203,1624890.9144553412,1488691.0468513782,1617357.6084158388,1377843.588655083,2213388.1880779997,1602824.3812908812,1193341.1377802151,1705968.5231858012,1511671.0913370694,1468964.862499785,1421068.4493315427,1482757.7706098892,1503257.1914239624,1274944.6893474206,761176.9341051017,1614997.7977489103,1494421.644265556,1347622.8920882372,1025032.9044500794,1111364.2885961148
2026-03-04,1269021.3259211949,1628649.0608424463,1609459.1401580195,1492282.0226981821,1609461.7406722642,1477939.9725888204,1600629.7388475777,1368374.7330528898,2177744.9662810294,1583756.8359696504,1193448.562799819,1672364.8046840087,1488253.5104250105,1456890.2884393635,1407938.5735899862,1470289.6511160051,1492717.8344534293,1275263.3378345151,756995.3961848444,1597665.1845680284,1482371.9827994863,1347744.2056095917,1018948.386374251,1111642.053233382
2026-03-05,1269338.4939748165,1639404.6665490717,1619502.152268509,1499323.4502029798,1618160.4222825612,1484242.1889807086,1610291.8942724962,1368152.1805003837,2178386.8773659514,1584788.5672484864,1198631.3728936855,1680396.0091182557,1505603.9784801698,1465300.7008778292,1416566.4371719735,1478610.7465689587,1500972.2837205047,1275582.0659618163,759736.8655921981,1606044.0834923892,1488399.1513058501,1353597.0781090956,1019203.0533919332,1111919.8872927052
2026-03-06,1269655.7412986387,1616650.5645581726,1597912.6737760631,1484410.145647061,1592891.9405179392,1466704.1770958165,1587383.404993331,1368494.124449854,2131635.5491103083,1556734.8011616957,1198747.8607833474,1642567.5266826192,1486426.6204233225,1448024.8472589087,1399866.1108545046,1460562.2771595041,1483892.7047263046,1275900.873749229,753614.8706913184,1583073.6628390783,1472454.7729053777,1353728.6261985647,1019457.7840588553,1112197.7907914352
2026-03-09,1269973.0679124726,1593811.401440886,1577094.611642291,1470030.1447237981,1570352.8830432186,1451102.6999942658,1565420.5329834262,1368836.1538617946,2059639.3829785998,1527376.5712590518,1194264.911604924,1582693.1068305294,1460747.5714901953,1430922.7038250996,1382725.6146413544,1442533.1675644054,1467792.1285187567,1276219.7612166621,748566.4846416996,1560475.8199753163,1456751.9038061379,1348666.0965114129,1019712.5783909245,1112475.7637469263
2026-03-10,1270290.4738361356,1598088.2190784125,1580765.9741119607,1472547.3304866867,1577845.367916209,1456357.5426313062,1570874.8649499207,1369178.2687575647,2079809.2615665596,1538476.2417884057,1195997.0653670775,1601191.7706498227,1474945.8053217216,1433881.0907840757,1386173.1832861328,1445754.5845127783,1469962.7206680651,1276538.72838403,749871.5680961341,1566080.5178360578,1460685.5840396315,1350622.1927093843,1019967.4364040532,1112753.806176539
2026-03-11,1270607.9590894496,1574724.256550291,1558089.4285841645,1456724.3762509888,1555014.7132905545,1440566.1090383476,1548561.753165869,1369520.4691585295,2043240.5562304994,1517202.533766801,1194013.073751957,1574018.6166649403,1450947.599678852,1415012.1641554756,1367838.2570213773,1427203.6263929307,1450242.5367605244,1276857.7752712534,743512.3741513995,1544198.1137594664,1445378.3736708558,1348381.6996654412,1020222.3581141568,1113031.9180976362
2026-03-12,1270925.523692242,1558337.701307318,1541803.8482336476,1445470.092959667,1539252.6337694647,1429625.0048588314,1532484.31265671,1369862.75508606,2025962.806257318,1501229.758488469,1193478.4977135328,1556865.5948558706,1437104.9836528017,1401049.9310316034,1354113.5804216927,1412183.9422862562,1437114.714018248,1277176.901898255,736346.3919129546,1527711.0708089317,1433909.6846719505,1347778.0106748124,1020477.3435371557,1113310.0995275865
2026-03-13,1271243.167664344,1529889.2982560862,1516306.7699110128,1427753.013227541,1517294.3031535381,1414208.9860246652,1507856.5262882425,1370205.1265615306,1959068.4366498934,1482465.5063409403,1193776.785255615,1488968.0410667956,1407434.7036968782,1378547.3242375667,1332157.8999337552,1387368.1511612097,1416394.0524794576,1277496.1082849656,725941.8639044344,1504245.2761931086,1417413.9077160785,1348114.8624830744,1020732.3926889736,1113588.350483762
2026-03-16,1271560.8910255928,1545614.6045147108,1531966.2191646395,1438711.864505422,1535655.77541562,1426983.4123007995,1524939.9374804618,1370547.5836063237,1989470.2644237229,1503742.2623616734,1194075.147349068,1513958.5274723428,1423101.2412955223,1391287.9924061708,1344617.3933972255,1400739.3624714196,1428777.1433401322,1277815.3944513192,728837.6920341952,1521318.0786893547,1429509.0261507395,1348451.7984811214,1020987.5055855385,1113866.6709835397
2026-03-17,1271878.6937958305,1549363.7061321675,1534781.2467082154,1440670.6774453535,1540799.0636690638,1430786.0705379013,1528344.6928398828,1370890.1262418253,1990666.2206367059,1504389.3593789097,1194373.5840125245,1518132.7586184316,1433578.9648376368,1393626.696648324,1345810.0817019246,1403429.1056841994,1431974.1560246772,1278134.7604172553,727769.5001215691,1523833.4007736193,1431270.7629899136,1348788.8186899952,1021242.6822427816,1114145.0610443004
2026-03-18,1272196.5759949035,1561588.6922868844,1546529.4166636788,1449134.627280637,1548765.9595097625,1436495.4700711065,1538097.1289692333,1371232.7544894267,2000527.9055713417,1506792.7005396383,1194672.0952646215,1529624.1021597146,1445534.0161713145,1404233.4830973423,1356515.0743951083,1414049.0458574628,1442444.6065526162,1278454.2062027187,727425.8329034783,1532633.8278451487,1437672.266664126,1349125.9231307425,1021497.9226766392,1114423.5206834304
2026-03-19,1272514.5376426638,1515714.7042869641,1500510.4224183853,1416978.5139975436,1501822.5963512557,1403857.774520339,1491949.644655755,1371575.4683705259,1954951.6200148212,1461238.3486712931,1194970.6811240013,1490726.976505258,1398379.5701138326,1365726.9188985855,1320097.6159280636,1374148.1663102803,1403191.9105809247,1278773.7318276577,711757.7180858246,1487414.8061310607,1405843.2631031317,1349463.1118244152,1021603.5952267011,1114702.0499183184
2026-03-20,1272832.5787589676,1526309.0899201378,1510936.3615994088,1424493.8872588906,1506990.136145202,1407490.8750878042,1499850.1086626004,1371918.2679065252,1969234.837376116,1462194.7239945363,1195269.3416093106,1501065.0620934798,1405209.687985086,1374048.3470824661,1327814.116988367,1382186.4429658512,1412423.7703398222,1279093.337312027,714209.9202338993,1495494.853367911,1411688.9711459074,1349800.384792071,1023813.4062817108,1114980.6487663593
2026-03-23,1273150.6993636775,1496815.9663809238,1481708.681598833,1404258.078940823,1473611.0514854325,1384305.7373774562,1468873.5134619882,1372261.1531188316,1922166.442287946,1425619.0843766748,1195568.0767392006,1463382.8950670618,1368621.1871823957,1349807.7632062132,1304782.6095049505,1357546.64545554,1387345.687984222,1279413.0226757866,709648.8774414067,1464369.9727095994,1389985.160327172,1350137.7420547723,1023914.9992259755,1115259.3172449516
2026-03-24,1273468.8994766593,1518162.785949342,1502927.0023856375,1419138.5705633296,1495397.9969761032,1399721.6827651432,1490239.1596596532,1372604.124028859,1933226.9205662142,1444338.5964056875,1195866.8865323272,1477438.984663157,1392923.359964504,1368496.3373211527,1324147.4620653735,1376443.2095104044,1405075.144756621,1279732.787938901,712236.5310989888,1485087.9263012651,1404676.6890153252,1350475.1836335876,1024282.7269370715,1115538.0553714975
2026-03-25,1273787.1791177853,1540784.720925609,1524096.1703257868,1433895.4090388385,1517155.8196500062,1415091.3210029984,1512014.08614459,1372947.1806580261,1988647.784311801,1469019.905349076,1196165.771007351,1522832.6178856727,1416878.938965582,1386261.6048626108,1341793.4090227252,1393596.7509780102,1423548.8780775038,1280052.6331213384,714033.2139533167,1507683.894042643,1420535.3371472638,1350812.7095495895,1024538.7271730213,1115816.8631634049
2026-03-27,1274105.5383069313,1509797.7150699706,1495022.254967475,1413814.7748308429,1486626.046112688,1394039.8961985894,1482136.4533215885,1373290.3230277568,1920574.0870602962,1440849.4874829594,1196464.730182938,1468785.0593494636,1387281.6823653742,1362514.7015395649,1319021.1786122413,1369907.2563815066,1398753.8337184177,1280372.5582430742,705806.7265904451,1478280.8213943713,1399978.134941783,1351150.3198238572,1024794.7913914234,1116095.740638085
2026-03-30,1274423.9770639795,1477841.749664137,1464047.2692432213,1391315.872448415,1453379.4523887357,1370466.588683264,1450788.3594088107,1373633.5511594797,1854513.013634237,1405373.159487375,1196763.7640777577,1414719.3749624498,1357602.3783850048,1336496.2745348697,1293699.183798738,1344239.2994319443,1371692.1884313016,1280692.563324088,697974.7633317793,1446787.1637649434,1377062.6355515025,1351488.014477474,1025050.9196082694,1116374.687812954
2026-04-01,1274742.495408816,1503404.0549195057,1488272.6051972548,1397560.8970889838,1474997.3158061046,1376010.5209823519,1473818.5033045572,1373976.86507463,1926991.6491507266,1423858.7250653894,1197062.872710485,1438406.0429178528,1378758.4912759957,1357060.1623100066,1313603.0266687914,1365953.6337398735,1391764.3326448323,1281012.6483843625,704519.8477017572,1469279.1695288431,1382851.2125181588,1351825.7935315291,1025307.1118395538,1116653.7047054314
2026-04-02,1275061.093361332,1507648.2020398357,1495433.3222225225,1399554.9824319019,1480674.0163406678,1377673.0606638864,1480424.3424708361,1374320.264794647,1928145.5395510437,1428963.6033644527,1197362.0560997988,1445315.901352654,1380807.1822995972,1362429.3505137807,1318160.6602478712,1372503.999878803,1396798.8103742998,1281332.8134438884,703202.1807723753,1475864.140959491,1384769.5128120761,1352163.6570071168,1025243.5008661693,1116932.7913329424
